[2.793s] DEBUG:colcon:Command line arguments: ['/usr/bin/colcon', 'build', '--symlink-install', '--cmake-args', '-Wno-dev']
[2.793s] DEBUG:colcon:Parsed command line arguments: Namespace(ament_cmake_args=None, base_paths=['.'], build_base='build', catkin_cmake_args=None, catkin_skip_building_tests=False, cmake_args=['-Wno-dev'], cmake_clean_cache=False, cmake_clean_first=False, cmake_force_configure=False, cmake_target=None, cmake_target_skip_unavailable=False, continue_on_error=False, event_handlers=None, executor='parallel', ignore_user_meta=False, install_base='install', log_base=None, log_level=None, main=<bound method BuildVerb.main of <colcon_core.verb.build.BuildVerb object at 0x7fb064fe10>>, merge_install=False, metas=['./colcon.meta'], packages_above=None, packages_above_and_dependencies=None, packages_above_depth=None, packages_end=None, packages_ignore=None, packages_ignore_regex=None, packages_select=None, packages_select_build_failed=False, packages_select_by_dep=None, packages_select_regex=None, packages_select_test_failures=False, packages_skip=None, packages_skip_build_finished=False, packages_skip_by_dep=None, packages_skip_regex=None, packages_skip_test_passed=False, packages_skip_up_to=None, packages_start=None, packages_up_to=None, packages_up_to_regex=None, parallel_workers=4, paths=None, symlink_install=True, test_result_base=None, verb_extension=<colcon_core.verb.build.BuildVerb object at 0x7fb064fe10>, verb_name='build', verb_parser=<colcon_defaults.argument_parser.defaults.DefaultArgumentsDecorator object at 0x7fb05c4a58>)
[2.986s] Level 1:colcon.colcon_core.package_discovery:discover_packages(colcon_meta) check parameters
[2.987s] Level 1:colcon.colcon_core.package_discovery:discover_packages(recursive) check parameters
[2.987s] Level 1:colcon.colcon_core.package_discovery:discover_packages(ignore) check parameters
[2.987s] Level 1:colcon.colcon_core.package_discovery:discover_packages(path) check parameters
[2.987s] Level 1:colcon.colcon_core.package_discovery:discover_packages(colcon_meta) discover
[2.989s] Level 1:colcon.colcon_core.package_discovery:discover_packages(recursive) discover
[2.989s] INFO:colcon.colcon_core.package_discovery:Crawling recursively for packages in '/root/Workspaces/rosgsthumble_ws'
[2.989s] Level 1:colcon.colcon_core.package_identification:_identify(.) by extensions ['ignore', 'ignore_ament_install']
[2.990s] Level 1:colcon.colcon_core.package_identification:_identify(.) by extension 'ignore'
[2.990s] Level 1:colcon.colcon_core.package_identification:_identify(.) by extension 'ignore_ament_install'
[2.990s] Level 1:colcon.colcon_core.package_identification:_identify(.) by extensions ['colcon_pkg']
[2.991s] Level 1:colcon.colcon_core.package_identification:_identify(.) by extension 'colcon_pkg'
[2.991s] Level 1:colcon.colcon_core.package_identification:_identify(.) by extensions ['colcon_meta']
[2.991s] Level 1:colcon.colcon_core.package_identification:_identify(.) by extension 'colcon_meta'
[2.991s] Level 1:colcon.colcon_core.package_identification:_identify(.) by extensions ['ros']
[2.992s] Level 1:colcon.colcon_core.package_identification:_identify(.) by extension 'ros'
[3.179s] Level 1:colcon.colcon_core.package_identification:_identify(.) by extensions ['cmake', 'python']
[3.179s] Level 1:colcon.colcon_core.package_identification:_identify(.) by extension 'cmake'
[3.179s] Level 1:colcon.colcon_core.package_identification:_identify(.) by extension 'python'
[3.180s] Level 1:colcon.colcon_core.package_identification:_identify(.) by extensions ['python_setup_py']
[3.180s] Level 1:colcon.colcon_core.package_identification:_identify(.) by extension 'python_setup_py'
[3.181s] Level 1:colcon.colcon_core.package_identification:_identify(build) by extensions ['ignore', 'ignore_ament_install']
[3.181s] Level 1:colcon.colcon_core.package_identification:_identify(build) by extension 'ignore'
[3.181s] Level 1:colcon.colcon_core.package_identification:_identify(build) ignored
[3.183s] Level 1:colcon.colcon_core.package_identification:_identify(install) by extensions ['ignore', 'ignore_ament_install']
[3.184s] Level 1:colcon.colcon_core.package_identification:_identify(install) by extension 'ignore'
[3.184s] Level 1:colcon.colcon_core.package_identification:_identify(install) ignored
[3.184s] Level 1:colcon.colcon_core.package_identification:_identify(log) by extensions ['ignore', 'ignore_ament_install']
[3.185s] Level 1:colcon.colcon_core.package_identification:_identify(log) by extension 'ignore'
[3.185s] Level 1:colcon.colcon_core.package_identification:_identify(log) ignored
[3.186s] Level 1:colcon.colcon_core.package_identification:_identify(src) by extensions ['ignore', 'ignore_ament_install']
[3.186s] Level 1:colcon.colcon_core.package_identification:_identify(src) by extension 'ignore'
[3.186s] Level 1:colcon.colcon_core.package_identification:_identify(src) by extension 'ignore_ament_install'
[3.187s] Level 1:colcon.colcon_core.package_identification:_identify(src) by extensions ['colcon_pkg']
[3.187s] Level 1:colcon.colcon_core.package_identification:_identify(src) by extension 'colcon_pkg'
[3.187s] Level 1:colcon.colcon_core.package_identification:_identify(src) by extensions ['colcon_meta']
[3.187s] Level 1:colcon.colcon_core.package_identification:_identify(src) by extension 'colcon_meta'
[3.188s] Level 1:colcon.colcon_core.package_identification:_identify(src) by extensions ['ros']
[3.188s] Level 1:colcon.colcon_core.package_identification:_identify(src) by extension 'ros'
[3.188s] Level 1:colcon.colcon_core.package_identification:_identify(src) by extensions ['cmake', 'python']
[3.188s] Level 1:colcon.colcon_core.package_identification:_identify(src) by extension 'cmake'
[3.189s] Level 1:colcon.colcon_core.package_identification:_identify(src) by extension 'python'
[3.189s] Level 1:colcon.colcon_core.package_identification:_identify(src) by extensions ['python_setup_py']
[3.189s] Level 1:colcon.colcon_core.package_identification:_identify(src) by extension 'python_setup_py'
[3.190s] Level 1:colcon.colcon_core.package_identification:_identify(src/diagnostics) by extensions ['ignore', 'ignore_ament_install']
[3.190s] Level 1:colcon.colcon_core.package_identification:_identify(src/diagnostics) by extension 'ignore'
[3.190s] Level 1:colcon.colcon_core.package_identification:_identify(src/diagnostics) by extension 'ignore_ament_install'
[3.191s] Level 1:colcon.colcon_core.package_identification:_identify(src/diagnostics) by extensions ['colcon_pkg']
[3.191s] Level 1:colcon.colcon_core.package_identification:_identify(src/diagnostics) by extension 'colcon_pkg'
[3.191s] Level 1:colcon.colcon_core.package_identification:_identify(src/diagnostics) by extensions ['colcon_meta']
[3.191s] Level 1:colcon.colcon_core.package_identification:_identify(src/diagnostics) by extension 'colcon_meta'
[3.192s] Level 1:colcon.colcon_core.package_identification:_identify(src/diagnostics) by extensions ['ros']
[3.192s] Level 1:colcon.colcon_core.package_identification:_identify(src/diagnostics) by extension 'ros'
[3.192s] Level 1:colcon.colcon_core.package_identification:_identify(src/diagnostics) by extensions ['cmake', 'python']
[3.192s] Level 1:colcon.colcon_core.package_identification:_identify(src/diagnostics) by extension 'cmake'
[3.193s] Level 1:colcon.colcon_core.package_identification:_identify(src/diagnostics) by extension 'python'
[3.193s] Level 1:colcon.colcon_core.package_identification:_identify(src/diagnostics) by extensions ['python_setup_py']
[3.193s] Level 1:colcon.colcon_core.package_identification:_identify(src/diagnostics) by extension 'python_setup_py'
[3.194s] Level 1:colcon.colcon_core.package_identification:_identify(src/diagnostics/diagnostic_aggregator) by extensions ['ignore', 'ignore_ament_install']
[3.194s] Level 1:colcon.colcon_core.package_identification:_identify(src/diagnostics/diagnostic_aggregator) by extension 'ignore'
[3.194s] Level 1:colcon.colcon_core.package_identification:_identify(src/diagnostics/diagnostic_aggregator) ignored
[3.195s] Level 1:colcon.colcon_core.package_identification:_identify(src/diagnostics/diagnostic_common_diagnostics) by extensions ['ignore', 'ignore_ament_install']
[3.195s] Level 1:colcon.colcon_core.package_identification:_identify(src/diagnostics/diagnostic_common_diagnostics) by extension 'ignore'
[3.196s] Level 1:colcon.colcon_core.package_identification:_identify(src/diagnostics/diagnostic_common_diagnostics) by extension 'ignore_ament_install'
[3.196s] Level 1:colcon.colcon_core.package_identification:_identify(src/diagnostics/diagnostic_common_diagnostics) by extensions ['colcon_pkg']
[3.196s] Level 1:colcon.colcon_core.package_identification:_identify(src/diagnostics/diagnostic_common_diagnostics) by extension 'colcon_pkg'
[3.196s] Level 1:colcon.colcon_core.package_identification:_identify(src/diagnostics/diagnostic_common_diagnostics) by extensions ['colcon_meta']
[3.196s] Level 1:colcon.colcon_core.package_identification:_identify(src/diagnostics/diagnostic_common_diagnostics) by extension 'colcon_meta'
[3.197s] Level 1:colcon.colcon_core.package_identification:_identify(src/diagnostics/diagnostic_common_diagnostics) by extensions ['ros']
[3.197s] Level 1:colcon.colcon_core.package_identification:_identify(src/diagnostics/diagnostic_common_diagnostics) by extension 'ros'
[3.210s] DEBUG:colcon.colcon_core.package_identification:Package 'src/diagnostics/diagnostic_common_diagnostics' with type 'ros.ament_cmake' and name 'diagnostic_common_diagnostics'
[3.211s] Level 1:colcon.colcon_core.package_identification:_identify(src/diagnostics/diagnostic_remote_logging) by extensions ['ignore', 'ignore_ament_install']
[3.211s] Level 1:colcon.colcon_core.package_identification:_identify(src/diagnostics/diagnostic_remote_logging) by extension 'ignore'
[3.212s] Level 1:colcon.colcon_core.package_identification:_identify(src/diagnostics/diagnostic_remote_logging) ignored
[3.212s] Level 1:colcon.colcon_core.package_identification:_identify(src/diagnostics/diagnostic_updater) by extensions ['ignore', 'ignore_ament_install']
[3.213s] Level 1:colcon.colcon_core.package_identification:_identify(src/diagnostics/diagnostic_updater) by extension 'ignore'
[3.213s] Level 1:colcon.colcon_core.package_identification:_identify(src/diagnostics/diagnostic_updater) by extension 'ignore_ament_install'
[3.214s] Level 1:colcon.colcon_core.package_identification:_identify(src/diagnostics/diagnostic_updater) by extensions ['colcon_pkg']
[3.214s] Level 1:colcon.colcon_core.package_identification:_identify(src/diagnostics/diagnostic_updater) by extension 'colcon_pkg'
[3.214s] Level 1:colcon.colcon_core.package_identification:_identify(src/diagnostics/diagnostic_updater) by extensions ['colcon_meta']
[3.214s] Level 1:colcon.colcon_core.package_identification:_identify(src/diagnostics/diagnostic_updater) by extension 'colcon_meta'
[3.215s] Level 1:colcon.colcon_core.package_identification:_identify(src/diagnostics/diagnostic_updater) by extensions ['ros']
[3.215s] Level 1:colcon.colcon_core.package_identification:_identify(src/diagnostics/diagnostic_updater) by extension 'ros'
[3.221s] DEBUG:colcon.colcon_core.package_identification:Package 'src/diagnostics/diagnostic_updater' with type 'ros.ament_cmake' and name 'diagnostic_updater'
[3.222s] Level 1:colcon.colcon_core.package_identification:_identify(src/diagnostics/diagnostics) by extensions ['ignore', 'ignore_ament_install']
[3.222s] Level 1:colcon.colcon_core.package_identification:_identify(src/diagnostics/diagnostics) by extension 'ignore'
[3.222s] Level 1:colcon.colcon_core.package_identification:_identify(src/diagnostics/diagnostics) by extension 'ignore_ament_install'
[3.223s] Level 1:colcon.colcon_core.package_identification:_identify(src/diagnostics/diagnostics) by extensions ['colcon_pkg']
[3.223s] Level 1:colcon.colcon_core.package_identification:_identify(src/diagnostics/diagnostics) by extension 'colcon_pkg'
[3.223s] Level 1:colcon.colcon_core.package_identification:_identify(src/diagnostics/diagnostics) by extensions ['colcon_meta']
[3.223s] Level 1:colcon.colcon_core.package_identification:_identify(src/diagnostics/diagnostics) by extension 'colcon_meta'
[3.224s] Level 1:colcon.colcon_core.package_identification:_identify(src/diagnostics/diagnostics) by extensions ['ros']
[3.224s] Level 1:colcon.colcon_core.package_identification:_identify(src/diagnostics/diagnostics) by extension 'ros'
[3.227s] DEBUG:colcon.colcon_core.package_identification:Package 'src/diagnostics/diagnostics' with type 'ros.ament_cmake' and name 'diagnostics'
[3.227s] Level 1:colcon.colcon_core.package_identification:_identify(src/diagnostics/self_test) by extensions ['ignore', 'ignore_ament_install']
[3.228s] Level 1:colcon.colcon_core.package_identification:_identify(src/diagnostics/self_test) by extension 'ignore'
[3.228s] Level 1:colcon.colcon_core.package_identification:_identify(src/diagnostics/self_test) ignored
[3.229s] Level 1:colcon.colcon_core.package_identification:_identify(src/realsense-ros) by extensions ['ignore', 'ignore_ament_install']
[3.229s] Level 1:colcon.colcon_core.package_identification:_identify(src/realsense-ros) by extension 'ignore'
[3.229s] Level 1:colcon.colcon_core.package_identification:_identify(src/realsense-ros) by extension 'ignore_ament_install'
[3.230s] Level 1:colcon.colcon_core.package_identification:_identify(src/realsense-ros) by extensions ['colcon_pkg']
[3.230s] Level 1:colcon.colcon_core.package_identification:_identify(src/realsense-ros) by extension 'colcon_pkg'
[3.230s] Level 1:colcon.colcon_core.package_identification:_identify(src/realsense-ros) by extensions ['colcon_meta']
[3.230s] Level 1:colcon.colcon_core.package_identification:_identify(src/realsense-ros) by extension 'colcon_meta'
[3.231s] Level 1:colcon.colcon_core.package_identification:_identify(src/realsense-ros) by extensions ['ros']
[3.231s] Level 1:colcon.colcon_core.package_identification:_identify(src/realsense-ros) by extension 'ros'
[3.231s] Level 1:colcon.colcon_core.package_identification:_identify(src/realsense-ros) by extensions ['cmake', 'python']
[3.231s] Level 1:colcon.colcon_core.package_identification:_identify(src/realsense-ros) by extension 'cmake'
[3.232s] Level 1:colcon.colcon_core.package_identification:_identify(src/realsense-ros) by extension 'python'
[3.232s] Level 1:colcon.colcon_core.package_identification:_identify(src/realsense-ros) by extensions ['python_setup_py']
[3.232s] Level 1:colcon.colcon_core.package_identification:_identify(src/realsense-ros) by extension 'python_setup_py'
[3.233s] Level 1:colcon.colcon_core.package_identification:_identify(src/realsense-ros/realsense2_camera) by extensions ['ignore', 'ignore_ament_install']
[3.233s] Level 1:colcon.colcon_core.package_identification:_identify(src/realsense-ros/realsense2_camera) by extension 'ignore'
[3.233s] Level 1:colcon.colcon_core.package_identification:_identify(src/realsense-ros/realsense2_camera) by extension 'ignore_ament_install'
[3.234s] Level 1:colcon.colcon_core.package_identification:_identify(src/realsense-ros/realsense2_camera) by extensions ['colcon_pkg']
[3.234s] Level 1:colcon.colcon_core.package_identification:_identify(src/realsense-ros/realsense2_camera) by extension 'colcon_pkg'
[3.234s] Level 1:colcon.colcon_core.package_identification:_identify(src/realsense-ros/realsense2_camera) by extensions ['colcon_meta']
[3.234s] Level 1:colcon.colcon_core.package_identification:_identify(src/realsense-ros/realsense2_camera) by extension 'colcon_meta'
[3.235s] Level 1:colcon.colcon_core.package_identification:_identify(src/realsense-ros/realsense2_camera) by extensions ['ros']
[3.235s] Level 1:colcon.colcon_core.package_identification:_identify(src/realsense-ros/realsense2_camera) by extension 'ros'
[3.279s] DEBUG:colcon.colcon_core.package_identification:Package 'src/realsense-ros/realsense2_camera' with type 'ros.ament_cmake' and name 'realsense2_camera'
[3.280s] Level 1:colcon.colcon_core.package_identification:_identify(src/realsense-ros/realsense2_camera_msgs) by extensions ['ignore', 'ignore_ament_install']
[3.280s] Level 1:colcon.colcon_core.package_identification:_identify(src/realsense-ros/realsense2_camera_msgs) by extension 'ignore'
[3.280s] Level 1:colcon.colcon_core.package_identification:_identify(src/realsense-ros/realsense2_camera_msgs) by extension 'ignore_ament_install'
[3.281s] Level 1:colcon.colcon_core.package_identification:_identify(src/realsense-ros/realsense2_camera_msgs) by extensions ['colcon_pkg']
[3.281s] Level 1:colcon.colcon_core.package_identification:_identify(src/realsense-ros/realsense2_camera_msgs) by extension 'colcon_pkg'
[3.281s] Level 1:colcon.colcon_core.package_identification:_identify(src/realsense-ros/realsense2_camera_msgs) by extensions ['colcon_meta']
[3.281s] Level 1:colcon.colcon_core.package_identification:_identify(src/realsense-ros/realsense2_camera_msgs) by extension 'colcon_meta'
[3.282s] Level 1:colcon.colcon_core.package_identification:_identify(src/realsense-ros/realsense2_camera_msgs) by extensions ['ros']
[3.282s] Level 1:colcon.colcon_core.package_identification:_identify(src/realsense-ros/realsense2_camera_msgs) by extension 'ros'
[3.285s] DEBUG:colcon.colcon_core.package_identification:Package 'src/realsense-ros/realsense2_camera_msgs' with type 'ros.ament_cmake' and name 'realsense2_camera_msgs'
[3.286s] Level 1:colcon.colcon_core.package_identification:_identify(src/realsense-ros/realsense2_description) by extensions ['ignore', 'ignore_ament_install']
[3.287s] Level 1:colcon.colcon_core.package_identification:_identify(src/realsense-ros/realsense2_description) by extension 'ignore'
[3.287s] Level 1:colcon.colcon_core.package_identification:_identify(src/realsense-ros/realsense2_description) by extension 'ignore_ament_install'
[3.287s] Level 1:colcon.colcon_core.package_identification:_identify(src/realsense-ros/realsense2_description) by extensions ['colcon_pkg']
[3.287s] Level 1:colcon.colcon_core.package_identification:_identify(src/realsense-ros/realsense2_description) by extension 'colcon_pkg'
[3.288s] Level 1:colcon.colcon_core.package_identification:_identify(src/realsense-ros/realsense2_description) by extensions ['colcon_meta']
[3.288s] Level 1:colcon.colcon_core.package_identification:_identify(src/realsense-ros/realsense2_description) by extension 'colcon_meta'
[3.288s] Level 1:colcon.colcon_core.package_identification:_identify(src/realsense-ros/realsense2_description) by extensions ['ros']
[3.288s] Level 1:colcon.colcon_core.package_identification:_identify(src/realsense-ros/realsense2_description) by extension 'ros'
[3.294s] DEBUG:colcon.colcon_core.package_identification:Package 'src/realsense-ros/realsense2_description' with type 'ros.ament_cmake' and name 'realsense2_description'
[3.294s] Level 1:colcon.colcon_core.package_identification:_identify(src/realsense-ros/scripts) by extensions ['ignore', 'ignore_ament_install']
[3.295s] Level 1:colcon.colcon_core.package_identification:_identify(src/realsense-ros/scripts) by extension 'ignore'
[3.295s] Level 1:colcon.colcon_core.package_identification:_identify(src/realsense-ros/scripts) by extension 'ignore_ament_install'
[3.295s] Level 1:colcon.colcon_core.package_identification:_identify(src/realsense-ros/scripts) by extensions ['colcon_pkg']
[3.295s] Level 1:colcon.colcon_core.package_identification:_identify(src/realsense-ros/scripts) by extension 'colcon_pkg'
[3.296s] Level 1:colcon.colcon_core.package_identification:_identify(src/realsense-ros/scripts) by extensions ['colcon_meta']
[3.296s] Level 1:colcon.colcon_core.package_identification:_identify(src/realsense-ros/scripts) by extension 'colcon_meta'
[3.296s] Level 1:colcon.colcon_core.package_identification:_identify(src/realsense-ros/scripts) by extensions ['ros']
[3.296s] Level 1:colcon.colcon_core.package_identification:_identify(src/realsense-ros/scripts) by extension 'ros'
[3.297s] Level 1:colcon.colcon_core.package_identification:_identify(src/realsense-ros/scripts) by extensions ['cmake', 'python']
[3.297s] Level 1:colcon.colcon_core.package_identification:_identify(src/realsense-ros/scripts) by extension 'cmake'
[3.297s] Level 1:colcon.colcon_core.package_identification:_identify(src/realsense-ros/scripts) by extension 'python'
[3.297s] Level 1:colcon.colcon_core.package_identification:_identify(src/realsense-ros/scripts) by extensions ['python_setup_py']
[3.298s] Level 1:colcon.colcon_core.package_identification:_identify(src/realsense-ros/scripts) by extension 'python_setup_py'
[3.298s] Level 1:colcon.colcon_core.package_identification:_identify(src/ros-gst-bridge) by extensions ['ignore', 'ignore_ament_install']
[3.299s] Level 1:colcon.colcon_core.package_identification:_identify(src/ros-gst-bridge) by extension 'ignore'
[3.299s] Level 1:colcon.colcon_core.package_identification:_identify(src/ros-gst-bridge) by extension 'ignore_ament_install'
[3.299s] Level 1:colcon.colcon_core.package_identification:_identify(src/ros-gst-bridge) by extensions ['colcon_pkg']
[3.299s] Level 1:colcon.colcon_core.package_identification:_identify(src/ros-gst-bridge) by extension 'colcon_pkg'
[3.300s] Level 1:colcon.colcon_core.package_identification:_identify(src/ros-gst-bridge) by extensions ['colcon_meta']
[3.300s] Level 1:colcon.colcon_core.package_identification:_identify(src/ros-gst-bridge) by extension 'colcon_meta'
[3.300s] Level 1:colcon.colcon_core.package_identification:_identify(src/ros-gst-bridge) by extensions ['ros']
[3.300s] Level 1:colcon.colcon_core.package_identification:_identify(src/ros-gst-bridge) by extension 'ros'
[3.301s] Level 1:colcon.colcon_core.package_identification:_identify(src/ros-gst-bridge) by extensions ['cmake', 'python']
[3.301s] Level 1:colcon.colcon_core.package_identification:_identify(src/ros-gst-bridge) by extension 'cmake'
[3.301s] Level 1:colcon.colcon_core.package_identification:_identify(src/ros-gst-bridge) by extension 'python'
[3.301s] Level 1:colcon.colcon_core.package_identification:_identify(src/ros-gst-bridge) by extensions ['python_setup_py']
[3.302s] Level 1:colcon.colcon_core.package_identification:_identify(src/ros-gst-bridge) by extension 'python_setup_py'
[3.302s] Level 1:colcon.colcon_core.package_identification:_identify(src/ros-gst-bridge/audio_msgs) by extensions ['ignore', 'ignore_ament_install']
[3.303s] Level 1:colcon.colcon_core.package_identification:_identify(src/ros-gst-bridge/audio_msgs) by extension 'ignore'
[3.303s] Level 1:colcon.colcon_core.package_identification:_identify(src/ros-gst-bridge/audio_msgs) by extension 'ignore_ament_install'
[3.303s] Level 1:colcon.colcon_core.package_identification:_identify(src/ros-gst-bridge/audio_msgs) by extensions ['colcon_pkg']
[3.303s] Level 1:colcon.colcon_core.package_identification:_identify(src/ros-gst-bridge/audio_msgs) by extension 'colcon_pkg'
[3.304s] Level 1:colcon.colcon_core.package_identification:_identify(src/ros-gst-bridge/audio_msgs) by extensions ['colcon_meta']
[3.304s] Level 1:colcon.colcon_core.package_identification:_identify(src/ros-gst-bridge/audio_msgs) by extension 'colcon_meta'
[3.304s] Level 1:colcon.colcon_core.package_identification:_identify(src/ros-gst-bridge/audio_msgs) by extensions ['ros']
[3.304s] Level 1:colcon.colcon_core.package_identification:_identify(src/ros-gst-bridge/audio_msgs) by extension 'ros'
[3.307s] DEBUG:colcon.colcon_core.package_identification:Package 'src/ros-gst-bridge/audio_msgs' with type 'ros.ament_cmake' and name 'audio_msgs'
[3.308s] Level 1:colcon.colcon_core.package_identification:_identify(src/ros-gst-bridge/docker-long) by extensions ['ignore', 'ignore_ament_install']
[3.308s] Level 1:colcon.colcon_core.package_identification:_identify(src/ros-gst-bridge/docker-long) by extension 'ignore'
[3.308s] Level 1:colcon.colcon_core.package_identification:_identify(src/ros-gst-bridge/docker-long) by extension 'ignore_ament_install'
[3.309s] Level 1:colcon.colcon_core.package_identification:_identify(src/ros-gst-bridge/docker-long) by extensions ['colcon_pkg']
[3.309s] Level 1:colcon.colcon_core.package_identification:_identify(src/ros-gst-bridge/docker-long) by extension 'colcon_pkg'
[3.309s] Level 1:colcon.colcon_core.package_identification:_identify(src/ros-gst-bridge/docker-long) by extensions ['colcon_meta']
[3.309s] Level 1:colcon.colcon_core.package_identification:_identify(src/ros-gst-bridge/docker-long) by extension 'colcon_meta'
[3.310s] Level 1:colcon.colcon_core.package_identification:_identify(src/ros-gst-bridge/docker-long) by extensions ['ros']
[3.310s] Level 1:colcon.colcon_core.package_identification:_identify(src/ros-gst-bridge/docker-long) by extension 'ros'
[3.310s] Level 1:colcon.colcon_core.package_identification:_identify(src/ros-gst-bridge/docker-long) by extensions ['cmake', 'python']
[3.310s] Level 1:colcon.colcon_core.package_identification:_identify(src/ros-gst-bridge/docker-long) by extension 'cmake'
[3.311s] Level 1:colcon.colcon_core.package_identification:_identify(src/ros-gst-bridge/docker-long) by extension 'python'
[3.311s] Level 1:colcon.colcon_core.package_identification:_identify(src/ros-gst-bridge/docker-long) by extensions ['python_setup_py']
[3.311s] Level 1:colcon.colcon_core.package_identification:_identify(src/ros-gst-bridge/docker-long) by extension 'python_setup_py'
[3.312s] Level 1:colcon.colcon_core.package_identification:_identify(src/ros-gst-bridge/docker-short) by extensions ['ignore', 'ignore_ament_install']
[3.312s] Level 1:colcon.colcon_core.package_identification:_identify(src/ros-gst-bridge/docker-short) by extension 'ignore'
[3.312s] Level 1:colcon.colcon_core.package_identification:_identify(src/ros-gst-bridge/docker-short) by extension 'ignore_ament_install'
[3.313s] Level 1:colcon.colcon_core.package_identification:_identify(src/ros-gst-bridge/docker-short) by extensions ['colcon_pkg']
[3.313s] Level 1:colcon.colcon_core.package_identification:_identify(src/ros-gst-bridge/docker-short) by extension 'colcon_pkg'
[3.313s] Level 1:colcon.colcon_core.package_identification:_identify(src/ros-gst-bridge/docker-short) by extensions ['colcon_meta']
[3.313s] Level 1:colcon.colcon_core.package_identification:_identify(src/ros-gst-bridge/docker-short) by extension 'colcon_meta'
[3.314s] Level 1:colcon.colcon_core.package_identification:_identify(src/ros-gst-bridge/docker-short) by extensions ['ros']
[3.314s] Level 1:colcon.colcon_core.package_identification:_identify(src/ros-gst-bridge/docker-short) by extension 'ros'
[3.314s] Level 1:colcon.colcon_core.package_identification:_identify(src/ros-gst-bridge/docker-short) by extensions ['cmake', 'python']
[3.314s] Level 1:colcon.colcon_core.package_identification:_identify(src/ros-gst-bridge/docker-short) by extension 'cmake'
[3.315s] Level 1:colcon.colcon_core.package_identification:_identify(src/ros-gst-bridge/docker-short) by extension 'python'
[3.315s] Level 1:colcon.colcon_core.package_identification:_identify(src/ros-gst-bridge/docker-short) by extensions ['python_setup_py']
[3.315s] Level 1:colcon.colcon_core.package_identification:_identify(src/ros-gst-bridge/docker-short) by extension 'python_setup_py'
[3.316s] Level 1:colcon.colcon_core.package_identification:_identify(src/ros-gst-bridge/gst_bridge) by extensions ['ignore', 'ignore_ament_install']
[3.316s] Level 1:colcon.colcon_core.package_identification:_identify(src/ros-gst-bridge/gst_bridge) by extension 'ignore'
[3.316s] Level 1:colcon.colcon_core.package_identification:_identify(src/ros-gst-bridge/gst_bridge) by extension 'ignore_ament_install'
[3.317s] Level 1:colcon.colcon_core.package_identification:_identify(src/ros-gst-bridge/gst_bridge) by extensions ['colcon_pkg']
[3.317s] Level 1:colcon.colcon_core.package_identification:_identify(src/ros-gst-bridge/gst_bridge) by extension 'colcon_pkg'
[3.317s] Level 1:colcon.colcon_core.package_identification:_identify(src/ros-gst-bridge/gst_bridge) by extensions ['colcon_meta']
[3.317s] Level 1:colcon.colcon_core.package_identification:_identify(src/ros-gst-bridge/gst_bridge) by extension 'colcon_meta'
[3.317s] Level 1:colcon.colcon_core.package_identification:_identify(src/ros-gst-bridge/gst_bridge) by extensions ['ros']
[3.318s] Level 1:colcon.colcon_core.package_identification:_identify(src/ros-gst-bridge/gst_bridge) by extension 'ros'
[3.321s] DEBUG:colcon.colcon_core.package_identification:Package 'src/ros-gst-bridge/gst_bridge' with type 'ros.ament_cmake' and name 'gst_bridge'
[3.322s] Level 1:colcon.colcon_core.package_identification:_identify(src/ros-gst-bridge/gst_msgs) by extensions ['ignore', 'ignore_ament_install']
[3.322s] Level 1:colcon.colcon_core.package_identification:_identify(src/ros-gst-bridge/gst_msgs) by extension 'ignore'
[3.322s] Level 1:colcon.colcon_core.package_identification:_identify(src/ros-gst-bridge/gst_msgs) by extension 'ignore_ament_install'
[3.323s] Level 1:colcon.colcon_core.package_identification:_identify(src/ros-gst-bridge/gst_msgs) by extensions ['colcon_pkg']
[3.323s] Level 1:colcon.colcon_core.package_identification:_identify(src/ros-gst-bridge/gst_msgs) by extension 'colcon_pkg'
[3.323s] Level 1:colcon.colcon_core.package_identification:_identify(src/ros-gst-bridge/gst_msgs) by extensions ['colcon_meta']
[3.323s] Level 1:colcon.colcon_core.package_identification:_identify(src/ros-gst-bridge/gst_msgs) by extension 'colcon_meta'
[3.324s] Level 1:colcon.colcon_core.package_identification:_identify(src/ros-gst-bridge/gst_msgs) by extensions ['ros']
[3.324s] Level 1:colcon.colcon_core.package_identification:_identify(src/ros-gst-bridge/gst_msgs) by extension 'ros'
[3.326s] DEBUG:colcon.colcon_core.package_identification:Package 'src/ros-gst-bridge/gst_msgs' with type 'ros.ament_cmake' and name 'gst_msgs'
[3.327s] Level 1:colcon.colcon_core.package_identification:_identify(src/ros-gst-bridge/gst_pipeline) by extensions ['ignore', 'ignore_ament_install']
[3.327s] Level 1:colcon.colcon_core.package_identification:_identify(src/ros-gst-bridge/gst_pipeline) by extension 'ignore'
[3.328s] Level 1:colcon.colcon_core.package_identification:_identify(src/ros-gst-bridge/gst_pipeline) by extension 'ignore_ament_install'
[3.328s] Level 1:colcon.colcon_core.package_identification:_identify(src/ros-gst-bridge/gst_pipeline) by extensions ['colcon_pkg']
[3.328s] Level 1:colcon.colcon_core.package_identification:_identify(src/ros-gst-bridge/gst_pipeline) by extension 'colcon_pkg'
[3.328s] Level 1:colcon.colcon_core.package_identification:_identify(src/ros-gst-bridge/gst_pipeline) by extensions ['colcon_meta']
[3.329s] Level 1:colcon.colcon_core.package_identification:_identify(src/ros-gst-bridge/gst_pipeline) by extension 'colcon_meta'
[3.329s] Level 1:colcon.colcon_core.package_identification:_identify(src/ros-gst-bridge/gst_pipeline) by extensions ['ros']
[3.329s] Level 1:colcon.colcon_core.package_identification:_identify(src/ros-gst-bridge/gst_pipeline) by extension 'ros'
[3.334s] DEBUG:colcon.colcon_core.package_identification:Package 'src/ros-gst-bridge/gst_pipeline' with type 'ros.ament_cmake' and name 'gst_pipeline'
[3.334s] Level 1:colcon.colcon_core.package_identification:_identify(src/ros-gst-bridge/gst_pipeline_plugins) by extensions ['ignore', 'ignore_ament_install']
[3.335s] Level 1:colcon.colcon_core.package_identification:_identify(src/ros-gst-bridge/gst_pipeline_plugins) by extension 'ignore'
[3.335s] Level 1:colcon.colcon_core.package_identification:_identify(src/ros-gst-bridge/gst_pipeline_plugins) by extension 'ignore_ament_install'
[3.335s] Level 1:colcon.colcon_core.package_identification:_identify(src/ros-gst-bridge/gst_pipeline_plugins) by extensions ['colcon_pkg']
[3.336s] Level 1:colcon.colcon_core.package_identification:_identify(src/ros-gst-bridge/gst_pipeline_plugins) by extension 'colcon_pkg'
[3.336s] Level 1:colcon.colcon_core.package_identification:_identify(src/ros-gst-bridge/gst_pipeline_plugins) by extensions ['colcon_meta']
[3.336s] Level 1:colcon.colcon_core.package_identification:_identify(src/ros-gst-bridge/gst_pipeline_plugins) by extension 'colcon_meta'
[3.336s] Level 1:colcon.colcon_core.package_identification:_identify(src/ros-gst-bridge/gst_pipeline_plugins) by extensions ['ros']
[3.336s] Level 1:colcon.colcon_core.package_identification:_identify(src/ros-gst-bridge/gst_pipeline_plugins) by extension 'ros'
[3.341s] DEBUG:colcon.colcon_core.package_identification:Package 'src/ros-gst-bridge/gst_pipeline_plugins' with type 'ros.ament_cmake' and name 'gst_pipeline_plugins'
[3.341s] Level 1:colcon.colcon_core.package_identification:_identify(src/ros-gst-bridge/gst_pipeline_plugins_webrtc) by extensions ['ignore', 'ignore_ament_install']
[3.342s] Level 1:colcon.colcon_core.package_identification:_identify(src/ros-gst-bridge/gst_pipeline_plugins_webrtc) by extension 'ignore'
[3.342s] Level 1:colcon.colcon_core.package_identification:_identify(src/ros-gst-bridge/gst_pipeline_plugins_webrtc) ignored
[3.343s] Level 1:colcon.colcon_core.package_identification:_identify(src/vision_opencv) by extensions ['ignore', 'ignore_ament_install']
[3.343s] Level 1:colcon.colcon_core.package_identification:_identify(src/vision_opencv) by extension 'ignore'
[3.343s] Level 1:colcon.colcon_core.package_identification:_identify(src/vision_opencv) by extension 'ignore_ament_install'
[3.344s] Level 1:colcon.colcon_core.package_identification:_identify(src/vision_opencv) by extensions ['colcon_pkg']
[3.344s] Level 1:colcon.colcon_core.package_identification:_identify(src/vision_opencv) by extension 'colcon_pkg'
[3.344s] Level 1:colcon.colcon_core.package_identification:_identify(src/vision_opencv) by extensions ['colcon_meta']
[3.344s] Level 1:colcon.colcon_core.package_identification:_identify(src/vision_opencv) by extension 'colcon_meta'
[3.345s] Level 1:colcon.colcon_core.package_identification:_identify(src/vision_opencv) by extensions ['ros']
[3.345s] Level 1:colcon.colcon_core.package_identification:_identify(src/vision_opencv) by extension 'ros'
[3.345s] Level 1:colcon.colcon_core.package_identification:_identify(src/vision_opencv) by extensions ['cmake', 'python']
[3.345s] Level 1:colcon.colcon_core.package_identification:_identify(src/vision_opencv) by extension 'cmake'
[3.346s] Level 1:colcon.colcon_core.package_identification:_identify(src/vision_opencv) by extension 'python'
[3.346s] Level 1:colcon.colcon_core.package_identification:_identify(src/vision_opencv) by extensions ['python_setup_py']
[3.346s] Level 1:colcon.colcon_core.package_identification:_identify(src/vision_opencv) by extension 'python_setup_py'
[3.347s] Level 1:colcon.colcon_core.package_identification:_identify(src/vision_opencv/cv_bridge) by extensions ['ignore', 'ignore_ament_install']
[3.347s] Level 1:colcon.colcon_core.package_identification:_identify(src/vision_opencv/cv_bridge) by extension 'ignore'
[3.347s] Level 1:colcon.colcon_core.package_identification:_identify(src/vision_opencv/cv_bridge) by extension 'ignore_ament_install'
[3.348s] Level 1:colcon.colcon_core.package_identification:_identify(src/vision_opencv/cv_bridge) by extensions ['colcon_pkg']
[3.348s] Level 1:colcon.colcon_core.package_identification:_identify(src/vision_opencv/cv_bridge) by extension 'colcon_pkg'
[3.348s] Level 1:colcon.colcon_core.package_identification:_identify(src/vision_opencv/cv_bridge) by extensions ['colcon_meta']
[3.348s] Level 1:colcon.colcon_core.package_identification:_identify(src/vision_opencv/cv_bridge) by extension 'colcon_meta'
[3.349s] Level 1:colcon.colcon_core.package_identification:_identify(src/vision_opencv/cv_bridge) by extensions ['ros']
[3.349s] Level 1:colcon.colcon_core.package_identification:_identify(src/vision_opencv/cv_bridge) by extension 'ros'
[3.355s] DEBUG:colcon.colcon_core.package_identification:Package 'src/vision_opencv/cv_bridge' with type 'ros.ament_cmake' and name 'cv_bridge'
[3.356s] Level 1:colcon.colcon_core.package_identification:_identify(src/vision_opencv/image_geometry) by extensions ['ignore', 'ignore_ament_install']
[3.356s] Level 1:colcon.colcon_core.package_identification:_identify(src/vision_opencv/image_geometry) by extension 'ignore'
[3.356s] Level 1:colcon.colcon_core.package_identification:_identify(src/vision_opencv/image_geometry) by extension 'ignore_ament_install'
[3.357s] Level 1:colcon.colcon_core.package_identification:_identify(src/vision_opencv/image_geometry) by extensions ['colcon_pkg']
[3.357s] Level 1:colcon.colcon_core.package_identification:_identify(src/vision_opencv/image_geometry) by extension 'colcon_pkg'
[3.357s] Level 1:colcon.colcon_core.package_identification:_identify(src/vision_opencv/image_geometry) by extensions ['colcon_meta']
[3.357s] Level 1:colcon.colcon_core.package_identification:_identify(src/vision_opencv/image_geometry) by extension 'colcon_meta'
[3.358s] Level 1:colcon.colcon_core.package_identification:_identify(src/vision_opencv/image_geometry) by extensions ['ros']
[3.358s] Level 1:colcon.colcon_core.package_identification:_identify(src/vision_opencv/image_geometry) by extension 'ros'
[3.362s] DEBUG:colcon.colcon_core.package_identification:Package 'src/vision_opencv/image_geometry' with type 'ros.ament_cmake' and name 'image_geometry'
[3.363s] Level 1:colcon.colcon_core.package_identification:_identify(src/vision_opencv/opencv_tests) by extensions ['ignore', 'ignore_ament_install']
[3.363s] Level 1:colcon.colcon_core.package_identification:_identify(src/vision_opencv/opencv_tests) by extension 'ignore'
[3.364s] Level 1:colcon.colcon_core.package_identification:_identify(src/vision_opencv/opencv_tests) ignored
[3.364s] Level 1:colcon.colcon_core.package_identification:_identify(src/vision_opencv/vision_opencv) by extensions ['ignore', 'ignore_ament_install']
[3.364s] Level 1:colcon.colcon_core.package_identification:_identify(src/vision_opencv/vision_opencv) by extension 'ignore'
[3.365s] Level 1:colcon.colcon_core.package_identification:_identify(src/vision_opencv/vision_opencv) by extension 'ignore_ament_install'
[3.365s] Level 1:colcon.colcon_core.package_identification:_identify(src/vision_opencv/vision_opencv) by extensions ['colcon_pkg']
[3.365s] Level 1:colcon.colcon_core.package_identification:_identify(src/vision_opencv/vision_opencv) by extension 'colcon_pkg'
[3.366s] Level 1:colcon.colcon_core.package_identification:_identify(src/vision_opencv/vision_opencv) by extensions ['colcon_meta']
[3.366s] Level 1:colcon.colcon_core.package_identification:_identify(src/vision_opencv/vision_opencv) by extension 'colcon_meta'
[3.366s] Level 1:colcon.colcon_core.package_identification:_identify(src/vision_opencv/vision_opencv) by extensions ['ros']
[3.366s] Level 1:colcon.colcon_core.package_identification:_identify(src/vision_opencv/vision_opencv) by extension 'ros'
[3.369s] DEBUG:colcon.colcon_core.package_identification:Package 'src/vision_opencv/vision_opencv' with type 'ros.ament_cmake' and name 'vision_opencv'
[3.370s] Level 1:colcon.colcon_core.package_identification:_identify(src/webrtc_camera_node) by extensions ['ignore', 'ignore_ament_install']
[3.370s] Level 1:colcon.colcon_core.package_identification:_identify(src/webrtc_camera_node) by extension 'ignore'
[3.370s] Level 1:colcon.colcon_core.package_identification:_identify(src/webrtc_camera_node) by extension 'ignore_ament_install'
[3.371s] Level 1:colcon.colcon_core.package_identification:_identify(src/webrtc_camera_node) by extensions ['colcon_pkg']
[3.371s] Level 1:colcon.colcon_core.package_identification:_identify(src/webrtc_camera_node) by extension 'colcon_pkg'
[3.371s] Level 1:colcon.colcon_core.package_identification:_identify(src/webrtc_camera_node) by extensions ['colcon_meta']
[3.371s] Level 1:colcon.colcon_core.package_identification:_identify(src/webrtc_camera_node) by extension 'colcon_meta'
[3.372s] Level 1:colcon.colcon_core.package_identification:_identify(src/webrtc_camera_node) by extensions ['ros']
[3.372s] Level 1:colcon.colcon_core.package_identification:_identify(src/webrtc_camera_node) by extension 'ros'
[3.375s] DEBUG:colcon.colcon_core.package_identification:Package 'src/webrtc_camera_node' with type 'ros.ament_cmake' and name 'webrtc_camera_node'
[3.376s] Level 1:colcon.colcon_core.package_identification:_identify(src/xacro) by extensions ['ignore', 'ignore_ament_install']
[3.377s] Level 1:colcon.colcon_core.package_identification:_identify(src/xacro) by extension 'ignore'
[3.377s] Level 1:colcon.colcon_core.package_identification:_identify(src/xacro) by extension 'ignore_ament_install'
[3.377s] Level 1:colcon.colcon_core.package_identification:_identify(src/xacro) by extensions ['colcon_pkg']
[3.377s] Level 1:colcon.colcon_core.package_identification:_identify(src/xacro) by extension 'colcon_pkg'
[3.380s] Level 1:colcon.colcon_core.package_identification:_identify(src/xacro) by extensions ['colcon_meta']
[3.380s] Level 1:colcon.colcon_core.package_identification:_identify(src/xacro) by extension 'colcon_meta'
[3.380s] Level 1:colcon.colcon_core.package_identification:_identify(src/xacro) by extensions ['ros']
[3.381s] Level 1:colcon.colcon_core.package_identification:_identify(src/xacro) by extension 'ros'
[3.384s] DEBUG:colcon.colcon_core.package_identification:Package 'src/xacro' with type 'ros.ament_cmake' and name 'xacro'
[3.385s] Level 1:colcon.colcon_core.package_discovery:discover_packages(recursive) using defaults
[3.386s] Level 1:colcon.colcon_core.package_discovery:discover_packages(ignore) discover
[3.386s] Level 1:colcon.colcon_core.package_discovery:discover_packages(ignore) using defaults
[3.386s] Level 1:colcon.colcon_core.package_discovery:discover_packages(path) discover
[3.386s] Level 1:colcon.colcon_core.package_discovery:discover_packages(path) using defaults
[3.559s] INFO:colcon.colcon_metadata.metadata.colcon_pkg:Updating descriptor of package 'src/xacro' from colcon.pkg: {'hooks': ['share/xacro/environment/completion.bash']}
[3.618s] Level 5:colcon.colcon_core.verb:set package 'audio_msgs' build argument 'cmake_args' from command line to '['-Wno-dev']'
[3.618s] Level 5:colcon.colcon_core.verb:set package 'audio_msgs' build argument 'cmake_target' from command line to 'None'
[3.619s] Level 5:colcon.colcon_core.verb:set package 'audio_msgs' build argument 'cmake_target_skip_unavailable' from command line to 'False'
[3.619s] Level 5:colcon.colcon_core.verb:set package 'audio_msgs' build argument 'cmake_clean_cache' from command line to 'False'
[3.619s] Level 5:colcon.colcon_core.verb:set package 'audio_msgs' build argument 'cmake_clean_first' from command line to 'False'
[3.619s] Level 5:colcon.colcon_core.verb:set package 'audio_msgs' build argument 'cmake_force_configure' from command line to 'False'
[3.619s] Level 5:colcon.colcon_core.verb:set package 'audio_msgs' build argument 'ament_cmake_args' from command line to 'None'
[3.620s] Level 5:colcon.colcon_core.verb:set package 'audio_msgs' build argument 'catkin_cmake_args' from command line to 'None'
[3.620s] Level 5:colcon.colcon_core.verb:set package 'audio_msgs' build argument 'catkin_skip_building_tests' from command line to 'False'
[3.620s] DEBUG:colcon.colcon_core.verb:Building package 'audio_msgs' with the following arguments: {'ament_cmake_args': None, 'build_base': '/root/Workspaces/rosgsthumble_ws/build/audio_msgs', 'catkin_cmake_args': None, 'catkin_skip_building_tests': False, 'cmake_args': ['-Wno-dev'], 'cmake_clean_cache': False, 'cmake_clean_first': False, 'cmake_force_configure': False, 'cmake_target': None, 'cmake_target_skip_unavailable': False, 'install_base': '/root/Workspaces/rosgsthumble_ws/install/audio_msgs', 'merge_install': False, 'path': '/root/Workspaces/rosgsthumble_ws/src/ros-gst-bridge/audio_msgs', 'symlink_install': True, 'test_result_base': None}
[3.639s] Level 5:colcon.colcon_core.verb:set package 'cv_bridge' build argument 'cmake_args' from command line to '['-Wno-dev']'
[3.639s] Level 5:colcon.colcon_core.verb:set package 'cv_bridge' build argument 'cmake_target' from command line to 'None'
[3.640s] Level 5:colcon.colcon_core.verb:set package 'cv_bridge' build argument 'cmake_target_skip_unavailable' from command line to 'False'
[3.640s] Level 5:colcon.colcon_core.verb:set package 'cv_bridge' build argument 'cmake_clean_cache' from command line to 'False'
[3.640s] Level 5:colcon.colcon_core.verb:set package 'cv_bridge' build argument 'cmake_clean_first' from command line to 'False'
[3.640s] Level 5:colcon.colcon_core.verb:set package 'cv_bridge' build argument 'cmake_force_configure' from command line to 'False'
[3.640s] Level 5:colcon.colcon_core.verb:set package 'cv_bridge' build argument 'ament_cmake_args' from command line to 'None'
[3.640s] Level 5:colcon.colcon_core.verb:set package 'cv_bridge' build argument 'catkin_cmake_args' from command line to 'None'
[3.641s] Level 5:colcon.colcon_core.verb:set package 'cv_bridge' build argument 'catkin_skip_building_tests' from command line to 'False'
[3.641s] DEBUG:colcon.colcon_core.verb:Building package 'cv_bridge' with the following arguments: {'ament_cmake_args': None, 'build_base': '/root/Workspaces/rosgsthumble_ws/build/cv_bridge', 'catkin_cmake_args': None, 'catkin_skip_building_tests': False, 'cmake_args': ['-Wno-dev'], 'cmake_clean_cache': False, 'cmake_clean_first': False, 'cmake_force_configure': False, 'cmake_target': None, 'cmake_target_skip_unavailable': False, 'install_base': '/root/Workspaces/rosgsthumble_ws/install/cv_bridge', 'merge_install': False, 'path': '/root/Workspaces/rosgsthumble_ws/src/vision_opencv/cv_bridge', 'symlink_install': True, 'test_result_base': None}
[3.659s] Level 5:colcon.colcon_core.verb:set package 'diagnostic_updater' build argument 'cmake_args' from command line to '['-Wno-dev']'
[3.659s] Level 5:colcon.colcon_core.verb:set package 'diagnostic_updater' build argument 'cmake_target' from command line to 'None'
[3.659s] Level 5:colcon.colcon_core.verb:set package 'diagnostic_updater' build argument 'cmake_target_skip_unavailable' from command line to 'False'
[3.660s] Level 5:colcon.colcon_core.verb:set package 'diagnostic_updater' build argument 'cmake_clean_cache' from command line to 'False'
[3.660s] Level 5:colcon.colcon_core.verb:set package 'diagnostic_updater' build argument 'cmake_clean_first' from command line to 'False'
[3.660s] Level 5:colcon.colcon_core.verb:set package 'diagnostic_updater' build argument 'cmake_force_configure' from command line to 'False'
[3.660s] Level 5:colcon.colcon_core.verb:set package 'diagnostic_updater' build argument 'ament_cmake_args' from command line to 'None'
[3.660s] Level 5:colcon.colcon_core.verb:set package 'diagnostic_updater' build argument 'catkin_cmake_args' from command line to 'None'
[3.660s] Level 5:colcon.colcon_core.verb:set package 'diagnostic_updater' build argument 'catkin_skip_building_tests' from command line to 'False'
[3.661s] DEBUG:colcon.colcon_core.verb:Building package 'diagnostic_updater' with the following arguments: {'ament_cmake_args': None, 'build_base': '/root/Workspaces/rosgsthumble_ws/build/diagnostic_updater', 'catkin_cmake_args': None, 'catkin_skip_building_tests': False, 'cmake_args': ['-Wno-dev'], 'cmake_clean_cache': False, 'cmake_clean_first': False, 'cmake_force_configure': False, 'cmake_target': None, 'cmake_target_skip_unavailable': False, 'install_base': '/root/Workspaces/rosgsthumble_ws/install/diagnostic_updater', 'merge_install': False, 'path': '/root/Workspaces/rosgsthumble_ws/src/diagnostics/diagnostic_updater', 'symlink_install': True, 'test_result_base': None}
[3.678s] Level 5:colcon.colcon_core.verb:set package 'gst_msgs' build argument 'cmake_args' from command line to '['-Wno-dev']'
[3.679s] Level 5:colcon.colcon_core.verb:set package 'gst_msgs' build argument 'cmake_target' from command line to 'None'
[3.679s] Level 5:colcon.colcon_core.verb:set package 'gst_msgs' build argument 'cmake_target_skip_unavailable' from command line to 'False'
[3.679s] Level 5:colcon.colcon_core.verb:set package 'gst_msgs' build argument 'cmake_clean_cache' from command line to 'False'
[3.679s] Level 5:colcon.colcon_core.verb:set package 'gst_msgs' build argument 'cmake_clean_first' from command line to 'False'
[3.679s] Level 5:colcon.colcon_core.verb:set package 'gst_msgs' build argument 'cmake_force_configure' from command line to 'False'
[3.680s] Level 5:colcon.colcon_core.verb:set package 'gst_msgs' build argument 'ament_cmake_args' from command line to 'None'
[3.680s] Level 5:colcon.colcon_core.verb:set package 'gst_msgs' build argument 'catkin_cmake_args' from command line to 'None'
[3.680s] Level 5:colcon.colcon_core.verb:set package 'gst_msgs' build argument 'catkin_skip_building_tests' from command line to 'False'
[3.680s] DEBUG:colcon.colcon_core.verb:Building package 'gst_msgs' with the following arguments: {'ament_cmake_args': None, 'build_base': '/root/Workspaces/rosgsthumble_ws/build/gst_msgs', 'catkin_cmake_args': None, 'catkin_skip_building_tests': False, 'cmake_args': ['-Wno-dev'], 'cmake_clean_cache': False, 'cmake_clean_first': False, 'cmake_force_configure': False, 'cmake_target': None, 'cmake_target_skip_unavailable': False, 'install_base': '/root/Workspaces/rosgsthumble_ws/install/gst_msgs', 'merge_install': False, 'path': '/root/Workspaces/rosgsthumble_ws/src/ros-gst-bridge/gst_msgs', 'symlink_install': True, 'test_result_base': None}
[3.699s] Level 5:colcon.colcon_core.verb:set package 'image_geometry' build argument 'cmake_args' from command line to '['-Wno-dev']'
[3.699s] Level 5:colcon.colcon_core.verb:set package 'image_geometry' build argument 'cmake_target' from command line to 'None'
[3.699s] Level 5:colcon.colcon_core.verb:set package 'image_geometry' build argument 'cmake_target_skip_unavailable' from command line to 'False'
[3.699s] Level 5:colcon.colcon_core.verb:set package 'image_geometry' build argument 'cmake_clean_cache' from command line to 'False'
[3.700s] Level 5:colcon.colcon_core.verb:set package 'image_geometry' build argument 'cmake_clean_first' from command line to 'False'
[3.700s] Level 5:colcon.colcon_core.verb:set package 'image_geometry' build argument 'cmake_force_configure' from command line to 'False'
[3.700s] Level 5:colcon.colcon_core.verb:set package 'image_geometry' build argument 'ament_cmake_args' from command line to 'None'
[3.700s] Level 5:colcon.colcon_core.verb:set package 'image_geometry' build argument 'catkin_cmake_args' from command line to 'None'
[3.700s] Level 5:colcon.colcon_core.verb:set package 'image_geometry' build argument 'catkin_skip_building_tests' from command line to 'False'
[3.700s] DEBUG:colcon.colcon_core.verb:Building package 'image_geometry' with the following arguments: {'ament_cmake_args': None, 'build_base': '/root/Workspaces/rosgsthumble_ws/build/image_geometry', 'catkin_cmake_args': None, 'catkin_skip_building_tests': False, 'cmake_args': ['-Wno-dev'], 'cmake_clean_cache': False, 'cmake_clean_first': False, 'cmake_force_configure': False, 'cmake_target': None, 'cmake_target_skip_unavailable': False, 'install_base': '/root/Workspaces/rosgsthumble_ws/install/image_geometry', 'merge_install': False, 'path': '/root/Workspaces/rosgsthumble_ws/src/vision_opencv/image_geometry', 'symlink_install': True, 'test_result_base': None}
[3.718s] Level 5:colcon.colcon_core.verb:set package 'realsense2_camera_msgs' build argument 'cmake_args' from command line to '['-Wno-dev']'
[3.719s] Level 5:colcon.colcon_core.verb:set package 'realsense2_camera_msgs' build argument 'cmake_target' from command line to 'None'
[3.719s] Level 5:colcon.colcon_core.verb:set package 'realsense2_camera_msgs' build argument 'cmake_target_skip_unavailable' from command line to 'False'
[3.719s] Level 5:colcon.colcon_core.verb:set package 'realsense2_camera_msgs' build argument 'cmake_clean_cache' from command line to 'False'
[3.719s] Level 5:colcon.colcon_core.verb:set package 'realsense2_camera_msgs' build argument 'cmake_clean_first' from command line to 'False'
[3.719s] Level 5:colcon.colcon_core.verb:set package 'realsense2_camera_msgs' build argument 'cmake_force_configure' from command line to 'False'
[3.719s] Level 5:colcon.colcon_core.verb:set package 'realsense2_camera_msgs' build argument 'ament_cmake_args' from command line to 'None'
[3.720s] Level 5:colcon.colcon_core.verb:set package 'realsense2_camera_msgs' build argument 'catkin_cmake_args' from command line to 'None'
[3.720s] Level 5:colcon.colcon_core.verb:set package 'realsense2_camera_msgs' build argument 'catkin_skip_building_tests' from command line to 'False'
[3.720s] DEBUG:colcon.colcon_core.verb:Building package 'realsense2_camera_msgs' with the following arguments: {'ament_cmake_args': None, 'build_base': '/root/Workspaces/rosgsthumble_ws/build/realsense2_camera_msgs', 'catkin_cmake_args': None, 'catkin_skip_building_tests': False, 'cmake_args': ['-Wno-dev'], 'cmake_clean_cache': False, 'cmake_clean_first': False, 'cmake_force_configure': False, 'cmake_target': None, 'cmake_target_skip_unavailable': False, 'install_base': '/root/Workspaces/rosgsthumble_ws/install/realsense2_camera_msgs', 'merge_install': False, 'path': '/root/Workspaces/rosgsthumble_ws/src/realsense-ros/realsense2_camera_msgs', 'symlink_install': True, 'test_result_base': None}
[3.738s] Level 5:colcon.colcon_core.verb:set package 'xacro' build argument 'cmake_args' from command line to '['-Wno-dev']'
[3.739s] Level 5:colcon.colcon_core.verb:set package 'xacro' build argument 'cmake_target' from command line to 'None'
[3.739s] Level 5:colcon.colcon_core.verb:set package 'xacro' build argument 'cmake_target_skip_unavailable' from command line to 'False'
[3.739s] Level 5:colcon.colcon_core.verb:set package 'xacro' build argument 'cmake_clean_cache' from command line to 'False'
[3.739s] Level 5:colcon.colcon_core.verb:set package 'xacro' build argument 'cmake_clean_first' from command line to 'False'
[3.740s] Level 5:colcon.colcon_core.verb:set package 'xacro' build argument 'cmake_force_configure' from command line to 'False'
[3.740s] Level 5:colcon.colcon_core.verb:set package 'xacro' build argument 'ament_cmake_args' from command line to 'None'
[3.740s] Level 5:colcon.colcon_core.verb:set package 'xacro' build argument 'catkin_cmake_args' from command line to 'None'
[3.740s] Level 5:colcon.colcon_core.verb:set package 'xacro' build argument 'catkin_skip_building_tests' from command line to 'False'
[3.740s] DEBUG:colcon.colcon_core.verb:Building package 'xacro' with the following arguments: {'ament_cmake_args': None, 'build_base': '/root/Workspaces/rosgsthumble_ws/build/xacro', 'catkin_cmake_args': None, 'catkin_skip_building_tests': False, 'cmake_args': ['-Wno-dev'], 'cmake_clean_cache': False, 'cmake_clean_first': False, 'cmake_force_configure': False, 'cmake_target': None, 'cmake_target_skip_unavailable': False, 'install_base': '/root/Workspaces/rosgsthumble_ws/install/xacro', 'merge_install': False, 'path': '/root/Workspaces/rosgsthumble_ws/src/xacro', 'symlink_install': True, 'test_result_base': None}
[3.758s] Level 5:colcon.colcon_core.verb:set package 'diagnostic_common_diagnostics' build argument 'cmake_args' from command line to '['-Wno-dev']'
[3.758s] Level 5:colcon.colcon_core.verb:set package 'diagnostic_common_diagnostics' build argument 'cmake_target' from command line to 'None'
[3.758s] Level 5:colcon.colcon_core.verb:set package 'diagnostic_common_diagnostics' build argument 'cmake_target_skip_unavailable' from command line to 'False'
[3.759s] Level 5:colcon.colcon_core.verb:set package 'diagnostic_common_diagnostics' build argument 'cmake_clean_cache' from command line to 'False'
[3.759s] Level 5:colcon.colcon_core.verb:set package 'diagnostic_common_diagnostics' build argument 'cmake_clean_first' from command line to 'False'
[3.759s] Level 5:colcon.colcon_core.verb:set package 'diagnostic_common_diagnostics' build argument 'cmake_force_configure' from command line to 'False'
[3.759s] Level 5:colcon.colcon_core.verb:set package 'diagnostic_common_diagnostics' build argument 'ament_cmake_args' from command line to 'None'
[3.759s] Level 5:colcon.colcon_core.verb:set package 'diagnostic_common_diagnostics' build argument 'catkin_cmake_args' from command line to 'None'
[3.760s] Level 5:colcon.colcon_core.verb:set package 'diagnostic_common_diagnostics' build argument 'catkin_skip_building_tests' from command line to 'False'
[3.760s] DEBUG:colcon.colcon_core.verb:Building package 'diagnostic_common_diagnostics' with the following arguments: {'ament_cmake_args': None, 'build_base': '/root/Workspaces/rosgsthumble_ws/build/diagnostic_common_diagnostics', 'catkin_cmake_args': None, 'catkin_skip_building_tests': False, 'cmake_args': ['-Wno-dev'], 'cmake_clean_cache': False, 'cmake_clean_first': False, 'cmake_force_configure': False, 'cmake_target': None, 'cmake_target_skip_unavailable': False, 'install_base': '/root/Workspaces/rosgsthumble_ws/install/diagnostic_common_diagnostics', 'merge_install': False, 'path': '/root/Workspaces/rosgsthumble_ws/src/diagnostics/diagnostic_common_diagnostics', 'symlink_install': True, 'test_result_base': None}
[3.777s] Level 5:colcon.colcon_core.verb:set package 'gst_bridge' build argument 'cmake_args' from command line to '['-Wno-dev']'
[3.778s] Level 5:colcon.colcon_core.verb:set package 'gst_bridge' build argument 'cmake_target' from command line to 'None'
[3.778s] Level 5:colcon.colcon_core.verb:set package 'gst_bridge' build argument 'cmake_target_skip_unavailable' from command line to 'False'
[3.778s] Level 5:colcon.colcon_core.verb:set package 'gst_bridge' build argument 'cmake_clean_cache' from command line to 'False'
[3.778s] Level 5:colcon.colcon_core.verb:set package 'gst_bridge' build argument 'cmake_clean_first' from command line to 'False'
[3.778s] Level 5:colcon.colcon_core.verb:set package 'gst_bridge' build argument 'cmake_force_configure' from command line to 'False'
[3.779s] Level 5:colcon.colcon_core.verb:set package 'gst_bridge' build argument 'ament_cmake_args' from command line to 'None'
[3.779s] Level 5:colcon.colcon_core.verb:set package 'gst_bridge' build argument 'catkin_cmake_args' from command line to 'None'
[3.779s] Level 5:colcon.colcon_core.verb:set package 'gst_bridge' build argument 'catkin_skip_building_tests' from command line to 'False'
[3.779s] DEBUG:colcon.colcon_core.verb:Building package 'gst_bridge' with the following arguments: {'ament_cmake_args': None, 'build_base': '/root/Workspaces/rosgsthumble_ws/build/gst_bridge', 'catkin_cmake_args': None, 'catkin_skip_building_tests': False, 'cmake_args': ['-Wno-dev'], 'cmake_clean_cache': False, 'cmake_clean_first': False, 'cmake_force_configure': False, 'cmake_target': None, 'cmake_target_skip_unavailable': False, 'install_base': '/root/Workspaces/rosgsthumble_ws/install/gst_bridge', 'merge_install': False, 'path': '/root/Workspaces/rosgsthumble_ws/src/ros-gst-bridge/gst_bridge', 'symlink_install': True, 'test_result_base': None}
[3.797s] Level 5:colcon.colcon_core.verb:set package 'realsense2_camera' build argument 'cmake_args' from command line to '['-Wno-dev']'
[3.797s] Level 5:colcon.colcon_core.verb:set package 'realsense2_camera' build argument 'cmake_target' from command line to 'None'
[3.797s] Level 5:colcon.colcon_core.verb:set package 'realsense2_camera' build argument 'cmake_target_skip_unavailable' from command line to 'False'
[3.798s] Level 5:colcon.colcon_core.verb:set package 'realsense2_camera' build argument 'cmake_clean_cache' from command line to 'False'
[3.798s] Level 5:colcon.colcon_core.verb:set package 'realsense2_camera' build argument 'cmake_clean_first' from command line to 'False'
[3.798s] Level 5:colcon.colcon_core.verb:set package 'realsense2_camera' build argument 'cmake_force_configure' from command line to 'False'
[3.798s] Level 5:colcon.colcon_core.verb:set package 'realsense2_camera' build argument 'ament_cmake_args' from command line to 'None'
[3.798s] Level 5:colcon.colcon_core.verb:set package 'realsense2_camera' build argument 'catkin_cmake_args' from command line to 'None'
[3.798s] Level 5:colcon.colcon_core.verb:set package 'realsense2_camera' build argument 'catkin_skip_building_tests' from command line to 'False'
[3.799s] DEBUG:colcon.colcon_core.verb:Building package 'realsense2_camera' with the following arguments: {'ament_cmake_args': None, 'build_base': '/root/Workspaces/rosgsthumble_ws/build/realsense2_camera', 'catkin_cmake_args': None, 'catkin_skip_building_tests': False, 'cmake_args': ['-Wno-dev'], 'cmake_clean_cache': False, 'cmake_clean_first': False, 'cmake_force_configure': False, 'cmake_target': None, 'cmake_target_skip_unavailable': False, 'install_base': '/root/Workspaces/rosgsthumble_ws/install/realsense2_camera', 'merge_install': False, 'path': '/root/Workspaces/rosgsthumble_ws/src/realsense-ros/realsense2_camera', 'symlink_install': True, 'test_result_base': None}
[3.816s] Level 5:colcon.colcon_core.verb:set package 'realsense2_description' build argument 'cmake_args' from command line to '['-Wno-dev']'
[3.816s] Level 5:colcon.colcon_core.verb:set package 'realsense2_description' build argument 'cmake_target' from command line to 'None'
[3.817s] Level 5:colcon.colcon_core.verb:set package 'realsense2_description' build argument 'cmake_target_skip_unavailable' from command line to 'False'
[3.817s] Level 5:colcon.colcon_core.verb:set package 'realsense2_description' build argument 'cmake_clean_cache' from command line to 'False'
[3.817s] Level 5:colcon.colcon_core.verb:set package 'realsense2_description' build argument 'cmake_clean_first' from command line to 'False'
[3.817s] Level 5:colcon.colcon_core.verb:set package 'realsense2_description' build argument 'cmake_force_configure' from command line to 'False'
[3.817s] Level 5:colcon.colcon_core.verb:set package 'realsense2_description' build argument 'ament_cmake_args' from command line to 'None'
[3.817s] Level 5:colcon.colcon_core.verb:set package 'realsense2_description' build argument 'catkin_cmake_args' from command line to 'None'
[3.818s] Level 5:colcon.colcon_core.verb:set package 'realsense2_description' build argument 'catkin_skip_building_tests' from command line to 'False'
[3.818s] DEBUG:colcon.colcon_core.verb:Building package 'realsense2_description' with the following arguments: {'ament_cmake_args': None, 'build_base': '/root/Workspaces/rosgsthumble_ws/build/realsense2_description', 'catkin_cmake_args': None, 'catkin_skip_building_tests': False, 'cmake_args': ['-Wno-dev'], 'cmake_clean_cache': False, 'cmake_clean_first': False, 'cmake_force_configure': False, 'cmake_target': None, 'cmake_target_skip_unavailable': False, 'install_base': '/root/Workspaces/rosgsthumble_ws/install/realsense2_description', 'merge_install': False, 'path': '/root/Workspaces/rosgsthumble_ws/src/realsense-ros/realsense2_description', 'symlink_install': True, 'test_result_base': None}
[3.835s] Level 5:colcon.colcon_core.verb:set package 'vision_opencv' build argument 'cmake_args' from command line to '['-Wno-dev']'
[3.835s] Level 5:colcon.colcon_core.verb:set package 'vision_opencv' build argument 'cmake_target' from command line to 'None'
[3.836s] Level 5:colcon.colcon_core.verb:set package 'vision_opencv' build argument 'cmake_target_skip_unavailable' from command line to 'False'
[3.836s] Level 5:colcon.colcon_core.verb:set package 'vision_opencv' build argument 'cmake_clean_cache' from command line to 'False'
[3.836s] Level 5:colcon.colcon_core.verb:set package 'vision_opencv' build argument 'cmake_clean_first' from command line to 'False'
[3.836s] Level 5:colcon.colcon_core.verb:set package 'vision_opencv' build argument 'cmake_force_configure' from command line to 'False'
[3.836s] Level 5:colcon.colcon_core.verb:set package 'vision_opencv' build argument 'ament_cmake_args' from command line to 'None'
[3.836s] Level 5:colcon.colcon_core.verb:set package 'vision_opencv' build argument 'catkin_cmake_args' from command line to 'None'
[3.837s] Level 5:colcon.colcon_core.verb:set package 'vision_opencv' build argument 'catkin_skip_building_tests' from command line to 'False'
[3.837s] DEBUG:colcon.colcon_core.verb:Building package 'vision_opencv' with the following arguments: {'ament_cmake_args': None, 'build_base': '/root/Workspaces/rosgsthumble_ws/build/vision_opencv', 'catkin_cmake_args': None, 'catkin_skip_building_tests': False, 'cmake_args': ['-Wno-dev'], 'cmake_clean_cache': False, 'cmake_clean_first': False, 'cmake_force_configure': False, 'cmake_target': None, 'cmake_target_skip_unavailable': False, 'install_base': '/root/Workspaces/rosgsthumble_ws/install/vision_opencv', 'merge_install': False, 'path': '/root/Workspaces/rosgsthumble_ws/src/vision_opencv/vision_opencv', 'symlink_install': True, 'test_result_base': None}
[3.854s] Level 5:colcon.colcon_core.verb:set package 'diagnostics' build argument 'cmake_args' from command line to '['-Wno-dev']'
[3.855s] Level 5:colcon.colcon_core.verb:set package 'diagnostics' build argument 'cmake_target' from command line to 'None'
[3.855s] Level 5:colcon.colcon_core.verb:set package 'diagnostics' build argument 'cmake_target_skip_unavailable' from command line to 'False'
[3.855s] Level 5:colcon.colcon_core.verb:set package 'diagnostics' build argument 'cmake_clean_cache' from command line to 'False'
[3.855s] Level 5:colcon.colcon_core.verb:set package 'diagnostics' build argument 'cmake_clean_first' from command line to 'False'
[3.855s] Level 5:colcon.colcon_core.verb:set package 'diagnostics' build argument 'cmake_force_configure' from command line to 'False'
[3.855s] Level 5:colcon.colcon_core.verb:set package 'diagnostics' build argument 'ament_cmake_args' from command line to 'None'
[3.856s] Level 5:colcon.colcon_core.verb:set package 'diagnostics' build argument 'catkin_cmake_args' from command line to 'None'
[3.856s] Level 5:colcon.colcon_core.verb:set package 'diagnostics' build argument 'catkin_skip_building_tests' from command line to 'False'
[3.856s] DEBUG:colcon.colcon_core.verb:Building package 'diagnostics' with the following arguments: {'ament_cmake_args': None, 'build_base': '/root/Workspaces/rosgsthumble_ws/build/diagnostics', 'catkin_cmake_args': None, 'catkin_skip_building_tests': False, 'cmake_args': ['-Wno-dev'], 'cmake_clean_cache': False, 'cmake_clean_first': False, 'cmake_force_configure': False, 'cmake_target': None, 'cmake_target_skip_unavailable': False, 'install_base': '/root/Workspaces/rosgsthumble_ws/install/diagnostics', 'merge_install': False, 'path': '/root/Workspaces/rosgsthumble_ws/src/diagnostics/diagnostics', 'symlink_install': True, 'test_result_base': None}
[3.874s] Level 5:colcon.colcon_core.verb:set package 'gst_pipeline' build argument 'cmake_args' from command line to '['-Wno-dev']'
[3.874s] Level 5:colcon.colcon_core.verb:set package 'gst_pipeline' build argument 'cmake_target' from command line to 'None'
[3.874s] Level 5:colcon.colcon_core.verb:set package 'gst_pipeline' build argument 'cmake_target_skip_unavailable' from command line to 'False'
[3.874s] Level 5:colcon.colcon_core.verb:set package 'gst_pipeline' build argument 'cmake_clean_cache' from command line to 'False'
[3.875s] Level 5:colcon.colcon_core.verb:set package 'gst_pipeline' build argument 'cmake_clean_first' from command line to 'False'
[3.875s] Level 5:colcon.colcon_core.verb:set package 'gst_pipeline' build argument 'cmake_force_configure' from command line to 'False'
[3.875s] Level 5:colcon.colcon_core.verb:set package 'gst_pipeline' build argument 'ament_cmake_args' from command line to 'None'
[3.875s] Level 5:colcon.colcon_core.verb:set package 'gst_pipeline' build argument 'catkin_cmake_args' from command line to 'None'
[3.875s] Level 5:colcon.colcon_core.verb:set package 'gst_pipeline' build argument 'catkin_skip_building_tests' from command line to 'False'
[3.876s] DEBUG:colcon.colcon_core.verb:Building package 'gst_pipeline' with the following arguments: {'ament_cmake_args': None, 'build_base': '/root/Workspaces/rosgsthumble_ws/build/gst_pipeline', 'catkin_cmake_args': None, 'catkin_skip_building_tests': False, 'cmake_args': ['-Wno-dev'], 'cmake_clean_cache': False, 'cmake_clean_first': False, 'cmake_force_configure': False, 'cmake_target': None, 'cmake_target_skip_unavailable': False, 'install_base': '/root/Workspaces/rosgsthumble_ws/install/gst_pipeline', 'merge_install': False, 'path': '/root/Workspaces/rosgsthumble_ws/src/ros-gst-bridge/gst_pipeline', 'symlink_install': True, 'test_result_base': None}
[3.894s] Level 5:colcon.colcon_core.verb:set package 'webrtc_camera_node' build argument 'cmake_args' from command line to '['-Wno-dev']'
[3.894s] Level 5:colcon.colcon_core.verb:set package 'webrtc_camera_node' build argument 'cmake_target' from command line to 'None'
[3.894s] Level 5:colcon.colcon_core.verb:set package 'webrtc_camera_node' build argument 'cmake_target_skip_unavailable' from command line to 'False'
[3.894s] Level 5:colcon.colcon_core.verb:set package 'webrtc_camera_node' build argument 'cmake_clean_cache' from command line to 'False'
[3.894s] Level 5:colcon.colcon_core.verb:set package 'webrtc_camera_node' build argument 'cmake_clean_first' from command line to 'False'
[3.895s] Level 5:colcon.colcon_core.verb:set package 'webrtc_camera_node' build argument 'cmake_force_configure' from command line to 'False'
[3.895s] Level 5:colcon.colcon_core.verb:set package 'webrtc_camera_node' build argument 'ament_cmake_args' from command line to 'None'
[3.895s] Level 5:colcon.colcon_core.verb:set package 'webrtc_camera_node' build argument 'catkin_cmake_args' from command line to 'None'
[3.895s] Level 5:colcon.colcon_core.verb:set package 'webrtc_camera_node' build argument 'catkin_skip_building_tests' from command line to 'False'
[3.895s] DEBUG:colcon.colcon_core.verb:Building package 'webrtc_camera_node' with the following arguments: {'ament_cmake_args': None, 'build_base': '/root/Workspaces/rosgsthumble_ws/build/webrtc_camera_node', 'catkin_cmake_args': None, 'catkin_skip_building_tests': False, 'cmake_args': ['-Wno-dev'], 'cmake_clean_cache': False, 'cmake_clean_first': False, 'cmake_force_configure': False, 'cmake_target': None, 'cmake_target_skip_unavailable': False, 'install_base': '/root/Workspaces/rosgsthumble_ws/install/webrtc_camera_node', 'merge_install': False, 'path': '/root/Workspaces/rosgsthumble_ws/src/webrtc_camera_node', 'symlink_install': True, 'test_result_base': None}
[3.913s] Level 5:colcon.colcon_core.verb:set package 'gst_pipeline_plugins' build argument 'cmake_args' from command line to '['-Wno-dev']'
[3.913s] Level 5:colcon.colcon_core.verb:set package 'gst_pipeline_plugins' build argument 'cmake_target' from command line to 'None'
[3.913s] Level 5:colcon.colcon_core.verb:set package 'gst_pipeline_plugins' build argument 'cmake_target_skip_unavailable' from command line to 'False'
[3.913s] Level 5:colcon.colcon_core.verb:set package 'gst_pipeline_plugins' build argument 'cmake_clean_cache' from command line to 'False'
[3.914s] Level 5:colcon.colcon_core.verb:set package 'gst_pipeline_plugins' build argument 'cmake_clean_first' from command line to 'False'
[3.914s] Level 5:colcon.colcon_core.verb:set package 'gst_pipeline_plugins' build argument 'cmake_force_configure' from command line to 'False'
[3.914s] Level 5:colcon.colcon_core.verb:set package 'gst_pipeline_plugins' build argument 'ament_cmake_args' from command line to 'None'
[3.914s] Level 5:colcon.colcon_core.verb:set package 'gst_pipeline_plugins' build argument 'catkin_cmake_args' from command line to 'None'
[3.914s] Level 5:colcon.colcon_core.verb:set package 'gst_pipeline_plugins' build argument 'catkin_skip_building_tests' from command line to 'False'
[3.915s] DEBUG:colcon.colcon_core.verb:Building package 'gst_pipeline_plugins' with the following arguments: {'ament_cmake_args': None, 'build_base': '/root/Workspaces/rosgsthumble_ws/build/gst_pipeline_plugins', 'catkin_cmake_args': None, 'catkin_skip_building_tests': False, 'cmake_args': ['-Wno-dev'], 'cmake_clean_cache': False, 'cmake_clean_first': False, 'cmake_force_configure': False, 'cmake_target': None, 'cmake_target_skip_unavailable': False, 'install_base': '/root/Workspaces/rosgsthumble_ws/install/gst_pipeline_plugins', 'merge_install': False, 'path': '/root/Workspaces/rosgsthumble_ws/src/ros-gst-bridge/gst_pipeline_plugins', 'symlink_install': True, 'test_result_base': None}
[3.930s] INFO:colcon.colcon_core.executor:Executing jobs using 'parallel' executor
[4.013s] DEBUG:colcon.colcon_parallel_executor.executor.parallel:run_until_complete
[4.015s] INFO:colcon.colcon_ros.task.ament_cmake.build:Building ROS package in '/root/Workspaces/rosgsthumble_ws/src/ros-gst-bridge/audio_msgs' with build type 'ament_cmake'
[4.016s] INFO:colcon.colcon_cmake.task.cmake.build:Building CMake package in '/root/Workspaces/rosgsthumble_ws/src/ros-gst-bridge/audio_msgs'
[4.072s] INFO:colcon.colcon_core.plugin_system:Skipping extension 'colcon_core.shell.bat': Not used on non-Windows systems
[4.073s] INFO:colcon.colcon_core.shell:Skip shell extension 'powershell' for command environment: Not usable outside of PowerShell
[4.074s] DEBUG:colcon.colcon_core.shell:Skip shell extension 'dsv' for command environment
[4.174s] INFO:colcon.colcon_ros.task.ament_cmake.build:Building ROS package in '/root/Workspaces/rosgsthumble_ws/src/vision_opencv/cv_bridge' with build type 'ament_cmake'
[4.176s] INFO:colcon.colcon_cmake.task.cmake.build:Building CMake package in '/root/Workspaces/rosgsthumble_ws/src/vision_opencv/cv_bridge'
[4.214s] INFO:colcon.colcon_core.shell:Skip shell extension 'powershell' for command environment: Not usable outside of PowerShell
[4.215s] DEBUG:colcon.colcon_core.shell:Skip shell extension 'dsv' for command environment
[4.309s] INFO:colcon.colcon_ros.task.ament_cmake.build:Building ROS package in '/root/Workspaces/rosgsthumble_ws/src/diagnostics/diagnostic_updater' with build type 'ament_cmake'
[4.310s] INFO:colcon.colcon_cmake.task.cmake.build:Building CMake package in '/root/Workspaces/rosgsthumble_ws/src/diagnostics/diagnostic_updater'
[4.355s] INFO:colcon.colcon_core.shell:Skip shell extension 'powershell' for command environment: Not usable outside of PowerShell
[4.355s] DEBUG:colcon.colcon_core.shell:Skip shell extension 'dsv' for command environment
[4.450s] INFO:colcon.colcon_ros.task.ament_cmake.build:Building ROS package in '/root/Workspaces/rosgsthumble_ws/src/ros-gst-bridge/gst_msgs' with build type 'ament_cmake'
[4.451s] INFO:colcon.colcon_cmake.task.cmake.build:Building CMake package in '/root/Workspaces/rosgsthumble_ws/src/ros-gst-bridge/gst_msgs'
[4.490s] INFO:colcon.colcon_core.shell:Skip shell extension 'powershell' for command environment: Not usable outside of PowerShell
[4.491s] DEBUG:colcon.colcon_core.shell:Skip shell extension 'dsv' for command environment
[4.609s] DEBUG:colcon.colcon_core.event_handler.log_command:Invoking command in '/root/Workspaces/rosgsthumble_ws/build/audio_msgs': /usr/local/bin/cmake --build /root/Workspaces/rosgsthumble_ws/build/audio_msgs -- -j4 -l4
[4.640s] DEBUG:colcon.colcon_core.event_handler.log_command:Invoking command in '/root/Workspaces/rosgsthumble_ws/build/cv_bridge': /usr/local/bin/cmake --build /root/Workspaces/rosgsthumble_ws/build/cv_bridge -- -j4 -l4
[4.656s] DEBUG:colcon.colcon_core.event_handler.log_command:Invoking command in '/root/Workspaces/rosgsthumble_ws/build/diagnostic_updater': /usr/local/bin/cmake --build /root/Workspaces/rosgsthumble_ws/build/diagnostic_updater -- -j4 -l4
[4.677s] DEBUG:colcon.colcon_core.event_handler.log_command:Invoking command in '/root/Workspaces/rosgsthumble_ws/build/gst_msgs': /usr/local/bin/cmake --build /root/Workspaces/rosgsthumble_ws/build/gst_msgs -- -j4 -l4
[7.070s] DEBUG:colcon.colcon_core.event_handler.log_command:Invoked command in '/root/Workspaces/rosgsthumble_ws/build/cv_bridge' returned '0': /usr/local/bin/cmake --build /root/Workspaces/rosgsthumble_ws/build/cv_bridge -- -j4 -l4
[7.386s] DEBUG:colcon.colcon_core.event_handler.log_command:Invoked command in '/root/Workspaces/rosgsthumble_ws/build/audio_msgs' returned '0': /usr/local/bin/cmake --build /root/Workspaces/rosgsthumble_ws/build/audio_msgs -- -j4 -l4
[7.658s] DEBUG:colcon.colcon_core.event_handler.log_command:Invoking command in '/root/Workspaces/rosgsthumble_ws/build/cv_bridge': /usr/local/bin/cmake --install /root/Workspaces/rosgsthumble_ws/build/cv_bridge
[7.686s] DEBUG:colcon.colcon_core.event_handler.log_command:Invoked command in '/root/Workspaces/rosgsthumble_ws/build/diagnostic_updater' returned '0': /usr/local/bin/cmake --build /root/Workspaces/rosgsthumble_ws/build/diagnostic_updater -- -j4 -l4
[7.833s] DEBUG:colcon.colcon_core.event_handler.log_command:Invoked command in '/root/Workspaces/rosgsthumble_ws/build/gst_msgs' returned '0': /usr/local/bin/cmake --build /root/Workspaces/rosgsthumble_ws/build/gst_msgs -- -j4 -l4
[7.988s] DEBUG:colcon.colcon_core.event_handler.log_command:Invoking command in '/root/Workspaces/rosgsthumble_ws/build/audio_msgs': /usr/local/bin/cmake --install /root/Workspaces/rosgsthumble_ws/build/audio_msgs
[8.093s] DEBUG:colcon.colcon_core.event_handler.log_command:Invoking command in '/root/Workspaces/rosgsthumble_ws/build/diagnostic_updater': /usr/local/bin/cmake --install /root/Workspaces/rosgsthumble_ws/build/diagnostic_updater
[8.173s] Level 1:colcon.colcon_core.environment:create_environment_scripts_only(cv_bridge)
[8.176s] DEBUG:colcon.colcon_core.event_handler.log_command:Invoked command in '/root/Workspaces/rosgsthumble_ws/build/cv_bridge' returned '0': /usr/local/bin/cmake --install /root/Workspaces/rosgsthumble_ws/build/cv_bridge
[8.305s] Level 1:colcon.colcon_core.environment:checking '/root/Workspaces/rosgsthumble_ws/install/cv_bridge' for CMake module files
[8.316s] Level 1:colcon.colcon_core.environment:checking '/root/Workspaces/rosgsthumble_ws/install/cv_bridge' for CMake config files
[8.327s] Level 1:colcon.colcon_core.shell:create_environment_hook('cv_bridge', 'cmake_prefix_path')
[8.404s] INFO:colcon.colcon_core.shell:Creating environment hook '/root/Workspaces/rosgsthumble_ws/install/cv_bridge/share/cv_bridge/hook/cmake_prefix_path.ps1'
[8.408s] INFO:colcon.colcon_core.shell:Creating environment descriptor '/root/Workspaces/rosgsthumble_ws/install/cv_bridge/share/cv_bridge/hook/cmake_prefix_path.dsv'
[8.410s] INFO:colcon.colcon_core.shell:Creating environment hook '/root/Workspaces/rosgsthumble_ws/install/cv_bridge/share/cv_bridge/hook/cmake_prefix_path.sh'
[8.424s] Level 1:colcon.colcon_core.environment:checking '/root/Workspaces/rosgsthumble_ws/install/cv_bridge/lib'
[8.425s] Level 1:colcon.colcon_core.shell:create_environment_hook('cv_bridge', 'ld_library_path_lib')
[8.476s] INFO:colcon.colcon_core.shell:Creating environment hook '/root/Workspaces/rosgsthumble_ws/install/cv_bridge/share/cv_bridge/hook/ld_library_path_lib.ps1'
[8.478s] INFO:colcon.colcon_core.shell:Creating environment descriptor '/root/Workspaces/rosgsthumble_ws/install/cv_bridge/share/cv_bridge/hook/ld_library_path_lib.dsv'
[8.480s] INFO:colcon.colcon_core.shell:Creating environment hook '/root/Workspaces/rosgsthumble_ws/install/cv_bridge/share/cv_bridge/hook/ld_library_path_lib.sh'
[8.482s] Level 1:colcon.colcon_core.environment:checking '/root/Workspaces/rosgsthumble_ws/install/cv_bridge/bin'
[8.483s] Level 1:colcon.colcon_core.environment:checking '/root/Workspaces/rosgsthumble_ws/install/cv_bridge/lib/pkgconfig/cv_bridge.pc'
[8.484s] Level 1:colcon.colcon_core.environment:checking '/root/Workspaces/rosgsthumble_ws/install/cv_bridge/lib/python3.6/site-packages'
[8.484s] Level 1:colcon.colcon_core.shell:create_environment_hook('cv_bridge', 'pythonpath')
[8.532s] INFO:colcon.colcon_core.shell:Creating environment hook '/root/Workspaces/rosgsthumble_ws/install/cv_bridge/share/cv_bridge/hook/pythonpath.ps1'
[8.537s] INFO:colcon.colcon_core.shell:Creating environment descriptor '/root/Workspaces/rosgsthumble_ws/install/cv_bridge/share/cv_bridge/hook/pythonpath.dsv'
[8.539s] INFO:colcon.colcon_core.shell:Creating environment hook '/root/Workspaces/rosgsthumble_ws/install/cv_bridge/share/cv_bridge/hook/pythonpath.sh'
[8.542s] Level 1:colcon.colcon_core.environment:checking '/root/Workspaces/rosgsthumble_ws/install/cv_bridge/bin'
[8.603s] INFO:colcon.colcon_core.shell:Creating package script '/root/Workspaces/rosgsthumble_ws/install/cv_bridge/share/cv_bridge/package.ps1'
[8.612s] INFO:colcon.colcon_core.shell:Creating package descriptor '/root/Workspaces/rosgsthumble_ws/install/cv_bridge/share/cv_bridge/package.dsv'
[8.620s] INFO:colcon.colcon_core.shell:Creating package script '/root/Workspaces/rosgsthumble_ws/install/cv_bridge/share/cv_bridge/package.sh'
[8.625s] INFO:colcon.colcon_core.shell:Creating package script '/root/Workspaces/rosgsthumble_ws/install/cv_bridge/share/cv_bridge/package.bash'
[8.630s] INFO:colcon.colcon_core.shell:Creating package script '/root/Workspaces/rosgsthumble_ws/install/cv_bridge/share/cv_bridge/package.zsh'
[8.634s] Level 1:colcon.colcon_core.environment:create_file_with_runtime_dependencies(/root/Workspaces/rosgsthumble_ws/install/cv_bridge/share/colcon-core/packages/cv_bridge)
[8.653s] Level 1:colcon.colcon_core.environment:create_environment_scripts_only(diagnostic_updater)
[8.671s] DEBUG:colcon.colcon_core.event_handler.log_command:Invoked command in '/root/Workspaces/rosgsthumble_ws/build/diagnostic_updater' returned '0': /usr/local/bin/cmake --install /root/Workspaces/rosgsthumble_ws/build/diagnostic_updater
[8.720s] Level 1:colcon.colcon_core.environment:checking '/root/Workspaces/rosgsthumble_ws/install/diagnostic_updater' for CMake module files
[8.725s] Level 1:colcon.colcon_core.environment:checking '/root/Workspaces/rosgsthumble_ws/install/diagnostic_updater' for CMake config files
[8.728s] Level 1:colcon.colcon_core.shell:create_environment_hook('diagnostic_updater', 'cmake_prefix_path')
[8.770s] INFO:colcon.colcon_core.shell:Creating environment hook '/root/Workspaces/rosgsthumble_ws/install/diagnostic_updater/share/diagnostic_updater/hook/cmake_prefix_path.ps1'
[8.773s] INFO:colcon.colcon_core.shell:Creating environment descriptor '/root/Workspaces/rosgsthumble_ws/install/diagnostic_updater/share/diagnostic_updater/hook/cmake_prefix_path.dsv'
[8.775s] INFO:colcon.colcon_core.shell:Creating environment hook '/root/Workspaces/rosgsthumble_ws/install/diagnostic_updater/share/diagnostic_updater/hook/cmake_prefix_path.sh'
[8.779s] Level 1:colcon.colcon_core.environment:checking '/root/Workspaces/rosgsthumble_ws/install/diagnostic_updater/lib'
[8.779s] Level 1:colcon.colcon_core.environment:checking '/root/Workspaces/rosgsthumble_ws/install/diagnostic_updater/bin'
[8.780s] Level 1:colcon.colcon_core.environment:checking '/root/Workspaces/rosgsthumble_ws/install/diagnostic_updater/lib/pkgconfig/diagnostic_updater.pc'
[8.781s] Level 1:colcon.colcon_core.environment:checking '/root/Workspaces/rosgsthumble_ws/install/diagnostic_updater/lib/python3.6/site-packages'
[8.781s] Level 1:colcon.colcon_core.shell:create_environment_hook('diagnostic_updater', 'pythonpath')
[8.824s] INFO:colcon.colcon_core.shell:Creating environment hook '/root/Workspaces/rosgsthumble_ws/install/diagnostic_updater/share/diagnostic_updater/hook/pythonpath.ps1'
[8.827s] INFO:colcon.colcon_core.shell:Creating environment descriptor '/root/Workspaces/rosgsthumble_ws/install/diagnostic_updater/share/diagnostic_updater/hook/pythonpath.dsv'
[8.829s] INFO:colcon.colcon_core.shell:Creating environment hook '/root/Workspaces/rosgsthumble_ws/install/diagnostic_updater/share/diagnostic_updater/hook/pythonpath.sh'
[8.831s] Level 1:colcon.colcon_core.environment:checking '/root/Workspaces/rosgsthumble_ws/install/diagnostic_updater/bin'
[8.873s] INFO:colcon.colcon_core.shell:Creating package script '/root/Workspaces/rosgsthumble_ws/install/diagnostic_updater/share/diagnostic_updater/package.ps1'
[8.876s] INFO:colcon.colcon_core.shell:Creating package descriptor '/root/Workspaces/rosgsthumble_ws/install/diagnostic_updater/share/diagnostic_updater/package.dsv'
[8.879s] INFO:colcon.colcon_core.shell:Creating package script '/root/Workspaces/rosgsthumble_ws/install/diagnostic_updater/share/diagnostic_updater/package.sh'
[8.881s] INFO:colcon.colcon_core.shell:Creating package script '/root/Workspaces/rosgsthumble_ws/install/diagnostic_updater/share/diagnostic_updater/package.bash'
[8.883s] INFO:colcon.colcon_core.shell:Creating package script '/root/Workspaces/rosgsthumble_ws/install/diagnostic_updater/share/diagnostic_updater/package.zsh'
[8.885s] Level 1:colcon.colcon_core.environment:create_file_with_runtime_dependencies(/root/Workspaces/rosgsthumble_ws/install/diagnostic_updater/share/colcon-core/packages/diagnostic_updater)
[8.897s] Level 1:colcon.colcon_core.environment:create_environment_scripts_only(audio_msgs)
[8.900s] DEBUG:colcon.colcon_core.event_handler.log_command:Invoked command in '/root/Workspaces/rosgsthumble_ws/build/audio_msgs' returned '0': /usr/local/bin/cmake --install /root/Workspaces/rosgsthumble_ws/build/audio_msgs
[8.966s] Level 1:colcon.colcon_core.environment:checking '/root/Workspaces/rosgsthumble_ws/install/audio_msgs' for CMake module files
[8.970s] Level 1:colcon.colcon_core.environment:checking '/root/Workspaces/rosgsthumble_ws/install/audio_msgs' for CMake config files
[8.975s] Level 1:colcon.colcon_core.shell:create_environment_hook('audio_msgs', 'cmake_prefix_path')
[9.014s] INFO:colcon.colcon_core.shell:Creating environment hook '/root/Workspaces/rosgsthumble_ws/install/audio_msgs/share/audio_msgs/hook/cmake_prefix_path.ps1'
[9.016s] INFO:colcon.colcon_core.shell:Creating environment descriptor '/root/Workspaces/rosgsthumble_ws/install/audio_msgs/share/audio_msgs/hook/cmake_prefix_path.dsv'
[9.018s] INFO:colcon.colcon_core.shell:Creating environment hook '/root/Workspaces/rosgsthumble_ws/install/audio_msgs/share/audio_msgs/hook/cmake_prefix_path.sh'
[9.022s] Level 1:colcon.colcon_core.environment:checking '/root/Workspaces/rosgsthumble_ws/install/audio_msgs/lib'
[9.022s] Level 1:colcon.colcon_core.shell:create_environment_hook('audio_msgs', 'ld_library_path_lib')
[9.065s] INFO:colcon.colcon_core.shell:Creating environment hook '/root/Workspaces/rosgsthumble_ws/install/audio_msgs/share/audio_msgs/hook/ld_library_path_lib.ps1'
[9.067s] INFO:colcon.colcon_core.shell:Creating environment descriptor '/root/Workspaces/rosgsthumble_ws/install/audio_msgs/share/audio_msgs/hook/ld_library_path_lib.dsv'
[9.069s] INFO:colcon.colcon_core.shell:Creating environment hook '/root/Workspaces/rosgsthumble_ws/install/audio_msgs/share/audio_msgs/hook/ld_library_path_lib.sh'
[9.072s] Level 1:colcon.colcon_core.environment:checking '/root/Workspaces/rosgsthumble_ws/install/audio_msgs/bin'
[9.072s] Level 1:colcon.colcon_core.environment:checking '/root/Workspaces/rosgsthumble_ws/install/audio_msgs/lib/pkgconfig/audio_msgs.pc'
[9.073s] Level 1:colcon.colcon_core.environment:checking '/root/Workspaces/rosgsthumble_ws/install/audio_msgs/lib/python3.6/site-packages'
[9.074s] Level 1:colcon.colcon_core.shell:create_environment_hook('audio_msgs', 'pythonpath')
[9.118s] INFO:colcon.colcon_core.shell:Creating environment hook '/root/Workspaces/rosgsthumble_ws/install/audio_msgs/share/audio_msgs/hook/pythonpath.ps1'
[9.121s] INFO:colcon.colcon_core.shell:Creating environment descriptor '/root/Workspaces/rosgsthumble_ws/install/audio_msgs/share/audio_msgs/hook/pythonpath.dsv'
[9.123s] INFO:colcon.colcon_core.shell:Creating environment hook '/root/Workspaces/rosgsthumble_ws/install/audio_msgs/share/audio_msgs/hook/pythonpath.sh'
[9.125s] Level 1:colcon.colcon_core.environment:checking '/root/Workspaces/rosgsthumble_ws/install/audio_msgs/bin'
[9.168s] INFO:colcon.colcon_core.shell:Creating package script '/root/Workspaces/rosgsthumble_ws/install/audio_msgs/share/audio_msgs/package.ps1'
[9.171s] INFO:colcon.colcon_core.shell:Creating package descriptor '/root/Workspaces/rosgsthumble_ws/install/audio_msgs/share/audio_msgs/package.dsv'
[9.176s] INFO:colcon.colcon_core.shell:Creating package script '/root/Workspaces/rosgsthumble_ws/install/audio_msgs/share/audio_msgs/package.sh'
[9.178s] INFO:colcon.colcon_core.shell:Creating package script '/root/Workspaces/rosgsthumble_ws/install/audio_msgs/share/audio_msgs/package.bash'
[9.180s] INFO:colcon.colcon_core.shell:Creating package script '/root/Workspaces/rosgsthumble_ws/install/audio_msgs/share/audio_msgs/package.zsh'
[9.182s] Level 1:colcon.colcon_core.environment:create_file_with_runtime_dependencies(/root/Workspaces/rosgsthumble_ws/install/audio_msgs/share/colcon-core/packages/audio_msgs)
[9.213s] DEBUG:colcon.colcon_core.event_handler.log_command:Invoking command in '/root/Workspaces/rosgsthumble_ws/build/gst_msgs': /usr/local/bin/cmake --install /root/Workspaces/rosgsthumble_ws/build/gst_msgs
[9.260s] Level 1:colcon.colcon_core.environment:create_environment_scripts_only(cv_bridge)
[9.321s] Level 1:colcon.colcon_core.environment:checking '/root/Workspaces/rosgsthumble_ws/install/cv_bridge' for CMake module files
[9.325s] Level 1:colcon.colcon_core.environment:checking '/root/Workspaces/rosgsthumble_ws/install/cv_bridge' for CMake config files
[9.328s] Level 1:colcon.colcon_core.shell:create_environment_hook('cv_bridge', 'cmake_prefix_path')
[9.369s] INFO:colcon.colcon_core.shell:Creating environment hook '/root/Workspaces/rosgsthumble_ws/install/cv_bridge/share/cv_bridge/hook/cmake_prefix_path.ps1'
[9.371s] INFO:colcon.colcon_core.shell:Creating environment descriptor '/root/Workspaces/rosgsthumble_ws/install/cv_bridge/share/cv_bridge/hook/cmake_prefix_path.dsv'
[9.373s] INFO:colcon.colcon_core.shell:Creating environment hook '/root/Workspaces/rosgsthumble_ws/install/cv_bridge/share/cv_bridge/hook/cmake_prefix_path.sh'
[9.377s] Level 1:colcon.colcon_core.environment:checking '/root/Workspaces/rosgsthumble_ws/install/cv_bridge/lib'
[9.378s] Level 1:colcon.colcon_core.shell:create_environment_hook('cv_bridge', 'ld_library_path_lib')
[9.422s] INFO:colcon.colcon_core.shell:Creating environment hook '/root/Workspaces/rosgsthumble_ws/install/cv_bridge/share/cv_bridge/hook/ld_library_path_lib.ps1'
[9.424s] INFO:colcon.colcon_core.shell:Creating environment descriptor '/root/Workspaces/rosgsthumble_ws/install/cv_bridge/share/cv_bridge/hook/ld_library_path_lib.dsv'
[9.426s] INFO:colcon.colcon_core.shell:Creating environment hook '/root/Workspaces/rosgsthumble_ws/install/cv_bridge/share/cv_bridge/hook/ld_library_path_lib.sh'
[9.428s] Level 1:colcon.colcon_core.environment:checking '/root/Workspaces/rosgsthumble_ws/install/cv_bridge/bin'
[9.428s] Level 1:colcon.colcon_core.environment:checking '/root/Workspaces/rosgsthumble_ws/install/cv_bridge/lib/pkgconfig/cv_bridge.pc'
[9.429s] Level 1:colcon.colcon_core.environment:checking '/root/Workspaces/rosgsthumble_ws/install/cv_bridge/lib/python3.6/site-packages'
[9.430s] Level 1:colcon.colcon_core.shell:create_environment_hook('cv_bridge', 'pythonpath')
[9.471s] INFO:colcon.colcon_core.shell:Creating environment hook '/root/Workspaces/rosgsthumble_ws/install/cv_bridge/share/cv_bridge/hook/pythonpath.ps1'
[9.473s] INFO:colcon.colcon_core.shell:Creating environment descriptor '/root/Workspaces/rosgsthumble_ws/install/cv_bridge/share/cv_bridge/hook/pythonpath.dsv'
[9.475s] INFO:colcon.colcon_core.shell:Creating environment hook '/root/Workspaces/rosgsthumble_ws/install/cv_bridge/share/cv_bridge/hook/pythonpath.sh'
[9.477s] Level 1:colcon.colcon_core.environment:checking '/root/Workspaces/rosgsthumble_ws/install/cv_bridge/bin'
[9.520s] INFO:colcon.colcon_core.shell:Creating package script '/root/Workspaces/rosgsthumble_ws/install/cv_bridge/share/cv_bridge/package.ps1'
[9.524s] INFO:colcon.colcon_core.shell:Creating package descriptor '/root/Workspaces/rosgsthumble_ws/install/cv_bridge/share/cv_bridge/package.dsv'
[9.528s] INFO:colcon.colcon_core.shell:Creating package script '/root/Workspaces/rosgsthumble_ws/install/cv_bridge/share/cv_bridge/package.sh'
[9.530s] INFO:colcon.colcon_core.shell:Creating package script '/root/Workspaces/rosgsthumble_ws/install/cv_bridge/share/cv_bridge/package.bash'
[9.533s] INFO:colcon.colcon_core.shell:Creating package script '/root/Workspaces/rosgsthumble_ws/install/cv_bridge/share/cv_bridge/package.zsh'
[9.535s] Level 1:colcon.colcon_core.environment:create_file_with_runtime_dependencies(/root/Workspaces/rosgsthumble_ws/install/cv_bridge/share/colcon-core/packages/cv_bridge)
[9.583s] Level 1:colcon.colcon_core.environment:create_environment_scripts_only(diagnostic_updater)
[9.641s] Level 1:colcon.colcon_core.environment:checking '/root/Workspaces/rosgsthumble_ws/install/diagnostic_updater' for CMake module files
[9.645s] Level 1:colcon.colcon_core.environment:checking '/root/Workspaces/rosgsthumble_ws/install/diagnostic_updater' for CMake config files
[9.648s] Level 1:colcon.colcon_core.shell:create_environment_hook('diagnostic_updater', 'cmake_prefix_path')
[9.684s] INFO:colcon.colcon_core.shell:Creating environment hook '/root/Workspaces/rosgsthumble_ws/install/diagnostic_updater/share/diagnostic_updater/hook/cmake_prefix_path.ps1'
[9.685s] INFO:colcon.colcon_core.shell:Creating environment descriptor '/root/Workspaces/rosgsthumble_ws/install/diagnostic_updater/share/diagnostic_updater/hook/cmake_prefix_path.dsv'
[9.687s] INFO:colcon.colcon_core.shell:Creating environment hook '/root/Workspaces/rosgsthumble_ws/install/diagnostic_updater/share/diagnostic_updater/hook/cmake_prefix_path.sh'
[9.690s] Level 1:colcon.colcon_core.environment:checking '/root/Workspaces/rosgsthumble_ws/install/diagnostic_updater/lib'
[9.691s] Level 1:colcon.colcon_core.environment:checking '/root/Workspaces/rosgsthumble_ws/install/diagnostic_updater/bin'
[9.691s] Level 1:colcon.colcon_core.environment:checking '/root/Workspaces/rosgsthumble_ws/install/diagnostic_updater/lib/pkgconfig/diagnostic_updater.pc'
[9.692s] Level 1:colcon.colcon_core.environment:checking '/root/Workspaces/rosgsthumble_ws/install/diagnostic_updater/lib/python3.6/site-packages'
[9.692s] Level 1:colcon.colcon_core.shell:create_environment_hook('diagnostic_updater', 'pythonpath')
[9.728s] INFO:colcon.colcon_core.shell:Creating environment hook '/root/Workspaces/rosgsthumble_ws/install/diagnostic_updater/share/diagnostic_updater/hook/pythonpath.ps1'
[9.730s] INFO:colcon.colcon_core.shell:Creating environment descriptor '/root/Workspaces/rosgsthumble_ws/install/diagnostic_updater/share/diagnostic_updater/hook/pythonpath.dsv'
[9.733s] INFO:colcon.colcon_core.shell:Creating environment hook '/root/Workspaces/rosgsthumble_ws/install/diagnostic_updater/share/diagnostic_updater/hook/pythonpath.sh'
[9.735s] Level 1:colcon.colcon_core.environment:checking '/root/Workspaces/rosgsthumble_ws/install/diagnostic_updater/bin'
[9.772s] INFO:colcon.colcon_core.shell:Creating package script '/root/Workspaces/rosgsthumble_ws/install/diagnostic_updater/share/diagnostic_updater/package.ps1'
[9.775s] INFO:colcon.colcon_core.shell:Creating package descriptor '/root/Workspaces/rosgsthumble_ws/install/diagnostic_updater/share/diagnostic_updater/package.dsv'
[9.777s] INFO:colcon.colcon_core.shell:Creating package script '/root/Workspaces/rosgsthumble_ws/install/diagnostic_updater/share/diagnostic_updater/package.sh'
[9.779s] INFO:colcon.colcon_core.shell:Creating package script '/root/Workspaces/rosgsthumble_ws/install/diagnostic_updater/share/diagnostic_updater/package.bash'
[9.781s] INFO:colcon.colcon_core.shell:Creating package script '/root/Workspaces/rosgsthumble_ws/install/diagnostic_updater/share/diagnostic_updater/package.zsh'
[9.783s] Level 1:colcon.colcon_core.environment:create_file_with_runtime_dependencies(/root/Workspaces/rosgsthumble_ws/install/diagnostic_updater/share/colcon-core/packages/diagnostic_updater)
[9.803s] INFO:colcon.colcon_ros.task.ament_cmake.build:Building ROS package in '/root/Workspaces/rosgsthumble_ws/src/realsense-ros/realsense2_camera_msgs' with build type 'ament_cmake'
[9.804s] INFO:colcon.colcon_cmake.task.cmake.build:Building CMake package in '/root/Workspaces/rosgsthumble_ws/src/realsense-ros/realsense2_camera_msgs'
[9.849s] INFO:colcon.colcon_core.shell:Skip shell extension 'powershell' for command environment: Not usable outside of PowerShell
[9.849s] DEBUG:colcon.colcon_core.shell:Skip shell extension 'dsv' for command environment
[10.051s] INFO:colcon.colcon_ros.task.ament_cmake.build:Building ROS package in '/root/Workspaces/rosgsthumble_ws/src/vision_opencv/image_geometry' with build type 'ament_cmake'
[10.052s] INFO:colcon.colcon_cmake.task.cmake.build:Building CMake package in '/root/Workspaces/rosgsthumble_ws/src/vision_opencv/image_geometry'
[10.094s] INFO:colcon.colcon_core.shell:Skip shell extension 'powershell' for command environment: Not usable outside of PowerShell
[10.094s] DEBUG:colcon.colcon_core.shell:Skip shell extension 'dsv' for command environment
[10.235s] Level 1:colcon.colcon_core.environment:create_environment_scripts_only(audio_msgs)
[10.290s] Level 1:colcon.colcon_core.environment:checking '/root/Workspaces/rosgsthumble_ws/install/audio_msgs' for CMake module files
[10.294s] Level 1:colcon.colcon_core.environment:checking '/root/Workspaces/rosgsthumble_ws/install/audio_msgs' for CMake config files
[10.298s] Level 1:colcon.colcon_core.shell:create_environment_hook('audio_msgs', 'cmake_prefix_path')
[10.336s] INFO:colcon.colcon_core.shell:Creating environment hook '/root/Workspaces/rosgsthumble_ws/install/audio_msgs/share/audio_msgs/hook/cmake_prefix_path.ps1'
[10.340s] INFO:colcon.colcon_core.shell:Creating environment descriptor '/root/Workspaces/rosgsthumble_ws/install/audio_msgs/share/audio_msgs/hook/cmake_prefix_path.dsv'
[10.341s] INFO:colcon.colcon_core.shell:Creating environment hook '/root/Workspaces/rosgsthumble_ws/install/audio_msgs/share/audio_msgs/hook/cmake_prefix_path.sh'
[10.345s] Level 1:colcon.colcon_core.environment:checking '/root/Workspaces/rosgsthumble_ws/install/audio_msgs/lib'
[10.346s] Level 1:colcon.colcon_core.shell:create_environment_hook('audio_msgs', 'ld_library_path_lib')
[10.383s] INFO:colcon.colcon_core.shell:Creating environment hook '/root/Workspaces/rosgsthumble_ws/install/audio_msgs/share/audio_msgs/hook/ld_library_path_lib.ps1'
[10.386s] INFO:colcon.colcon_core.shell:Creating environment descriptor '/root/Workspaces/rosgsthumble_ws/install/audio_msgs/share/audio_msgs/hook/ld_library_path_lib.dsv'
[10.387s] INFO:colcon.colcon_core.shell:Creating environment hook '/root/Workspaces/rosgsthumble_ws/install/audio_msgs/share/audio_msgs/hook/ld_library_path_lib.sh'
[10.389s] Level 1:colcon.colcon_core.environment:checking '/root/Workspaces/rosgsthumble_ws/install/audio_msgs/bin'
[10.390s] Level 1:colcon.colcon_core.environment:checking '/root/Workspaces/rosgsthumble_ws/install/audio_msgs/lib/pkgconfig/audio_msgs.pc'
[10.391s] Level 1:colcon.colcon_core.environment:checking '/root/Workspaces/rosgsthumble_ws/install/audio_msgs/lib/python3.6/site-packages'
[10.391s] Level 1:colcon.colcon_core.shell:create_environment_hook('audio_msgs', 'pythonpath')
[10.427s] INFO:colcon.colcon_core.shell:Creating environment hook '/root/Workspaces/rosgsthumble_ws/install/audio_msgs/share/audio_msgs/hook/pythonpath.ps1'
[10.429s] INFO:colcon.colcon_core.shell:Creating environment descriptor '/root/Workspaces/rosgsthumble_ws/install/audio_msgs/share/audio_msgs/hook/pythonpath.dsv'
[10.431s] INFO:colcon.colcon_core.shell:Creating environment hook '/root/Workspaces/rosgsthumble_ws/install/audio_msgs/share/audio_msgs/hook/pythonpath.sh'
[10.433s] Level 1:colcon.colcon_core.environment:checking '/root/Workspaces/rosgsthumble_ws/install/audio_msgs/bin'
[10.470s] INFO:colcon.colcon_core.shell:Creating package script '/root/Workspaces/rosgsthumble_ws/install/audio_msgs/share/audio_msgs/package.ps1'
[10.474s] INFO:colcon.colcon_core.shell:Creating package descriptor '/root/Workspaces/rosgsthumble_ws/install/audio_msgs/share/audio_msgs/package.dsv'
[10.477s] INFO:colcon.colcon_core.shell:Creating package script '/root/Workspaces/rosgsthumble_ws/install/audio_msgs/share/audio_msgs/package.sh'
[10.480s] INFO:colcon.colcon_core.shell:Creating package script '/root/Workspaces/rosgsthumble_ws/install/audio_msgs/share/audio_msgs/package.bash'
[10.481s] INFO:colcon.colcon_core.shell:Creating package script '/root/Workspaces/rosgsthumble_ws/install/audio_msgs/share/audio_msgs/package.zsh'
[10.483s] Level 1:colcon.colcon_core.environment:create_file_with_runtime_dependencies(/root/Workspaces/rosgsthumble_ws/install/audio_msgs/share/colcon-core/packages/audio_msgs)
[10.488s] Level 1:colcon.colcon_core.environment:create_environment_scripts_only(gst_msgs)
[10.545s] Level 1:colcon.colcon_core.environment:checking '/root/Workspaces/rosgsthumble_ws/install/gst_msgs' for CMake module files
[10.547s] DEBUG:colcon.colcon_core.event_handler.log_command:Invoked command in '/root/Workspaces/rosgsthumble_ws/build/gst_msgs' returned '0': /usr/local/bin/cmake --install /root/Workspaces/rosgsthumble_ws/build/gst_msgs
[10.550s] Level 1:colcon.colcon_core.environment:checking '/root/Workspaces/rosgsthumble_ws/install/gst_msgs' for CMake config files
[10.557s] Level 1:colcon.colcon_core.shell:create_environment_hook('gst_msgs', 'cmake_prefix_path')
[10.593s] INFO:colcon.colcon_core.shell:Creating environment hook '/root/Workspaces/rosgsthumble_ws/install/gst_msgs/share/gst_msgs/hook/cmake_prefix_path.ps1'
[10.596s] INFO:colcon.colcon_core.shell:Creating environment descriptor '/root/Workspaces/rosgsthumble_ws/install/gst_msgs/share/gst_msgs/hook/cmake_prefix_path.dsv'
[10.598s] INFO:colcon.colcon_core.shell:Creating environment hook '/root/Workspaces/rosgsthumble_ws/install/gst_msgs/share/gst_msgs/hook/cmake_prefix_path.sh'
[10.602s] Level 1:colcon.colcon_core.environment:checking '/root/Workspaces/rosgsthumble_ws/install/gst_msgs/lib'
[10.602s] Level 1:colcon.colcon_core.shell:create_environment_hook('gst_msgs', 'ld_library_path_lib')
[10.640s] INFO:colcon.colcon_core.shell:Creating environment hook '/root/Workspaces/rosgsthumble_ws/install/gst_msgs/share/gst_msgs/hook/ld_library_path_lib.ps1'
[10.642s] INFO:colcon.colcon_core.shell:Creating environment descriptor '/root/Workspaces/rosgsthumble_ws/install/gst_msgs/share/gst_msgs/hook/ld_library_path_lib.dsv'
[10.644s] INFO:colcon.colcon_core.shell:Creating environment hook '/root/Workspaces/rosgsthumble_ws/install/gst_msgs/share/gst_msgs/hook/ld_library_path_lib.sh'
[10.645s] Level 1:colcon.colcon_core.environment:checking '/root/Workspaces/rosgsthumble_ws/install/gst_msgs/bin'
[10.646s] Level 1:colcon.colcon_core.environment:checking '/root/Workspaces/rosgsthumble_ws/install/gst_msgs/lib/pkgconfig/gst_msgs.pc'
[10.647s] Level 1:colcon.colcon_core.environment:checking '/root/Workspaces/rosgsthumble_ws/install/gst_msgs/lib/python3.6/site-packages'
[10.647s] Level 1:colcon.colcon_core.shell:create_environment_hook('gst_msgs', 'pythonpath')
[10.684s] INFO:colcon.colcon_core.shell:Creating environment hook '/root/Workspaces/rosgsthumble_ws/install/gst_msgs/share/gst_msgs/hook/pythonpath.ps1'
[10.685s] INFO:colcon.colcon_core.shell:Creating environment descriptor '/root/Workspaces/rosgsthumble_ws/install/gst_msgs/share/gst_msgs/hook/pythonpath.dsv'
[10.687s] INFO:colcon.colcon_core.shell:Creating environment hook '/root/Workspaces/rosgsthumble_ws/install/gst_msgs/share/gst_msgs/hook/pythonpath.sh'
[10.689s] Level 1:colcon.colcon_core.environment:checking '/root/Workspaces/rosgsthumble_ws/install/gst_msgs/bin'
[10.727s] INFO:colcon.colcon_core.shell:Creating package script '/root/Workspaces/rosgsthumble_ws/install/gst_msgs/share/gst_msgs/package.ps1'
[10.730s] INFO:colcon.colcon_core.shell:Creating package descriptor '/root/Workspaces/rosgsthumble_ws/install/gst_msgs/share/gst_msgs/package.dsv'
[10.733s] INFO:colcon.colcon_core.shell:Creating package script '/root/Workspaces/rosgsthumble_ws/install/gst_msgs/share/gst_msgs/package.sh'
[10.735s] INFO:colcon.colcon_core.shell:Creating package script '/root/Workspaces/rosgsthumble_ws/install/gst_msgs/share/gst_msgs/package.bash'
[10.737s] INFO:colcon.colcon_core.shell:Creating package script '/root/Workspaces/rosgsthumble_ws/install/gst_msgs/share/gst_msgs/package.zsh'
[10.738s] Level 1:colcon.colcon_core.environment:create_file_with_runtime_dependencies(/root/Workspaces/rosgsthumble_ws/install/gst_msgs/share/colcon-core/packages/gst_msgs)
[10.750s] INFO:colcon.colcon_ros.task.ament_cmake.build:Building ROS package in '/root/Workspaces/rosgsthumble_ws/src/ros-gst-bridge/gst_bridge' with build type 'ament_cmake'
[10.751s] INFO:colcon.colcon_cmake.task.cmake.build:Building CMake package in '/root/Workspaces/rosgsthumble_ws/src/ros-gst-bridge/gst_bridge'
[10.793s] INFO:colcon.colcon_core.shell:Skip shell extension 'powershell' for command environment: Not usable outside of PowerShell
[10.793s] DEBUG:colcon.colcon_core.shell:Skip shell extension 'dsv' for command environment
[10.917s] DEBUG:colcon.colcon_core.event_handler.log_command:Invoking command in '/root/Workspaces/rosgsthumble_ws/build/realsense2_camera_msgs': /usr/local/bin/cmake --build /root/Workspaces/rosgsthumble_ws/build/realsense2_camera_msgs -- -j4 -l4
[10.944s] DEBUG:colcon.colcon_core.event_handler.log_command:Invoking command in '/root/Workspaces/rosgsthumble_ws/build/image_geometry': /usr/local/bin/cmake --build /root/Workspaces/rosgsthumble_ws/build/image_geometry -- -j4 -l4
[10.985s] DEBUG:colcon.colcon_core.event_handler.log_command:Invoking command in '/root/Workspaces/rosgsthumble_ws/build/gst_bridge': AMENT_PREFIX_PATH=/root/Workspaces/rosgsthumble_ws/install/audio_msgs:${AMENT_PREFIX_PATH} CMAKE_PREFIX_PATH=/root/Workspaces/rosgsthumble_ws/install/audio_msgs:${CMAKE_PREFIX_PATH} LD_LIBRARY_PATH=/root/Workspaces/rosgsthumble_ws/install/audio_msgs/lib:/root/Workspaces/rosgsthumble_ws/install/realsense2_camera/lib:/root/Workspaces/rosgsthumble_ws/install/realsense2_camera_msgs/lib:/root/Workspaces/rosgsthumble_ws/install/image_geometry/lib:/root/Workspaces/rosgsthumble_ws/install/gst_pipeline_plugins/lib:/root/Workspaces/rosgsthumble_ws/install/gst_pipeline/lib:/root/Workspaces/rosgsthumble_ws/install/gst_msgs/lib:/root/Workspaces/rosgsthumble_ws/install/gst_bridge/lib:/root/Workspaces/rosgsthumble_ws/install/diagnostic_updater/lib:/root/Workspaces/rosgsthumble_ws/install/cv_bridge/lib:/opt/ros/humble/install/opt/rviz_ogre_vendor/lib:/opt/ros/humble/install/lib:/usr/local/cuda-10.2/targets/aarch64-linux/lib PYTHONPATH=/root/Workspaces/rosgsthumble_ws/install/audio_msgs/lib/python3.6/site-packages:/root/Workspaces/rosgsthumble_ws/install/xacro/lib/python3.6/site-packages:/root/Workspaces/rosgsthumble_ws/install/realsense2_camera_msgs/lib/python3.6/site-packages:/root/Workspaces/rosgsthumble_ws/install/image_geometry/lib/python3.6/site-packages:/root/Workspaces/rosgsthumble_ws/install/gst_msgs/lib/python3.6/site-packages:/root/Workspaces/rosgsthumble_ws/install/diagnostic_common_diagnostics/lib/python3.6/site-packages:/root/Workspaces/rosgsthumble_ws/install/diagnostic_updater/lib/python3.6/site-packages:/root/Workspaces/rosgsthumble_ws/install/cv_bridge/lib/python3.6/site-packages:/opt/ros/humble/install/lib/python3.6/site-packages /usr/local/bin/cmake /root/Workspaces/rosgsthumble_ws/src/ros-gst-bridge/gst_bridge -Wno-dev -DAMENT_CMAKE_SYMLINK_INSTALL=1 -DCMAKE_INSTALL_PREFIX=/root/Workspaces/rosgsthumble_ws/install/gst_bridge
[12.390s] Level 1:colcon.colcon_core.environment:create_environment_scripts_only(gst_msgs)
[12.452s] Level 1:colcon.colcon_core.environment:checking '/root/Workspaces/rosgsthumble_ws/install/gst_msgs' for CMake module files
[12.457s] Level 1:colcon.colcon_core.environment:checking '/root/Workspaces/rosgsthumble_ws/install/gst_msgs' for CMake config files
[12.464s] Level 1:colcon.colcon_core.shell:create_environment_hook('gst_msgs', 'cmake_prefix_path')
[12.509s] INFO:colcon.colcon_core.shell:Creating environment hook '/root/Workspaces/rosgsthumble_ws/install/gst_msgs/share/gst_msgs/hook/cmake_prefix_path.ps1'
[12.512s] INFO:colcon.colcon_core.shell:Creating environment descriptor '/root/Workspaces/rosgsthumble_ws/install/gst_msgs/share/gst_msgs/hook/cmake_prefix_path.dsv'
[12.515s] INFO:colcon.colcon_core.shell:Creating environment hook '/root/Workspaces/rosgsthumble_ws/install/gst_msgs/share/gst_msgs/hook/cmake_prefix_path.sh'
[12.521s] Level 1:colcon.colcon_core.environment:checking '/root/Workspaces/rosgsthumble_ws/install/gst_msgs/lib'
[12.521s] Level 1:colcon.colcon_core.shell:create_environment_hook('gst_msgs', 'ld_library_path_lib')
[12.566s] INFO:colcon.colcon_core.shell:Creating environment hook '/root/Workspaces/rosgsthumble_ws/install/gst_msgs/share/gst_msgs/hook/ld_library_path_lib.ps1'
[12.569s] INFO:colcon.colcon_core.shell:Creating environment descriptor '/root/Workspaces/rosgsthumble_ws/install/gst_msgs/share/gst_msgs/hook/ld_library_path_lib.dsv'
[12.571s] INFO:colcon.colcon_core.shell:Creating environment hook '/root/Workspaces/rosgsthumble_ws/install/gst_msgs/share/gst_msgs/hook/ld_library_path_lib.sh'
[12.574s] Level 1:colcon.colcon_core.environment:checking '/root/Workspaces/rosgsthumble_ws/install/gst_msgs/bin'
[12.575s] Level 1:colcon.colcon_core.environment:checking '/root/Workspaces/rosgsthumble_ws/install/gst_msgs/lib/pkgconfig/gst_msgs.pc'
[12.576s] Level 1:colcon.colcon_core.environment:checking '/root/Workspaces/rosgsthumble_ws/install/gst_msgs/lib/python3.6/site-packages'
[12.577s] Level 1:colcon.colcon_core.shell:create_environment_hook('gst_msgs', 'pythonpath')
[12.621s] INFO:colcon.colcon_core.shell:Creating environment hook '/root/Workspaces/rosgsthumble_ws/install/gst_msgs/share/gst_msgs/hook/pythonpath.ps1'
[12.625s] INFO:colcon.colcon_core.shell:Creating environment descriptor '/root/Workspaces/rosgsthumble_ws/install/gst_msgs/share/gst_msgs/hook/pythonpath.dsv'
[12.627s] INFO:colcon.colcon_core.shell:Creating environment hook '/root/Workspaces/rosgsthumble_ws/install/gst_msgs/share/gst_msgs/hook/pythonpath.sh'
[12.631s] Level 1:colcon.colcon_core.environment:checking '/root/Workspaces/rosgsthumble_ws/install/gst_msgs/bin'
[12.672s] INFO:colcon.colcon_core.shell:Creating package script '/root/Workspaces/rosgsthumble_ws/install/gst_msgs/share/gst_msgs/package.ps1'
[12.676s] INFO:colcon.colcon_core.shell:Creating package descriptor '/root/Workspaces/rosgsthumble_ws/install/gst_msgs/share/gst_msgs/package.dsv'
[12.680s] INFO:colcon.colcon_core.shell:Creating package script '/root/Workspaces/rosgsthumble_ws/install/gst_msgs/share/gst_msgs/package.sh'
[12.684s] INFO:colcon.colcon_core.shell:Creating package script '/root/Workspaces/rosgsthumble_ws/install/gst_msgs/share/gst_msgs/package.bash'
[12.689s] INFO:colcon.colcon_core.shell:Creating package script '/root/Workspaces/rosgsthumble_ws/install/gst_msgs/share/gst_msgs/package.zsh'
[12.692s] Level 1:colcon.colcon_core.environment:create_file_with_runtime_dependencies(/root/Workspaces/rosgsthumble_ws/install/gst_msgs/share/colcon-core/packages/gst_msgs)
[12.699s] INFO:colcon.colcon_ros.task.ament_cmake.build:Building ROS package in '/root/Workspaces/rosgsthumble_ws/src/xacro' with build type 'ament_cmake'
[12.702s] INFO:colcon.colcon_cmake.task.cmake.build:Building CMake package in '/root/Workspaces/rosgsthumble_ws/src/xacro'
[12.749s] INFO:colcon.colcon_core.shell:Skip shell extension 'powershell' for command environment: Not usable outside of PowerShell
[12.750s] DEBUG:colcon.colcon_core.shell:Skip shell extension 'dsv' for command environment
[12.892s] DEBUG:colcon.colcon_core.event_handler.log_command:Invoking command in '/root/Workspaces/rosgsthumble_ws/build/xacro': /usr/local/bin/cmake --build /root/Workspaces/rosgsthumble_ws/build/xacro -- -j4 -l4
[13.456s] DEBUG:colcon.colcon_core.event_handler.log_command:Invoked command in '/root/Workspaces/rosgsthumble_ws/build/image_geometry' returned '0': /usr/local/bin/cmake --build /root/Workspaces/rosgsthumble_ws/build/image_geometry -- -j4 -l4
[13.500s] DEBUG:colcon.colcon_core.event_handler.log_command:Invoked command in '/root/Workspaces/rosgsthumble_ws/build/realsense2_camera_msgs' returned '0': /usr/local/bin/cmake --build /root/Workspaces/rosgsthumble_ws/build/realsense2_camera_msgs -- -j4 -l4
[13.970s] DEBUG:colcon.colcon_core.event_handler.log_command:Invoking command in '/root/Workspaces/rosgsthumble_ws/build/image_geometry': /usr/local/bin/cmake --install /root/Workspaces/rosgsthumble_ws/build/image_geometry
[15.146s] Level 1:colcon.colcon_core.environment:create_environment_scripts_only(image_geometry)
[15.149s] DEBUG:colcon.colcon_core.event_handler.log_command:Invoked command in '/root/Workspaces/rosgsthumble_ws/build/image_geometry' returned '0': /usr/local/bin/cmake --install /root/Workspaces/rosgsthumble_ws/build/image_geometry
[15.224s] Level 1:colcon.colcon_core.environment:checking '/root/Workspaces/rosgsthumble_ws/install/image_geometry' for CMake module files
[15.229s] Level 1:colcon.colcon_core.environment:checking '/root/Workspaces/rosgsthumble_ws/install/image_geometry' for CMake config files
[15.232s] Level 1:colcon.colcon_core.shell:create_environment_hook('image_geometry', 'cmake_prefix_path')
[15.328s] INFO:colcon.colcon_core.shell:Creating environment hook '/root/Workspaces/rosgsthumble_ws/install/image_geometry/share/image_geometry/hook/cmake_prefix_path.ps1'
[15.332s] INFO:colcon.colcon_core.shell:Creating environment descriptor '/root/Workspaces/rosgsthumble_ws/install/image_geometry/share/image_geometry/hook/cmake_prefix_path.dsv'
[15.336s] INFO:colcon.colcon_core.shell:Creating environment hook '/root/Workspaces/rosgsthumble_ws/install/image_geometry/share/image_geometry/hook/cmake_prefix_path.sh'
[15.342s] Level 1:colcon.colcon_core.environment:checking '/root/Workspaces/rosgsthumble_ws/install/image_geometry/lib'
[15.344s] Level 1:colcon.colcon_core.shell:create_environment_hook('image_geometry', 'ld_library_path_lib')
[15.397s] INFO:colcon.colcon_core.shell:Creating environment hook '/root/Workspaces/rosgsthumble_ws/install/image_geometry/share/image_geometry/hook/ld_library_path_lib.ps1'
[15.401s] INFO:colcon.colcon_core.shell:Creating environment descriptor '/root/Workspaces/rosgsthumble_ws/install/image_geometry/share/image_geometry/hook/ld_library_path_lib.dsv'
[15.404s] INFO:colcon.colcon_core.shell:Creating environment hook '/root/Workspaces/rosgsthumble_ws/install/image_geometry/share/image_geometry/hook/ld_library_path_lib.sh'
[15.408s] Level 1:colcon.colcon_core.environment:checking '/root/Workspaces/rosgsthumble_ws/install/image_geometry/bin'
[15.409s] Level 1:colcon.colcon_core.environment:checking '/root/Workspaces/rosgsthumble_ws/install/image_geometry/lib/pkgconfig/image_geometry.pc'
[15.410s] Level 1:colcon.colcon_core.environment:checking '/root/Workspaces/rosgsthumble_ws/install/image_geometry/lib/python3.6/site-packages'
[15.411s] Level 1:colcon.colcon_core.shell:create_environment_hook('image_geometry', 'pythonpath')
[15.465s] INFO:colcon.colcon_core.shell:Creating environment hook '/root/Workspaces/rosgsthumble_ws/install/image_geometry/share/image_geometry/hook/pythonpath.ps1'
[15.473s] INFO:colcon.colcon_core.shell:Creating environment descriptor '/root/Workspaces/rosgsthumble_ws/install/image_geometry/share/image_geometry/hook/pythonpath.dsv'
[15.475s] INFO:colcon.colcon_core.shell:Creating environment hook '/root/Workspaces/rosgsthumble_ws/install/image_geometry/share/image_geometry/hook/pythonpath.sh'
[15.478s] Level 1:colcon.colcon_core.environment:checking '/root/Workspaces/rosgsthumble_ws/install/image_geometry/bin'
[15.538s] INFO:colcon.colcon_core.shell:Creating package script '/root/Workspaces/rosgsthumble_ws/install/image_geometry/share/image_geometry/package.ps1'
[15.542s] INFO:colcon.colcon_core.shell:Creating package descriptor '/root/Workspaces/rosgsthumble_ws/install/image_geometry/share/image_geometry/package.dsv'
[15.546s] INFO:colcon.colcon_core.shell:Creating package script '/root/Workspaces/rosgsthumble_ws/install/image_geometry/share/image_geometry/package.sh'
[15.550s] INFO:colcon.colcon_core.shell:Creating package script '/root/Workspaces/rosgsthumble_ws/install/image_geometry/share/image_geometry/package.bash'
[15.554s] INFO:colcon.colcon_core.shell:Creating package script '/root/Workspaces/rosgsthumble_ws/install/image_geometry/share/image_geometry/package.zsh'
[15.557s] Level 1:colcon.colcon_core.environment:create_file_with_runtime_dependencies(/root/Workspaces/rosgsthumble_ws/install/image_geometry/share/colcon-core/packages/image_geometry)
[15.604s] DEBUG:colcon.colcon_core.event_handler.log_command:Invoking command in '/root/Workspaces/rosgsthumble_ws/build/realsense2_camera_msgs': /usr/local/bin/cmake --install /root/Workspaces/rosgsthumble_ws/build/realsense2_camera_msgs
[15.654s] DEBUG:colcon.colcon_core.event_handler.log_command:Invoked command in '/root/Workspaces/rosgsthumble_ws/build/xacro' returned '0': /usr/local/bin/cmake --build /root/Workspaces/rosgsthumble_ws/build/xacro -- -j4 -l4
[16.099s] Level 1:colcon.colcon_core.environment:create_environment_scripts_only(image_geometry)
[16.158s] Level 1:colcon.colcon_core.environment:checking '/root/Workspaces/rosgsthumble_ws/install/image_geometry' for CMake module files
[16.162s] Level 1:colcon.colcon_core.environment:checking '/root/Workspaces/rosgsthumble_ws/install/image_geometry' for CMake config files
[16.164s] Level 1:colcon.colcon_core.shell:create_environment_hook('image_geometry', 'cmake_prefix_path')
[16.219s] INFO:colcon.colcon_core.shell:Creating environment hook '/root/Workspaces/rosgsthumble_ws/install/image_geometry/share/image_geometry/hook/cmake_prefix_path.ps1'
[16.223s] INFO:colcon.colcon_core.shell:Creating environment descriptor '/root/Workspaces/rosgsthumble_ws/install/image_geometry/share/image_geometry/hook/cmake_prefix_path.dsv'
[16.227s] INFO:colcon.colcon_core.shell:Creating environment hook '/root/Workspaces/rosgsthumble_ws/install/image_geometry/share/image_geometry/hook/cmake_prefix_path.sh'
[16.237s] Level 1:colcon.colcon_core.environment:checking '/root/Workspaces/rosgsthumble_ws/install/image_geometry/lib'
[16.238s] Level 1:colcon.colcon_core.shell:create_environment_hook('image_geometry', 'ld_library_path_lib')
[16.282s] INFO:colcon.colcon_core.shell:Creating environment hook '/root/Workspaces/rosgsthumble_ws/install/image_geometry/share/image_geometry/hook/ld_library_path_lib.ps1'
[16.285s] INFO:colcon.colcon_core.shell:Creating environment descriptor '/root/Workspaces/rosgsthumble_ws/install/image_geometry/share/image_geometry/hook/ld_library_path_lib.dsv'
[16.288s] INFO:colcon.colcon_core.shell:Creating environment hook '/root/Workspaces/rosgsthumble_ws/install/image_geometry/share/image_geometry/hook/ld_library_path_lib.sh'
[16.290s] Level 1:colcon.colcon_core.environment:checking '/root/Workspaces/rosgsthumble_ws/install/image_geometry/bin'
[16.291s] Level 1:colcon.colcon_core.environment:checking '/root/Workspaces/rosgsthumble_ws/install/image_geometry/lib/pkgconfig/image_geometry.pc'
[16.292s] Level 1:colcon.colcon_core.environment:checking '/root/Workspaces/rosgsthumble_ws/install/image_geometry/lib/python3.6/site-packages'
[16.293s] Level 1:colcon.colcon_core.shell:create_environment_hook('image_geometry', 'pythonpath')
[16.333s] INFO:colcon.colcon_core.shell:Creating environment hook '/root/Workspaces/rosgsthumble_ws/install/image_geometry/share/image_geometry/hook/pythonpath.ps1'
[16.338s] INFO:colcon.colcon_core.shell:Creating environment descriptor '/root/Workspaces/rosgsthumble_ws/install/image_geometry/share/image_geometry/hook/pythonpath.dsv'
[16.339s] INFO:colcon.colcon_core.shell:Creating environment hook '/root/Workspaces/rosgsthumble_ws/install/image_geometry/share/image_geometry/hook/pythonpath.sh'
[16.342s] Level 1:colcon.colcon_core.environment:checking '/root/Workspaces/rosgsthumble_ws/install/image_geometry/bin'
[16.381s] INFO:colcon.colcon_core.shell:Creating package script '/root/Workspaces/rosgsthumble_ws/install/image_geometry/share/image_geometry/package.ps1'
[16.384s] INFO:colcon.colcon_core.shell:Creating package descriptor '/root/Workspaces/rosgsthumble_ws/install/image_geometry/share/image_geometry/package.dsv'
[16.388s] INFO:colcon.colcon_core.shell:Creating package script '/root/Workspaces/rosgsthumble_ws/install/image_geometry/share/image_geometry/package.sh'
[16.391s] INFO:colcon.colcon_core.shell:Creating package script '/root/Workspaces/rosgsthumble_ws/install/image_geometry/share/image_geometry/package.bash'
[16.394s] INFO:colcon.colcon_core.shell:Creating package script '/root/Workspaces/rosgsthumble_ws/install/image_geometry/share/image_geometry/package.zsh'
[16.396s] Level 1:colcon.colcon_core.environment:create_file_with_runtime_dependencies(/root/Workspaces/rosgsthumble_ws/install/image_geometry/share/colcon-core/packages/image_geometry)
[16.401s] INFO:colcon.colcon_ros.task.ament_cmake.build:Building ROS package in '/root/Workspaces/rosgsthumble_ws/src/diagnostics/diagnostic_common_diagnostics' with build type 'ament_cmake'
[16.402s] INFO:colcon.colcon_cmake.task.cmake.build:Building CMake package in '/root/Workspaces/rosgsthumble_ws/src/diagnostics/diagnostic_common_diagnostics'
[16.442s] INFO:colcon.colcon_core.shell:Skip shell extension 'powershell' for command environment: Not usable outside of PowerShell
[16.442s] DEBUG:colcon.colcon_core.shell:Skip shell extension 'dsv' for command environment
[16.558s] DEBUG:colcon.colcon_core.event_handler.log_command:Invoking command in '/root/Workspaces/rosgsthumble_ws/build/xacro': /usr/local/bin/cmake --install /root/Workspaces/rosgsthumble_ws/build/xacro
[16.568s] Level 1:colcon.colcon_core.environment:create_environment_scripts_only(realsense2_camera_msgs)
[16.581s] DEBUG:colcon.colcon_core.event_handler.log_command:Invoked command in '/root/Workspaces/rosgsthumble_ws/build/realsense2_camera_msgs' returned '0': /usr/local/bin/cmake --install /root/Workspaces/rosgsthumble_ws/build/realsense2_camera_msgs
[16.634s] Level 1:colcon.colcon_core.environment:checking '/root/Workspaces/rosgsthumble_ws/install/realsense2_camera_msgs' for CMake module files
[16.639s] Level 1:colcon.colcon_core.environment:checking '/root/Workspaces/rosgsthumble_ws/install/realsense2_camera_msgs' for CMake config files
[16.647s] Level 1:colcon.colcon_core.shell:create_environment_hook('realsense2_camera_msgs', 'cmake_prefix_path')
[16.695s] INFO:colcon.colcon_core.shell:Creating environment hook '/root/Workspaces/rosgsthumble_ws/install/realsense2_camera_msgs/share/realsense2_camera_msgs/hook/cmake_prefix_path.ps1'
[16.698s] INFO:colcon.colcon_core.shell:Creating environment descriptor '/root/Workspaces/rosgsthumble_ws/install/realsense2_camera_msgs/share/realsense2_camera_msgs/hook/cmake_prefix_path.dsv'
[16.701s] INFO:colcon.colcon_core.shell:Creating environment hook '/root/Workspaces/rosgsthumble_ws/install/realsense2_camera_msgs/share/realsense2_camera_msgs/hook/cmake_prefix_path.sh'
[16.705s] Level 1:colcon.colcon_core.environment:checking '/root/Workspaces/rosgsthumble_ws/install/realsense2_camera_msgs/lib'
[16.706s] Level 1:colcon.colcon_core.shell:create_environment_hook('realsense2_camera_msgs', 'ld_library_path_lib')
[16.748s] INFO:colcon.colcon_core.shell:Creating environment hook '/root/Workspaces/rosgsthumble_ws/install/realsense2_camera_msgs/share/realsense2_camera_msgs/hook/ld_library_path_lib.ps1'
[16.750s] INFO:colcon.colcon_core.shell:Creating environment descriptor '/root/Workspaces/rosgsthumble_ws/install/realsense2_camera_msgs/share/realsense2_camera_msgs/hook/ld_library_path_lib.dsv'
[16.752s] INFO:colcon.colcon_core.shell:Creating environment hook '/root/Workspaces/rosgsthumble_ws/install/realsense2_camera_msgs/share/realsense2_camera_msgs/hook/ld_library_path_lib.sh'
[16.754s] Level 1:colcon.colcon_core.environment:checking '/root/Workspaces/rosgsthumble_ws/install/realsense2_camera_msgs/bin'
[16.754s] Level 1:colcon.colcon_core.environment:checking '/root/Workspaces/rosgsthumble_ws/install/realsense2_camera_msgs/lib/pkgconfig/realsense2_camera_msgs.pc'
[16.755s] Level 1:colcon.colcon_core.environment:checking '/root/Workspaces/rosgsthumble_ws/install/realsense2_camera_msgs/lib/python3.6/site-packages'
[16.756s] Level 1:colcon.colcon_core.shell:create_environment_hook('realsense2_camera_msgs', 'pythonpath')
[16.795s] INFO:colcon.colcon_core.shell:Creating environment hook '/root/Workspaces/rosgsthumble_ws/install/realsense2_camera_msgs/share/realsense2_camera_msgs/hook/pythonpath.ps1'
[16.798s] INFO:colcon.colcon_core.shell:Creating environment descriptor '/root/Workspaces/rosgsthumble_ws/install/realsense2_camera_msgs/share/realsense2_camera_msgs/hook/pythonpath.dsv'
[16.801s] INFO:colcon.colcon_core.shell:Creating environment hook '/root/Workspaces/rosgsthumble_ws/install/realsense2_camera_msgs/share/realsense2_camera_msgs/hook/pythonpath.sh'
[16.803s] Level 1:colcon.colcon_core.environment:checking '/root/Workspaces/rosgsthumble_ws/install/realsense2_camera_msgs/bin'
[16.843s] INFO:colcon.colcon_core.shell:Creating package script '/root/Workspaces/rosgsthumble_ws/install/realsense2_camera_msgs/share/realsense2_camera_msgs/package.ps1'
[16.846s] INFO:colcon.colcon_core.shell:Creating package descriptor '/root/Workspaces/rosgsthumble_ws/install/realsense2_camera_msgs/share/realsense2_camera_msgs/package.dsv'
[16.849s] INFO:colcon.colcon_core.shell:Creating package script '/root/Workspaces/rosgsthumble_ws/install/realsense2_camera_msgs/share/realsense2_camera_msgs/package.sh'
[16.851s] INFO:colcon.colcon_core.shell:Creating package script '/root/Workspaces/rosgsthumble_ws/install/realsense2_camera_msgs/share/realsense2_camera_msgs/package.bash'
[16.853s] INFO:colcon.colcon_core.shell:Creating package script '/root/Workspaces/rosgsthumble_ws/install/realsense2_camera_msgs/share/realsense2_camera_msgs/package.zsh'
[16.854s] Level 1:colcon.colcon_core.environment:create_file_with_runtime_dependencies(/root/Workspaces/rosgsthumble_ws/install/realsense2_camera_msgs/share/colcon-core/packages/realsense2_camera_msgs)
[16.909s] DEBUG:colcon.colcon_core.event_handler.log_command:Invoked command in '/root/Workspaces/rosgsthumble_ws/build/gst_bridge' returned '1': AMENT_PREFIX_PATH=/root/Workspaces/rosgsthumble_ws/install/audio_msgs:${AMENT_PREFIX_PATH} CMAKE_PREFIX_PATH=/root/Workspaces/rosgsthumble_ws/install/audio_msgs:${CMAKE_PREFIX_PATH} LD_LIBRARY_PATH=/root/Workspaces/rosgsthumble_ws/install/audio_msgs/lib:/root/Workspaces/rosgsthumble_ws/install/realsense2_camera/lib:/root/Workspaces/rosgsthumble_ws/install/realsense2_camera_msgs/lib:/root/Workspaces/rosgsthumble_ws/install/image_geometry/lib:/root/Workspaces/rosgsthumble_ws/install/gst_pipeline_plugins/lib:/root/Workspaces/rosgsthumble_ws/install/gst_pipeline/lib:/root/Workspaces/rosgsthumble_ws/install/gst_msgs/lib:/root/Workspaces/rosgsthumble_ws/install/gst_bridge/lib:/root/Workspaces/rosgsthumble_ws/install/diagnostic_updater/lib:/root/Workspaces/rosgsthumble_ws/install/cv_bridge/lib:/opt/ros/humble/install/opt/rviz_ogre_vendor/lib:/opt/ros/humble/install/lib:/usr/local/cuda-10.2/targets/aarch64-linux/lib PYTHONPATH=/root/Workspaces/rosgsthumble_ws/install/audio_msgs/lib/python3.6/site-packages:/root/Workspaces/rosgsthumble_ws/install/xacro/lib/python3.6/site-packages:/root/Workspaces/rosgsthumble_ws/install/realsense2_camera_msgs/lib/python3.6/site-packages:/root/Workspaces/rosgsthumble_ws/install/image_geometry/lib/python3.6/site-packages:/root/Workspaces/rosgsthumble_ws/install/gst_msgs/lib/python3.6/site-packages:/root/Workspaces/rosgsthumble_ws/install/diagnostic_common_diagnostics/lib/python3.6/site-packages:/root/Workspaces/rosgsthumble_ws/install/diagnostic_updater/lib/python3.6/site-packages:/root/Workspaces/rosgsthumble_ws/install/cv_bridge/lib/python3.6/site-packages:/opt/ros/humble/install/lib/python3.6/site-packages /usr/local/bin/cmake /root/Workspaces/rosgsthumble_ws/src/ros-gst-bridge/gst_bridge -Wno-dev -DAMENT_CMAKE_SYMLINK_INSTALL=1 -DCMAKE_INSTALL_PREFIX=/root/Workspaces/rosgsthumble_ws/install/gst_bridge
[16.933s] DEBUG:colcon.colcon_core.event_handler.log_command:Invoking command in '/root/Workspaces/rosgsthumble_ws/build/diagnostic_common_diagnostics': AMENT_PREFIX_PATH=/root/Workspaces/rosgsthumble_ws/install/diagnostic_updater:${AMENT_PREFIX_PATH} CMAKE_PREFIX_PATH=/root/Workspaces/rosgsthumble_ws/install/diagnostic_updater:${CMAKE_PREFIX_PATH} PYTHONPATH=/root/Workspaces/rosgsthumble_ws/install/diagnostic_updater/lib/python3.6/site-packages:/root/Workspaces/rosgsthumble_ws/install/xacro/lib/python3.6/site-packages:/root/Workspaces/rosgsthumble_ws/install/realsense2_camera_msgs/lib/python3.6/site-packages:/root/Workspaces/rosgsthumble_ws/install/image_geometry/lib/python3.6/site-packages:/root/Workspaces/rosgsthumble_ws/install/gst_msgs/lib/python3.6/site-packages:/root/Workspaces/rosgsthumble_ws/install/diagnostic_common_diagnostics/lib/python3.6/site-packages:/root/Workspaces/rosgsthumble_ws/install/cv_bridge/lib/python3.6/site-packages:/root/Workspaces/rosgsthumble_ws/install/audio_msgs/lib/python3.6/site-packages:/opt/ros/humble/install/lib/python3.6/site-packages /usr/local/bin/cmake /root/Workspaces/rosgsthumble_ws/src/diagnostics/diagnostic_common_diagnostics -Wno-dev -DAMENT_CMAKE_SYMLINK_INSTALL=1 -DCMAKE_INSTALL_PREFIX=/root/Workspaces/rosgsthumble_ws/install/diagnostic_common_diagnostics
[17.012s] Level 1:colcon.colcon_core.environment:create_environment_scripts_only(xacro)
[17.015s] DEBUG:colcon.colcon_core.event_handler.log_command:Invoked command in '/root/Workspaces/rosgsthumble_ws/build/xacro' returned '0': /usr/local/bin/cmake --install /root/Workspaces/rosgsthumble_ws/build/xacro
[17.088s] Level 1:colcon.colcon_core.environment:checking '/root/Workspaces/rosgsthumble_ws/install/xacro' for CMake module files
[17.092s] Level 1:colcon.colcon_core.environment:checking '/root/Workspaces/rosgsthumble_ws/install/xacro' for CMake config files
[17.094s] Level 1:colcon.colcon_core.shell:create_environment_hook('xacro', 'cmake_prefix_path')
[17.144s] INFO:colcon.colcon_core.shell:Creating environment hook '/root/Workspaces/rosgsthumble_ws/install/xacro/share/xacro/hook/cmake_prefix_path.ps1'
[17.146s] INFO:colcon.colcon_core.shell:Creating environment descriptor '/root/Workspaces/rosgsthumble_ws/install/xacro/share/xacro/hook/cmake_prefix_path.dsv'
[17.148s] INFO:colcon.colcon_core.shell:Creating environment hook '/root/Workspaces/rosgsthumble_ws/install/xacro/share/xacro/hook/cmake_prefix_path.sh'
[17.152s] Level 1:colcon.colcon_core.environment:checking '/root/Workspaces/rosgsthumble_ws/install/xacro/lib'
[17.153s] Level 1:colcon.colcon_core.environment:checking '/root/Workspaces/rosgsthumble_ws/install/xacro/bin'
[17.153s] Level 1:colcon.colcon_core.shell:create_environment_hook('xacro', 'path')
[17.198s] INFO:colcon.colcon_core.shell:Creating environment hook '/root/Workspaces/rosgsthumble_ws/install/xacro/share/xacro/hook/path.ps1'
[17.200s] INFO:colcon.colcon_core.shell:Creating environment descriptor '/root/Workspaces/rosgsthumble_ws/install/xacro/share/xacro/hook/path.dsv'
[17.201s] INFO:colcon.colcon_core.shell:Creating environment hook '/root/Workspaces/rosgsthumble_ws/install/xacro/share/xacro/hook/path.sh'
[17.203s] Level 1:colcon.colcon_core.environment:checking '/root/Workspaces/rosgsthumble_ws/install/xacro/lib/pkgconfig/xacro.pc'
[17.204s] Level 1:colcon.colcon_core.environment:checking '/root/Workspaces/rosgsthumble_ws/install/xacro/lib/python3.6/site-packages'
[17.205s] Level 1:colcon.colcon_core.shell:create_environment_hook('xacro', 'pythonpath')
[17.250s] INFO:colcon.colcon_core.shell:Creating environment hook '/root/Workspaces/rosgsthumble_ws/install/xacro/share/xacro/hook/pythonpath.ps1'
[17.252s] INFO:colcon.colcon_core.shell:Creating environment descriptor '/root/Workspaces/rosgsthumble_ws/install/xacro/share/xacro/hook/pythonpath.dsv'
[17.254s] INFO:colcon.colcon_core.shell:Creating environment hook '/root/Workspaces/rosgsthumble_ws/install/xacro/share/xacro/hook/pythonpath.sh'
[17.256s] Level 1:colcon.colcon_core.environment:checking '/root/Workspaces/rosgsthumble_ws/install/xacro/bin'
[17.257s] Level 1:colcon.colcon_core.shell:create_environment_hook('xacro', 'pythonscriptspath')
[17.302s] INFO:colcon.colcon_core.shell:Creating environment hook '/root/Workspaces/rosgsthumble_ws/install/xacro/share/xacro/hook/pythonscriptspath.ps1'
[17.304s] INFO:colcon.colcon_core.shell:Creating environment descriptor '/root/Workspaces/rosgsthumble_ws/install/xacro/share/xacro/hook/pythonscriptspath.dsv'
[17.306s] INFO:colcon.colcon_core.shell:Creating environment hook '/root/Workspaces/rosgsthumble_ws/install/xacro/share/xacro/hook/pythonscriptspath.sh'
[17.351s] INFO:colcon.colcon_core.shell:Creating package script '/root/Workspaces/rosgsthumble_ws/install/xacro/share/xacro/package.ps1'
[17.354s] INFO:colcon.colcon_core.shell:Creating package descriptor '/root/Workspaces/rosgsthumble_ws/install/xacro/share/xacro/package.dsv'
[17.357s] INFO:colcon.colcon_core.shell:Creating package script '/root/Workspaces/rosgsthumble_ws/install/xacro/share/xacro/package.sh'
[17.360s] INFO:colcon.colcon_core.shell:Creating package script '/root/Workspaces/rosgsthumble_ws/install/xacro/share/xacro/package.bash'
[17.362s] INFO:colcon.colcon_core.shell:Creating package script '/root/Workspaces/rosgsthumble_ws/install/xacro/share/xacro/package.zsh'
[17.364s] Level 1:colcon.colcon_core.environment:create_file_with_runtime_dependencies(/root/Workspaces/rosgsthumble_ws/install/xacro/share/colcon-core/packages/xacro)
[17.380s] Level 1:colcon.colcon_core.environment:create_environment_scripts_only(gst_bridge)
[17.444s] Level 1:colcon.colcon_core.environment:checking '/root/Workspaces/rosgsthumble_ws/install/gst_bridge' for CMake module files
[17.447s] Level 1:colcon.colcon_core.environment:checking '/root/Workspaces/rosgsthumble_ws/install/gst_bridge' for CMake config files
[17.450s] Level 1:colcon.colcon_core.environment:checking '/root/Workspaces/rosgsthumble_ws/install/gst_bridge/bin'
[17.451s] Level 1:colcon.colcon_core.environment:checking '/root/Workspaces/rosgsthumble_ws/install/gst_bridge/lib/pkgconfig/gst_bridge.pc'
[17.452s] Level 1:colcon.colcon_core.environment:checking '/root/Workspaces/rosgsthumble_ws/install/gst_bridge/lib/python3.6/site-packages'
[17.453s] Level 1:colcon.colcon_core.environment:checking '/root/Workspaces/rosgsthumble_ws/install/gst_bridge/bin'
[17.503s] INFO:colcon.colcon_core.shell:Creating package script '/root/Workspaces/rosgsthumble_ws/install/gst_bridge/share/gst_bridge/package.ps1'
[17.505s] INFO:colcon.colcon_core.shell:Creating package descriptor '/root/Workspaces/rosgsthumble_ws/install/gst_bridge/share/gst_bridge/package.dsv'
[17.507s] INFO:colcon.colcon_core.shell:Creating package script '/root/Workspaces/rosgsthumble_ws/install/gst_bridge/share/gst_bridge/package.sh'
[17.509s] INFO:colcon.colcon_core.shell:Creating package script '/root/Workspaces/rosgsthumble_ws/install/gst_bridge/share/gst_bridge/package.bash'
[17.512s] INFO:colcon.colcon_core.shell:Creating package script '/root/Workspaces/rosgsthumble_ws/install/gst_bridge/share/gst_bridge/package.zsh'
[17.515s] Level 1:colcon.colcon_core.environment:create_file_with_runtime_dependencies(/root/Workspaces/rosgsthumble_ws/install/gst_bridge/share/colcon-core/packages/gst_bridge)
[23.792s] DEBUG:colcon.colcon_parallel_executor.executor.parallel:closing loop
[23.796s] DEBUG:colcon.colcon_parallel_executor.executor.parallel:loop closed
[23.797s] DEBUG:colcon.colcon_parallel_executor.executor.parallel:run_until_complete finished with '1'
[23.798s] DEBUG:colcon.colcon_core.event_reactor:joining thread
[23.825s] INFO:colcon.colcon_core.plugin_system:Skipping extension 'colcon_notification.desktop_notification.notify_send': Could not find 'notify-send'
[23.825s] INFO:colcon.colcon_core.plugin_system:Skipping extension 'colcon_notification.desktop_notification.terminal_notifier': Not used on non-Darwin systems
[23.826s] INFO:colcon.colcon_core.plugin_system:Skipping extension 'colcon_notification.desktop_notification.win32': Not used on non-Windows systems
[23.826s] INFO:colcon.colcon_notification.desktop_notification:Sending desktop notification using 'notify2'
[23.826s] DEBUG:colcon.colcon_notification.desktop_notification.notify2:Failed to initialize notify2: org.freedesktop.DBus.Error.NotSupported: Unable to autolaunch a dbus-daemon without a $DISPLAY for X11
[23.827s] DEBUG:colcon.colcon_core.event_reactor:joined thread
[23.863s] INFO:colcon.colcon_core.shell:Creating prefix script '/root/Workspaces/rosgsthumble_ws/install/local_setup.ps1'
[23.869s] INFO:colcon.colcon_core.shell:Creating prefix util module '/root/Workspaces/rosgsthumble_ws/install/_local_setup_util_ps1.py'
[23.878s] INFO:colcon.colcon_core.shell:Creating prefix chain script '/root/Workspaces/rosgsthumble_ws/install/setup.ps1'
[23.892s] INFO:colcon.colcon_core.shell:Creating prefix script '/root/Workspaces/rosgsthumble_ws/install/local_setup.sh'
[23.895s] INFO:colcon.colcon_core.shell:Creating prefix util module '/root/Workspaces/rosgsthumble_ws/install/_local_setup_util_sh.py'
[23.897s] INFO:colcon.colcon_core.shell:Creating prefix chain script '/root/Workspaces/rosgsthumble_ws/install/setup.sh'
[23.910s] INFO:colcon.colcon_core.shell:Creating prefix script '/root/Workspaces/rosgsthumble_ws/install/local_setup.bash'
[23.913s] INFO:colcon.colcon_core.shell:Creating prefix chain script '/root/Workspaces/rosgsthumble_ws/install/setup.bash'
[23.926s] INFO:colcon.colcon_core.shell:Creating prefix script '/root/Workspaces/rosgsthumble_ws/install/local_setup.zsh'
[23.929s] INFO:colcon.colcon_core.shell:Creating prefix chain script '/root/Workspaces/rosgsthumble_ws/install/setup.zsh'
