[0.000000] (-) TimerEvent: {}
[0.001092] (audio_msgs) JobQueued: {'identifier': 'audio_msgs', 'dependencies': OrderedDict()}
[0.002907] (cv_bridge) JobQueued: {'identifier': 'cv_bridge', 'dependencies': OrderedDict()}
[0.003589] (diagnostic_updater) JobQueued: {'identifier': 'diagnostic_updater', 'dependencies': OrderedDict()}
[0.008877] (gst_msgs) JobQueued: {'identifier': 'gst_msgs', 'dependencies': OrderedDict()}
[0.012638] (image_geometry) JobQueued: {'identifier': 'image_geometry', 'dependencies': OrderedDict()}
[0.012870] (realsense2_camera_msgs) JobQueued: {'identifier': 'realsense2_camera_msgs', 'dependencies': OrderedDict()}
[0.013207] (xacro) JobQueued: {'identifier': 'xacro', 'dependencies': OrderedDict()}
[0.013374] (diagnostic_common_diagnostics) JobQueued: {'identifier': 'diagnostic_common_diagnostics', 'dependencies': OrderedDict([('diagnostic_updater', '/root/Workspaces/rosgsthumble_ws/install/diagnostic_updater')])}
[0.013547] (gst_bridge) JobQueued: {'identifier': 'gst_bridge', 'dependencies': OrderedDict([('audio_msgs', '/root/Workspaces/rosgsthumble_ws/install/audio_msgs')])}
[0.013689] (realsense2_camera) JobQueued: {'identifier': 'realsense2_camera', 'dependencies': OrderedDict([('cv_bridge', '/root/Workspaces/rosgsthumble_ws/install/cv_bridge'), ('diagnostic_updater', '/root/Workspaces/rosgsthumble_ws/install/diagnostic_updater'), ('realsense2_camera_msgs', '/root/Workspaces/rosgsthumble_ws/install/realsense2_camera_msgs')])}
[0.013823] (realsense2_description) JobQueued: {'identifier': 'realsense2_description', 'dependencies': OrderedDict([('realsense2_camera_msgs', '/root/Workspaces/rosgsthumble_ws/install/realsense2_camera_msgs'), ('xacro', '/root/Workspaces/rosgsthumble_ws/install/xacro')])}
[0.013955] (vision_opencv) JobQueued: {'identifier': 'vision_opencv', 'dependencies': OrderedDict([('cv_bridge', '/root/Workspaces/rosgsthumble_ws/install/cv_bridge'), ('image_geometry', '/root/Workspaces/rosgsthumble_ws/install/image_geometry')])}
[0.014079] (diagnostics) JobQueued: {'identifier': 'diagnostics', 'dependencies': OrderedDict([('diagnostic_updater', '/root/Workspaces/rosgsthumble_ws/install/diagnostic_updater'), ('diagnostic_common_diagnostics', '/root/Workspaces/rosgsthumble_ws/install/diagnostic_common_diagnostics')])}
[0.014203] (gst_pipeline) JobQueued: {'identifier': 'gst_pipeline', 'dependencies': OrderedDict([('audio_msgs', '/root/Workspaces/rosgsthumble_ws/install/audio_msgs'), ('cv_bridge', '/root/Workspaces/rosgsthumble_ws/install/cv_bridge'), ('gst_msgs', '/root/Workspaces/rosgsthumble_ws/install/gst_msgs'), ('gst_bridge', '/root/Workspaces/rosgsthumble_ws/install/gst_bridge')])}
[0.014337] (webrtc_camera_node) JobQueued: {'identifier': 'webrtc_camera_node', 'dependencies': OrderedDict([('audio_msgs', '/root/Workspaces/rosgsthumble_ws/install/audio_msgs'), ('gst_bridge', '/root/Workspaces/rosgsthumble_ws/install/gst_bridge')])}
[0.014460] (gst_pipeline_plugins) JobQueued: {'identifier': 'gst_pipeline_plugins', 'dependencies': OrderedDict([('audio_msgs', '/root/Workspaces/rosgsthumble_ws/install/audio_msgs'), ('cv_bridge', '/root/Workspaces/rosgsthumble_ws/install/cv_bridge'), ('gst_msgs', '/root/Workspaces/rosgsthumble_ws/install/gst_msgs'), ('gst_bridge', '/root/Workspaces/rosgsthumble_ws/install/gst_bridge'), ('gst_pipeline', '/root/Workspaces/rosgsthumble_ws/install/gst_pipeline')])}
[0.014670] (audio_msgs) JobStarted: {'identifier': 'audio_msgs'}
[0.100560] (-) TimerEvent: {}
[0.184799] (cv_bridge) JobStarted: {'identifier': 'cv_bridge'}
[0.205828] (-) TimerEvent: {}
[0.315289] (diagnostic_updater) JobStarted: {'identifier': 'diagnostic_updater'}
[0.326852] (-) TimerEvent: {}
[0.439235] (-) TimerEvent: {}
[0.448404] (gst_msgs) JobStarted: {'identifier': 'gst_msgs'}
[0.539399] (-) TimerEvent: {}
[0.589927] (audio_msgs) JobProgress: {'identifier': 'audio_msgs', 'progress': 'cmake'}
[0.590943] (audio_msgs) Command: {'cmd': ['/usr/local/bin/cmake', '/root/Workspaces/rosgsthumble_ws/src/ros-gst-bridge/audio_msgs', '-DAMENT_CMAKE_SYMLINK_INSTALL=1', '-DCMAKE_INSTALL_PREFIX=/root/Workspaces/rosgsthumble_ws/install/audio_msgs'], 'cwd': '/root/Workspaces/rosgsthumble_ws/build/audio_msgs', 'env': OrderedDict([('OPENBLAS_CORETYPE', 'ARMV8'), ('PYTHONIOENCODING', 'utf-8'), ('HOSTNAME', 'nano'), ('LD_LIBRARY_PATH', '/root/Workspaces/rosgsthumble_ws/install/realsense2_camera/lib:/root/Workspaces/rosgsthumble_ws/install/realsense2_camera_msgs/lib:/root/Workspaces/rosgsthumble_ws/install/image_geometry/lib:/root/Workspaces/rosgsthumble_ws/install/gst_pipeline_plugins/lib:/root/Workspaces/rosgsthumble_ws/install/gst_pipeline/lib:/root/Workspaces/rosgsthumble_ws/install/gst_msgs/lib:/root/Workspaces/rosgsthumble_ws/install/gst_bridge/lib:/root/Workspaces/rosgsthumble_ws/install/diagnostic_updater/lib:/root/Workspaces/rosgsthumble_ws/install/cv_bridge/lib:/root/Workspaces/rosgsthumble_ws/install/audio_msgs/lib:/opt/ros/humble/install/opt/rviz_ogre_vendor/lib:/opt/ros/humble/install/lib:/usr/local/cuda-10.2/targets/aarch64-linux/lib:'), ('SHLVL', '1'), ('OLDPWD', '/root/Workspaces'), ('HOME', '/root'), ('ROS_PYTHON_VERSION', '3'), ('COLCON_PREFIX_PATH', '/root/Workspaces/rosgsthumble_ws/install:/opt/ros/humble/install'), ('ROS_DISTRO', 'humble'), ('PULSE_SERVER', 'unix:/run/user/1000/pulse/native'), ('_', '/usr/bin/colcon'), ('ROS_VERSION', '2'), ('NVIDIA_DRIVER_CAPABILITIES', 'compute,utility,graphics'), ('PKG_CONFIG_PATH', '/opt/ros/humble/install/lib/aarch64-linux-gnu/pkgconfig:/opt/ros/humble/install/lib/pkgconfig'), ('TERM', 'xterm'), ('ROS_LOCALHOST_ONLY', '0'), ('PATH', '/root/Workspaces/rosgsthumble_ws/install/xacro/bin:/opt/ros/humble/install/bin:/usr/local/cuda-10.2/bin:/usr/local/cuda/bin:/usr/local/sbin:/usr/local/bin:/usr/sbin:/usr/bin:/sbin:/bin'), ('XDG_RUNTIME_DIR', '/run/user/1000'), ('DISPLAY', ''), ('LANG', 'en_US.UTF-8'), ('RMW_IMPLEMENTATION', 'rmw_cyclonedds_cpp'), ('LS_COLORS', 'rs=0:di=01;34:ln=01;36:mh=00:pi=40;33:so=01;35:do=01;35:bd=40;33;01:cd=40;33;01:or=40;31;01:mi=00:su=37;41:sg=30;43:ca=30;41:tw=30;42:ow=34;42:st=37;44:ex=01;32:*.tar=01;31:*.tgz=01;31:*.arc=01;31:*.arj=01;31:*.taz=01;31:*.lha=01;31:*.lz4=01;31:*.lzh=01;31:*.lzma=01;31:*.tlz=01;31:*.txz=01;31:*.tzo=01;31:*.t7z=01;31:*.zip=01;31:*.z=01;31:*.Z=01;31:*.dz=01;31:*.gz=01;31:*.lrz=01;31:*.lz=01;31:*.lzo=01;31:*.xz=01;31:*.zst=01;31:*.tzst=01;31:*.bz2=01;31:*.bz=01;31:*.tbz=01;31:*.tbz2=01;31:*.tz=01;31:*.deb=01;31:*.rpm=01;31:*.jar=01;31:*.war=01;31:*.ear=01;31:*.sar=01;31:*.rar=01;31:*.alz=01;31:*.ace=01;31:*.zoo=01;31:*.cpio=01;31:*.7z=01;31:*.rz=01;31:*.cab=01;31:*.wim=01;31:*.swm=01;31:*.dwm=01;31:*.esd=01;31:*.jpg=01;35:*.jpeg=01;35:*.mjpg=01;35:*.mjpeg=01;35:*.gif=01;35:*.bmp=01;35:*.pbm=01;35:*.pgm=01;35:*.ppm=01;35:*.tga=01;35:*.xbm=01;35:*.xpm=01;35:*.tif=01;35:*.tiff=01;35:*.png=01;35:*.svg=01;35:*.svgz=01;35:*.mng=01;35:*.pcx=01;35:*.mov=01;35:*.mpg=01;35:*.mpeg=01;35:*.m2v=01;35:*.mkv=01;35:*.webm=01;35:*.ogm=01;35:*.mp4=01;35:*.m4v=01;35:*.mp4v=01;35:*.vob=01;35:*.qt=01;35:*.nuv=01;35:*.wmv=01;35:*.asf=01;35:*.rm=01;35:*.rmvb=01;35:*.flc=01;35:*.avi=01;35:*.fli=01;35:*.flv=01;35:*.gl=01;35:*.dl=01;35:*.xcf=01;35:*.xwd=01;35:*.yuv=01;35:*.cgm=01;35:*.emf=01;35:*.ogv=01;35:*.ogx=01;35:*.aac=00;36:*.au=00;36:*.flac=00;36:*.m4a=00;36:*.mid=00;36:*.midi=00;36:*.mka=00;36:*.mp3=00;36:*.mpc=00;36:*.ogg=00;36:*.ra=00;36:*.wav=00;36:*.oga=00;36:*.opus=00;36:*.spx=00;36:*.xspf=00;36:'), ('ROS_ROOT', '/opt/ros/humble'), ('AMENT_PREFIX_PATH', '/root/Workspaces/rosgsthumble_ws/install/realsense2_description:/root/Workspaces/rosgsthumble_ws/install/xacro:/root/Workspaces/rosgsthumble_ws/install/webrtc_camera_node:/root/Workspaces/rosgsthumble_ws/install/vision_opencv:/root/Workspaces/rosgsthumble_ws/install/realsense2_camera:/root/Workspaces/rosgsthumble_ws/install/realsense2_camera_msgs:/root/Workspaces/rosgsthumble_ws/install/image_geometry:/root/Workspaces/rosgsthumble_ws/install/gst_pipeline_plugins:/root/Workspaces/rosgsthumble_ws/install/gst_pipeline:/root/Workspaces/rosgsthumble_ws/install/gst_msgs:/root/Workspaces/rosgsthumble_ws/install/gst_bridge:/root/Workspaces/rosgsthumble_ws/install/diagnostics:/root/Workspaces/rosgsthumble_ws/install/diagnostic_common_diagnostics:/root/Workspaces/rosgsthumble_ws/install/diagnostic_updater:/root/Workspaces/rosgsthumble_ws/install/cv_bridge:/root/Workspaces/rosgsthumble_ws/install/audio_msgs:/opt/ros/humble/install'), ('DEBIAN_FRONTEND', 'noninteractive'), ('GST_PLUGIN_PATH', '/root/Workspaces/rosgsthumble_ws/install/gst_bridge/lib/gst_bridge/'), ('SHELL', '/bin/bash'), ('PWD', '/root/Workspaces/rosgsthumble_ws/build/audio_msgs'), ('PYTHONPATH', '/root/Workspaces/rosgsthumble_ws/install/xacro/lib/python3.6/site-packages:/root/Workspaces/rosgsthumble_ws/install/realsense2_camera_msgs/lib/python3.6/site-packages:/root/Workspaces/rosgsthumble_ws/install/image_geometry/lib/python3.6/site-packages:/root/Workspaces/rosgsthumble_ws/install/gst_msgs/lib/python3.6/site-packages:/root/Workspaces/rosgsthumble_ws/install/diagnostic_common_diagnostics/lib/python3.6/site-packages:/root/Workspaces/rosgsthumble_ws/install/diagnostic_updater/lib/python3.6/site-packages:/root/Workspaces/rosgsthumble_ws/install/cv_bridge/lib/python3.6/site-packages:/root/Workspaces/rosgsthumble_ws/install/audio_msgs/lib/python3.6/site-packages:/opt/ros/humble/install/lib/python3.6/site-packages'), ('NVIDIA_VISIBLE_DEVICES', 'all'), ('COLCON', '1'), ('CMAKE_PREFIX_PATH', '/root/Workspaces/rosgsthumble_ws/install/realsense2_description:/root/Workspaces/rosgsthumble_ws/install/xacro:/root/Workspaces/rosgsthumble_ws/install/webrtc_camera_node:/root/Workspaces/rosgsthumble_ws/install/vision_opencv:/root/Workspaces/rosgsthumble_ws/install/realsense2_camera:/root/Workspaces/rosgsthumble_ws/install/realsense2_camera_msgs:/root/Workspaces/rosgsthumble_ws/install/image_geometry:/root/Workspaces/rosgsthumble_ws/install/gst_pipeline_plugins:/root/Workspaces/rosgsthumble_ws/install/gst_pipeline:/root/Workspaces/rosgsthumble_ws/install/gst_msgs:/root/Workspaces/rosgsthumble_ws/install/gst_bridge:/root/Workspaces/rosgsthumble_ws/install/diagnostics:/root/Workspaces/rosgsthumble_ws/install/diagnostic_common_diagnostics:/root/Workspaces/rosgsthumble_ws/install/diagnostic_updater:/root/Workspaces/rosgsthumble_ws/install/cv_bridge:/root/Workspaces/rosgsthumble_ws/install/audio_msgs:/opt/ros/humble/install')]), 'shell': False}
[0.612111] (cv_bridge) JobProgress: {'identifier': 'cv_bridge', 'progress': 'cmake'}
[0.613148] (cv_bridge) Command: {'cmd': ['/usr/local/bin/cmake', '/root/Workspaces/rosgsthumble_ws/src/vision_opencv/cv_bridge', '-DAMENT_CMAKE_SYMLINK_INSTALL=1', '-DCMAKE_INSTALL_PREFIX=/root/Workspaces/rosgsthumble_ws/install/cv_bridge'], 'cwd': '/root/Workspaces/rosgsthumble_ws/build/cv_bridge', 'env': OrderedDict([('OPENBLAS_CORETYPE', 'ARMV8'), ('PYTHONIOENCODING', 'utf-8'), ('HOSTNAME', 'nano'), ('LD_LIBRARY_PATH', '/root/Workspaces/rosgsthumble_ws/install/realsense2_camera/lib:/root/Workspaces/rosgsthumble_ws/install/realsense2_camera_msgs/lib:/root/Workspaces/rosgsthumble_ws/install/image_geometry/lib:/root/Workspaces/rosgsthumble_ws/install/gst_pipeline_plugins/lib:/root/Workspaces/rosgsthumble_ws/install/gst_pipeline/lib:/root/Workspaces/rosgsthumble_ws/install/gst_msgs/lib:/root/Workspaces/rosgsthumble_ws/install/gst_bridge/lib:/root/Workspaces/rosgsthumble_ws/install/diagnostic_updater/lib:/root/Workspaces/rosgsthumble_ws/install/cv_bridge/lib:/root/Workspaces/rosgsthumble_ws/install/audio_msgs/lib:/opt/ros/humble/install/opt/rviz_ogre_vendor/lib:/opt/ros/humble/install/lib:/usr/local/cuda-10.2/targets/aarch64-linux/lib:'), ('SHLVL', '1'), ('OLDPWD', '/root/Workspaces'), ('HOME', '/root'), ('ROS_PYTHON_VERSION', '3'), ('COLCON_PREFIX_PATH', '/root/Workspaces/rosgsthumble_ws/install:/opt/ros/humble/install'), ('ROS_DISTRO', 'humble'), ('PULSE_SERVER', 'unix:/run/user/1000/pulse/native'), ('_', '/usr/bin/colcon'), ('ROS_VERSION', '2'), ('NVIDIA_DRIVER_CAPABILITIES', 'compute,utility,graphics'), ('PKG_CONFIG_PATH', '/opt/ros/humble/install/lib/aarch64-linux-gnu/pkgconfig:/opt/ros/humble/install/lib/pkgconfig'), ('TERM', 'xterm'), ('ROS_LOCALHOST_ONLY', '0'), ('PATH', '/root/Workspaces/rosgsthumble_ws/install/xacro/bin:/opt/ros/humble/install/bin:/usr/local/cuda-10.2/bin:/usr/local/cuda/bin:/usr/local/sbin:/usr/local/bin:/usr/sbin:/usr/bin:/sbin:/bin'), ('XDG_RUNTIME_DIR', '/run/user/1000'), ('DISPLAY', ''), ('LANG', 'en_US.UTF-8'), ('RMW_IMPLEMENTATION', 'rmw_cyclonedds_cpp'), ('LS_COLORS', 'rs=0:di=01;34:ln=01;36:mh=00:pi=40;33:so=01;35:do=01;35:bd=40;33;01:cd=40;33;01:or=40;31;01:mi=00:su=37;41:sg=30;43:ca=30;41:tw=30;42:ow=34;42:st=37;44:ex=01;32:*.tar=01;31:*.tgz=01;31:*.arc=01;31:*.arj=01;31:*.taz=01;31:*.lha=01;31:*.lz4=01;31:*.lzh=01;31:*.lzma=01;31:*.tlz=01;31:*.txz=01;31:*.tzo=01;31:*.t7z=01;31:*.zip=01;31:*.z=01;31:*.Z=01;31:*.dz=01;31:*.gz=01;31:*.lrz=01;31:*.lz=01;31:*.lzo=01;31:*.xz=01;31:*.zst=01;31:*.tzst=01;31:*.bz2=01;31:*.bz=01;31:*.tbz=01;31:*.tbz2=01;31:*.tz=01;31:*.deb=01;31:*.rpm=01;31:*.jar=01;31:*.war=01;31:*.ear=01;31:*.sar=01;31:*.rar=01;31:*.alz=01;31:*.ace=01;31:*.zoo=01;31:*.cpio=01;31:*.7z=01;31:*.rz=01;31:*.cab=01;31:*.wim=01;31:*.swm=01;31:*.dwm=01;31:*.esd=01;31:*.jpg=01;35:*.jpeg=01;35:*.mjpg=01;35:*.mjpeg=01;35:*.gif=01;35:*.bmp=01;35:*.pbm=01;35:*.pgm=01;35:*.ppm=01;35:*.tga=01;35:*.xbm=01;35:*.xpm=01;35:*.tif=01;35:*.tiff=01;35:*.png=01;35:*.svg=01;35:*.svgz=01;35:*.mng=01;35:*.pcx=01;35:*.mov=01;35:*.mpg=01;35:*.mpeg=01;35:*.m2v=01;35:*.mkv=01;35:*.webm=01;35:*.ogm=01;35:*.mp4=01;35:*.m4v=01;35:*.mp4v=01;35:*.vob=01;35:*.qt=01;35:*.nuv=01;35:*.wmv=01;35:*.asf=01;35:*.rm=01;35:*.rmvb=01;35:*.flc=01;35:*.avi=01;35:*.fli=01;35:*.flv=01;35:*.gl=01;35:*.dl=01;35:*.xcf=01;35:*.xwd=01;35:*.yuv=01;35:*.cgm=01;35:*.emf=01;35:*.ogv=01;35:*.ogx=01;35:*.aac=00;36:*.au=00;36:*.flac=00;36:*.m4a=00;36:*.mid=00;36:*.midi=00;36:*.mka=00;36:*.mp3=00;36:*.mpc=00;36:*.ogg=00;36:*.ra=00;36:*.wav=00;36:*.oga=00;36:*.opus=00;36:*.spx=00;36:*.xspf=00;36:'), ('ROS_ROOT', '/opt/ros/humble'), ('AMENT_PREFIX_PATH', '/root/Workspaces/rosgsthumble_ws/install/realsense2_description:/root/Workspaces/rosgsthumble_ws/install/xacro:/root/Workspaces/rosgsthumble_ws/install/webrtc_camera_node:/root/Workspaces/rosgsthumble_ws/install/vision_opencv:/root/Workspaces/rosgsthumble_ws/install/realsense2_camera:/root/Workspaces/rosgsthumble_ws/install/realsense2_camera_msgs:/root/Workspaces/rosgsthumble_ws/install/image_geometry:/root/Workspaces/rosgsthumble_ws/install/gst_pipeline_plugins:/root/Workspaces/rosgsthumble_ws/install/gst_pipeline:/root/Workspaces/rosgsthumble_ws/install/gst_msgs:/root/Workspaces/rosgsthumble_ws/install/gst_bridge:/root/Workspaces/rosgsthumble_ws/install/diagnostics:/root/Workspaces/rosgsthumble_ws/install/diagnostic_common_diagnostics:/root/Workspaces/rosgsthumble_ws/install/diagnostic_updater:/root/Workspaces/rosgsthumble_ws/install/cv_bridge:/root/Workspaces/rosgsthumble_ws/install/audio_msgs:/opt/ros/humble/install'), ('DEBIAN_FRONTEND', 'noninteractive'), ('GST_PLUGIN_PATH', '/root/Workspaces/rosgsthumble_ws/install/gst_bridge/lib/gst_bridge/'), ('SHELL', '/bin/bash'), ('PWD', '/root/Workspaces/rosgsthumble_ws/build/cv_bridge'), ('PYTHONPATH', '/root/Workspaces/rosgsthumble_ws/install/xacro/lib/python3.6/site-packages:/root/Workspaces/rosgsthumble_ws/install/realsense2_camera_msgs/lib/python3.6/site-packages:/root/Workspaces/rosgsthumble_ws/install/image_geometry/lib/python3.6/site-packages:/root/Workspaces/rosgsthumble_ws/install/gst_msgs/lib/python3.6/site-packages:/root/Workspaces/rosgsthumble_ws/install/diagnostic_common_diagnostics/lib/python3.6/site-packages:/root/Workspaces/rosgsthumble_ws/install/diagnostic_updater/lib/python3.6/site-packages:/root/Workspaces/rosgsthumble_ws/install/cv_bridge/lib/python3.6/site-packages:/root/Workspaces/rosgsthumble_ws/install/audio_msgs/lib/python3.6/site-packages:/opt/ros/humble/install/lib/python3.6/site-packages'), ('NVIDIA_VISIBLE_DEVICES', 'all'), ('COLCON', '1'), ('CMAKE_PREFIX_PATH', '/root/Workspaces/rosgsthumble_ws/install/realsense2_description:/root/Workspaces/rosgsthumble_ws/install/xacro:/root/Workspaces/rosgsthumble_ws/install/webrtc_camera_node:/root/Workspaces/rosgsthumble_ws/install/vision_opencv:/root/Workspaces/rosgsthumble_ws/install/realsense2_camera:/root/Workspaces/rosgsthumble_ws/install/realsense2_camera_msgs:/root/Workspaces/rosgsthumble_ws/install/image_geometry:/root/Workspaces/rosgsthumble_ws/install/gst_pipeline_plugins:/root/Workspaces/rosgsthumble_ws/install/gst_pipeline:/root/Workspaces/rosgsthumble_ws/install/gst_msgs:/root/Workspaces/rosgsthumble_ws/install/gst_bridge:/root/Workspaces/rosgsthumble_ws/install/diagnostics:/root/Workspaces/rosgsthumble_ws/install/diagnostic_common_diagnostics:/root/Workspaces/rosgsthumble_ws/install/diagnostic_updater:/root/Workspaces/rosgsthumble_ws/install/cv_bridge:/root/Workspaces/rosgsthumble_ws/install/audio_msgs:/opt/ros/humble/install')]), 'shell': False}
[0.624179] (diagnostic_updater) JobProgress: {'identifier': 'diagnostic_updater', 'progress': 'cmake'}
[0.625107] (diagnostic_updater) Command: {'cmd': ['/usr/local/bin/cmake', '/root/Workspaces/rosgsthumble_ws/src/diagnostics/diagnostic_updater', '-DAMENT_CMAKE_SYMLINK_INSTALL=1', '-DCMAKE_INSTALL_PREFIX=/root/Workspaces/rosgsthumble_ws/install/diagnostic_updater'], 'cwd': '/root/Workspaces/rosgsthumble_ws/build/diagnostic_updater', 'env': OrderedDict([('OPENBLAS_CORETYPE', 'ARMV8'), ('PYTHONIOENCODING', 'utf-8'), ('HOSTNAME', 'nano'), ('LD_LIBRARY_PATH', '/root/Workspaces/rosgsthumble_ws/install/realsense2_camera/lib:/root/Workspaces/rosgsthumble_ws/install/realsense2_camera_msgs/lib:/root/Workspaces/rosgsthumble_ws/install/image_geometry/lib:/root/Workspaces/rosgsthumble_ws/install/gst_pipeline_plugins/lib:/root/Workspaces/rosgsthumble_ws/install/gst_pipeline/lib:/root/Workspaces/rosgsthumble_ws/install/gst_msgs/lib:/root/Workspaces/rosgsthumble_ws/install/gst_bridge/lib:/root/Workspaces/rosgsthumble_ws/install/diagnostic_updater/lib:/root/Workspaces/rosgsthumble_ws/install/cv_bridge/lib:/root/Workspaces/rosgsthumble_ws/install/audio_msgs/lib:/opt/ros/humble/install/opt/rviz_ogre_vendor/lib:/opt/ros/humble/install/lib:/usr/local/cuda-10.2/targets/aarch64-linux/lib:'), ('SHLVL', '1'), ('OLDPWD', '/root/Workspaces'), ('HOME', '/root'), ('ROS_PYTHON_VERSION', '3'), ('COLCON_PREFIX_PATH', '/root/Workspaces/rosgsthumble_ws/install:/opt/ros/humble/install'), ('ROS_DISTRO', 'humble'), ('PULSE_SERVER', 'unix:/run/user/1000/pulse/native'), ('_', '/usr/bin/colcon'), ('ROS_VERSION', '2'), ('NVIDIA_DRIVER_CAPABILITIES', 'compute,utility,graphics'), ('PKG_CONFIG_PATH', '/opt/ros/humble/install/lib/aarch64-linux-gnu/pkgconfig:/opt/ros/humble/install/lib/pkgconfig'), ('TERM', 'xterm'), ('ROS_LOCALHOST_ONLY', '0'), ('PATH', '/root/Workspaces/rosgsthumble_ws/install/xacro/bin:/opt/ros/humble/install/bin:/usr/local/cuda-10.2/bin:/usr/local/cuda/bin:/usr/local/sbin:/usr/local/bin:/usr/sbin:/usr/bin:/sbin:/bin'), ('XDG_RUNTIME_DIR', '/run/user/1000'), ('DISPLAY', ''), ('LANG', 'en_US.UTF-8'), ('RMW_IMPLEMENTATION', 'rmw_cyclonedds_cpp'), ('LS_COLORS', 'rs=0:di=01;34:ln=01;36:mh=00:pi=40;33:so=01;35:do=01;35:bd=40;33;01:cd=40;33;01:or=40;31;01:mi=00:su=37;41:sg=30;43:ca=30;41:tw=30;42:ow=34;42:st=37;44:ex=01;32:*.tar=01;31:*.tgz=01;31:*.arc=01;31:*.arj=01;31:*.taz=01;31:*.lha=01;31:*.lz4=01;31:*.lzh=01;31:*.lzma=01;31:*.tlz=01;31:*.txz=01;31:*.tzo=01;31:*.t7z=01;31:*.zip=01;31:*.z=01;31:*.Z=01;31:*.dz=01;31:*.gz=01;31:*.lrz=01;31:*.lz=01;31:*.lzo=01;31:*.xz=01;31:*.zst=01;31:*.tzst=01;31:*.bz2=01;31:*.bz=01;31:*.tbz=01;31:*.tbz2=01;31:*.tz=01;31:*.deb=01;31:*.rpm=01;31:*.jar=01;31:*.war=01;31:*.ear=01;31:*.sar=01;31:*.rar=01;31:*.alz=01;31:*.ace=01;31:*.zoo=01;31:*.cpio=01;31:*.7z=01;31:*.rz=01;31:*.cab=01;31:*.wim=01;31:*.swm=01;31:*.dwm=01;31:*.esd=01;31:*.jpg=01;35:*.jpeg=01;35:*.mjpg=01;35:*.mjpeg=01;35:*.gif=01;35:*.bmp=01;35:*.pbm=01;35:*.pgm=01;35:*.ppm=01;35:*.tga=01;35:*.xbm=01;35:*.xpm=01;35:*.tif=01;35:*.tiff=01;35:*.png=01;35:*.svg=01;35:*.svgz=01;35:*.mng=01;35:*.pcx=01;35:*.mov=01;35:*.mpg=01;35:*.mpeg=01;35:*.m2v=01;35:*.mkv=01;35:*.webm=01;35:*.ogm=01;35:*.mp4=01;35:*.m4v=01;35:*.mp4v=01;35:*.vob=01;35:*.qt=01;35:*.nuv=01;35:*.wmv=01;35:*.asf=01;35:*.rm=01;35:*.rmvb=01;35:*.flc=01;35:*.avi=01;35:*.fli=01;35:*.flv=01;35:*.gl=01;35:*.dl=01;35:*.xcf=01;35:*.xwd=01;35:*.yuv=01;35:*.cgm=01;35:*.emf=01;35:*.ogv=01;35:*.ogx=01;35:*.aac=00;36:*.au=00;36:*.flac=00;36:*.m4a=00;36:*.mid=00;36:*.midi=00;36:*.mka=00;36:*.mp3=00;36:*.mpc=00;36:*.ogg=00;36:*.ra=00;36:*.wav=00;36:*.oga=00;36:*.opus=00;36:*.spx=00;36:*.xspf=00;36:'), ('ROS_ROOT', '/opt/ros/humble'), ('AMENT_PREFIX_PATH', '/root/Workspaces/rosgsthumble_ws/install/realsense2_description:/root/Workspaces/rosgsthumble_ws/install/xacro:/root/Workspaces/rosgsthumble_ws/install/webrtc_camera_node:/root/Workspaces/rosgsthumble_ws/install/vision_opencv:/root/Workspaces/rosgsthumble_ws/install/realsense2_camera:/root/Workspaces/rosgsthumble_ws/install/realsense2_camera_msgs:/root/Workspaces/rosgsthumble_ws/install/image_geometry:/root/Workspaces/rosgsthumble_ws/install/gst_pipeline_plugins:/root/Workspaces/rosgsthumble_ws/install/gst_pipeline:/root/Workspaces/rosgsthumble_ws/install/gst_msgs:/root/Workspaces/rosgsthumble_ws/install/gst_bridge:/root/Workspaces/rosgsthumble_ws/install/diagnostics:/root/Workspaces/rosgsthumble_ws/install/diagnostic_common_diagnostics:/root/Workspaces/rosgsthumble_ws/install/diagnostic_updater:/root/Workspaces/rosgsthumble_ws/install/cv_bridge:/root/Workspaces/rosgsthumble_ws/install/audio_msgs:/opt/ros/humble/install'), ('DEBIAN_FRONTEND', 'noninteractive'), ('GST_PLUGIN_PATH', '/root/Workspaces/rosgsthumble_ws/install/gst_bridge/lib/gst_bridge/'), ('SHELL', '/bin/bash'), ('PWD', '/root/Workspaces/rosgsthumble_ws/build/diagnostic_updater'), ('PYTHONPATH', '/root/Workspaces/rosgsthumble_ws/install/xacro/lib/python3.6/site-packages:/root/Workspaces/rosgsthumble_ws/install/realsense2_camera_msgs/lib/python3.6/site-packages:/root/Workspaces/rosgsthumble_ws/install/image_geometry/lib/python3.6/site-packages:/root/Workspaces/rosgsthumble_ws/install/gst_msgs/lib/python3.6/site-packages:/root/Workspaces/rosgsthumble_ws/install/diagnostic_common_diagnostics/lib/python3.6/site-packages:/root/Workspaces/rosgsthumble_ws/install/diagnostic_updater/lib/python3.6/site-packages:/root/Workspaces/rosgsthumble_ws/install/cv_bridge/lib/python3.6/site-packages:/root/Workspaces/rosgsthumble_ws/install/audio_msgs/lib/python3.6/site-packages:/opt/ros/humble/install/lib/python3.6/site-packages'), ('NVIDIA_VISIBLE_DEVICES', 'all'), ('COLCON', '1'), ('CMAKE_PREFIX_PATH', '/root/Workspaces/rosgsthumble_ws/install/realsense2_description:/root/Workspaces/rosgsthumble_ws/install/xacro:/root/Workspaces/rosgsthumble_ws/install/webrtc_camera_node:/root/Workspaces/rosgsthumble_ws/install/vision_opencv:/root/Workspaces/rosgsthumble_ws/install/realsense2_camera:/root/Workspaces/rosgsthumble_ws/install/realsense2_camera_msgs:/root/Workspaces/rosgsthumble_ws/install/image_geometry:/root/Workspaces/rosgsthumble_ws/install/gst_pipeline_plugins:/root/Workspaces/rosgsthumble_ws/install/gst_pipeline:/root/Workspaces/rosgsthumble_ws/install/gst_msgs:/root/Workspaces/rosgsthumble_ws/install/gst_bridge:/root/Workspaces/rosgsthumble_ws/install/diagnostics:/root/Workspaces/rosgsthumble_ws/install/diagnostic_common_diagnostics:/root/Workspaces/rosgsthumble_ws/install/diagnostic_updater:/root/Workspaces/rosgsthumble_ws/install/cv_bridge:/root/Workspaces/rosgsthumble_ws/install/audio_msgs:/opt/ros/humble/install')]), 'shell': False}
[0.639829] (-) TimerEvent: {}
[0.663508] (gst_msgs) JobProgress: {'identifier': 'gst_msgs', 'progress': 'cmake'}
[0.664238] (gst_msgs) Command: {'cmd': ['/usr/local/bin/cmake', '/root/Workspaces/rosgsthumble_ws/src/ros-gst-bridge/gst_msgs', '-DAMENT_CMAKE_SYMLINK_INSTALL=1', '-DCMAKE_INSTALL_PREFIX=/root/Workspaces/rosgsthumble_ws/install/gst_msgs'], 'cwd': '/root/Workspaces/rosgsthumble_ws/build/gst_msgs', 'env': OrderedDict([('OPENBLAS_CORETYPE', 'ARMV8'), ('PYTHONIOENCODING', 'utf-8'), ('HOSTNAME', 'nano'), ('LD_LIBRARY_PATH', '/root/Workspaces/rosgsthumble_ws/install/realsense2_camera/lib:/root/Workspaces/rosgsthumble_ws/install/realsense2_camera_msgs/lib:/root/Workspaces/rosgsthumble_ws/install/image_geometry/lib:/root/Workspaces/rosgsthumble_ws/install/gst_pipeline_plugins/lib:/root/Workspaces/rosgsthumble_ws/install/gst_pipeline/lib:/root/Workspaces/rosgsthumble_ws/install/gst_msgs/lib:/root/Workspaces/rosgsthumble_ws/install/gst_bridge/lib:/root/Workspaces/rosgsthumble_ws/install/diagnostic_updater/lib:/root/Workspaces/rosgsthumble_ws/install/cv_bridge/lib:/root/Workspaces/rosgsthumble_ws/install/audio_msgs/lib:/opt/ros/humble/install/opt/rviz_ogre_vendor/lib:/opt/ros/humble/install/lib:/usr/local/cuda-10.2/targets/aarch64-linux/lib:'), ('SHLVL', '1'), ('OLDPWD', '/root/Workspaces'), ('HOME', '/root'), ('ROS_PYTHON_VERSION', '3'), ('COLCON_PREFIX_PATH', '/root/Workspaces/rosgsthumble_ws/install:/opt/ros/humble/install'), ('ROS_DISTRO', 'humble'), ('PULSE_SERVER', 'unix:/run/user/1000/pulse/native'), ('_', '/usr/bin/colcon'), ('ROS_VERSION', '2'), ('NVIDIA_DRIVER_CAPABILITIES', 'compute,utility,graphics'), ('PKG_CONFIG_PATH', '/opt/ros/humble/install/lib/aarch64-linux-gnu/pkgconfig:/opt/ros/humble/install/lib/pkgconfig'), ('TERM', 'xterm'), ('ROS_LOCALHOST_ONLY', '0'), ('PATH', '/root/Workspaces/rosgsthumble_ws/install/xacro/bin:/opt/ros/humble/install/bin:/usr/local/cuda-10.2/bin:/usr/local/cuda/bin:/usr/local/sbin:/usr/local/bin:/usr/sbin:/usr/bin:/sbin:/bin'), ('XDG_RUNTIME_DIR', '/run/user/1000'), ('DISPLAY', ''), ('LANG', 'en_US.UTF-8'), ('RMW_IMPLEMENTATION', 'rmw_cyclonedds_cpp'), ('LS_COLORS', 'rs=0:di=01;34:ln=01;36:mh=00:pi=40;33:so=01;35:do=01;35:bd=40;33;01:cd=40;33;01:or=40;31;01:mi=00:su=37;41:sg=30;43:ca=30;41:tw=30;42:ow=34;42:st=37;44:ex=01;32:*.tar=01;31:*.tgz=01;31:*.arc=01;31:*.arj=01;31:*.taz=01;31:*.lha=01;31:*.lz4=01;31:*.lzh=01;31:*.lzma=01;31:*.tlz=01;31:*.txz=01;31:*.tzo=01;31:*.t7z=01;31:*.zip=01;31:*.z=01;31:*.Z=01;31:*.dz=01;31:*.gz=01;31:*.lrz=01;31:*.lz=01;31:*.lzo=01;31:*.xz=01;31:*.zst=01;31:*.tzst=01;31:*.bz2=01;31:*.bz=01;31:*.tbz=01;31:*.tbz2=01;31:*.tz=01;31:*.deb=01;31:*.rpm=01;31:*.jar=01;31:*.war=01;31:*.ear=01;31:*.sar=01;31:*.rar=01;31:*.alz=01;31:*.ace=01;31:*.zoo=01;31:*.cpio=01;31:*.7z=01;31:*.rz=01;31:*.cab=01;31:*.wim=01;31:*.swm=01;31:*.dwm=01;31:*.esd=01;31:*.jpg=01;35:*.jpeg=01;35:*.mjpg=01;35:*.mjpeg=01;35:*.gif=01;35:*.bmp=01;35:*.pbm=01;35:*.pgm=01;35:*.ppm=01;35:*.tga=01;35:*.xbm=01;35:*.xpm=01;35:*.tif=01;35:*.tiff=01;35:*.png=01;35:*.svg=01;35:*.svgz=01;35:*.mng=01;35:*.pcx=01;35:*.mov=01;35:*.mpg=01;35:*.mpeg=01;35:*.m2v=01;35:*.mkv=01;35:*.webm=01;35:*.ogm=01;35:*.mp4=01;35:*.m4v=01;35:*.mp4v=01;35:*.vob=01;35:*.qt=01;35:*.nuv=01;35:*.wmv=01;35:*.asf=01;35:*.rm=01;35:*.rmvb=01;35:*.flc=01;35:*.avi=01;35:*.fli=01;35:*.flv=01;35:*.gl=01;35:*.dl=01;35:*.xcf=01;35:*.xwd=01;35:*.yuv=01;35:*.cgm=01;35:*.emf=01;35:*.ogv=01;35:*.ogx=01;35:*.aac=00;36:*.au=00;36:*.flac=00;36:*.m4a=00;36:*.mid=00;36:*.midi=00;36:*.mka=00;36:*.mp3=00;36:*.mpc=00;36:*.ogg=00;36:*.ra=00;36:*.wav=00;36:*.oga=00;36:*.opus=00;36:*.spx=00;36:*.xspf=00;36:'), ('ROS_ROOT', '/opt/ros/humble'), ('AMENT_PREFIX_PATH', '/root/Workspaces/rosgsthumble_ws/install/realsense2_description:/root/Workspaces/rosgsthumble_ws/install/xacro:/root/Workspaces/rosgsthumble_ws/install/webrtc_camera_node:/root/Workspaces/rosgsthumble_ws/install/vision_opencv:/root/Workspaces/rosgsthumble_ws/install/realsense2_camera:/root/Workspaces/rosgsthumble_ws/install/realsense2_camera_msgs:/root/Workspaces/rosgsthumble_ws/install/image_geometry:/root/Workspaces/rosgsthumble_ws/install/gst_pipeline_plugins:/root/Workspaces/rosgsthumble_ws/install/gst_pipeline:/root/Workspaces/rosgsthumble_ws/install/gst_msgs:/root/Workspaces/rosgsthumble_ws/install/gst_bridge:/root/Workspaces/rosgsthumble_ws/install/diagnostics:/root/Workspaces/rosgsthumble_ws/install/diagnostic_common_diagnostics:/root/Workspaces/rosgsthumble_ws/install/diagnostic_updater:/root/Workspaces/rosgsthumble_ws/install/cv_bridge:/root/Workspaces/rosgsthumble_ws/install/audio_msgs:/opt/ros/humble/install'), ('DEBIAN_FRONTEND', 'noninteractive'), ('GST_PLUGIN_PATH', '/root/Workspaces/rosgsthumble_ws/install/gst_bridge/lib/gst_bridge/'), ('SHELL', '/bin/bash'), ('PWD', '/root/Workspaces/rosgsthumble_ws/build/gst_msgs'), ('PYTHONPATH', '/root/Workspaces/rosgsthumble_ws/install/xacro/lib/python3.6/site-packages:/root/Workspaces/rosgsthumble_ws/install/realsense2_camera_msgs/lib/python3.6/site-packages:/root/Workspaces/rosgsthumble_ws/install/image_geometry/lib/python3.6/site-packages:/root/Workspaces/rosgsthumble_ws/install/gst_msgs/lib/python3.6/site-packages:/root/Workspaces/rosgsthumble_ws/install/diagnostic_common_diagnostics/lib/python3.6/site-packages:/root/Workspaces/rosgsthumble_ws/install/diagnostic_updater/lib/python3.6/site-packages:/root/Workspaces/rosgsthumble_ws/install/cv_bridge/lib/python3.6/site-packages:/root/Workspaces/rosgsthumble_ws/install/audio_msgs/lib/python3.6/site-packages:/opt/ros/humble/install/lib/python3.6/site-packages'), ('NVIDIA_VISIBLE_DEVICES', 'all'), ('COLCON', '1'), ('CMAKE_PREFIX_PATH', '/root/Workspaces/rosgsthumble_ws/install/realsense2_description:/root/Workspaces/rosgsthumble_ws/install/xacro:/root/Workspaces/rosgsthumble_ws/install/webrtc_camera_node:/root/Workspaces/rosgsthumble_ws/install/vision_opencv:/root/Workspaces/rosgsthumble_ws/install/realsense2_camera:/root/Workspaces/rosgsthumble_ws/install/realsense2_camera_msgs:/root/Workspaces/rosgsthumble_ws/install/image_geometry:/root/Workspaces/rosgsthumble_ws/install/gst_pipeline_plugins:/root/Workspaces/rosgsthumble_ws/install/gst_pipeline:/root/Workspaces/rosgsthumble_ws/install/gst_msgs:/root/Workspaces/rosgsthumble_ws/install/gst_bridge:/root/Workspaces/rosgsthumble_ws/install/diagnostics:/root/Workspaces/rosgsthumble_ws/install/diagnostic_common_diagnostics:/root/Workspaces/rosgsthumble_ws/install/diagnostic_updater:/root/Workspaces/rosgsthumble_ws/install/cv_bridge:/root/Workspaces/rosgsthumble_ws/install/audio_msgs:/opt/ros/humble/install')]), 'shell': False}
[0.740766] (-) TimerEvent: {}
[0.841745] (-) TimerEvent: {}
[0.942581] (-) TimerEvent: {}
[1.043380] (-) TimerEvent: {}
[1.144200] (-) TimerEvent: {}
[1.245002] (-) TimerEvent: {}
[1.345932] (-) TimerEvent: {}
[1.446853] (-) TimerEvent: {}
[1.504893] (audio_msgs) StdoutLine: {'line': b'-- The C compiler identification is GNU 7.5.0\n'}
[1.505743] (diagnostic_updater) StdoutLine: {'line': b'-- The C compiler identification is GNU 7.5.0\n'}
[1.506709] (cv_bridge) StdoutLine: {'line': b'-- The C compiler identification is GNU 7.5.0\n'}
[1.508383] (gst_msgs) StdoutLine: {'line': b'-- The C compiler identification is GNU 7.5.0\n'}
[1.547033] (-) TimerEvent: {}
[1.648174] (-) TimerEvent: {}
[1.748996] (-) TimerEvent: {}
[1.849808] (-) TimerEvent: {}
[1.950770] (-) TimerEvent: {}
[2.022853] (diagnostic_updater) StdoutLine: {'line': b'-- The CXX compiler identification is GNU 7.5.0\n'}
[2.028863] (gst_msgs) StdoutLine: {'line': b'-- The CXX compiler identification is GNU 7.5.0\n'}
[2.050967] (-) TimerEvent: {}
[2.053448] (cv_bridge) StdoutLine: {'line': b'-- The CXX compiler identification is GNU 7.5.0\n'}
[2.065852] (audio_msgs) StdoutLine: {'line': b'-- The CXX compiler identification is GNU 7.5.0\n'}
[2.133132] (gst_msgs) StdoutLine: {'line': b'-- Detecting C compiler ABI info\n'}
[2.134113] (diagnostic_updater) StdoutLine: {'line': b'-- Detecting C compiler ABI info\n'}
[2.151152] (-) TimerEvent: {}
[2.153161] (cv_bridge) StdoutLine: {'line': b'-- Detecting C compiler ABI info\n'}
[2.171350] (audio_msgs) StdoutLine: {'line': b'-- Detecting C compiler ABI info\n'}
[2.251353] (-) TimerEvent: {}
[2.354270] (-) TimerEvent: {}
[2.426952] (diagnostic_updater) StdoutLine: {'line': b'-- Detecting C compiler ABI info - done\n'}
[2.432083] (gst_msgs) StdoutLine: {'line': b'-- Detecting C compiler ABI info - done\n'}
[2.454480] (-) TimerEvent: {}
[2.459041] (cv_bridge) StdoutLine: {'line': b'-- Detecting C compiler ABI info - done\n'}
[2.469618] (audio_msgs) StdoutLine: {'line': b'-- Detecting C compiler ABI info - done\n'}
[2.485260] (diagnostic_updater) StdoutLine: {'line': b'-- Check for working C compiler: /usr/bin/cc - skipped\n'}
[2.486829] (gst_msgs) StdoutLine: {'line': b'-- Check for working C compiler: /usr/bin/cc - skipped\n'}
[2.488335] (gst_msgs) StdoutLine: {'line': b'-- Detecting C compile features\n'}
[2.488968] (diagnostic_updater) StdoutLine: {'line': b'-- Detecting C compile features\n'}
[2.490694] (diagnostic_updater) StdoutLine: {'line': b'-- Detecting C compile features - done\n'}
[2.491327] (gst_msgs) StdoutLine: {'line': b'-- Detecting C compile features - done\n'}
[2.509866] (cv_bridge) StdoutLine: {'line': b'-- Check for working C compiler: /usr/bin/cc - skipped\n'}
[2.511048] (cv_bridge) StdoutLine: {'line': b'-- Detecting C compile features\n'}
[2.512840] (cv_bridge) StdoutLine: {'line': b'-- Detecting C compile features - done\n'}
[2.537553] (audio_msgs) StdoutLine: {'line': b'-- Check for working C compiler: /usr/bin/cc - skipped\n'}
[2.538748] (audio_msgs) StdoutLine: {'line': b'-- Detecting C compile features\n'}
[2.540610] (audio_msgs) StdoutLine: {'line': b'-- Detecting C compile features - done\n'}
[2.550719] (gst_msgs) StdoutLine: {'line': b'-- Detecting CXX compiler ABI info\n'}
[2.554718] (-) TimerEvent: {}
[2.556726] (diagnostic_updater) StdoutLine: {'line': b'-- Detecting CXX compiler ABI info\n'}
[2.570709] (cv_bridge) StdoutLine: {'line': b'-- Detecting CXX compiler ABI info\n'}
[2.611238] (audio_msgs) StdoutLine: {'line': b'-- Detecting CXX compiler ABI info\n'}
[2.654912] (-) TimerEvent: {}
[2.756351] (-) TimerEvent: {}
[2.856333] (gst_msgs) StdoutLine: {'line': b'-- Detecting CXX compiler ABI info - done\n'}
[2.857211] (-) TimerEvent: {}
[2.890267] (diagnostic_updater) StdoutLine: {'line': b'-- Detecting CXX compiler ABI info - done\n'}
[2.903631] (audio_msgs) StdoutLine: {'line': b'-- Detecting CXX compiler ABI info - done\n'}
[2.904331] (cv_bridge) StdoutLine: {'line': b'-- Detecting CXX compiler ABI info - done\n'}
[2.919256] (gst_msgs) StdoutLine: {'line': b'-- Check for working CXX compiler: /usr/bin/c++ - skipped\n'}
[2.920444] (gst_msgs) StdoutLine: {'line': b'-- Detecting CXX compile features\n'}
[2.922720] (gst_msgs) StdoutLine: {'line': b'-- Detecting CXX compile features - done\n'}
[2.944629] (diagnostic_updater) StdoutLine: {'line': b'-- Check for working CXX compiler: /usr/bin/c++ - skipped\n'}
[2.945991] (diagnostic_updater) StdoutLine: {'line': b'-- Detecting CXX compile features\n'}
[2.948790] (diagnostic_updater) StdoutLine: {'line': b'-- Detecting CXX compile features - done\n'}
[2.953897] (cv_bridge) StdoutLine: {'line': b'-- Check for working CXX compiler: /usr/bin/c++ - skipped\n'}
[2.955228] (cv_bridge) StdoutLine: {'line': b'-- Detecting CXX compile features\n'}
[2.956803] (audio_msgs) StdoutLine: {'line': b'-- Check for working CXX compiler: /usr/bin/c++ - skipped\n'}
[2.957397] (-) TimerEvent: {}
[2.958891] (cv_bridge) StdoutLine: {'line': b'-- Detecting CXX compile features - done\n'}
[2.959804] (audio_msgs) StdoutLine: {'line': b'-- Detecting CXX compile features\n'}
[2.961935] (audio_msgs) StdoutLine: {'line': b'-- Detecting CXX compile features - done\n'}
[2.966682] (gst_msgs) StdoutLine: {'line': b'-- Found ament_cmake: 1.3.5 (/opt/ros/humble/install/share/ament_cmake/cmake)\n'}
[2.968402] (diagnostic_updater) StdoutLine: {'line': b'-- Found ament_cmake: 1.3.5 (/opt/ros/humble/install/share/ament_cmake/cmake)\n'}
[2.974463] (cv_bridge) StdoutLine: {'line': b'-- Found ament_cmake_ros: 0.10.0 (/opt/ros/humble/install/share/ament_cmake_ros/cmake)\n'}
[2.985094] (audio_msgs) StdoutLine: {'line': b'-- Found ament_cmake: 1.3.5 (/opt/ros/humble/install/share/ament_cmake/cmake)\n'}
[3.057615] (-) TimerEvent: {}
[3.159088] (-) TimerEvent: {}
[3.260874] (-) TimerEvent: {}
[3.379235] (-) TimerEvent: {}
[3.480115] (-) TimerEvent: {}
[3.582869] (-) TimerEvent: {}
[3.685513] (-) TimerEvent: {}
[3.787388] (-) TimerEvent: {}
[3.890492] (-) TimerEvent: {}
[3.993065] (-) TimerEvent: {}
[4.017819] (diagnostic_updater) StdoutLine: {'line': b'-- Found Python3: /usr/bin/python3.6 (found version "3.6.9") found components: Interpreter \n'}
[4.093255] (-) TimerEvent: {}
[4.195646] (-) TimerEvent: {}
[4.297258] (-) TimerEvent: {}
[4.398096] (-) TimerEvent: {}
[4.499823] (-) TimerEvent: {}
[4.556515] (diagnostic_updater) StdoutLine: {'line': b'-- Override CMake install command with custom implementation using symlinks instead of copying resources\n'}
[4.600001] (-) TimerEvent: {}
[4.700846] (-) TimerEvent: {}
[4.775207] (diagnostic_updater) StdoutLine: {'line': b'-- Found diagnostic_msgs: 4.2.3 (/opt/ros/humble/install/share/diagnostic_msgs/cmake)\n'}
[4.801037] (-) TimerEvent: {}
[4.901926] (-) TimerEvent: {}
[5.003203] (-) TimerEvent: {}
[5.095123] (diagnostic_updater) StdoutLine: {'line': b'-- Found rosidl_generator_c: 3.1.5 (/opt/ros/humble/install/share/rosidl_generator_c/cmake)\n'}
[5.103389] (-) TimerEvent: {}
[5.141547] (diagnostic_updater) StdoutLine: {'line': b'-- Found rosidl_adapter: 3.1.5 (/opt/ros/humble/install/share/rosidl_adapter/cmake)\n'}
[5.203571] (-) TimerEvent: {}
[5.215190] (diagnostic_updater) StdoutLine: {'line': b'-- Found rosidl_generator_cpp: 3.1.5 (/opt/ros/humble/install/share/rosidl_generator_cpp/cmake)\n'}
[5.303757] (-) TimerEvent: {}
[5.351721] (diagnostic_updater) StdoutLine: {'line': b'-- Using all available rosidl_typesupport_c: rosidl_typesupport_fastrtps_c;rosidl_typesupport_introspection_c\n'}
[5.403943] (-) TimerEvent: {}
[5.506297] (-) TimerEvent: {}
[5.523245] (diagnostic_updater) StdoutLine: {'line': b'-- Using all available rosidl_typesupport_cpp: rosidl_typesupport_fastrtps_cpp;rosidl_typesupport_introspection_cpp\n'}
[5.606486] (-) TimerEvent: {}
[5.707370] (-) TimerEvent: {}
[5.808478] (-) TimerEvent: {}
[5.910820] (-) TimerEvent: {}
[6.013131] (-) TimerEvent: {}
[6.113997] (-) TimerEvent: {}
[6.216757] (-) TimerEvent: {}
[6.319339] (-) TimerEvent: {}
[6.421842] (-) TimerEvent: {}
[6.454701] (diagnostic_updater) StdoutLine: {'line': b'-- Found rclcpp: 16.0.5 (/opt/ros/humble/install/share/rclcpp/cmake)\n'}
[6.522059] (-) TimerEvent: {}
[6.622995] (-) TimerEvent: {}
[6.723840] (-) TimerEvent: {}
[6.825954] (-) TimerEvent: {}
[6.927138] (-) TimerEvent: {}
[6.952300] (diagnostic_updater) StdoutLine: {'line': b'-- Found rmw_implementation_cmake: 6.1.1 (/opt/ros/humble/install/share/rmw_implementation_cmake/cmake)\n'}
[6.980004] (diagnostic_updater) StdoutLine: {'line': b'-- Found rmw_cyclonedds_cpp: 1.3.4 (/opt/ros/humble/install/share/rmw_cyclonedds_cpp/cmake)\n'}
[7.027321] (-) TimerEvent: {}
[7.129953] (-) TimerEvent: {}
[7.232572] (-) TimerEvent: {}
[7.275988] (diagnostic_updater) StdoutLine: {'line': b"-- Using RMW implementation 'rmw_cyclonedds_cpp' as default\n"}
[7.332755] (-) TimerEvent: {}
[7.343357] (diagnostic_updater) StdoutLine: {'line': b'-- Performing Test CMAKE_HAVE_LIBC_PTHREAD\n'}
[7.432945] (-) TimerEvent: {}
[7.536066] (-) TimerEvent: {}
[7.618751] (diagnostic_updater) StdoutLine: {'line': b'-- Performing Test CMAKE_HAVE_LIBC_PTHREAD - Failed\n'}
[7.620447] (diagnostic_updater) StdoutLine: {'line': b'-- Looking for pthread_create in pthreads\n'}
[7.636234] (-) TimerEvent: {}
[7.739134] (-) TimerEvent: {}
[7.840019] (-) TimerEvent: {}
[7.854727] (diagnostic_updater) StdoutLine: {'line': b'-- Looking for pthread_create in pthreads - not found\n'}
[7.856457] (diagnostic_updater) StdoutLine: {'line': b'-- Looking for pthread_create in pthread\n'}
[7.940216] (-) TimerEvent: {}
[8.041097] (-) TimerEvent: {}
[8.125589] (diagnostic_updater) StdoutLine: {'line': b'-- Looking for pthread_create in pthread - found\n'}
[8.130127] (diagnostic_updater) StdoutLine: {'line': b'-- Found Threads: TRUE  \n'}
[8.141284] (-) TimerEvent: {}
[8.244252] (-) TimerEvent: {}
[8.345205] (-) TimerEvent: {}
[8.453113] (-) TimerEvent: {}
[8.554009] (-) TimerEvent: {}
[8.589364] (audio_msgs) StdoutLine: {'line': b'-- Found Python3: /usr/bin/python3.6 (found version "3.6.9") found components: Interpreter \n'}
[8.628581] (gst_msgs) StdoutLine: {'line': b'-- Found Python3: /usr/bin/python3.6 (found version "3.6.9") found components: Interpreter \n'}
[8.654206] (-) TimerEvent: {}
[8.665809] (cv_bridge) StdoutLine: {'line': b'-- Found Python3: /usr/bin/python3.6 (found version "3.6.9") found components: Interpreter \n'}
[8.754688] (-) TimerEvent: {}
[8.855538] (-) TimerEvent: {}
[8.956389] (-) TimerEvent: {}
[9.057216] (-) TimerEvent: {}
[9.078755] (audio_msgs) StdoutLine: {'line': b'-- Override CMake install command with custom implementation using symlinks instead of copying resources\n'}
[9.085351] (diagnostic_updater) StdoutLine: {'line': b'-- Found rclpy: 3.3.9 (/opt/ros/humble/install/share/rclpy/cmake)\n'}
[9.118434] (gst_msgs) StdoutLine: {'line': b'-- Override CMake install command with custom implementation using symlinks instead of copying resources\n'}
[9.123999] (diagnostic_updater) StdoutLine: {'line': b'-- Found ament_lint_auto: 0.12.7 (/opt/ros/humble/install/share/ament_lint_auto/cmake)\n'}
[9.157586] (cv_bridge) StdoutLine: {'line': b'-- Override CMake install command with custom implementation using symlinks instead of copying resources\n'}
[9.158281] (-) TimerEvent: {}
[9.260789] (-) TimerEvent: {}
[9.356268] (audio_msgs) StdoutLine: {'line': b'-- Found std_msgs: 4.2.3 (/opt/ros/humble/install/share/std_msgs/cmake)\n'}
[9.360949] (-) TimerEvent: {}
[9.378002] (gst_msgs) StdoutLine: {'line': b'-- Found std_msgs: 4.2.3 (/opt/ros/humble/install/share/std_msgs/cmake)\n'}
[9.461146] (-) TimerEvent: {}
[9.563357] (-) TimerEvent: {}
[9.595828] (audio_msgs) StdoutLine: {'line': b'-- Found rosidl_generator_c: 3.1.5 (/opt/ros/humble/install/share/rosidl_generator_c/cmake)\n'}
[9.628540] (gst_msgs) StdoutLine: {'line': b'-- Found rosidl_generator_c: 3.1.5 (/opt/ros/humble/install/share/rosidl_generator_c/cmake)\n'}
[9.638762] (audio_msgs) StdoutLine: {'line': b'-- Found rosidl_adapter: 3.1.5 (/opt/ros/humble/install/share/rosidl_adapter/cmake)\n'}
[9.663565] (-) TimerEvent: {}
[9.666459] (gst_msgs) StdoutLine: {'line': b'-- Found rosidl_adapter: 3.1.5 (/opt/ros/humble/install/share/rosidl_adapter/cmake)\n'}
[9.704219] (audio_msgs) StdoutLine: {'line': b'-- Found rosidl_generator_cpp: 3.1.5 (/opt/ros/humble/install/share/rosidl_generator_cpp/cmake)\n'}
[9.732905] (gst_msgs) StdoutLine: {'line': b'-- Found rosidl_generator_cpp: 3.1.5 (/opt/ros/humble/install/share/rosidl_generator_cpp/cmake)\n'}
[9.763727] (-) TimerEvent: {}
[9.810270] (audio_msgs) StdoutLine: {'line': b'-- Using all available rosidl_typesupport_c: rosidl_typesupport_fastrtps_c;rosidl_typesupport_introspection_c\n'}
[9.842707] (gst_msgs) StdoutLine: {'line': b'-- Using all available rosidl_typesupport_c: rosidl_typesupport_fastrtps_c;rosidl_typesupport_introspection_c\n'}
[9.863905] (-) TimerEvent: {}
[9.956364] (audio_msgs) StdoutLine: {'line': b'-- Using all available rosidl_typesupport_cpp: rosidl_typesupport_fastrtps_cpp;rosidl_typesupport_introspection_cpp\n'}
[9.964085] (-) TimerEvent: {}
[9.988392] (gst_msgs) StdoutLine: {'line': b'-- Using all available rosidl_typesupport_cpp: rosidl_typesupport_fastrtps_cpp;rosidl_typesupport_introspection_cpp\n'}
[10.064274] (-) TimerEvent: {}
[10.166673] (-) TimerEvent: {}
[10.268423] (-) TimerEvent: {}
[10.370280] (audio_msgs) StdoutLine: {'line': b'-- Found sensor_msgs: 4.2.3 (/opt/ros/humble/install/share/sensor_msgs/cmake)\n'}
[10.371120] (-) TimerEvent: {}
[10.416301] (gst_msgs) StdoutLine: {'line': b'-- Found rosidl_default_generators: 1.2.0 (/opt/ros/humble/install/share/rosidl_default_generators/cmake)\n'}
[10.436916] (diagnostic_updater) StdoutLine: {'line': b"-- Found gtest sources under '/opt/ros/humble/install/src/gtest_vendor': C++ tests using 'Google Test' will be built\n"}
[10.452066] (diagnostic_updater) StdoutLine: {'line': b'-- Check if compiler accepts -pthread\n'}
[10.471324] (-) TimerEvent: {}
[10.572385] (-) TimerEvent: {}
[10.675022] (-) TimerEvent: {}
[10.732129] (diagnostic_updater) StdoutLine: {'line': b'-- Check if compiler accepts -pthread - yes\n'}
[10.775193] (-) TimerEvent: {}
[10.877381] (-) TimerEvent: {}
[10.980043] (-) TimerEvent: {}
[11.082550] (-) TimerEvent: {}
[11.183466] (-) TimerEvent: {}
[11.279984] (audio_msgs) StdoutLine: {'line': b'-- Found rosidl_default_generators: 1.2.0 (/opt/ros/humble/install/share/rosidl_default_generators/cmake)\n'}
[11.283639] (-) TimerEvent: {}
[11.384546] (-) TimerEvent: {}
[11.486357] (-) TimerEvent: {}
[11.588551] (-) TimerEvent: {}
[11.691150] (-) TimerEvent: {}
[11.793501] (-) TimerEvent: {}
[11.896047] (-) TimerEvent: {}
[11.996840] (-) TimerEvent: {}
[12.097724] (-) TimerEvent: {}
[12.199531] (-) TimerEvent: {}
[12.300365] (-) TimerEvent: {}
[12.401206] (-) TimerEvent: {}
[12.503719] (-) TimerEvent: {}
[12.530530] (cv_bridge) StdoutLine: {'line': b'-- Found Python3: /usr/include/python3.6m (found version "3.6.9") found components: Development NumPy Interpreter Development.Module Development.Embed \n'}
[12.603919] (-) TimerEvent: {}
[12.704804] (-) TimerEvent: {}
[12.805746] (-) TimerEvent: {}
[12.906593] (-) TimerEvent: {}
[13.007951] (-) TimerEvent: {}
[13.108869] (-) TimerEvent: {}
[13.209753] (-) TimerEvent: {}
[13.299513] (cv_bridge) StdoutLine: {'line': b'-- Found Boost: /usr/include (found version "1.65.1") found components: python3 \n'}
[13.309945] (-) TimerEvent: {}
[13.312718] (cv_bridge) StdoutLine: {'line': b'-- Found rcpputils: 2.4.1 (/opt/ros/humble/install/share/rcpputils/cmake)\n'}
[13.364615] (cv_bridge) StdoutLine: {'line': b'-- Found sensor_msgs: 4.2.3 (/opt/ros/humble/install/share/sensor_msgs/cmake)\n'}
[13.410122] (-) TimerEvent: {}
[13.512483] (-) TimerEvent: {}
[13.545118] (cv_bridge) StdoutLine: {'line': b'-- Found rosidl_generator_c: 3.1.5 (/opt/ros/humble/install/share/rosidl_generator_c/cmake)\n'}
[13.581797] (cv_bridge) StdoutLine: {'line': b'-- Found rosidl_adapter: 3.1.5 (/opt/ros/humble/install/share/rosidl_adapter/cmake)\n'}
[13.612726] (-) TimerEvent: {}
[13.643979] (cv_bridge) StdoutLine: {'line': b'-- Found rosidl_generator_cpp: 3.1.5 (/opt/ros/humble/install/share/rosidl_generator_cpp/cmake)\n'}
[13.702110] (gst_msgs) StdoutLine: {'line': b'-- Found ament_cmake_ros: 0.10.0 (/opt/ros/humble/install/share/ament_cmake_ros/cmake)\n'}
[13.712933] (-) TimerEvent: {}
[13.758754] (cv_bridge) StdoutLine: {'line': b'-- Using all available rosidl_typesupport_c: rosidl_typesupport_fastrtps_c;rosidl_typesupport_introspection_c\n'}
[13.813134] (-) TimerEvent: {}
[13.880857] (cv_bridge) StdoutLine: {'line': b'-- Using all available rosidl_typesupport_cpp: rosidl_typesupport_fastrtps_cpp;rosidl_typesupport_introspection_cpp\n'}
[13.913326] (-) TimerEvent: {}
[14.015941] (-) TimerEvent: {}
[14.118603] (-) TimerEvent: {}
[14.143568] (audio_msgs) StdoutLine: {'line': b'-- Found ament_cmake_ros: 0.10.0 (/opt/ros/humble/install/share/ament_cmake_ros/cmake)\n'}
[14.218774] (-) TimerEvent: {}
[14.319583] (-) TimerEvent: {}
[14.422007] (-) TimerEvent: {}
[14.524421] (-) TimerEvent: {}
[14.626790] (-) TimerEvent: {}
[14.729659] (-) TimerEvent: {}
[14.832439] (-) TimerEvent: {}
[14.935301] (-) TimerEvent: {}
[15.037693] (-) TimerEvent: {}
[15.140118] (-) TimerEvent: {}
[15.240946] (-) TimerEvent: {}
[15.343642] (-) TimerEvent: {}
[15.369788] (cv_bridge) StderrLine: {'line': b'\x1b[33mCMake Warning (dev) at /usr/lib/cmake/opencv4/OpenCVConfig.cmake:86 (find_package):\n'}
[15.370640] (cv_bridge) StderrLine: {'line': b'  Policy CMP0146 is not set: The FindCUDA module is removed.  Run "cmake\n'}
[15.371236] (cv_bridge) StderrLine: {'line': b'  --help-policy CMP0146" for policy details.  Use the cmake_policy command to\n'}
[15.371778] (cv_bridge) StderrLine: {'line': b'  set the policy and suppress this warning.\n'}
[15.372340] (cv_bridge) StderrLine: {'line': b'\n'}
[15.372874] (cv_bridge) StderrLine: {'line': b'Call Stack (most recent call first):\n'}
[15.373360] (cv_bridge) StderrLine: {'line': b'  /usr/lib/cmake/opencv4/OpenCVConfig.cmake:108 (find_host_package)\n'}
[15.373837] (cv_bridge) StderrLine: {'line': b'  CMakeLists.txt:39 (find_package)\n'}
[15.374327] (cv_bridge) StderrLine: {'line': b'This warning is for project developers.  Use -Wno-dev to suppress it.\n'}
[15.374922] (cv_bridge) StderrLine: {'line': b'\x1b[0m\n'}
[15.433198] (cv_bridge) StdoutLine: {'line': b'-- Performing Test CMAKE_HAVE_LIBC_PTHREAD\n'}
[15.443823] (-) TimerEvent: {}
[15.546917] (-) TimerEvent: {}
[15.649774] (-) TimerEvent: {}
[15.695969] (cv_bridge) StdoutLine: {'line': b'-- Performing Test CMAKE_HAVE_LIBC_PTHREAD - Failed\n'}
[15.697623] (cv_bridge) StdoutLine: {'line': b'-- Looking for pthread_create in pthreads\n'}
[15.749913] (-) TimerEvent: {}
[15.850773] (-) TimerEvent: {}
[15.930919] (cv_bridge) StdoutLine: {'line': b'-- Looking for pthread_create in pthreads - not found\n'}
[15.932479] (cv_bridge) StdoutLine: {'line': b'-- Looking for pthread_create in pthread\n'}
[15.954793] (-) TimerEvent: {}
[16.057235] (-) TimerEvent: {}
[16.159958] (-) TimerEvent: {}
[16.191891] (cv_bridge) StdoutLine: {'line': b'-- Looking for pthread_create in pthread - found\n'}
[16.197484] (cv_bridge) StdoutLine: {'line': b'-- Found Threads: TRUE  \n'}
[16.243336] (cv_bridge) StdoutLine: {'line': b'-- Found CUDA: /usr/local/cuda-10.2 (found suitable exact version "10.2") \n'}
[16.260156] (-) TimerEvent: {}
[16.362787] (-) TimerEvent: {}
[16.411592] (diagnostic_updater) StdoutLine: {'line': b"-- Added test 'cppcheck' to perform static code analysis on C / C++ code\n"}
[16.415543] (diagnostic_updater) StdoutLine: {'line': b'-- Configured cppcheck include dirs: $<BUILD_INTERFACE:/root/Workspaces/rosgsthumble_ws/src/diagnostics/diagnostic_updater/include>\n'}
[16.416699] (diagnostic_updater) StdoutLine: {'line': b'-- Configured cppcheck exclude dirs and/or files: \n'}
[16.430195] (diagnostic_updater) StdoutLine: {'line': b"-- Added test 'cpplint' to check C / C++ code against the Google style\n"}
[16.431455] (diagnostic_updater) StdoutLine: {'line': b'-- Configured cpplint exclude dirs and/or files: \n'}
[16.439529] (diagnostic_updater) StdoutLine: {'line': b"-- Added test 'lint_cmake' to check CMake code style\n"}
[16.446089] (diagnostic_updater) StdoutLine: {'line': b"-- Added test 'pep257' to check Python code against some of the docstring style conventions in PEP 257\n"}
[16.459774] (diagnostic_updater) StdoutLine: {'line': b"-- Added test 'uncrustify' to check C / C++ code style\n"}
[16.461201] (diagnostic_updater) StdoutLine: {'line': b'-- Configured uncrustify additional arguments: \n'}
[16.462968] (-) TimerEvent: {}
[16.468224] (diagnostic_updater) StdoutLine: {'line': b"-- Added test 'xmllint' to check XML markup files\n"}
[16.496764] (diagnostic_updater) StdoutLine: {'line': b'-- Configuring done (15.5s)\n'}
[16.563150] (-) TimerEvent: {}
[16.618668] (diagnostic_updater) StdoutLine: {'line': b'-- Generating done (0.1s)\n'}
[16.630265] (diagnostic_updater) StdoutLine: {'line': b'-- Build files have been written to: /root/Workspaces/rosgsthumble_ws/build/diagnostic_updater\n'}
[16.663334] (-) TimerEvent: {}
[16.705691] (diagnostic_updater) CommandEnded: {'returncode': 0}
[16.710321] (diagnostic_updater) JobProgress: {'identifier': 'diagnostic_updater', 'progress': 'build'}
[16.710717] (diagnostic_updater) Command: {'cmd': ['/usr/local/bin/cmake', '--build', '/root/Workspaces/rosgsthumble_ws/build/diagnostic_updater', '--', '-j4', '-l4'], 'cwd': '/root/Workspaces/rosgsthumble_ws/build/diagnostic_updater', 'env': OrderedDict([('OPENBLAS_CORETYPE', 'ARMV8'), ('PYTHONIOENCODING', 'utf-8'), ('HOSTNAME', 'nano'), ('LD_LIBRARY_PATH', '/root/Workspaces/rosgsthumble_ws/install/realsense2_camera/lib:/root/Workspaces/rosgsthumble_ws/install/realsense2_camera_msgs/lib:/root/Workspaces/rosgsthumble_ws/install/image_geometry/lib:/root/Workspaces/rosgsthumble_ws/install/gst_pipeline_plugins/lib:/root/Workspaces/rosgsthumble_ws/install/gst_pipeline/lib:/root/Workspaces/rosgsthumble_ws/install/gst_msgs/lib:/root/Workspaces/rosgsthumble_ws/install/gst_bridge/lib:/root/Workspaces/rosgsthumble_ws/install/diagnostic_updater/lib:/root/Workspaces/rosgsthumble_ws/install/cv_bridge/lib:/root/Workspaces/rosgsthumble_ws/install/audio_msgs/lib:/opt/ros/humble/install/opt/rviz_ogre_vendor/lib:/opt/ros/humble/install/lib:/usr/local/cuda-10.2/targets/aarch64-linux/lib:'), ('SHLVL', '1'), ('OLDPWD', '/root/Workspaces'), ('HOME', '/root'), ('ROS_PYTHON_VERSION', '3'), ('COLCON_PREFIX_PATH', '/root/Workspaces/rosgsthumble_ws/install:/opt/ros/humble/install'), ('ROS_DISTRO', 'humble'), ('PULSE_SERVER', 'unix:/run/user/1000/pulse/native'), ('_', '/usr/bin/colcon'), ('ROS_VERSION', '2'), ('NVIDIA_DRIVER_CAPABILITIES', 'compute,utility,graphics'), ('PKG_CONFIG_PATH', '/opt/ros/humble/install/lib/aarch64-linux-gnu/pkgconfig:/opt/ros/humble/install/lib/pkgconfig'), ('TERM', 'xterm'), ('ROS_LOCALHOST_ONLY', '0'), ('PATH', '/root/Workspaces/rosgsthumble_ws/install/xacro/bin:/opt/ros/humble/install/bin:/usr/local/cuda-10.2/bin:/usr/local/cuda/bin:/usr/local/sbin:/usr/local/bin:/usr/sbin:/usr/bin:/sbin:/bin'), ('XDG_RUNTIME_DIR', '/run/user/1000'), ('DISPLAY', ''), ('LANG', 'en_US.UTF-8'), ('RMW_IMPLEMENTATION', 'rmw_cyclonedds_cpp'), ('LS_COLORS', 'rs=0:di=01;34:ln=01;36:mh=00:pi=40;33:so=01;35:do=01;35:bd=40;33;01:cd=40;33;01:or=40;31;01:mi=00:su=37;41:sg=30;43:ca=30;41:tw=30;42:ow=34;42:st=37;44:ex=01;32:*.tar=01;31:*.tgz=01;31:*.arc=01;31:*.arj=01;31:*.taz=01;31:*.lha=01;31:*.lz4=01;31:*.lzh=01;31:*.lzma=01;31:*.tlz=01;31:*.txz=01;31:*.tzo=01;31:*.t7z=01;31:*.zip=01;31:*.z=01;31:*.Z=01;31:*.dz=01;31:*.gz=01;31:*.lrz=01;31:*.lz=01;31:*.lzo=01;31:*.xz=01;31:*.zst=01;31:*.tzst=01;31:*.bz2=01;31:*.bz=01;31:*.tbz=01;31:*.tbz2=01;31:*.tz=01;31:*.deb=01;31:*.rpm=01;31:*.jar=01;31:*.war=01;31:*.ear=01;31:*.sar=01;31:*.rar=01;31:*.alz=01;31:*.ace=01;31:*.zoo=01;31:*.cpio=01;31:*.7z=01;31:*.rz=01;31:*.cab=01;31:*.wim=01;31:*.swm=01;31:*.dwm=01;31:*.esd=01;31:*.jpg=01;35:*.jpeg=01;35:*.mjpg=01;35:*.mjpeg=01;35:*.gif=01;35:*.bmp=01;35:*.pbm=01;35:*.pgm=01;35:*.ppm=01;35:*.tga=01;35:*.xbm=01;35:*.xpm=01;35:*.tif=01;35:*.tiff=01;35:*.png=01;35:*.svg=01;35:*.svgz=01;35:*.mng=01;35:*.pcx=01;35:*.mov=01;35:*.mpg=01;35:*.mpeg=01;35:*.m2v=01;35:*.mkv=01;35:*.webm=01;35:*.ogm=01;35:*.mp4=01;35:*.m4v=01;35:*.mp4v=01;35:*.vob=01;35:*.qt=01;35:*.nuv=01;35:*.wmv=01;35:*.asf=01;35:*.rm=01;35:*.rmvb=01;35:*.flc=01;35:*.avi=01;35:*.fli=01;35:*.flv=01;35:*.gl=01;35:*.dl=01;35:*.xcf=01;35:*.xwd=01;35:*.yuv=01;35:*.cgm=01;35:*.emf=01;35:*.ogv=01;35:*.ogx=01;35:*.aac=00;36:*.au=00;36:*.flac=00;36:*.m4a=00;36:*.mid=00;36:*.midi=00;36:*.mka=00;36:*.mp3=00;36:*.mpc=00;36:*.ogg=00;36:*.ra=00;36:*.wav=00;36:*.oga=00;36:*.opus=00;36:*.spx=00;36:*.xspf=00;36:'), ('ROS_ROOT', '/opt/ros/humble'), ('AMENT_PREFIX_PATH', '/root/Workspaces/rosgsthumble_ws/install/realsense2_description:/root/Workspaces/rosgsthumble_ws/install/xacro:/root/Workspaces/rosgsthumble_ws/install/webrtc_camera_node:/root/Workspaces/rosgsthumble_ws/install/vision_opencv:/root/Workspaces/rosgsthumble_ws/install/realsense2_camera:/root/Workspaces/rosgsthumble_ws/install/realsense2_camera_msgs:/root/Workspaces/rosgsthumble_ws/install/image_geometry:/root/Workspaces/rosgsthumble_ws/install/gst_pipeline_plugins:/root/Workspaces/rosgsthumble_ws/install/gst_pipeline:/root/Workspaces/rosgsthumble_ws/install/gst_msgs:/root/Workspaces/rosgsthumble_ws/install/gst_bridge:/root/Workspaces/rosgsthumble_ws/install/diagnostics:/root/Workspaces/rosgsthumble_ws/install/diagnostic_common_diagnostics:/root/Workspaces/rosgsthumble_ws/install/diagnostic_updater:/root/Workspaces/rosgsthumble_ws/install/cv_bridge:/root/Workspaces/rosgsthumble_ws/install/audio_msgs:/opt/ros/humble/install'), ('DEBIAN_FRONTEND', 'noninteractive'), ('GST_PLUGIN_PATH', '/root/Workspaces/rosgsthumble_ws/install/gst_bridge/lib/gst_bridge/'), ('SHELL', '/bin/bash'), ('PWD', '/root/Workspaces/rosgsthumble_ws/build/diagnostic_updater'), ('PYTHONPATH', '/root/Workspaces/rosgsthumble_ws/install/xacro/lib/python3.6/site-packages:/root/Workspaces/rosgsthumble_ws/install/realsense2_camera_msgs/lib/python3.6/site-packages:/root/Workspaces/rosgsthumble_ws/install/image_geometry/lib/python3.6/site-packages:/root/Workspaces/rosgsthumble_ws/install/gst_msgs/lib/python3.6/site-packages:/root/Workspaces/rosgsthumble_ws/install/diagnostic_common_diagnostics/lib/python3.6/site-packages:/root/Workspaces/rosgsthumble_ws/install/diagnostic_updater/lib/python3.6/site-packages:/root/Workspaces/rosgsthumble_ws/install/cv_bridge/lib/python3.6/site-packages:/root/Workspaces/rosgsthumble_ws/install/audio_msgs/lib/python3.6/site-packages:/opt/ros/humble/install/lib/python3.6/site-packages'), ('NVIDIA_VISIBLE_DEVICES', 'all'), ('COLCON', '1'), ('CMAKE_PREFIX_PATH', '/root/Workspaces/rosgsthumble_ws/install/realsense2_description:/root/Workspaces/rosgsthumble_ws/install/xacro:/root/Workspaces/rosgsthumble_ws/install/webrtc_camera_node:/root/Workspaces/rosgsthumble_ws/install/vision_opencv:/root/Workspaces/rosgsthumble_ws/install/realsense2_camera:/root/Workspaces/rosgsthumble_ws/install/realsense2_camera_msgs:/root/Workspaces/rosgsthumble_ws/install/image_geometry:/root/Workspaces/rosgsthumble_ws/install/gst_pipeline_plugins:/root/Workspaces/rosgsthumble_ws/install/gst_pipeline:/root/Workspaces/rosgsthumble_ws/install/gst_msgs:/root/Workspaces/rosgsthumble_ws/install/gst_bridge:/root/Workspaces/rosgsthumble_ws/install/diagnostics:/root/Workspaces/rosgsthumble_ws/install/diagnostic_common_diagnostics:/root/Workspaces/rosgsthumble_ws/install/diagnostic_updater:/root/Workspaces/rosgsthumble_ws/install/cv_bridge:/root/Workspaces/rosgsthumble_ws/install/audio_msgs:/opt/ros/humble/install')]), 'shell': False}
[16.763540] (-) TimerEvent: {}
[16.865760] (-) TimerEvent: {}
[16.966716] (-) TimerEvent: {}
[17.023508] (diagnostic_updater) StdoutLine: {'line': b'[  0%] Built target ament_cmake_python_symlink_diagnostic_updater\n'}
[17.034813] (diagnostic_updater) StdoutLine: {'line': b'[ 10%] \x1b[32mBuilding CXX object gtest/CMakeFiles/gtest.dir/src/gtest-all.cc.o\x1b[0m\n'}
[17.044175] (cv_bridge) StdoutLine: {'line': b'-- Performing Test COMPILER_HAS_HIDDEN_VISIBILITY\n'}
[17.057817] (diagnostic_updater) StdoutLine: {'line': b'[ 20%] \x1b[32mBuilding CXX object gtest/CMakeFiles/gtest_main.dir/src/gtest_main.cc.o\x1b[0m\n'}
[17.061849] (diagnostic_updater) StdoutLine: {'line': b'[ 30%] \x1b[32mBuilding CXX object CMakeFiles/example.dir/src/example.cpp.o\x1b[0m\n'}
[17.066892] (-) TimerEvent: {}
[17.168590] (-) TimerEvent: {}
[17.271248] (-) TimerEvent: {}
[17.372400] (-) TimerEvent: {}
[17.473511] (-) TimerEvent: {}
[17.574466] (-) TimerEvent: {}
[17.645861] (cv_bridge) StdoutLine: {'line': b'-- Performing Test COMPILER_HAS_HIDDEN_VISIBILITY - Success\n'}
[17.654933] (cv_bridge) StdoutLine: {'line': b'-- Performing Test COMPILER_HAS_HIDDEN_INLINE_VISIBILITY\n'}
[17.674666] (-) TimerEvent: {}
[17.778086] (-) TimerEvent: {}
[17.880309] (-) TimerEvent: {}
[17.981368] (-) TimerEvent: {}
[18.082728] (-) TimerEvent: {}
[18.185229] (-) TimerEvent: {}
[18.251513] (cv_bridge) StdoutLine: {'line': b'-- Performing Test COMPILER_HAS_HIDDEN_INLINE_VISIBILITY - Success\n'}
[18.252953] (cv_bridge) StdoutLine: {'line': b'-- Performing Test COMPILER_HAS_DEPRECATED_ATTR\n'}
[18.285420] (-) TimerEvent: {}
[18.387732] (-) TimerEvent: {}
[18.488616] (-) TimerEvent: {}
[18.591877] (-) TimerEvent: {}
[18.695157] (-) TimerEvent: {}
[18.798173] (-) TimerEvent: {}
[18.901040] (-) TimerEvent: {}
[18.902676] (cv_bridge) StdoutLine: {'line': b'-- Performing Test COMPILER_HAS_DEPRECATED_ATTR - Success\n'}
[18.946130] (cv_bridge) StdoutLine: {'line': b'-- Found ament_lint_auto: 0.12.7 (/opt/ros/humble/install/share/ament_lint_auto/cmake)\n'}
[19.001251] (-) TimerEvent: {}
[19.103980] (-) TimerEvent: {}
[19.204886] (-) TimerEvent: {}
[19.308037] (-) TimerEvent: {}
[19.359282] (diagnostic_updater) StdoutLine: {'line': b'running egg_info\n'}
[19.362614] (diagnostic_updater) StdoutLine: {'line': b'creating diagnostic_updater.egg-info\n'}
[19.363585] (diagnostic_updater) StdoutLine: {'line': b'writing diagnostic_updater.egg-info/PKG-INFO\n'}
[19.364494] (diagnostic_updater) StdoutLine: {'line': b'writing dependency_links to diagnostic_updater.egg-info/dependency_links.txt\n'}
[19.365445] (diagnostic_updater) StdoutLine: {'line': b'writing top-level names to diagnostic_updater.egg-info/top_level.txt\n'}
[19.366550] (diagnostic_updater) StdoutLine: {'line': b"writing manifest file 'diagnostic_updater.egg-info/SOURCES.txt'\n"}
[19.393002] (diagnostic_updater) StdoutLine: {'line': b"reading manifest file 'diagnostic_updater.egg-info/SOURCES.txt'\n"}
[19.408239] (-) TimerEvent: {}
[19.411254] (diagnostic_updater) StdoutLine: {'line': b"writing manifest file 'diagnostic_updater.egg-info/SOURCES.txt'\n"}
[19.508437] (-) TimerEvent: {}
[19.611088] (-) TimerEvent: {}
[19.656666] (diagnostic_updater) StdoutLine: {'line': b'[ 30%] Built target ament_cmake_python_build_diagnostic_updater_egg\n'}
[19.711299] (-) TimerEvent: {}
[19.726912] (gst_msgs) StdoutLine: {'line': b'-- Using all available rosidl_typesupport_c: rosidl_typesupport_fastrtps_c;rosidl_typesupport_introspection_c\n'}
[19.811507] (-) TimerEvent: {}
[19.912500] (-) TimerEvent: {}
[20.014907] (-) TimerEvent: {}
[20.078699] (cv_bridge) StdoutLine: {'line': b"-- Found gtest sources under '/opt/ros/humble/install/src/gtest_vendor': C++ tests using 'Google Test' will be built\n"}
[20.091888] (cv_bridge) StdoutLine: {'line': b'-- Check if compiler accepts -pthread\n'}
[20.115089] (-) TimerEvent: {}
[20.212465] (audio_msgs) StdoutLine: {'line': b'-- Using all available rosidl_typesupport_c: rosidl_typesupport_fastrtps_c;rosidl_typesupport_introspection_c\n'}
[20.215272] (-) TimerEvent: {}
[20.317672] (-) TimerEvent: {}
[20.418720] (-) TimerEvent: {}
[20.519775] (-) TimerEvent: {}
[20.620715] (-) TimerEvent: {}
[20.637425] (cv_bridge) StdoutLine: {'line': b'-- Check if compiler accepts -pthread - yes\n'}
[20.720910] (-) TimerEvent: {}
[20.821926] (-) TimerEvent: {}
[20.922857] (-) TimerEvent: {}
[21.023892] (-) TimerEvent: {}
[21.124772] (-) TimerEvent: {}
[21.227246] (-) TimerEvent: {}
[21.328206] (-) TimerEvent: {}
[21.431222] (-) TimerEvent: {}
[21.534289] (-) TimerEvent: {}
[21.637326] (-) TimerEvent: {}
[21.738425] (-) TimerEvent: {}
[21.839405] (-) TimerEvent: {}
[21.940322] (-) TimerEvent: {}
[22.041212] (-) TimerEvent: {}
[22.062195] (diagnostic_updater) StdoutLine: {'line': b'[ 40%] \x1b[32m\x1b[1mLinking CXX static library libgtest_main.a\x1b[0m\n'}
[22.141420] (-) TimerEvent: {}
[22.242879] (-) TimerEvent: {}
[22.270390] (diagnostic_updater) StdoutLine: {'line': b'[ 40%] Built target gtest_main\n'}
[22.343059] (-) TimerEvent: {}
[22.443953] (-) TimerEvent: {}
[22.545236] (-) TimerEvent: {}
[22.646115] (-) TimerEvent: {}
[22.748915] (-) TimerEvent: {}
[22.851338] (-) TimerEvent: {}
[22.952419] (-) TimerEvent: {}
[23.055484] (-) TimerEvent: {}
[23.156371] (-) TimerEvent: {}
[23.257355] (-) TimerEvent: {}
[23.358371] (-) TimerEvent: {}
[23.394396] (gst_msgs) StdoutLine: {'line': b'-- Using all available rosidl_typesupport_cpp: rosidl_typesupport_fastrtps_cpp;rosidl_typesupport_introspection_cpp\n'}
[23.409813] (gst_msgs) StderrLine: {'line': b'\x1b[33mCMake Warning (dev) at /opt/ros/humble/install/share/rosidl_generator_py/cmake/rosidl_generator_py_generate_interfaces.cmake:20 (find_package):\n'}
[23.410719] (gst_msgs) StderrLine: {'line': b'  Policy CMP0148 is not set: The FindPythonInterp and FindPythonLibs modules\n'}
[23.411326] (gst_msgs) StderrLine: {'line': b'  are removed.  Run "cmake --help-policy CMP0148" for policy details.  Use\n'}
[23.411919] (gst_msgs) StderrLine: {'line': b'  the cmake_policy command to set the policy and suppress this warning.\n'}
[23.412510] (gst_msgs) StderrLine: {'line': b'\n'}
[23.413076] (gst_msgs) StderrLine: {'line': b'Call Stack (most recent call first):\n'}
[23.413619] (gst_msgs) StderrLine: {'line': b'  /opt/ros/humble/install/share/ament_cmake_core/cmake/core/ament_execute_extensions.cmake:48 (include)\n'}
[23.414172] (gst_msgs) StderrLine: {'line': b'  /opt/ros/humble/install/share/rosidl_cmake/cmake/rosidl_generate_interfaces.cmake:286 (ament_execute_extensions)\n'}
[23.414867] (gst_msgs) StderrLine: {'line': b'  CMakeLists.txt:34 (rosidl_generate_interfaces)\n'}
[23.415456] (gst_msgs) StderrLine: {'line': b'This warning is for project developers.  Use -Wno-dev to suppress it.\n'}
[23.416025] (gst_msgs) StderrLine: {'line': b'\x1b[0m\n'}
[23.458600] (-) TimerEvent: {}
[23.559699] (-) TimerEvent: {}
[23.662620] (-) TimerEvent: {}
[23.693186] (gst_msgs) StdoutLine: {'line': b'-- Found PythonInterp: /usr/bin/python3.6 (found suitable version "3.6.9", minimum required is "3.6") \n'}
[23.717162] (gst_msgs) StdoutLine: {'line': b'-- Found python_cmake_module: 0.10.0 (/opt/ros/humble/install/share/python_cmake_module/cmake)\n'}
[23.721076] (gst_msgs) StderrLine: {'line': b'\x1b[33mCMake Warning (dev) at /opt/ros/humble/install/share/python_cmake_module/cmake/Modules/FindPythonExtra.cmake:52 (find_package):\n'}
[23.721957] (gst_msgs) StderrLine: {'line': b'  Policy CMP0148 is not set: The FindPythonInterp and FindPythonLibs modules\n'}
[23.722799] (gst_msgs) StderrLine: {'line': b'  are removed.  Run "cmake --help-policy CMP0148" for policy details.  Use\n'}
[23.723535] (gst_msgs) StderrLine: {'line': b'  the cmake_policy command to set the policy and suppress this warning.\n'}
[23.724230] (gst_msgs) StderrLine: {'line': b'\n'}
[23.724893] (gst_msgs) StderrLine: {'line': b'Call Stack (most recent call first):\n'}
[23.725573] (gst_msgs) StderrLine: {'line': b'  /opt/ros/humble/install/share/rosidl_generator_py/cmake/rosidl_generator_py_generate_interfaces.cmake:23 (find_package)\n'}
[23.726254] (gst_msgs) StderrLine: {'line': b'  /opt/ros/humble/install/share/ament_cmake_core/cmake/core/ament_execute_extensions.cmake:48 (include)\n'}
[23.727057] (gst_msgs) StderrLine: {'line': b'  /opt/ros/humble/install/share/rosidl_cmake/cmake/rosidl_generate_interfaces.cmake:286 (ament_execute_extensions)\n'}
[23.727805] (gst_msgs) StderrLine: {'line': b'  CMakeLists.txt:34 (rosidl_generate_interfaces)\n'}
[23.728508] (gst_msgs) StderrLine: {'line': b'This warning is for project developers.  Use -Wno-dev to suppress it.\n'}
[23.729190] (gst_msgs) StderrLine: {'line': b'\x1b[0m\n'}
[23.762815] (-) TimerEvent: {}
[23.864730] (-) TimerEvent: {}
[23.886731] (audio_msgs) StdoutLine: {'line': b'-- Using all available rosidl_typesupport_cpp: rosidl_typesupport_fastrtps_cpp;rosidl_typesupport_introspection_cpp\n'}
[23.907276] (audio_msgs) StderrLine: {'line': b'\x1b[33mCMake Warning (dev) at /opt/ros/humble/install/share/rosidl_generator_py/cmake/rosidl_generator_py_generate_interfaces.cmake:20 (find_package):\n'}
[23.908116] (audio_msgs) StderrLine: {'line': b'  Policy CMP0148 is not set: The FindPythonInterp and FindPythonLibs modules\n'}
[23.908701] (audio_msgs) StderrLine: {'line': b'  are removed.  Run "cmake --help-policy CMP0148" for policy details.  Use\n'}
[23.909266] (audio_msgs) StderrLine: {'line': b'  the cmake_policy command to set the policy and suppress this warning.\n'}
[23.909798] (audio_msgs) StderrLine: {'line': b'\n'}
[23.910292] (audio_msgs) StderrLine: {'line': b'Call Stack (most recent call first):\n'}
[23.910938] (audio_msgs) StderrLine: {'line': b'  /opt/ros/humble/install/share/ament_cmake_core/cmake/core/ament_execute_extensions.cmake:48 (include)\n'}
[23.911558] (audio_msgs) StderrLine: {'line': b'  /opt/ros/humble/install/share/rosidl_cmake/cmake/rosidl_generate_interfaces.cmake:286 (ament_execute_extensions)\n'}
[23.912157] (audio_msgs) StderrLine: {'line': b'  CMakeLists.txt:29 (rosidl_generate_interfaces)\n'}
[23.912718] (audio_msgs) StderrLine: {'line': b'This warning is for project developers.  Use -Wno-dev to suppress it.\n'}
[23.913303] (audio_msgs) StderrLine: {'line': b'\x1b[0m\n'}
[23.940248] (gst_msgs) StderrLine: {'line': b'\x1b[33mCMake Warning (dev) at /opt/ros/humble/install/share/python_cmake_module/cmake/Modules/FindPythonExtra.cmake:140 (find_package):\n'}
[23.943027] (gst_msgs) StderrLine: {'line': b'  Policy CMP0148 is not set: The FindPythonInterp and FindPythonLibs modules\n'}
[23.943775] (gst_msgs) StderrLine: {'line': b'  are removed.  Run "cmake --help-policy CMP0148" for policy details.  Use\n'}
[23.944459] (gst_msgs) StderrLine: {'line': b'  the cmake_policy command to set the policy and suppress this warning.\n'}
[23.945101] (gst_msgs) StderrLine: {'line': b'\n'}
[23.945697] (gst_msgs) StderrLine: {'line': b'Call Stack (most recent call first):\n'}
[23.946278] (gst_msgs) StderrLine: {'line': b'  /opt/ros/humble/install/share/rosidl_generator_py/cmake/rosidl_generator_py_generate_interfaces.cmake:23 (find_package)\n'}
[23.946996] (gst_msgs) StderrLine: {'line': b'  /opt/ros/humble/install/share/ament_cmake_core/cmake/core/ament_execute_extensions.cmake:48 (include)\n'}
[23.947556] (gst_msgs) StderrLine: {'line': b'  /opt/ros/humble/install/share/rosidl_cmake/cmake/rosidl_generate_interfaces.cmake:286 (ament_execute_extensions)\n'}
[23.948166] (gst_msgs) StderrLine: {'line': b'  CMakeLists.txt:34 (rosidl_generate_interfaces)\n'}
[23.948758] (gst_msgs) StderrLine: {'line': b'This warning is for project developers.  Use -Wno-dev to suppress it.\n'}
[23.949347] (gst_msgs) StderrLine: {'line': b'\x1b[0m\n'}
[23.964928] (-) TimerEvent: {}
[24.007766] (gst_msgs) StdoutLine: {'line': b'-- Found PythonLibs: /usr/lib/aarch64-linux-gnu/libpython3.6m.so (found suitable version "3.6.9", minimum required is "3.5") \n'}
[24.009002] (gst_msgs) StdoutLine: {'line': b'-- Using PYTHON_EXECUTABLE: /usr/bin/python3.6\n'}
[24.009712] (gst_msgs) StdoutLine: {'line': b'-- Using PYTHON_INCLUDE_DIRS: /usr/include/python3.6m\n'}
[24.010394] (gst_msgs) StdoutLine: {'line': b'-- Using PYTHON_LIBRARIES: /usr/lib/aarch64-linux-gnu/libpython3.6m.so\n'}
[24.065126] (-) TimerEvent: {}
[24.113975] (audio_msgs) StdoutLine: {'line': b'-- Found PythonInterp: /usr/bin/python3.6 (found suitable version "3.6.9", minimum required is "3.6") \n'}
[24.137049] (audio_msgs) StdoutLine: {'line': b'-- Found python_cmake_module: 0.10.0 (/opt/ros/humble/install/share/python_cmake_module/cmake)\n'}
[24.139166] (audio_msgs) StderrLine: {'line': b'\x1b[33mCMake Warning (dev) at /opt/ros/humble/install/share/python_cmake_module/cmake/Modules/FindPythonExtra.cmake:52 (find_package):\n'}
[24.139902] (audio_msgs) StderrLine: {'line': b'  Policy CMP0148 is not set: The FindPythonInterp and FindPythonLibs modules\n'}
[24.140531] (audio_msgs) StderrLine: {'line': b'  are removed.  Run "cmake --help-policy CMP0148" for policy details.  Use\n'}
[24.141130] (audio_msgs) StderrLine: {'line': b'  the cmake_policy command to set the policy and suppress this warning.\n'}
[24.141730] (audio_msgs) StderrLine: {'line': b'\n'}
[24.142309] (audio_msgs) StderrLine: {'line': b'Call Stack (most recent call first):\n'}
[24.142981] (audio_msgs) StderrLine: {'line': b'  /opt/ros/humble/install/share/rosidl_generator_py/cmake/rosidl_generator_py_generate_interfaces.cmake:23 (find_package)\n'}
[24.143575] (audio_msgs) StderrLine: {'line': b'  /opt/ros/humble/install/share/ament_cmake_core/cmake/core/ament_execute_extensions.cmake:48 (include)\n'}
[24.144182] (audio_msgs) StderrLine: {'line': b'  /opt/ros/humble/install/share/rosidl_cmake/cmake/rosidl_generate_interfaces.cmake:286 (ament_execute_extensions)\n'}
[24.144727] (audio_msgs) StderrLine: {'line': b'  CMakeLists.txt:29 (rosidl_generate_interfaces)\n'}
[24.145289] (audio_msgs) StderrLine: {'line': b'This warning is for project developers.  Use -Wno-dev to suppress it.\n'}
[24.145866] (audio_msgs) StderrLine: {'line': b'\x1b[0m\n'}
[24.165333] (-) TimerEvent: {}
[24.267398] (-) TimerEvent: {}
[24.273039] (gst_msgs) StdoutLine: {'line': b'-- Found PythonExtra: .so  \n'}
[24.338247] (audio_msgs) StderrLine: {'line': b'\x1b[33mCMake Warning (dev) at /opt/ros/humble/install/share/python_cmake_module/cmake/Modules/FindPythonExtra.cmake:140 (find_package):\n'}
[24.339192] (audio_msgs) StderrLine: {'line': b'  Policy CMP0148 is not set: The FindPythonInterp and FindPythonLibs modules\n'}
[24.339801] (audio_msgs) StderrLine: {'line': b'  are removed.  Run "cmake --help-policy CMP0148" for policy details.  Use\n'}
[24.340340] (audio_msgs) StderrLine: {'line': b'  the cmake_policy command to set the policy and suppress this warning.\n'}
[24.340863] (audio_msgs) StderrLine: {'line': b'\n'}
[24.341382] (audio_msgs) StderrLine: {'line': b'Call Stack (most recent call first):\n'}
[24.341888] (audio_msgs) StderrLine: {'line': b'  /opt/ros/humble/install/share/rosidl_generator_py/cmake/rosidl_generator_py_generate_interfaces.cmake:23 (find_package)\n'}
[24.342445] (audio_msgs) StderrLine: {'line': b'  /opt/ros/humble/install/share/ament_cmake_core/cmake/core/ament_execute_extensions.cmake:48 (include)\n'}
[24.343066] (audio_msgs) StderrLine: {'line': b'  /opt/ros/humble/install/share/rosidl_cmake/cmake/rosidl_generate_interfaces.cmake:286 (ament_execute_extensions)\n'}
[24.343597] (audio_msgs) StderrLine: {'line': b'  CMakeLists.txt:29 (rosidl_generate_interfaces)\n'}
[24.344109] (audio_msgs) StderrLine: {'line': b'This warning is for project developers.  Use -Wno-dev to suppress it.\n'}
[24.344674] (audio_msgs) StderrLine: {'line': b'\x1b[0m\n'}
[24.363993] (audio_msgs) StdoutLine: {'line': b'-- Found PythonLibs: /usr/lib/aarch64-linux-gnu/libpython3.6m.so (found suitable version "3.6.9", minimum required is "3.5") \n'}
[24.365963] (audio_msgs) StdoutLine: {'line': b'-- Using PYTHON_EXECUTABLE: /usr/bin/python3.6\n'}
[24.367153] (audio_msgs) StdoutLine: {'line': b'-- Using PYTHON_INCLUDE_DIRS: /usr/include/python3.6m\n'}
[24.367834] (-) TimerEvent: {}
[24.370615] (audio_msgs) StdoutLine: {'line': b'-- Using PYTHON_LIBRARIES: /usr/lib/aarch64-linux-gnu/libpython3.6m.so\n'}
[24.468045] (-) TimerEvent: {}
[24.506943] (audio_msgs) StdoutLine: {'line': b'-- Found PythonExtra: .so  \n'}
[24.568246] (-) TimerEvent: {}
[24.670466] (-) TimerEvent: {}
[24.771399] (-) TimerEvent: {}
[24.872519] (-) TimerEvent: {}
[24.973407] (-) TimerEvent: {}
[25.075779] (-) TimerEvent: {}
[25.177309] (-) TimerEvent: {}
[25.278161] (-) TimerEvent: {}
[25.380585] (-) TimerEvent: {}
[25.483251] (-) TimerEvent: {}
[25.585853] (-) TimerEvent: {}
[25.688325] (-) TimerEvent: {}
[25.790284] (-) TimerEvent: {}
[25.891480] (-) TimerEvent: {}
[25.896262] (gst_msgs) StdoutLine: {'line': b'-- Using numpy include directory: /usr/local/lib/python3.6/dist-packages/numpy/core/include\n'}
[25.967266] (audio_msgs) StdoutLine: {'line': b'-- Using numpy include directory: /usr/local/lib/python3.6/dist-packages/numpy/core/include\n'}
[25.991673] (-) TimerEvent: {}
[26.093111] (-) TimerEvent: {}
[26.116323] (audio_msgs) StdoutLine: {'line': b'-- Found ament_lint_auto: 0.12.7 (/opt/ros/humble/install/share/ament_lint_auto/cmake)\n'}
[26.193303] (-) TimerEvent: {}
[26.206383] (gst_msgs) StdoutLine: {'line': b'-- Found ament_lint_auto: 0.12.7 (/opt/ros/humble/install/share/ament_lint_auto/cmake)\n'}
[26.293503] (-) TimerEvent: {}
[26.391075] (audio_msgs) StdoutLine: {'line': b"-- Added test 'copyright' to check source files copyright and LICENSE\n"}
[26.393691] (-) TimerEvent: {}
[26.412336] (audio_msgs) StdoutLine: {'line': b"-- Added test 'lint_cmake' to check CMake code style\n"}
[26.419683] (gst_msgs) StdoutLine: {'line': b"-- Added test 'copyright' to check source files copyright and LICENSE\n"}
[26.420620] (audio_msgs) StdoutLine: {'line': b"-- Added test 'xmllint' to check XML markup files\n"}
[26.437360] (gst_msgs) StdoutLine: {'line': b"-- Added test 'lint_cmake' to check CMake code style\n"}
[26.447907] (gst_msgs) StdoutLine: {'line': b"-- Added test 'xmllint' to check XML markup files\n"}
[26.469532] (audio_msgs) StdoutLine: {'line': b'-- Configuring done (25.5s)\n'}
[26.475559] (gst_msgs) StdoutLine: {'line': b'-- Configuring done (25.5s)\n'}
[26.493881] (-) TimerEvent: {}
[26.596523] (-) TimerEvent: {}
[26.698566] (-) TimerEvent: {}
[26.786004] (audio_msgs) StdoutLine: {'line': b'-- Generating done (0.2s)\n'}
[26.798740] (-) TimerEvent: {}
[26.803488] (gst_msgs) StdoutLine: {'line': b'-- Generating done (0.3s)\n'}
[26.804916] (audio_msgs) StdoutLine: {'line': b'-- Build files have been written to: /root/Workspaces/rosgsthumble_ws/build/audio_msgs\n'}
[26.837408] (gst_msgs) StdoutLine: {'line': b'-- Build files have been written to: /root/Workspaces/rosgsthumble_ws/build/gst_msgs\n'}
[26.886972] (audio_msgs) CommandEnded: {'returncode': 0}
[26.888918] (audio_msgs) JobProgress: {'identifier': 'audio_msgs', 'progress': 'build'}
[26.889143] (audio_msgs) Command: {'cmd': ['/usr/local/bin/cmake', '--build', '/root/Workspaces/rosgsthumble_ws/build/audio_msgs', '--', '-j4', '-l4'], 'cwd': '/root/Workspaces/rosgsthumble_ws/build/audio_msgs', 'env': OrderedDict([('OPENBLAS_CORETYPE', 'ARMV8'), ('PYTHONIOENCODING', 'utf-8'), ('HOSTNAME', 'nano'), ('LD_LIBRARY_PATH', '/root/Workspaces/rosgsthumble_ws/install/realsense2_camera/lib:/root/Workspaces/rosgsthumble_ws/install/realsense2_camera_msgs/lib:/root/Workspaces/rosgsthumble_ws/install/image_geometry/lib:/root/Workspaces/rosgsthumble_ws/install/gst_pipeline_plugins/lib:/root/Workspaces/rosgsthumble_ws/install/gst_pipeline/lib:/root/Workspaces/rosgsthumble_ws/install/gst_msgs/lib:/root/Workspaces/rosgsthumble_ws/install/gst_bridge/lib:/root/Workspaces/rosgsthumble_ws/install/diagnostic_updater/lib:/root/Workspaces/rosgsthumble_ws/install/cv_bridge/lib:/root/Workspaces/rosgsthumble_ws/install/audio_msgs/lib:/opt/ros/humble/install/opt/rviz_ogre_vendor/lib:/opt/ros/humble/install/lib:/usr/local/cuda-10.2/targets/aarch64-linux/lib:'), ('SHLVL', '1'), ('OLDPWD', '/root/Workspaces'), ('HOME', '/root'), ('ROS_PYTHON_VERSION', '3'), ('COLCON_PREFIX_PATH', '/root/Workspaces/rosgsthumble_ws/install:/opt/ros/humble/install'), ('ROS_DISTRO', 'humble'), ('PULSE_SERVER', 'unix:/run/user/1000/pulse/native'), ('_', '/usr/bin/colcon'), ('ROS_VERSION', '2'), ('NVIDIA_DRIVER_CAPABILITIES', 'compute,utility,graphics'), ('PKG_CONFIG_PATH', '/opt/ros/humble/install/lib/aarch64-linux-gnu/pkgconfig:/opt/ros/humble/install/lib/pkgconfig'), ('TERM', 'xterm'), ('ROS_LOCALHOST_ONLY', '0'), ('PATH', '/root/Workspaces/rosgsthumble_ws/install/xacro/bin:/opt/ros/humble/install/bin:/usr/local/cuda-10.2/bin:/usr/local/cuda/bin:/usr/local/sbin:/usr/local/bin:/usr/sbin:/usr/bin:/sbin:/bin'), ('XDG_RUNTIME_DIR', '/run/user/1000'), ('DISPLAY', ''), ('LANG', 'en_US.UTF-8'), ('RMW_IMPLEMENTATION', 'rmw_cyclonedds_cpp'), ('LS_COLORS', 'rs=0:di=01;34:ln=01;36:mh=00:pi=40;33:so=01;35:do=01;35:bd=40;33;01:cd=40;33;01:or=40;31;01:mi=00:su=37;41:sg=30;43:ca=30;41:tw=30;42:ow=34;42:st=37;44:ex=01;32:*.tar=01;31:*.tgz=01;31:*.arc=01;31:*.arj=01;31:*.taz=01;31:*.lha=01;31:*.lz4=01;31:*.lzh=01;31:*.lzma=01;31:*.tlz=01;31:*.txz=01;31:*.tzo=01;31:*.t7z=01;31:*.zip=01;31:*.z=01;31:*.Z=01;31:*.dz=01;31:*.gz=01;31:*.lrz=01;31:*.lz=01;31:*.lzo=01;31:*.xz=01;31:*.zst=01;31:*.tzst=01;31:*.bz2=01;31:*.bz=01;31:*.tbz=01;31:*.tbz2=01;31:*.tz=01;31:*.deb=01;31:*.rpm=01;31:*.jar=01;31:*.war=01;31:*.ear=01;31:*.sar=01;31:*.rar=01;31:*.alz=01;31:*.ace=01;31:*.zoo=01;31:*.cpio=01;31:*.7z=01;31:*.rz=01;31:*.cab=01;31:*.wim=01;31:*.swm=01;31:*.dwm=01;31:*.esd=01;31:*.jpg=01;35:*.jpeg=01;35:*.mjpg=01;35:*.mjpeg=01;35:*.gif=01;35:*.bmp=01;35:*.pbm=01;35:*.pgm=01;35:*.ppm=01;35:*.tga=01;35:*.xbm=01;35:*.xpm=01;35:*.tif=01;35:*.tiff=01;35:*.png=01;35:*.svg=01;35:*.svgz=01;35:*.mng=01;35:*.pcx=01;35:*.mov=01;35:*.mpg=01;35:*.mpeg=01;35:*.m2v=01;35:*.mkv=01;35:*.webm=01;35:*.ogm=01;35:*.mp4=01;35:*.m4v=01;35:*.mp4v=01;35:*.vob=01;35:*.qt=01;35:*.nuv=01;35:*.wmv=01;35:*.asf=01;35:*.rm=01;35:*.rmvb=01;35:*.flc=01;35:*.avi=01;35:*.fli=01;35:*.flv=01;35:*.gl=01;35:*.dl=01;35:*.xcf=01;35:*.xwd=01;35:*.yuv=01;35:*.cgm=01;35:*.emf=01;35:*.ogv=01;35:*.ogx=01;35:*.aac=00;36:*.au=00;36:*.flac=00;36:*.m4a=00;36:*.mid=00;36:*.midi=00;36:*.mka=00;36:*.mp3=00;36:*.mpc=00;36:*.ogg=00;36:*.ra=00;36:*.wav=00;36:*.oga=00;36:*.opus=00;36:*.spx=00;36:*.xspf=00;36:'), ('ROS_ROOT', '/opt/ros/humble'), ('AMENT_PREFIX_PATH', '/root/Workspaces/rosgsthumble_ws/install/realsense2_description:/root/Workspaces/rosgsthumble_ws/install/xacro:/root/Workspaces/rosgsthumble_ws/install/webrtc_camera_node:/root/Workspaces/rosgsthumble_ws/install/vision_opencv:/root/Workspaces/rosgsthumble_ws/install/realsense2_camera:/root/Workspaces/rosgsthumble_ws/install/realsense2_camera_msgs:/root/Workspaces/rosgsthumble_ws/install/image_geometry:/root/Workspaces/rosgsthumble_ws/install/gst_pipeline_plugins:/root/Workspaces/rosgsthumble_ws/install/gst_pipeline:/root/Workspaces/rosgsthumble_ws/install/gst_msgs:/root/Workspaces/rosgsthumble_ws/install/gst_bridge:/root/Workspaces/rosgsthumble_ws/install/diagnostics:/root/Workspaces/rosgsthumble_ws/install/diagnostic_common_diagnostics:/root/Workspaces/rosgsthumble_ws/install/diagnostic_updater:/root/Workspaces/rosgsthumble_ws/install/cv_bridge:/root/Workspaces/rosgsthumble_ws/install/audio_msgs:/opt/ros/humble/install'), ('DEBIAN_FRONTEND', 'noninteractive'), ('GST_PLUGIN_PATH', '/root/Workspaces/rosgsthumble_ws/install/gst_bridge/lib/gst_bridge/'), ('SHELL', '/bin/bash'), ('PWD', '/root/Workspaces/rosgsthumble_ws/build/audio_msgs'), ('PYTHONPATH', '/root/Workspaces/rosgsthumble_ws/install/xacro/lib/python3.6/site-packages:/root/Workspaces/rosgsthumble_ws/install/realsense2_camera_msgs/lib/python3.6/site-packages:/root/Workspaces/rosgsthumble_ws/install/image_geometry/lib/python3.6/site-packages:/root/Workspaces/rosgsthumble_ws/install/gst_msgs/lib/python3.6/site-packages:/root/Workspaces/rosgsthumble_ws/install/diagnostic_common_diagnostics/lib/python3.6/site-packages:/root/Workspaces/rosgsthumble_ws/install/diagnostic_updater/lib/python3.6/site-packages:/root/Workspaces/rosgsthumble_ws/install/cv_bridge/lib/python3.6/site-packages:/root/Workspaces/rosgsthumble_ws/install/audio_msgs/lib/python3.6/site-packages:/opt/ros/humble/install/lib/python3.6/site-packages'), ('NVIDIA_VISIBLE_DEVICES', 'all'), ('COLCON', '1'), ('CMAKE_PREFIX_PATH', '/root/Workspaces/rosgsthumble_ws/install/realsense2_description:/root/Workspaces/rosgsthumble_ws/install/xacro:/root/Workspaces/rosgsthumble_ws/install/webrtc_camera_node:/root/Workspaces/rosgsthumble_ws/install/vision_opencv:/root/Workspaces/rosgsthumble_ws/install/realsense2_camera:/root/Workspaces/rosgsthumble_ws/install/realsense2_camera_msgs:/root/Workspaces/rosgsthumble_ws/install/image_geometry:/root/Workspaces/rosgsthumble_ws/install/gst_pipeline_plugins:/root/Workspaces/rosgsthumble_ws/install/gst_pipeline:/root/Workspaces/rosgsthumble_ws/install/gst_msgs:/root/Workspaces/rosgsthumble_ws/install/gst_bridge:/root/Workspaces/rosgsthumble_ws/install/diagnostics:/root/Workspaces/rosgsthumble_ws/install/diagnostic_common_diagnostics:/root/Workspaces/rosgsthumble_ws/install/diagnostic_updater:/root/Workspaces/rosgsthumble_ws/install/cv_bridge:/root/Workspaces/rosgsthumble_ws/install/audio_msgs:/opt/ros/humble/install')]), 'shell': False}
[26.899236] (-) TimerEvent: {}
[26.956533] (gst_msgs) CommandEnded: {'returncode': 0}
[26.961171] (gst_msgs) JobProgress: {'identifier': 'gst_msgs', 'progress': 'build'}
[26.961511] (gst_msgs) Command: {'cmd': ['/usr/local/bin/cmake', '--build', '/root/Workspaces/rosgsthumble_ws/build/gst_msgs', '--', '-j4', '-l4'], 'cwd': '/root/Workspaces/rosgsthumble_ws/build/gst_msgs', 'env': OrderedDict([('OPENBLAS_CORETYPE', 'ARMV8'), ('PYTHONIOENCODING', 'utf-8'), ('HOSTNAME', 'nano'), ('LD_LIBRARY_PATH', '/root/Workspaces/rosgsthumble_ws/install/realsense2_camera/lib:/root/Workspaces/rosgsthumble_ws/install/realsense2_camera_msgs/lib:/root/Workspaces/rosgsthumble_ws/install/image_geometry/lib:/root/Workspaces/rosgsthumble_ws/install/gst_pipeline_plugins/lib:/root/Workspaces/rosgsthumble_ws/install/gst_pipeline/lib:/root/Workspaces/rosgsthumble_ws/install/gst_msgs/lib:/root/Workspaces/rosgsthumble_ws/install/gst_bridge/lib:/root/Workspaces/rosgsthumble_ws/install/diagnostic_updater/lib:/root/Workspaces/rosgsthumble_ws/install/cv_bridge/lib:/root/Workspaces/rosgsthumble_ws/install/audio_msgs/lib:/opt/ros/humble/install/opt/rviz_ogre_vendor/lib:/opt/ros/humble/install/lib:/usr/local/cuda-10.2/targets/aarch64-linux/lib:'), ('SHLVL', '1'), ('OLDPWD', '/root/Workspaces'), ('HOME', '/root'), ('ROS_PYTHON_VERSION', '3'), ('COLCON_PREFIX_PATH', '/root/Workspaces/rosgsthumble_ws/install:/opt/ros/humble/install'), ('ROS_DISTRO', 'humble'), ('PULSE_SERVER', 'unix:/run/user/1000/pulse/native'), ('_', '/usr/bin/colcon'), ('ROS_VERSION', '2'), ('NVIDIA_DRIVER_CAPABILITIES', 'compute,utility,graphics'), ('PKG_CONFIG_PATH', '/opt/ros/humble/install/lib/aarch64-linux-gnu/pkgconfig:/opt/ros/humble/install/lib/pkgconfig'), ('TERM', 'xterm'), ('ROS_LOCALHOST_ONLY', '0'), ('PATH', '/root/Workspaces/rosgsthumble_ws/install/xacro/bin:/opt/ros/humble/install/bin:/usr/local/cuda-10.2/bin:/usr/local/cuda/bin:/usr/local/sbin:/usr/local/bin:/usr/sbin:/usr/bin:/sbin:/bin'), ('XDG_RUNTIME_DIR', '/run/user/1000'), ('DISPLAY', ''), ('LANG', 'en_US.UTF-8'), ('RMW_IMPLEMENTATION', 'rmw_cyclonedds_cpp'), ('LS_COLORS', 'rs=0:di=01;34:ln=01;36:mh=00:pi=40;33:so=01;35:do=01;35:bd=40;33;01:cd=40;33;01:or=40;31;01:mi=00:su=37;41:sg=30;43:ca=30;41:tw=30;42:ow=34;42:st=37;44:ex=01;32:*.tar=01;31:*.tgz=01;31:*.arc=01;31:*.arj=01;31:*.taz=01;31:*.lha=01;31:*.lz4=01;31:*.lzh=01;31:*.lzma=01;31:*.tlz=01;31:*.txz=01;31:*.tzo=01;31:*.t7z=01;31:*.zip=01;31:*.z=01;31:*.Z=01;31:*.dz=01;31:*.gz=01;31:*.lrz=01;31:*.lz=01;31:*.lzo=01;31:*.xz=01;31:*.zst=01;31:*.tzst=01;31:*.bz2=01;31:*.bz=01;31:*.tbz=01;31:*.tbz2=01;31:*.tz=01;31:*.deb=01;31:*.rpm=01;31:*.jar=01;31:*.war=01;31:*.ear=01;31:*.sar=01;31:*.rar=01;31:*.alz=01;31:*.ace=01;31:*.zoo=01;31:*.cpio=01;31:*.7z=01;31:*.rz=01;31:*.cab=01;31:*.wim=01;31:*.swm=01;31:*.dwm=01;31:*.esd=01;31:*.jpg=01;35:*.jpeg=01;35:*.mjpg=01;35:*.mjpeg=01;35:*.gif=01;35:*.bmp=01;35:*.pbm=01;35:*.pgm=01;35:*.ppm=01;35:*.tga=01;35:*.xbm=01;35:*.xpm=01;35:*.tif=01;35:*.tiff=01;35:*.png=01;35:*.svg=01;35:*.svgz=01;35:*.mng=01;35:*.pcx=01;35:*.mov=01;35:*.mpg=01;35:*.mpeg=01;35:*.m2v=01;35:*.mkv=01;35:*.webm=01;35:*.ogm=01;35:*.mp4=01;35:*.m4v=01;35:*.mp4v=01;35:*.vob=01;35:*.qt=01;35:*.nuv=01;35:*.wmv=01;35:*.asf=01;35:*.rm=01;35:*.rmvb=01;35:*.flc=01;35:*.avi=01;35:*.fli=01;35:*.flv=01;35:*.gl=01;35:*.dl=01;35:*.xcf=01;35:*.xwd=01;35:*.yuv=01;35:*.cgm=01;35:*.emf=01;35:*.ogv=01;35:*.ogx=01;35:*.aac=00;36:*.au=00;36:*.flac=00;36:*.m4a=00;36:*.mid=00;36:*.midi=00;36:*.mka=00;36:*.mp3=00;36:*.mpc=00;36:*.ogg=00;36:*.ra=00;36:*.wav=00;36:*.oga=00;36:*.opus=00;36:*.spx=00;36:*.xspf=00;36:'), ('ROS_ROOT', '/opt/ros/humble'), ('AMENT_PREFIX_PATH', '/root/Workspaces/rosgsthumble_ws/install/realsense2_description:/root/Workspaces/rosgsthumble_ws/install/xacro:/root/Workspaces/rosgsthumble_ws/install/webrtc_camera_node:/root/Workspaces/rosgsthumble_ws/install/vision_opencv:/root/Workspaces/rosgsthumble_ws/install/realsense2_camera:/root/Workspaces/rosgsthumble_ws/install/realsense2_camera_msgs:/root/Workspaces/rosgsthumble_ws/install/image_geometry:/root/Workspaces/rosgsthumble_ws/install/gst_pipeline_plugins:/root/Workspaces/rosgsthumble_ws/install/gst_pipeline:/root/Workspaces/rosgsthumble_ws/install/gst_msgs:/root/Workspaces/rosgsthumble_ws/install/gst_bridge:/root/Workspaces/rosgsthumble_ws/install/diagnostics:/root/Workspaces/rosgsthumble_ws/install/diagnostic_common_diagnostics:/root/Workspaces/rosgsthumble_ws/install/diagnostic_updater:/root/Workspaces/rosgsthumble_ws/install/cv_bridge:/root/Workspaces/rosgsthumble_ws/install/audio_msgs:/opt/ros/humble/install'), ('DEBIAN_FRONTEND', 'noninteractive'), ('GST_PLUGIN_PATH', '/root/Workspaces/rosgsthumble_ws/install/gst_bridge/lib/gst_bridge/'), ('SHELL', '/bin/bash'), ('PWD', '/root/Workspaces/rosgsthumble_ws/build/gst_msgs'), ('PYTHONPATH', '/root/Workspaces/rosgsthumble_ws/install/xacro/lib/python3.6/site-packages:/root/Workspaces/rosgsthumble_ws/install/realsense2_camera_msgs/lib/python3.6/site-packages:/root/Workspaces/rosgsthumble_ws/install/image_geometry/lib/python3.6/site-packages:/root/Workspaces/rosgsthumble_ws/install/gst_msgs/lib/python3.6/site-packages:/root/Workspaces/rosgsthumble_ws/install/diagnostic_common_diagnostics/lib/python3.6/site-packages:/root/Workspaces/rosgsthumble_ws/install/diagnostic_updater/lib/python3.6/site-packages:/root/Workspaces/rosgsthumble_ws/install/cv_bridge/lib/python3.6/site-packages:/root/Workspaces/rosgsthumble_ws/install/audio_msgs/lib/python3.6/site-packages:/opt/ros/humble/install/lib/python3.6/site-packages'), ('NVIDIA_VISIBLE_DEVICES', 'all'), ('COLCON', '1'), ('CMAKE_PREFIX_PATH', '/root/Workspaces/rosgsthumble_ws/install/realsense2_description:/root/Workspaces/rosgsthumble_ws/install/xacro:/root/Workspaces/rosgsthumble_ws/install/webrtc_camera_node:/root/Workspaces/rosgsthumble_ws/install/vision_opencv:/root/Workspaces/rosgsthumble_ws/install/realsense2_camera:/root/Workspaces/rosgsthumble_ws/install/realsense2_camera_msgs:/root/Workspaces/rosgsthumble_ws/install/image_geometry:/root/Workspaces/rosgsthumble_ws/install/gst_pipeline_plugins:/root/Workspaces/rosgsthumble_ws/install/gst_pipeline:/root/Workspaces/rosgsthumble_ws/install/gst_msgs:/root/Workspaces/rosgsthumble_ws/install/gst_bridge:/root/Workspaces/rosgsthumble_ws/install/diagnostics:/root/Workspaces/rosgsthumble_ws/install/diagnostic_common_diagnostics:/root/Workspaces/rosgsthumble_ws/install/diagnostic_updater:/root/Workspaces/rosgsthumble_ws/install/cv_bridge:/root/Workspaces/rosgsthumble_ws/install/audio_msgs:/opt/ros/humble/install')]), 'shell': False}
[26.999366] (-) TimerEvent: {}
[27.102222] (-) TimerEvent: {}
[27.204220] (-) TimerEvent: {}
[27.259778] (audio_msgs) StdoutLine: {'line': b'[  3%] \x1b[34m\x1b[1mGenerating C code for ROS interfaces\x1b[0m\n'}
[27.304430] (-) TimerEvent: {}
[27.313731] (audio_msgs) StdoutLine: {'line': b'[  6%] \x1b[34m\x1b[1mGenerating C++ code for ROS interfaces\x1b[0m\n'}
[27.321215] (audio_msgs) StdoutLine: {'line': b'[  6%] Built target ament_cmake_python_symlink_audio_msgs\n'}
[27.404635] (-) TimerEvent: {}
[27.483912] (gst_msgs) StdoutLine: {'line': b'[  1%] \x1b[34m\x1b[1mGenerating C code for ROS interfaces\x1b[0m\n'}
[27.504844] (-) TimerEvent: {}
[27.570298] (gst_msgs) StdoutLine: {'line': b'[  2%] \x1b[34m\x1b[1mGenerating C++ code for ROS interfaces\x1b[0m\n'}
[27.605042] (-) TimerEvent: {}
[27.631420] (gst_msgs) StdoutLine: {'line': b'[  2%] Built target ament_cmake_python_symlink_gst_msgs\n'}
[27.705483] (-) TimerEvent: {}
[27.806459] (-) TimerEvent: {}
[27.907431] (-) TimerEvent: {}
[28.008354] (-) TimerEvent: {}
[28.109182] (-) TimerEvent: {}
[28.211777] (-) TimerEvent: {}
[28.318115] (-) TimerEvent: {}
[28.420762] (-) TimerEvent: {}
[28.541445] (-) TimerEvent: {}
[28.643956] (-) TimerEvent: {}
[28.744955] (-) TimerEvent: {}
[28.845922] (-) TimerEvent: {}
[28.946869] (-) TimerEvent: {}
[29.047755] (-) TimerEvent: {}
[29.150189] (-) TimerEvent: {}
[29.253072] (-) TimerEvent: {}
[29.356298] (-) TimerEvent: {}
[29.459097] (-) TimerEvent: {}
[29.562028] (-) TimerEvent: {}
[29.664788] (-) TimerEvent: {}
[29.767581] (-) TimerEvent: {}
[29.870652] (-) TimerEvent: {}
[29.971732] (-) TimerEvent: {}
[30.073339] (-) TimerEvent: {}
[30.174983] (-) TimerEvent: {}
[30.277985] (-) TimerEvent: {}
[30.380829] (-) TimerEvent: {}
[30.481707] (-) TimerEvent: {}
[30.582611] (-) TimerEvent: {}
[30.683459] (-) TimerEvent: {}
[30.784331] (-) TimerEvent: {}
[30.885708] (-) TimerEvent: {}
[30.987983] (-) TimerEvent: {}
[31.089217] (-) TimerEvent: {}
[31.191132] (-) TimerEvent: {}
[31.293229] (-) TimerEvent: {}
[31.394455] (-) TimerEvent: {}
[31.495830] (-) TimerEvent: {}
[31.579295] (audio_msgs) StdoutLine: {'line': b'running egg_info\n'}
[31.582284] (audio_msgs) StdoutLine: {'line': b'creating audio_msgs.egg-info\n'}
[31.583187] (audio_msgs) StdoutLine: {'line': b'writing audio_msgs.egg-info/PKG-INFO\n'}
[31.584007] (audio_msgs) StdoutLine: {'line': b'writing dependency_links to audio_msgs.egg-info/dependency_links.txt\n'}
[31.584870] (audio_msgs) StdoutLine: {'line': b'writing top-level names to audio_msgs.egg-info/top_level.txt\n'}
[31.585821] (audio_msgs) StdoutLine: {'line': b"writing manifest file 'audio_msgs.egg-info/SOURCES.txt'\n"}
[31.596023] (-) TimerEvent: {}
[31.655253] (audio_msgs) StdoutLine: {'line': b"reading manifest file 'audio_msgs.egg-info/SOURCES.txt'\n"}
[31.660827] (audio_msgs) StdoutLine: {'line': b"writing manifest file 'audio_msgs.egg-info/SOURCES.txt'\n"}
[31.696206] (-) TimerEvent: {}
[31.799101] (-) TimerEvent: {}
[31.901538] (-) TimerEvent: {}
[31.914718] (audio_msgs) StdoutLine: {'line': b'[  6%] Built target ament_cmake_python_build_audio_msgs_egg\n'}
[32.001735] (-) TimerEvent: {}
[32.071368] (gst_msgs) StdoutLine: {'line': b'running egg_info\n'}
[32.074495] (gst_msgs) StdoutLine: {'line': b'creating gst_msgs.egg-info\n'}
[32.075423] (gst_msgs) StdoutLine: {'line': b'writing gst_msgs.egg-info/PKG-INFO\n'}
[32.076259] (gst_msgs) StdoutLine: {'line': b'writing dependency_links to gst_msgs.egg-info/dependency_links.txt\n'}
[32.077120] (gst_msgs) StdoutLine: {'line': b'writing top-level names to gst_msgs.egg-info/top_level.txt\n'}
[32.078155] (gst_msgs) StdoutLine: {'line': b"writing manifest file 'gst_msgs.egg-info/SOURCES.txt'\n"}
[32.101922] (-) TimerEvent: {}
[32.121600] (gst_msgs) StdoutLine: {'line': b"reading manifest file 'gst_msgs.egg-info/SOURCES.txt'\n"}
[32.125960] (gst_msgs) StdoutLine: {'line': b"writing manifest file 'gst_msgs.egg-info/SOURCES.txt'\n"}
[32.202127] (-) TimerEvent: {}
[32.304815] (-) TimerEvent: {}
[32.394883] (gst_msgs) StdoutLine: {'line': b'[  2%] Built target ament_cmake_python_build_gst_msgs_egg\n'}
[32.405022] (-) TimerEvent: {}
[32.507799] (-) TimerEvent: {}
[32.610693] (-) TimerEvent: {}
[32.674037] (audio_msgs) StdoutLine: {'line': b'[  6%] Built target audio_msgs__cpp\n'}
[32.710990] (-) TimerEvent: {}
[32.750194] (audio_msgs) StdoutLine: {'line': b'[  9%] \x1b[34m\x1b[1mGenerating C++ type support dispatch for ROS interfaces\x1b[0m\n'}
[32.751324] (audio_msgs) StdoutLine: {'line': b'[ 12%] \x1b[34m\x1b[1mGenerating C++ introspection for ROS interfaces\x1b[0m\n'}
[32.759132] (audio_msgs) StdoutLine: {'line': b'[ 16%] \x1b[34m\x1b[1mGenerating C++ type support for eProsima Fast-RTPS\x1b[0m\n'}
[32.811158] (-) TimerEvent: {}
[32.913579] (-) TimerEvent: {}
[33.016533] (-) TimerEvent: {}
[33.119582] (-) TimerEvent: {}
[33.222421] (-) TimerEvent: {}
[33.323295] (-) TimerEvent: {}
[33.425996] (-) TimerEvent: {}
[33.527719] (-) TimerEvent: {}
[33.582217] (audio_msgs) StdoutLine: {'line': b'[ 19%] \x1b[32mBuilding C object CMakeFiles/audio_msgs__rosidl_generator_c.dir/rosidl_generator_c/audio_msgs/msg/detail/audio__functions.c.o\x1b[0m\n'}
[33.627907] (-) TimerEvent: {}
[33.730017] (-) TimerEvent: {}
[33.832030] (-) TimerEvent: {}
[33.934886] (-) TimerEvent: {}
[34.037814] (-) TimerEvent: {}
[34.066476] (audio_msgs) StdoutLine: {'line': b'[ 22%] \x1b[32m\x1b[1mLinking C shared library libaudio_msgs__rosidl_generator_c.so\x1b[0m\n'}
[34.138004] (-) TimerEvent: {}
[34.240133] (-) TimerEvent: {}
[34.340974] (-) TimerEvent: {}
[34.358357] (audio_msgs) StdoutLine: {'line': b'[ 22%] Built target audio_msgs__rosidl_generator_c\n'}
[34.441179] (-) TimerEvent: {}
[34.457861] (audio_msgs) StdoutLine: {'line': b'[ 25%] \x1b[34m\x1b[1mGenerating C introspection for ROS interfaces\x1b[0m\n'}
[34.541370] (-) TimerEvent: {}
[34.644248] (-) TimerEvent: {}
[34.706655] (cv_bridge) StdoutLine: {'line': b'-- Configuring done (33.8s)\n'}
[34.744452] (-) TimerEvent: {}
[34.847442] (-) TimerEvent: {}
[34.949600] (-) TimerEvent: {}
[34.954897] (cv_bridge) StdoutLine: {'line': b'-- Generating done (0.2s)\n'}
[34.983829] (cv_bridge) StdoutLine: {'line': b'-- Build files have been written to: /root/Workspaces/rosgsthumble_ws/build/cv_bridge\n'}
[35.049820] (-) TimerEvent: {}
[35.152773] (-) TimerEvent: {}
[35.179086] (cv_bridge) CommandEnded: {'returncode': 0}
[35.181023] (cv_bridge) JobProgress: {'identifier': 'cv_bridge', 'progress': 'build'}
[35.181227] (cv_bridge) Command: {'cmd': ['/usr/local/bin/cmake', '--build', '/root/Workspaces/rosgsthumble_ws/build/cv_bridge', '--', '-j4', '-l4'], 'cwd': '/root/Workspaces/rosgsthumble_ws/build/cv_bridge', 'env': OrderedDict([('OPENBLAS_CORETYPE', 'ARMV8'), ('PYTHONIOENCODING', 'utf-8'), ('HOSTNAME', 'nano'), ('LD_LIBRARY_PATH', '/root/Workspaces/rosgsthumble_ws/install/realsense2_camera/lib:/root/Workspaces/rosgsthumble_ws/install/realsense2_camera_msgs/lib:/root/Workspaces/rosgsthumble_ws/install/image_geometry/lib:/root/Workspaces/rosgsthumble_ws/install/gst_pipeline_plugins/lib:/root/Workspaces/rosgsthumble_ws/install/gst_pipeline/lib:/root/Workspaces/rosgsthumble_ws/install/gst_msgs/lib:/root/Workspaces/rosgsthumble_ws/install/gst_bridge/lib:/root/Workspaces/rosgsthumble_ws/install/diagnostic_updater/lib:/root/Workspaces/rosgsthumble_ws/install/cv_bridge/lib:/root/Workspaces/rosgsthumble_ws/install/audio_msgs/lib:/opt/ros/humble/install/opt/rviz_ogre_vendor/lib:/opt/ros/humble/install/lib:/usr/local/cuda-10.2/targets/aarch64-linux/lib:'), ('SHLVL', '1'), ('OLDPWD', '/root/Workspaces'), ('HOME', '/root'), ('ROS_PYTHON_VERSION', '3'), ('COLCON_PREFIX_PATH', '/root/Workspaces/rosgsthumble_ws/install:/opt/ros/humble/install'), ('ROS_DISTRO', 'humble'), ('PULSE_SERVER', 'unix:/run/user/1000/pulse/native'), ('_', '/usr/bin/colcon'), ('ROS_VERSION', '2'), ('NVIDIA_DRIVER_CAPABILITIES', 'compute,utility,graphics'), ('PKG_CONFIG_PATH', '/opt/ros/humble/install/lib/aarch64-linux-gnu/pkgconfig:/opt/ros/humble/install/lib/pkgconfig'), ('TERM', 'xterm'), ('ROS_LOCALHOST_ONLY', '0'), ('PATH', '/root/Workspaces/rosgsthumble_ws/install/xacro/bin:/opt/ros/humble/install/bin:/usr/local/cuda-10.2/bin:/usr/local/cuda/bin:/usr/local/sbin:/usr/local/bin:/usr/sbin:/usr/bin:/sbin:/bin'), ('XDG_RUNTIME_DIR', '/run/user/1000'), ('DISPLAY', ''), ('LANG', 'en_US.UTF-8'), ('RMW_IMPLEMENTATION', 'rmw_cyclonedds_cpp'), ('LS_COLORS', 'rs=0:di=01;34:ln=01;36:mh=00:pi=40;33:so=01;35:do=01;35:bd=40;33;01:cd=40;33;01:or=40;31;01:mi=00:su=37;41:sg=30;43:ca=30;41:tw=30;42:ow=34;42:st=37;44:ex=01;32:*.tar=01;31:*.tgz=01;31:*.arc=01;31:*.arj=01;31:*.taz=01;31:*.lha=01;31:*.lz4=01;31:*.lzh=01;31:*.lzma=01;31:*.tlz=01;31:*.txz=01;31:*.tzo=01;31:*.t7z=01;31:*.zip=01;31:*.z=01;31:*.Z=01;31:*.dz=01;31:*.gz=01;31:*.lrz=01;31:*.lz=01;31:*.lzo=01;31:*.xz=01;31:*.zst=01;31:*.tzst=01;31:*.bz2=01;31:*.bz=01;31:*.tbz=01;31:*.tbz2=01;31:*.tz=01;31:*.deb=01;31:*.rpm=01;31:*.jar=01;31:*.war=01;31:*.ear=01;31:*.sar=01;31:*.rar=01;31:*.alz=01;31:*.ace=01;31:*.zoo=01;31:*.cpio=01;31:*.7z=01;31:*.rz=01;31:*.cab=01;31:*.wim=01;31:*.swm=01;31:*.dwm=01;31:*.esd=01;31:*.jpg=01;35:*.jpeg=01;35:*.mjpg=01;35:*.mjpeg=01;35:*.gif=01;35:*.bmp=01;35:*.pbm=01;35:*.pgm=01;35:*.ppm=01;35:*.tga=01;35:*.xbm=01;35:*.xpm=01;35:*.tif=01;35:*.tiff=01;35:*.png=01;35:*.svg=01;35:*.svgz=01;35:*.mng=01;35:*.pcx=01;35:*.mov=01;35:*.mpg=01;35:*.mpeg=01;35:*.m2v=01;35:*.mkv=01;35:*.webm=01;35:*.ogm=01;35:*.mp4=01;35:*.m4v=01;35:*.mp4v=01;35:*.vob=01;35:*.qt=01;35:*.nuv=01;35:*.wmv=01;35:*.asf=01;35:*.rm=01;35:*.rmvb=01;35:*.flc=01;35:*.avi=01;35:*.fli=01;35:*.flv=01;35:*.gl=01;35:*.dl=01;35:*.xcf=01;35:*.xwd=01;35:*.yuv=01;35:*.cgm=01;35:*.emf=01;35:*.ogv=01;35:*.ogx=01;35:*.aac=00;36:*.au=00;36:*.flac=00;36:*.m4a=00;36:*.mid=00;36:*.midi=00;36:*.mka=00;36:*.mp3=00;36:*.mpc=00;36:*.ogg=00;36:*.ra=00;36:*.wav=00;36:*.oga=00;36:*.opus=00;36:*.spx=00;36:*.xspf=00;36:'), ('ROS_ROOT', '/opt/ros/humble'), ('AMENT_PREFIX_PATH', '/root/Workspaces/rosgsthumble_ws/install/realsense2_description:/root/Workspaces/rosgsthumble_ws/install/xacro:/root/Workspaces/rosgsthumble_ws/install/webrtc_camera_node:/root/Workspaces/rosgsthumble_ws/install/vision_opencv:/root/Workspaces/rosgsthumble_ws/install/realsense2_camera:/root/Workspaces/rosgsthumble_ws/install/realsense2_camera_msgs:/root/Workspaces/rosgsthumble_ws/install/image_geometry:/root/Workspaces/rosgsthumble_ws/install/gst_pipeline_plugins:/root/Workspaces/rosgsthumble_ws/install/gst_pipeline:/root/Workspaces/rosgsthumble_ws/install/gst_msgs:/root/Workspaces/rosgsthumble_ws/install/gst_bridge:/root/Workspaces/rosgsthumble_ws/install/diagnostics:/root/Workspaces/rosgsthumble_ws/install/diagnostic_common_diagnostics:/root/Workspaces/rosgsthumble_ws/install/diagnostic_updater:/root/Workspaces/rosgsthumble_ws/install/cv_bridge:/root/Workspaces/rosgsthumble_ws/install/audio_msgs:/opt/ros/humble/install'), ('DEBIAN_FRONTEND', 'noninteractive'), ('GST_PLUGIN_PATH', '/root/Workspaces/rosgsthumble_ws/install/gst_bridge/lib/gst_bridge/'), ('SHELL', '/bin/bash'), ('PWD', '/root/Workspaces/rosgsthumble_ws/build/cv_bridge'), ('PYTHONPATH', '/root/Workspaces/rosgsthumble_ws/install/xacro/lib/python3.6/site-packages:/root/Workspaces/rosgsthumble_ws/install/realsense2_camera_msgs/lib/python3.6/site-packages:/root/Workspaces/rosgsthumble_ws/install/image_geometry/lib/python3.6/site-packages:/root/Workspaces/rosgsthumble_ws/install/gst_msgs/lib/python3.6/site-packages:/root/Workspaces/rosgsthumble_ws/install/diagnostic_common_diagnostics/lib/python3.6/site-packages:/root/Workspaces/rosgsthumble_ws/install/diagnostic_updater/lib/python3.6/site-packages:/root/Workspaces/rosgsthumble_ws/install/cv_bridge/lib/python3.6/site-packages:/root/Workspaces/rosgsthumble_ws/install/audio_msgs/lib/python3.6/site-packages:/opt/ros/humble/install/lib/python3.6/site-packages'), ('NVIDIA_VISIBLE_DEVICES', 'all'), ('COLCON', '1'), ('CMAKE_PREFIX_PATH', '/root/Workspaces/rosgsthumble_ws/install/realsense2_description:/root/Workspaces/rosgsthumble_ws/install/xacro:/root/Workspaces/rosgsthumble_ws/install/webrtc_camera_node:/root/Workspaces/rosgsthumble_ws/install/vision_opencv:/root/Workspaces/rosgsthumble_ws/install/realsense2_camera:/root/Workspaces/rosgsthumble_ws/install/realsense2_camera_msgs:/root/Workspaces/rosgsthumble_ws/install/image_geometry:/root/Workspaces/rosgsthumble_ws/install/gst_pipeline_plugins:/root/Workspaces/rosgsthumble_ws/install/gst_pipeline:/root/Workspaces/rosgsthumble_ws/install/gst_msgs:/root/Workspaces/rosgsthumble_ws/install/gst_bridge:/root/Workspaces/rosgsthumble_ws/install/diagnostics:/root/Workspaces/rosgsthumble_ws/install/diagnostic_common_diagnostics:/root/Workspaces/rosgsthumble_ws/install/diagnostic_updater:/root/Workspaces/rosgsthumble_ws/install/cv_bridge:/root/Workspaces/rosgsthumble_ws/install/audio_msgs:/opt/ros/humble/install')]), 'shell': False}
[35.253024] (-) TimerEvent: {}
[35.354088] (-) TimerEvent: {}
[35.455066] (-) TimerEvent: {}
[35.555960] (-) TimerEvent: {}
[35.658439] (-) TimerEvent: {}
[35.760829] (-) TimerEvent: {}
[35.870671] (-) TimerEvent: {}
[35.982772] (-) TimerEvent: {}
[36.086893] (-) TimerEvent: {}
[36.102754] (cv_bridge) StdoutLine: {'line': b'[  6%] \x1b[32mBuilding CXX object gtest/CMakeFiles/gtest.dir/src/gtest-all.cc.o\x1b[0m\n'}
[36.113727] (cv_bridge) StdoutLine: {'line': b'[  6%] Built target ament_cmake_python_symlink_cv_bridge\n'}
[36.127686] (cv_bridge) StdoutLine: {'line': b'[ 12%] \x1b[32mBuilding CXX object gtest/CMakeFiles/gtest_main.dir/src/gtest_main.cc.o\x1b[0m\n'}
[36.150394] (cv_bridge) StdoutLine: {'line': b'[ 18%] \x1b[32mBuilding CXX object src/CMakeFiles/cv_bridge.dir/cv_bridge.cpp.o\x1b[0m\n'}
[36.187070] (-) TimerEvent: {}
[36.288031] (-) TimerEvent: {}
[36.388881] (-) TimerEvent: {}
[36.493942] (-) TimerEvent: {}
[36.594981] (-) TimerEvent: {}
[36.697218] (-) TimerEvent: {}
[36.799075] (-) TimerEvent: {}
[36.901418] (-) TimerEvent: {}
[37.003665] (-) TimerEvent: {}
[37.106281] (-) TimerEvent: {}
[37.209189] (-) TimerEvent: {}
[37.311225] (-) TimerEvent: {}
[37.412305] (-) TimerEvent: {}
[37.514143] (-) TimerEvent: {}
[37.615799] (-) TimerEvent: {}
[37.717172] (-) TimerEvent: {}
[37.821604] (-) TimerEvent: {}
[37.922631] (-) TimerEvent: {}
[38.023637] (-) TimerEvent: {}
[38.126064] (-) TimerEvent: {}
[38.228466] (-) TimerEvent: {}
[38.329505] (-) TimerEvent: {}
[38.430411] (-) TimerEvent: {}
[38.547303] (-) TimerEvent: {}
[38.649720] (-) TimerEvent: {}
[38.752378] (-) TimerEvent: {}
[38.854013] (-) TimerEvent: {}
[38.954873] (-) TimerEvent: {}
[39.055798] (-) TimerEvent: {}
[39.158844] (-) TimerEvent: {}
[39.260096] (-) TimerEvent: {}
[39.360989] (-) TimerEvent: {}
[39.461854] (-) TimerEvent: {}
[39.562808] (-) TimerEvent: {}
[39.666666] (-) TimerEvent: {}
[39.798126] (-) TimerEvent: {}
[39.899558] (-) TimerEvent: {}
[40.004631] (-) TimerEvent: {}
[40.106872] (-) TimerEvent: {}
[40.208907] (-) TimerEvent: {}
[40.286133] (audio_msgs) StdoutLine: {'line': b'[ 29%] \x1b[32mBuilding CXX object CMakeFiles/audio_msgs__rosidl_typesupport_introspection_cpp.dir/rosidl_typesupport_introspection_cpp/audio_msgs/msg/detail/audio__type_support.cpp.o\x1b[0m\n'}
[40.309107] (-) TimerEvent: {}
[40.412333] (-) TimerEvent: {}
[40.514615] (-) TimerEvent: {}
[40.616771] (-) TimerEvent: {}
[40.650024] (audio_msgs) StdoutLine: {'line': b'[ 32%] \x1b[32mBuilding CXX object CMakeFiles/audio_msgs__rosidl_typesupport_cpp.dir/rosidl_typesupport_cpp/audio_msgs/msg/audio__type_support.cpp.o\x1b[0m\n'}
[40.716952] (-) TimerEvent: {}
[40.819152] (-) TimerEvent: {}
[40.921192] (-) TimerEvent: {}
[41.022063] (-) TimerEvent: {}
[41.123045] (-) TimerEvent: {}
[41.225298] (-) TimerEvent: {}
[41.327558] (-) TimerEvent: {}
[41.421528] (audio_msgs) StdoutLine: {'line': b'[ 35%] \x1b[32mBuilding CXX object CMakeFiles/audio_msgs__rosidl_typesupport_fastrtps_cpp.dir/rosidl_typesupport_fastrtps_cpp/audio_msgs/msg/detail/dds_fastrtps/audio__type_support.cpp.o\x1b[0m\n'}
[41.427731] (-) TimerEvent: {}
[41.528591] (-) TimerEvent: {}
[41.631081] (-) TimerEvent: {}
[41.733319] (-) TimerEvent: {}
[41.835697] (-) TimerEvent: {}
[41.938353] (-) TimerEvent: {}
[42.040631] (-) TimerEvent: {}
[42.142114] (audio_msgs) StdoutLine: {'line': b'[ 38%] \x1b[32mBuilding C object CMakeFiles/audio_msgs__rosidl_typesupport_introspection_c.dir/rosidl_typesupport_introspection_c/audio_msgs/msg/detail/audio__type_support.c.o\x1b[0m\n'}
[42.143048] (-) TimerEvent: {}
[42.245155] (-) TimerEvent: {}
[42.347408] (-) TimerEvent: {}
[42.449708] (-) TimerEvent: {}
[42.552059] (-) TimerEvent: {}
[42.598898] (audio_msgs) StdoutLine: {'line': b'[ 41%] \x1b[32m\x1b[1mLinking C shared library libaudio_msgs__rosidl_typesupport_introspection_c.so\x1b[0m\n'}
[42.652253] (-) TimerEvent: {}
[42.766700] (-) TimerEvent: {}
[42.867691] (-) TimerEvent: {}
[42.938917] (audio_msgs) StdoutLine: {'line': b'[ 41%] Built target audio_msgs__rosidl_typesupport_introspection_c\n'}
[42.967881] (-) TimerEvent: {}
[43.069187] (-) TimerEvent: {}
[43.171609] (-) TimerEvent: {}
[43.275245] (-) TimerEvent: {}
[43.314942] (cv_bridge) StdoutLine: {'line': b'running egg_info\n'}
[43.334912] (cv_bridge) StdoutLine: {'line': b'creating cv_bridge.egg-info\n'}
[43.337316] (cv_bridge) StdoutLine: {'line': b'writing cv_bridge.egg-info/PKG-INFO\n'}
[43.346889] (cv_bridge) StdoutLine: {'line': b'writing dependency_links to cv_bridge.egg-info/dependency_links.txt\n'}
[43.358893] (cv_bridge) StdoutLine: {'line': b'writing top-level names to cv_bridge.egg-info/top_level.txt\n'}
[43.359984] (cv_bridge) StdoutLine: {'line': b"writing manifest file 'cv_bridge.egg-info/SOURCES.txt'\n"}
[43.375452] (-) TimerEvent: {}
[43.418880] (cv_bridge) StdoutLine: {'line': b"reading manifest file 'cv_bridge.egg-info/SOURCES.txt'\n"}
[43.443952] (cv_bridge) StdoutLine: {'line': b"writing manifest file 'cv_bridge.egg-info/SOURCES.txt'\n"}
[43.475649] (-) TimerEvent: {}
[43.577056] (-) TimerEvent: {}
[43.678447] (-) TimerEvent: {}
[43.779689] (-) TimerEvent: {}
[43.881398] (-) TimerEvent: {}
[43.974764] (cv_bridge) StdoutLine: {'line': b'[ 18%] Built target ament_cmake_python_build_cv_bridge_egg\n'}
[43.986859] (-) TimerEvent: {}
[44.094689] (-) TimerEvent: {}
[44.098341] (audio_msgs) StdoutLine: {'line': b'[ 45%] \x1b[32m\x1b[1mLinking CXX shared library libaudio_msgs__rosidl_typesupport_cpp.so\x1b[0m\n'}
[44.194885] (-) TimerEvent: {}
[44.297257] (-) TimerEvent: {}
[44.370913] (diagnostic_updater) StdoutLine: {'line': b'[ 50%] \x1b[32m\x1b[1mLinking CXX static library libgtest.a\x1b[0m\n'}
[44.397469] (-) TimerEvent: {}
[44.498637] (-) TimerEvent: {}
[44.570236] (audio_msgs) StdoutLine: {'line': b'[ 45%] Built target audio_msgs__rosidl_typesupport_cpp\n'}
[44.598847] (-) TimerEvent: {}
[44.610080] (audio_msgs) StdoutLine: {'line': b'[ 48%] \x1b[32m\x1b[1mLinking CXX shared library libaudio_msgs__rosidl_typesupport_introspection_cpp.so\x1b[0m\n'}
[44.699028] (-) TimerEvent: {}
[44.799948] (-) TimerEvent: {}
[44.900995] (-) TimerEvent: {}
[44.918575] (diagnostic_updater) StdoutLine: {'line': b'[ 50%] Built target gtest\n'}
[45.001216] (-) TimerEvent: {}
[45.102171] (-) TimerEvent: {}
[45.167085] (gst_msgs) StdoutLine: {'line': b'[  2%] Built target gst_msgs__cpp\n'}
[45.202395] (-) TimerEvent: {}
[45.229038] (cv_bridge) StdoutLine: {'line': b'[ 25%] \x1b[32m\x1b[1mLinking CXX static library libgtest_main.a\x1b[0m\n'}
[45.239923] (audio_msgs) StdoutLine: {'line': b'[ 48%] Built target audio_msgs__rosidl_typesupport_introspection_cpp\n'}
[45.302634] (-) TimerEvent: {}
[45.404582] (-) TimerEvent: {}
[45.432486] (cv_bridge) StdoutLine: {'line': b'[ 25%] Built target gtest_main\n'}
[45.504801] (-) TimerEvent: {}
[45.605833] (-) TimerEvent: {}
[45.710371] (-) TimerEvent: {}
[45.811519] (-) TimerEvent: {}
[45.913961] (-) TimerEvent: {}
[46.006038] (gst_msgs) StdoutLine: {'line': b'[  3%] \x1b[32mBuilding C object CMakeFiles/gst_msgs__rosidl_generator_c.dir/rosidl_generator_c/gst_msgs/msg/detail/frame_gate__functions.c.o\x1b[0m\n'}
[46.015632] (-) TimerEvent: {}
[46.116701] (-) TimerEvent: {}
[46.217752] (-) TimerEvent: {}
[46.318708] (-) TimerEvent: {}
[46.407618] (gst_msgs) StdoutLine: {'line': b'[  5%] \x1b[32mBuilding C object CMakeFiles/gst_msgs__rosidl_generator_c.dir/rosidl_generator_c/gst_msgs/msg/detail/webrtc_ice__functions.c.o\x1b[0m\n'}
[46.417291] (audio_msgs) StdoutLine: {'line': b'[ 51%] \x1b[32m\x1b[1mLinking CXX shared library libaudio_msgs__rosidl_typesupport_fastrtps_cpp.so\x1b[0m\n'}
[46.418880] (-) TimerEvent: {}
[46.521252] (-) TimerEvent: {}
[46.623932] (-) TimerEvent: {}
[46.724971] (-) TimerEvent: {}
[46.753079] (gst_msgs) StdoutLine: {'line': b'[  6%] \x1b[32mBuilding C object CMakeFiles/gst_msgs__rosidl_generator_c.dir/rosidl_generator_c/gst_msgs/msg/detail/buffer_event__functions.c.o\x1b[0m\n'}
[46.825188] (-) TimerEvent: {}
[46.906620] (audio_msgs) StdoutLine: {'line': b'[ 51%] Built target audio_msgs__rosidl_typesupport_fastrtps_cpp\n'}
[46.925408] (-) TimerEvent: {}
[46.962134] (audio_msgs) StdoutLine: {'line': b'[ 54%] \x1b[34m\x1b[1mGenerating C type support for eProsima Fast-RTPS\x1b[0m\n'}
[47.025610] (-) TimerEvent: {}
[47.126694] (-) TimerEvent: {}
[47.151858] (gst_msgs) StdoutLine: {'line': b'[  7%] \x1b[32mBuilding C object CMakeFiles/gst_msgs__rosidl_generator_c.dir/rosidl_generator_c/gst_msgs/msg/detail/clock_observation__functions.c.o\x1b[0m\n'}
[47.226898] (-) TimerEvent: {}
[47.327936] (-) TimerEvent: {}
[47.423390] (gst_msgs) StdoutLine: {'line': b'[  8%] \x1b[32mBuilding C object CMakeFiles/gst_msgs__rosidl_generator_c.dir/rosidl_generator_c/gst_msgs/msg/detail/multifilesink_event__functions.c.o\x1b[0m\n'}
[47.428147] (-) TimerEvent: {}
[47.529129] (-) TimerEvent: {}
[47.630175] (-) TimerEvent: {}
[47.722246] (gst_msgs) StdoutLine: {'line': b'[ 10%] \x1b[32mBuilding C object CMakeFiles/gst_msgs__rosidl_generator_c.dir/rosidl_generator_c/gst_msgs/msg/detail/meta_mark__functions.c.o\x1b[0m\n'}
[47.730388] (-) TimerEvent: {}
[47.832394] (-) TimerEvent: {}
[47.934069] (-) TimerEvent: {}
[48.022931] (gst_msgs) StdoutLine: {'line': b'[ 11%] \x1b[32mBuilding C object CMakeFiles/gst_msgs__rosidl_generator_c.dir/rosidl_generator_c/gst_msgs/srv/detail/seek__functions.c.o\x1b[0m\n'}
[48.034279] (-) TimerEvent: {}
[48.135581] (-) TimerEvent: {}
[48.238317] (-) TimerEvent: {}
[48.344824] (-) TimerEvent: {}
[48.445801] (-) TimerEvent: {}
[48.484887] (gst_msgs) StdoutLine: {'line': b'[ 12%] \x1b[32m\x1b[1mLinking C shared library libgst_msgs__rosidl_generator_c.so\x1b[0m\n'}
[48.546019] (-) TimerEvent: {}
[48.646965] (-) TimerEvent: {}
[48.714887] (gst_msgs) StdoutLine: {'line': b'[ 12%] Built target gst_msgs__rosidl_generator_c\n'}
[48.747169] (-) TimerEvent: {}
[48.770885] (gst_msgs) StdoutLine: {'line': b'[ 13%] \x1b[34m\x1b[1mGenerating C++ introspection for ROS interfaces\x1b[0m\n'}
[48.847360] (-) TimerEvent: {}
[48.950315] (-) TimerEvent: {}
[49.052982] (-) TimerEvent: {}
[49.155201] (-) TimerEvent: {}
[49.257439] (-) TimerEvent: {}
[49.360180] (-) TimerEvent: {}
[49.462590] (-) TimerEvent: {}
[49.565160] (-) TimerEvent: {}
[49.667709] (-) TimerEvent: {}
[49.770078] (-) TimerEvent: {}
[49.875166] (-) TimerEvent: {}
[49.976068] (-) TimerEvent: {}
[50.076942] (-) TimerEvent: {}
[50.181856] (-) TimerEvent: {}
[50.282787] (-) TimerEvent: {}
[50.383671] (-) TimerEvent: {}
[50.484570] (-) TimerEvent: {}
[50.594422] (-) TimerEvent: {}
[50.695646] (-) TimerEvent: {}
[50.796746] (-) TimerEvent: {}
[50.897690] (-) TimerEvent: {}
[51.000310] (-) TimerEvent: {}
[51.101236] (-) TimerEvent: {}
[51.115328] (audio_msgs) StdoutLine: {'line': b'[ 58%] \x1b[32mBuilding CXX object CMakeFiles/audio_msgs__rosidl_typesupport_fastrtps_c.dir/rosidl_typesupport_fastrtps_c/audio_msgs/msg/detail/audio__type_support_c.cpp.o\x1b[0m\n'}
[51.210777] (-) TimerEvent: {}
[51.311957] (-) TimerEvent: {}
[51.414194] (-) TimerEvent: {}
[51.515932] (-) TimerEvent: {}
[51.632965] (-) TimerEvent: {}
[51.735122] (-) TimerEvent: {}
[51.836180] (-) TimerEvent: {}
[51.937181] (-) TimerEvent: {}
[52.039921] (-) TimerEvent: {}
[52.142485] (-) TimerEvent: {}
[52.245060] (-) TimerEvent: {}
[52.345972] (-) TimerEvent: {}
[52.454689] (-) TimerEvent: {}
[52.555735] (-) TimerEvent: {}
[52.656736] (-) TimerEvent: {}
[52.758837] (-) TimerEvent: {}
[52.860023] (-) TimerEvent: {}
[52.961531] (-) TimerEvent: {}
[53.064028] (-) TimerEvent: {}
[53.166669] (-) TimerEvent: {}
[53.268638] (-) TimerEvent: {}
[53.371761] (-) TimerEvent: {}
[53.474038] (-) TimerEvent: {}
[53.576447] (-) TimerEvent: {}
[53.666939] (audio_msgs) StdoutLine: {'line': b'[ 61%] \x1b[32m\x1b[1mLinking CXX shared library libaudio_msgs__rosidl_typesupport_fastrtps_c.so\x1b[0m\n'}
[53.676659] (-) TimerEvent: {}
[53.778789] (-) TimerEvent: {}
[53.879762] (-) TimerEvent: {}
[53.982671] (-) TimerEvent: {}
[54.084829] (-) TimerEvent: {}
[54.155015] (audio_msgs) StdoutLine: {'line': b'[ 61%] Built target audio_msgs__rosidl_typesupport_fastrtps_c\n'}
[54.185041] (-) TimerEvent: {}
[54.191431] (audio_msgs) StdoutLine: {'line': b'[ 64%] \x1b[34m\x1b[1mGenerating C type support dispatch for ROS interfaces\x1b[0m\n'}
[54.285251] (-) TimerEvent: {}
[54.388034] (-) TimerEvent: {}
[54.490623] (-) TimerEvent: {}
[54.593029] (-) TimerEvent: {}
[54.694754] (-) TimerEvent: {}
[54.796058] (-) TimerEvent: {}
[54.897282] (-) TimerEvent: {}
[54.998335] (-) TimerEvent: {}
[55.100579] (-) TimerEvent: {}
[55.201487] (-) TimerEvent: {}
[55.302469] (-) TimerEvent: {}
[55.403580] (-) TimerEvent: {}
[55.504629] (-) TimerEvent: {}
[55.605734] (-) TimerEvent: {}
[55.709333] (-) TimerEvent: {}
[55.790638] (gst_msgs) StdoutLine: {'line': b'[ 15%] \x1b[32mBuilding CXX object CMakeFiles/gst_msgs__rosidl_typesupport_introspection_cpp.dir/rosidl_typesupport_introspection_cpp/gst_msgs/msg/detail/frame_gate__type_support.cpp.o\x1b[0m\n'}
[55.809534] (-) TimerEvent: {}
[55.910724] (-) TimerEvent: {}
[56.011703] (-) TimerEvent: {}
[56.112724] (-) TimerEvent: {}
[56.214230] (-) TimerEvent: {}
[56.315374] (-) TimerEvent: {}
[56.416371] (-) TimerEvent: {}
[56.517286] (-) TimerEvent: {}
[56.618208] (-) TimerEvent: {}
[56.719155] (-) TimerEvent: {}
[56.820179] (-) TimerEvent: {}
[56.921194] (-) TimerEvent: {}
[57.023026] (-) TimerEvent: {}
[57.123926] (-) TimerEvent: {}
[57.225786] (-) TimerEvent: {}
[57.326670] (-) TimerEvent: {}
[57.427555] (-) TimerEvent: {}
[57.528531] (-) TimerEvent: {}
[57.533743] (gst_msgs) StdoutLine: {'line': b'[ 16%] \x1b[32mBuilding CXX object CMakeFiles/gst_msgs__rosidl_typesupport_introspection_cpp.dir/rosidl_typesupport_introspection_cpp/gst_msgs/msg/detail/webrtc_ice__type_support.cpp.o\x1b[0m\n'}
[57.628752] (-) TimerEvent: {}
[57.663063] (audio_msgs) StdoutLine: {'line': b'[ 67%] \x1b[32mBuilding CXX object CMakeFiles/audio_msgs__rosidl_typesupport_c.dir/rosidl_typesupport_c/audio_msgs/msg/audio__type_support.cpp.o\x1b[0m\n'}
[57.728955] (-) TimerEvent: {}
[57.830579] (-) TimerEvent: {}
[57.932908] (-) TimerEvent: {}
[57.935558] (audio_msgs) StdoutLine: {'line': b'[ 70%] \x1b[32m\x1b[1mLinking CXX shared library libaudio_msgs__rosidl_typesupport_c.so\x1b[0m\n'}
[58.033126] (-) TimerEvent: {}
[58.134115] (-) TimerEvent: {}
[58.179124] (audio_msgs) StdoutLine: {'line': b'[ 70%] Built target audio_msgs__rosidl_typesupport_c\n'}
[58.196670] (cv_bridge) StdoutLine: {'line': b'[ 31%] \x1b[32m\x1b[1mLinking CXX static library libgtest.a\x1b[0m\n'}
[58.234327] (-) TimerEvent: {}
[58.306837] (audio_msgs) StdoutLine: {'line': b'[ 70%] Built target audio_msgs\n'}
[58.334566] (-) TimerEvent: {}
[58.426083] (audio_msgs) StdoutLine: {'line': b'[ 74%] \x1b[34m\x1b[1mGenerating Python code for ROS interfaces\x1b[0m\n'}
[58.434747] (-) TimerEvent: {}
[58.536937] (-) TimerEvent: {}
[58.564552] (cv_bridge) StdoutLine: {'line': b'[ 31%] Built target gtest\n'}
[58.637159] (-) TimerEvent: {}
[58.738064] (-) TimerEvent: {}
[58.839037] (-) TimerEvent: {}
[58.940756] (-) TimerEvent: {}
[59.042650] (-) TimerEvent: {}
[59.144409] (-) TimerEvent: {}
[59.198823] (gst_msgs) StdoutLine: {'line': b'[ 17%] \x1b[32mBuilding CXX object CMakeFiles/gst_msgs__rosidl_typesupport_introspection_cpp.dir/rosidl_typesupport_introspection_cpp/gst_msgs/msg/detail/buffer_event__type_support.cpp.o\x1b[0m\n'}
[59.244615] (-) TimerEvent: {}
[59.346580] (-) TimerEvent: {}
[59.447552] (-) TimerEvent: {}
[59.551149] (-) TimerEvent: {}
[59.653231] (-) TimerEvent: {}
[59.755572] (-) TimerEvent: {}
[59.857947] (-) TimerEvent: {}
[59.960491] (-) TimerEvent: {}
[60.061491] (-) TimerEvent: {}
[60.163303] (-) TimerEvent: {}
[60.265575] (-) TimerEvent: {}
[60.367457] (-) TimerEvent: {}
[60.443127] (gst_msgs) StdoutLine: {'line': b'[ 18%] \x1b[32mBuilding CXX object CMakeFiles/gst_msgs__rosidl_typesupport_introspection_cpp.dir/rosidl_typesupport_introspection_cpp/gst_msgs/msg/detail/clock_observation__type_support.cpp.o\x1b[0m\n'}
[60.467664] (-) TimerEvent: {}
[60.569492] (-) TimerEvent: {}
[60.671551] (-) TimerEvent: {}
[60.773178] (-) TimerEvent: {}
[60.874410] (-) TimerEvent: {}
[60.976692] (-) TimerEvent: {}
[61.079089] (-) TimerEvent: {}
[61.180118] (-) TimerEvent: {}
[61.282728] (-) TimerEvent: {}
[61.386442] (-) TimerEvent: {}
[61.489264] (-) TimerEvent: {}
[61.591878] (-) TimerEvent: {}
[61.696815] (-) TimerEvent: {}
[61.798146] (-) TimerEvent: {}
[61.847335] (gst_msgs) StdoutLine: {'line': b'[ 20%] \x1b[32mBuilding CXX object CMakeFiles/gst_msgs__rosidl_typesupport_introspection_cpp.dir/rosidl_typesupport_introspection_cpp/gst_msgs/msg/detail/multifilesink_event__type_support.cpp.o\x1b[0m\n'}
[61.898349] (-) TimerEvent: {}
[62.000717] (-) TimerEvent: {}
[62.102973] (-) TimerEvent: {}
[62.205318] (-) TimerEvent: {}
[62.307736] (-) TimerEvent: {}
[62.410273] (-) TimerEvent: {}
[62.512037] (-) TimerEvent: {}
[62.613044] (-) TimerEvent: {}
[62.714087] (-) TimerEvent: {}
[62.815044] (-) TimerEvent: {}
[62.820964] (diagnostic_updater) StdoutLine: {'line': b'[ 60%] \x1b[32m\x1b[1mLinking CXX executable example\x1b[0m\n'}
[62.915256] (-) TimerEvent: {}
[63.016386] (-) TimerEvent: {}
[63.056257] (audio_msgs) StdoutLine: {'line': b'[ 74%] Built target audio_msgs__py\n'}
[63.103873] (audio_msgs) StdoutLine: {'line': b'[ 77%] \x1b[32mBuilding C object CMakeFiles/audio_msgs__rosidl_generator_py.dir/rosidl_generator_py/audio_msgs/msg/_audio_s.c.o\x1b[0m\n'}
[63.116770] (-) TimerEvent: {}
[63.218797] (-) TimerEvent: {}
[63.222704] (gst_msgs) StdoutLine: {'line': b'[ 21%] \x1b[32mBuilding CXX object CMakeFiles/gst_msgs__rosidl_typesupport_introspection_cpp.dir/rosidl_typesupport_introspection_cpp/gst_msgs/msg/detail/meta_mark__type_support.cpp.o\x1b[0m\n'}
[63.319019] (-) TimerEvent: {}
[63.351340] (cv_bridge) StdoutLine: {'line': b'[ 37%] \x1b[32mBuilding CXX object src/CMakeFiles/cv_bridge.dir/rgb_colors.cpp.o\x1b[0m\n'}
[63.419220] (-) TimerEvent: {}
[63.521948] (-) TimerEvent: {}
[63.634090] (-) TimerEvent: {}
[63.736573] (-) TimerEvent: {}
[63.768091] (audio_msgs) StdoutLine: {'line': b'[ 80%] \x1b[32m\x1b[1mLinking C shared library rosidl_generator_py/audio_msgs/libaudio_msgs__rosidl_generator_py.so\x1b[0m\n'}
[63.836788] (-) TimerEvent: {}
[63.891607] (audio_msgs) StdoutLine: {'line': b'[ 80%] Built target audio_msgs__rosidl_generator_py\n'}
[63.934753] (audio_msgs) StdoutLine: {'line': b'[ 83%] \x1b[32mBuilding C object CMakeFiles/audio_msgs__rosidl_typesupport_fastrtps_c__pyext.dir/rosidl_generator_py/audio_msgs/_audio_msgs_s.ep.rosidl_typesupport_fastrtps_c.c.o\x1b[0m\n'}
[63.937374] (-) TimerEvent: {}
[64.038412] (-) TimerEvent: {}
[64.142742] (-) TimerEvent: {}
[64.167980] (diagnostic_updater) StdoutLine: {'line': b'[ 60%] Built target example\n'}
[64.215460] (diagnostic_updater) StdoutLine: {'line': b'[ 70%] \x1b[32mBuilding CXX object CMakeFiles/diagnostic_status_wrapper_test.dir/test/diagnostic_status_wrapper_test.cpp.o\x1b[0m\n'}
[64.242945] (-) TimerEvent: {}
[64.311347] (audio_msgs) StdoutLine: {'line': b'[ 87%] \x1b[32m\x1b[1mLinking C shared library rosidl_generator_py/audio_msgs/audio_msgs_s__rosidl_typesupport_fastrtps_c.cpython-36m-aarch64-linux-gnu.so\x1b[0m\n'}
[64.343142] (-) TimerEvent: {}
[64.430788] (audio_msgs) StdoutLine: {'line': b'[ 87%] Built target audio_msgs__rosidl_typesupport_fastrtps_c__pyext\n'}
[64.443340] (-) TimerEvent: {}
[64.471312] (audio_msgs) StdoutLine: {'line': b'[ 90%] \x1b[32mBuilding C object CMakeFiles/audio_msgs__rosidl_typesupport_c__pyext.dir/rosidl_generator_py/audio_msgs/_audio_msgs_s.ep.rosidl_typesupport_c.c.o\x1b[0m\n'}
[64.543535] (-) TimerEvent: {}
[64.603605] (gst_msgs) StdoutLine: {'line': b'[ 22%] \x1b[32mBuilding CXX object CMakeFiles/gst_msgs__rosidl_typesupport_introspection_cpp.dir/rosidl_typesupport_introspection_cpp/gst_msgs/srv/detail/seek__type_support.cpp.o\x1b[0m\n'}
[64.645181] (-) TimerEvent: {}
[64.754749] (-) TimerEvent: {}
[64.831726] (audio_msgs) StdoutLine: {'line': b'[ 93%] \x1b[32m\x1b[1mLinking C shared library rosidl_generator_py/audio_msgs/audio_msgs_s__rosidl_typesupport_c.cpython-36m-aarch64-linux-gnu.so\x1b[0m\n'}
[64.854940] (-) TimerEvent: {}
[64.945187] (audio_msgs) StdoutLine: {'line': b'[ 93%] Built target audio_msgs__rosidl_typesupport_c__pyext\n'}
[64.955130] (-) TimerEvent: {}
[64.985042] (audio_msgs) StdoutLine: {'line': b'[ 96%] \x1b[32mBuilding C object CMakeFiles/audio_msgs__rosidl_typesupport_introspection_c__pyext.dir/rosidl_generator_py/audio_msgs/_audio_msgs_s.ep.rosidl_typesupport_introspection_c.c.o\x1b[0m\n'}
[65.055337] (-) TimerEvent: {}
[65.156320] (-) TimerEvent: {}
[65.257226] (-) TimerEvent: {}
[65.329037] (audio_msgs) StdoutLine: {'line': b'[100%] \x1b[32m\x1b[1mLinking C shared library rosidl_generator_py/audio_msgs/audio_msgs_s__rosidl_typesupport_introspection_c.cpython-36m-aarch64-linux-gnu.so\x1b[0m\n'}
[65.357447] (-) TimerEvent: {}
[65.459822] (-) TimerEvent: {}
[65.469637] (audio_msgs) StdoutLine: {'line': b'[100%] Built target audio_msgs__rosidl_typesupport_introspection_c__pyext\n'}
[65.520959] (audio_msgs) CommandEnded: {'returncode': 0}
[65.560185] (-) TimerEvent: {}
[65.662292] (-) TimerEvent: {}
[65.763640] (-) TimerEvent: {}
[65.864834] (-) TimerEvent: {}
[65.943007] (gst_msgs) StdoutLine: {'line': b'[ 24%] \x1b[32m\x1b[1mLinking CXX shared library libgst_msgs__rosidl_typesupport_introspection_cpp.so\x1b[0m\n'}
[65.965023] (-) TimerEvent: {}
[66.023918] (audio_msgs) JobProgress: {'identifier': 'audio_msgs', 'progress': 'install'}
[66.065405] (-) TimerEvent: {}
[66.167007] (-) TimerEvent: {}
[66.173799] (gst_msgs) StdoutLine: {'line': b'[ 24%] Built target gst_msgs__rosidl_typesupport_introspection_cpp\n'}
[66.194955] (gst_msgs) StdoutLine: {'line': b'[ 25%] \x1b[34m\x1b[1mGenerating C type support for eProsima Fast-RTPS\x1b[0m\n'}
[66.270467] (-) TimerEvent: {}
[66.272941] (audio_msgs) Command: {'cmd': ['/usr/local/bin/cmake', '--install', '/root/Workspaces/rosgsthumble_ws/build/audio_msgs'], 'cwd': '/root/Workspaces/rosgsthumble_ws/build/audio_msgs', 'env': OrderedDict([('OPENBLAS_CORETYPE', 'ARMV8'), ('PYTHONIOENCODING', 'utf-8'), ('HOSTNAME', 'nano'), ('LD_LIBRARY_PATH', '/root/Workspaces/rosgsthumble_ws/install/realsense2_camera/lib:/root/Workspaces/rosgsthumble_ws/install/realsense2_camera_msgs/lib:/root/Workspaces/rosgsthumble_ws/install/image_geometry/lib:/root/Workspaces/rosgsthumble_ws/install/gst_pipeline_plugins/lib:/root/Workspaces/rosgsthumble_ws/install/gst_pipeline/lib:/root/Workspaces/rosgsthumble_ws/install/gst_msgs/lib:/root/Workspaces/rosgsthumble_ws/install/gst_bridge/lib:/root/Workspaces/rosgsthumble_ws/install/diagnostic_updater/lib:/root/Workspaces/rosgsthumble_ws/install/cv_bridge/lib:/root/Workspaces/rosgsthumble_ws/install/audio_msgs/lib:/opt/ros/humble/install/opt/rviz_ogre_vendor/lib:/opt/ros/humble/install/lib:/usr/local/cuda-10.2/targets/aarch64-linux/lib:'), ('SHLVL', '1'), ('OLDPWD', '/root/Workspaces'), ('HOME', '/root'), ('ROS_PYTHON_VERSION', '3'), ('COLCON_PREFIX_PATH', '/root/Workspaces/rosgsthumble_ws/install:/opt/ros/humble/install'), ('ROS_DISTRO', 'humble'), ('PULSE_SERVER', 'unix:/run/user/1000/pulse/native'), ('_', '/usr/bin/colcon'), ('ROS_VERSION', '2'), ('NVIDIA_DRIVER_CAPABILITIES', 'compute,utility,graphics'), ('PKG_CONFIG_PATH', '/opt/ros/humble/install/lib/aarch64-linux-gnu/pkgconfig:/opt/ros/humble/install/lib/pkgconfig'), ('TERM', 'xterm'), ('ROS_LOCALHOST_ONLY', '0'), ('PATH', '/root/Workspaces/rosgsthumble_ws/install/xacro/bin:/opt/ros/humble/install/bin:/usr/local/cuda-10.2/bin:/usr/local/cuda/bin:/usr/local/sbin:/usr/local/bin:/usr/sbin:/usr/bin:/sbin:/bin'), ('XDG_RUNTIME_DIR', '/run/user/1000'), ('DISPLAY', ''), ('LANG', 'en_US.UTF-8'), ('RMW_IMPLEMENTATION', 'rmw_cyclonedds_cpp'), ('LS_COLORS', 'rs=0:di=01;34:ln=01;36:mh=00:pi=40;33:so=01;35:do=01;35:bd=40;33;01:cd=40;33;01:or=40;31;01:mi=00:su=37;41:sg=30;43:ca=30;41:tw=30;42:ow=34;42:st=37;44:ex=01;32:*.tar=01;31:*.tgz=01;31:*.arc=01;31:*.arj=01;31:*.taz=01;31:*.lha=01;31:*.lz4=01;31:*.lzh=01;31:*.lzma=01;31:*.tlz=01;31:*.txz=01;31:*.tzo=01;31:*.t7z=01;31:*.zip=01;31:*.z=01;31:*.Z=01;31:*.dz=01;31:*.gz=01;31:*.lrz=01;31:*.lz=01;31:*.lzo=01;31:*.xz=01;31:*.zst=01;31:*.tzst=01;31:*.bz2=01;31:*.bz=01;31:*.tbz=01;31:*.tbz2=01;31:*.tz=01;31:*.deb=01;31:*.rpm=01;31:*.jar=01;31:*.war=01;31:*.ear=01;31:*.sar=01;31:*.rar=01;31:*.alz=01;31:*.ace=01;31:*.zoo=01;31:*.cpio=01;31:*.7z=01;31:*.rz=01;31:*.cab=01;31:*.wim=01;31:*.swm=01;31:*.dwm=01;31:*.esd=01;31:*.jpg=01;35:*.jpeg=01;35:*.mjpg=01;35:*.mjpeg=01;35:*.gif=01;35:*.bmp=01;35:*.pbm=01;35:*.pgm=01;35:*.ppm=01;35:*.tga=01;35:*.xbm=01;35:*.xpm=01;35:*.tif=01;35:*.tiff=01;35:*.png=01;35:*.svg=01;35:*.svgz=01;35:*.mng=01;35:*.pcx=01;35:*.mov=01;35:*.mpg=01;35:*.mpeg=01;35:*.m2v=01;35:*.mkv=01;35:*.webm=01;35:*.ogm=01;35:*.mp4=01;35:*.m4v=01;35:*.mp4v=01;35:*.vob=01;35:*.qt=01;35:*.nuv=01;35:*.wmv=01;35:*.asf=01;35:*.rm=01;35:*.rmvb=01;35:*.flc=01;35:*.avi=01;35:*.fli=01;35:*.flv=01;35:*.gl=01;35:*.dl=01;35:*.xcf=01;35:*.xwd=01;35:*.yuv=01;35:*.cgm=01;35:*.emf=01;35:*.ogv=01;35:*.ogx=01;35:*.aac=00;36:*.au=00;36:*.flac=00;36:*.m4a=00;36:*.mid=00;36:*.midi=00;36:*.mka=00;36:*.mp3=00;36:*.mpc=00;36:*.ogg=00;36:*.ra=00;36:*.wav=00;36:*.oga=00;36:*.opus=00;36:*.spx=00;36:*.xspf=00;36:'), ('ROS_ROOT', '/opt/ros/humble'), ('AMENT_PREFIX_PATH', '/root/Workspaces/rosgsthumble_ws/install/realsense2_description:/root/Workspaces/rosgsthumble_ws/install/xacro:/root/Workspaces/rosgsthumble_ws/install/webrtc_camera_node:/root/Workspaces/rosgsthumble_ws/install/vision_opencv:/root/Workspaces/rosgsthumble_ws/install/realsense2_camera:/root/Workspaces/rosgsthumble_ws/install/realsense2_camera_msgs:/root/Workspaces/rosgsthumble_ws/install/image_geometry:/root/Workspaces/rosgsthumble_ws/install/gst_pipeline_plugins:/root/Workspaces/rosgsthumble_ws/install/gst_pipeline:/root/Workspaces/rosgsthumble_ws/install/gst_msgs:/root/Workspaces/rosgsthumble_ws/install/gst_bridge:/root/Workspaces/rosgsthumble_ws/install/diagnostics:/root/Workspaces/rosgsthumble_ws/install/diagnostic_common_diagnostics:/root/Workspaces/rosgsthumble_ws/install/diagnostic_updater:/root/Workspaces/rosgsthumble_ws/install/cv_bridge:/root/Workspaces/rosgsthumble_ws/install/audio_msgs:/opt/ros/humble/install'), ('DEBIAN_FRONTEND', 'noninteractive'), ('GST_PLUGIN_PATH', '/root/Workspaces/rosgsthumble_ws/install/gst_bridge/lib/gst_bridge/'), ('SHELL', '/bin/bash'), ('PWD', '/root/Workspaces/rosgsthumble_ws/build/audio_msgs'), ('PYTHONPATH', '/root/Workspaces/rosgsthumble_ws/install/xacro/lib/python3.6/site-packages:/root/Workspaces/rosgsthumble_ws/install/realsense2_camera_msgs/lib/python3.6/site-packages:/root/Workspaces/rosgsthumble_ws/install/image_geometry/lib/python3.6/site-packages:/root/Workspaces/rosgsthumble_ws/install/gst_msgs/lib/python3.6/site-packages:/root/Workspaces/rosgsthumble_ws/install/diagnostic_common_diagnostics/lib/python3.6/site-packages:/root/Workspaces/rosgsthumble_ws/install/diagnostic_updater/lib/python3.6/site-packages:/root/Workspaces/rosgsthumble_ws/install/cv_bridge/lib/python3.6/site-packages:/root/Workspaces/rosgsthumble_ws/install/audio_msgs/lib/python3.6/site-packages:/opt/ros/humble/install/lib/python3.6/site-packages'), ('NVIDIA_VISIBLE_DEVICES', 'all'), ('COLCON', '1'), ('CMAKE_PREFIX_PATH', '/root/Workspaces/rosgsthumble_ws/install/realsense2_description:/root/Workspaces/rosgsthumble_ws/install/xacro:/root/Workspaces/rosgsthumble_ws/install/webrtc_camera_node:/root/Workspaces/rosgsthumble_ws/install/vision_opencv:/root/Workspaces/rosgsthumble_ws/install/realsense2_camera:/root/Workspaces/rosgsthumble_ws/install/realsense2_camera_msgs:/root/Workspaces/rosgsthumble_ws/install/image_geometry:/root/Workspaces/rosgsthumble_ws/install/gst_pipeline_plugins:/root/Workspaces/rosgsthumble_ws/install/gst_pipeline:/root/Workspaces/rosgsthumble_ws/install/gst_msgs:/root/Workspaces/rosgsthumble_ws/install/gst_bridge:/root/Workspaces/rosgsthumble_ws/install/diagnostics:/root/Workspaces/rosgsthumble_ws/install/diagnostic_common_diagnostics:/root/Workspaces/rosgsthumble_ws/install/diagnostic_updater:/root/Workspaces/rosgsthumble_ws/install/cv_bridge:/root/Workspaces/rosgsthumble_ws/install/audio_msgs:/opt/ros/humble/install')]), 'shell': False}
[66.373544] (-) TimerEvent: {}
[66.474860] (-) TimerEvent: {}
[66.497070] (audio_msgs) StdoutLine: {'line': b'-- Install configuration: ""\n'}
[66.501469] (audio_msgs) StdoutLine: {'line': b'-- Execute custom install script\n'}
[66.504209] (audio_msgs) StdoutLine: {'line': b'-- Symlinking: /root/Workspaces/rosgsthumble_ws/install/audio_msgs/share/ament_index/resource_index/rosidl_interfaces/audio_msgs\n'}
[66.518841] (audio_msgs) StdoutLine: {'line': b'-- Symlinking: /root/Workspaces/rosgsthumble_ws/install/audio_msgs/include/audio_msgs/audio_msgs/msg/audio.h\n'}
[66.533017] (audio_msgs) StdoutLine: {'line': b'-- Symlinking: /root/Workspaces/rosgsthumble_ws/install/audio_msgs/include/audio_msgs/audio_msgs/msg/detail/audio__functions.h\n'}
[66.544634] (audio_msgs) StdoutLine: {'line': b'-- Symlinking: /root/Workspaces/rosgsthumble_ws/install/audio_msgs/include/audio_msgs/audio_msgs/msg/detail/audio__struct.h\n'}
[66.555952] (audio_msgs) StdoutLine: {'line': b'-- Symlinking: /root/Workspaces/rosgsthumble_ws/install/audio_msgs/include/audio_msgs/audio_msgs/msg/detail/audio__type_support.h\n'}
[66.567728] (audio_msgs) StdoutLine: {'line': b'-- Symlinking: /root/Workspaces/rosgsthumble_ws/install/audio_msgs/include/audio_msgs/audio_msgs/msg/rosidl_generator_c__visibility_control.h\n'}
[66.575050] (-) TimerEvent: {}
[66.581206] (audio_msgs) StdoutLine: {'line': b'-- Symlinking: /root/Workspaces/rosgsthumble_ws/install/audio_msgs/share/audio_msgs/environment/library_path.sh\n'}
[66.591766] (audio_msgs) StdoutLine: {'line': b'-- Symlinking: /root/Workspaces/rosgsthumble_ws/install/audio_msgs/share/audio_msgs/environment/library_path.dsv\n'}
[66.603736] (audio_msgs) StdoutLine: {'line': b'-- Symlinking: /root/Workspaces/rosgsthumble_ws/install/audio_msgs/include/audio_msgs/audio_msgs/msg/detail/audio__rosidl_typesupport_fastrtps_c.h\n'}
[66.613780] (audio_msgs) StdoutLine: {'line': b'-- Symlinking: /root/Workspaces/rosgsthumble_ws/install/audio_msgs/include/audio_msgs/audio_msgs/msg/rosidl_typesupport_fastrtps_c__visibility_control.h\n'}
[66.626585] (audio_msgs) StdoutLine: {'line': b'-- Symlinking: /root/Workspaces/rosgsthumble_ws/install/audio_msgs/include/audio_msgs/audio_msgs/msg/audio.hpp\n'}
[66.636501] (audio_msgs) StdoutLine: {'line': b'-- Symlinking: /root/Workspaces/rosgsthumble_ws/install/audio_msgs/include/audio_msgs/audio_msgs/msg/detail/audio__builder.hpp\n'}
[66.646552] (audio_msgs) StdoutLine: {'line': b'-- Symlinking: /root/Workspaces/rosgsthumble_ws/install/audio_msgs/include/audio_msgs/audio_msgs/msg/detail/audio__struct.hpp\n'}
[66.656596] (audio_msgs) StdoutLine: {'line': b'-- Symlinking: /root/Workspaces/rosgsthumble_ws/install/audio_msgs/include/audio_msgs/audio_msgs/msg/detail/audio__traits.hpp\n'}
[66.668984] (audio_msgs) StdoutLine: {'line': b'-- Symlinking: /root/Workspaces/rosgsthumble_ws/install/audio_msgs/include/audio_msgs/audio_msgs/msg/detail/audio__rosidl_typesupport_fastrtps_cpp.hpp\n'}
[66.675240] (-) TimerEvent: {}
[66.689276] (audio_msgs) StdoutLine: {'line': b'-- Symlinking: /root/Workspaces/rosgsthumble_ws/install/audio_msgs/include/audio_msgs/audio_msgs/msg/rosidl_typesupport_fastrtps_cpp__visibility_control.h\n'}
[66.714653] (audio_msgs) StdoutLine: {'line': b'-- Symlinking: /root/Workspaces/rosgsthumble_ws/install/audio_msgs/include/audio_msgs/audio_msgs/msg/detail/audio__rosidl_typesupport_introspection_c.h\n'}
[66.738788] (audio_msgs) StdoutLine: {'line': b'-- Symlinking: /root/Workspaces/rosgsthumble_ws/install/audio_msgs/include/audio_msgs/audio_msgs/msg/rosidl_typesupport_introspection_c__visibility_control.h\n'}
[66.748798] (audio_msgs) StdoutLine: {'line': b'-- Symlinking: /root/Workspaces/rosgsthumble_ws/install/audio_msgs/include/audio_msgs/audio_msgs/msg/detail/audio__rosidl_typesupport_introspection_cpp.hpp\n'}
[66.760075] (audio_msgs) StdoutLine: {'line': b'-- Symlinking: /root/Workspaces/rosgsthumble_ws/install/audio_msgs/share/audio_msgs/environment/pythonpath.sh\n'}
[66.771559] (audio_msgs) StdoutLine: {'line': b'-- Symlinking: /root/Workspaces/rosgsthumble_ws/install/audio_msgs/share/audio_msgs/environment/pythonpath.dsv\n'}
[66.775429] (-) TimerEvent: {}
[66.786053] (audio_msgs) StdoutLine: {'line': b'-- Symlinking: /root/Workspaces/rosgsthumble_ws/install/audio_msgs/lib/python3.6/site-packages/audio_msgs-0.0.0-py3.6.egg-info/PKG-INFO\n'}
[66.798806] (audio_msgs) StdoutLine: {'line': b'-- Symlinking: /root/Workspaces/rosgsthumble_ws/install/audio_msgs/lib/python3.6/site-packages/audio_msgs-0.0.0-py3.6.egg-info/SOURCES.txt\n'}
[66.809120] (audio_msgs) StdoutLine: {'line': b'-- Symlinking: /root/Workspaces/rosgsthumble_ws/install/audio_msgs/lib/python3.6/site-packages/audio_msgs-0.0.0-py3.6.egg-info/dependency_links.txt\n'}
[66.819435] (audio_msgs) StdoutLine: {'line': b'-- Symlinking: /root/Workspaces/rosgsthumble_ws/install/audio_msgs/lib/python3.6/site-packages/audio_msgs-0.0.0-py3.6.egg-info/top_level.txt\n'}
[66.833431] (audio_msgs) StdoutLine: {'line': b'-- Symlinking: /root/Workspaces/rosgsthumble_ws/install/audio_msgs/lib/python3.6/site-packages/audio_msgs/__init__.py\n'}
[66.848209] (audio_msgs) StdoutLine: {'line': b'-- Symlinking: /root/Workspaces/rosgsthumble_ws/install/audio_msgs/lib/python3.6/site-packages/audio_msgs/_audio_msgs_s.ep.rosidl_typesupport_c.c\n'}
[66.858446] (audio_msgs) StdoutLine: {'line': b'-- Symlinking: /root/Workspaces/rosgsthumble_ws/install/audio_msgs/lib/python3.6/site-packages/audio_msgs/_audio_msgs_s.ep.rosidl_typesupport_fastrtps_c.c\n'}
[66.869078] (audio_msgs) StdoutLine: {'line': b'-- Symlinking: /root/Workspaces/rosgsthumble_ws/install/audio_msgs/lib/python3.6/site-packages/audio_msgs/_audio_msgs_s.ep.rosidl_typesupport_introspection_c.c\n'}
[66.875618] (-) TimerEvent: {}
[66.879877] (audio_msgs) StdoutLine: {'line': b'-- Symlinking: /root/Workspaces/rosgsthumble_ws/install/audio_msgs/lib/python3.6/site-packages/audio_msgs/audio_msgs_s__rosidl_typesupport_c.cpython-36m-aarch64-linux-gnu.so\n'}
[66.890645] (audio_msgs) StdoutLine: {'line': b'-- Symlinking: /root/Workspaces/rosgsthumble_ws/install/audio_msgs/lib/python3.6/site-packages/audio_msgs/audio_msgs_s__rosidl_typesupport_fastrtps_c.cpython-36m-aarch64-linux-gnu.so\n'}
[66.905182] (audio_msgs) StdoutLine: {'line': b'-- Symlinking: /root/Workspaces/rosgsthumble_ws/install/audio_msgs/lib/python3.6/site-packages/audio_msgs/audio_msgs_s__rosidl_typesupport_introspection_c.cpython-36m-aarch64-linux-gnu.so\n'}
[66.915922] (audio_msgs) StdoutLine: {'line': b'-- Symlinking: /root/Workspaces/rosgsthumble_ws/install/audio_msgs/lib/python3.6/site-packages/audio_msgs/libaudio_msgs__rosidl_generator_py.so\n'}
[66.926778] (audio_msgs) StdoutLine: {'line': b'-- Symlinking: /root/Workspaces/rosgsthumble_ws/install/audio_msgs/lib/python3.6/site-packages/audio_msgs/msg/__init__.py\n'}
[66.937175] (audio_msgs) StdoutLine: {'line': b'-- Symlinking: /root/Workspaces/rosgsthumble_ws/install/audio_msgs/lib/python3.6/site-packages/audio_msgs/msg/_audio.py\n'}
[66.951945] (audio_msgs) StdoutLine: {'line': b'-- Symlinking: /root/Workspaces/rosgsthumble_ws/install/audio_msgs/lib/python3.6/site-packages/audio_msgs/msg/_audio_s.c\n'}
[66.963835] (audio_msgs) StdoutLine: {'line': b'-- Up-to-date symlink: /root/Workspaces/rosgsthumble_ws/install/audio_msgs/lib/python3.6/site-packages/audio_msgs/audio_msgs_s__rosidl_typesupport_fastrtps_c.cpython-36m-aarch64-linux-gnu.so\n'}
[66.965665] (audio_msgs) StdoutLine: {'line': b'-- Up-to-date symlink: /root/Workspaces/rosgsthumble_ws/install/audio_msgs/lib/python3.6/site-packages/audio_msgs/audio_msgs_s__rosidl_typesupport_introspection_c.cpython-36m-aarch64-linux-gnu.so\n'}
[66.967608] (audio_msgs) StdoutLine: {'line': b'-- Up-to-date symlink: /root/Workspaces/rosgsthumble_ws/install/audio_msgs/lib/python3.6/site-packages/audio_msgs/audio_msgs_s__rosidl_typesupport_c.cpython-36m-aarch64-linux-gnu.so\n'}
[66.968955] (audio_msgs) StdoutLine: {'line': b'-- Symlinking: /root/Workspaces/rosgsthumble_ws/install/audio_msgs/share/audio_msgs/msg/Audio.idl\n'}
[66.975804] (-) TimerEvent: {}
[66.981613] (audio_msgs) StdoutLine: {'line': b'-- Symlinking: /root/Workspaces/rosgsthumble_ws/install/audio_msgs/share/audio_msgs/msg/Audio.msg\n'}
[66.993060] (audio_msgs) StdoutLine: {'line': b'-- Symlinking: /root/Workspaces/rosgsthumble_ws/install/audio_msgs/share/ament_index/resource_index/package_run_dependencies/audio_msgs\n'}
[67.011355] (audio_msgs) StdoutLine: {'line': b'-- Symlinking: /root/Workspaces/rosgsthumble_ws/install/audio_msgs/share/ament_index/resource_index/parent_prefix_path/audio_msgs\n'}
[67.023418] (audio_msgs) StdoutLine: {'line': b'-- Symlinking: /root/Workspaces/rosgsthumble_ws/install/audio_msgs/share/audio_msgs/environment/ament_prefix_path.sh\n'}
[67.035132] (audio_msgs) StdoutLine: {'line': b'-- Symlinking: /root/Workspaces/rosgsthumble_ws/install/audio_msgs/share/audio_msgs/environment/ament_prefix_path.dsv\n'}
[67.046895] (audio_msgs) StdoutLine: {'line': b'-- Symlinking: /root/Workspaces/rosgsthumble_ws/install/audio_msgs/share/audio_msgs/environment/path.sh\n'}
[67.063538] (audio_msgs) StdoutLine: {'line': b'-- Symlinking: /root/Workspaces/rosgsthumble_ws/install/audio_msgs/share/audio_msgs/environment/path.dsv\n'}
[67.075696] (audio_msgs) StdoutLine: {'line': b'-- Symlinking: /root/Workspaces/rosgsthumble_ws/install/audio_msgs/share/audio_msgs/local_setup.bash\n'}
[67.076457] (-) TimerEvent: {}
[67.092209] (audio_msgs) StdoutLine: {'line': b'-- Symlinking: /root/Workspaces/rosgsthumble_ws/install/audio_msgs/share/audio_msgs/local_setup.sh\n'}
[67.103998] (audio_msgs) StdoutLine: {'line': b'-- Symlinking: /root/Workspaces/rosgsthumble_ws/install/audio_msgs/share/audio_msgs/local_setup.zsh\n'}
[67.120870] (audio_msgs) StdoutLine: {'line': b'-- Symlinking: /root/Workspaces/rosgsthumble_ws/install/audio_msgs/share/audio_msgs/local_setup.dsv\n'}
[67.132350] (audio_msgs) StdoutLine: {'line': b'-- Symlinking: /root/Workspaces/rosgsthumble_ws/install/audio_msgs/share/audio_msgs/package.dsv\n'}
[67.145906] (audio_msgs) StdoutLine: {'line': b'-- Symlinking: /root/Workspaces/rosgsthumble_ws/install/audio_msgs/share/ament_index/resource_index/packages/audio_msgs\n'}
[67.157743] (audio_msgs) StdoutLine: {'line': b'-- Symlinking: /root/Workspaces/rosgsthumble_ws/install/audio_msgs/share/audio_msgs/cmake/rosidl_cmake-extras.cmake\n'}
[67.174380] (audio_msgs) StdoutLine: {'line': b'-- Symlinking: /root/Workspaces/rosgsthumble_ws/install/audio_msgs/share/audio_msgs/cmake/ament_cmake_export_dependencies-extras.cmake\n'}
[67.176643] (-) TimerEvent: {}
[67.188492] (audio_msgs) StdoutLine: {'line': b'-- Symlinking: /root/Workspaces/rosgsthumble_ws/install/audio_msgs/share/audio_msgs/cmake/ament_cmake_export_include_directories-extras.cmake\n'}
[67.200322] (audio_msgs) StdoutLine: {'line': b'-- Symlinking: /root/Workspaces/rosgsthumble_ws/install/audio_msgs/share/audio_msgs/cmake/ament_cmake_export_libraries-extras.cmake\n'}
[67.211878] (audio_msgs) StdoutLine: {'line': b'-- Symlinking: /root/Workspaces/rosgsthumble_ws/install/audio_msgs/share/audio_msgs/cmake/ament_cmake_export_targets-extras.cmake\n'}
[67.228671] (audio_msgs) StdoutLine: {'line': b'-- Symlinking: /root/Workspaces/rosgsthumble_ws/install/audio_msgs/share/audio_msgs/cmake/rosidl_cmake_export_typesupport_targets-extras.cmake\n'}
[67.240423] (audio_msgs) StdoutLine: {'line': b'-- Symlinking: /root/Workspaces/rosgsthumble_ws/install/audio_msgs/share/audio_msgs/cmake/rosidl_cmake_export_typesupport_libraries-extras.cmake\n'}
[67.254036] (audio_msgs) StdoutLine: {'line': b'-- Symlinking: /root/Workspaces/rosgsthumble_ws/install/audio_msgs/share/audio_msgs/cmake/audio_msgsConfig.cmake\n'}
[67.266085] (audio_msgs) StdoutLine: {'line': b'-- Symlinking: /root/Workspaces/rosgsthumble_ws/install/audio_msgs/share/audio_msgs/cmake/audio_msgsConfig-version.cmake\n'}
[67.276860] (-) TimerEvent: {}
[67.285423] (audio_msgs) StdoutLine: {'line': b'-- Symlinking: /root/Workspaces/rosgsthumble_ws/install/audio_msgs/share/audio_msgs/package.xml\n'}
[67.296941] (audio_msgs) StdoutLine: {'line': b'-- Installing: /root/Workspaces/rosgsthumble_ws/install/audio_msgs/lib/libaudio_msgs__rosidl_generator_c.so\n'}
[67.299717] (audio_msgs) StdoutLine: {'line': b'-- Set runtime path of "/root/Workspaces/rosgsthumble_ws/install/audio_msgs/lib/libaudio_msgs__rosidl_generator_c.so" to ""\n'}
[67.301268] (audio_msgs) StdoutLine: {'line': b'-- Installing: /root/Workspaces/rosgsthumble_ws/install/audio_msgs/lib/libaudio_msgs__rosidl_typesupport_fastrtps_c.so\n'}
[67.303926] (audio_msgs) StdoutLine: {'line': b'-- Set runtime path of "/root/Workspaces/rosgsthumble_ws/install/audio_msgs/lib/libaudio_msgs__rosidl_typesupport_fastrtps_c.so" to ""\n'}
[67.305417] (audio_msgs) StdoutLine: {'line': b'-- Installing: /root/Workspaces/rosgsthumble_ws/install/audio_msgs/lib/libaudio_msgs__rosidl_typesupport_fastrtps_cpp.so\n'}
[67.308142] (audio_msgs) StdoutLine: {'line': b'-- Set runtime path of "/root/Workspaces/rosgsthumble_ws/install/audio_msgs/lib/libaudio_msgs__rosidl_typesupport_fastrtps_cpp.so" to ""\n'}
[67.309640] (audio_msgs) StdoutLine: {'line': b'-- Installing: /root/Workspaces/rosgsthumble_ws/install/audio_msgs/lib/libaudio_msgs__rosidl_typesupport_introspection_c.so\n'}
[67.312240] (audio_msgs) StdoutLine: {'line': b'-- Set runtime path of "/root/Workspaces/rosgsthumble_ws/install/audio_msgs/lib/libaudio_msgs__rosidl_typesupport_introspection_c.so" to ""\n'}
[67.313770] (audio_msgs) StdoutLine: {'line': b'-- Installing: /root/Workspaces/rosgsthumble_ws/install/audio_msgs/lib/libaudio_msgs__rosidl_typesupport_c.so\n'}
[67.316201] (audio_msgs) StdoutLine: {'line': b'-- Set runtime path of "/root/Workspaces/rosgsthumble_ws/install/audio_msgs/lib/libaudio_msgs__rosidl_typesupport_c.so" to ""\n'}
[67.317709] (audio_msgs) StdoutLine: {'line': b'-- Installing: /root/Workspaces/rosgsthumble_ws/install/audio_msgs/lib/libaudio_msgs__rosidl_typesupport_introspection_cpp.so\n'}
[67.320627] (audio_msgs) StdoutLine: {'line': b'-- Set runtime path of "/root/Workspaces/rosgsthumble_ws/install/audio_msgs/lib/libaudio_msgs__rosidl_typesupport_introspection_cpp.so" to ""\n'}
[67.322114] (audio_msgs) StdoutLine: {'line': b'-- Installing: /root/Workspaces/rosgsthumble_ws/install/audio_msgs/lib/libaudio_msgs__rosidl_typesupport_cpp.so\n'}
[67.329466] (audio_msgs) StdoutLine: {'line': b'-- Set runtime path of "/root/Workspaces/rosgsthumble_ws/install/audio_msgs/lib/libaudio_msgs__rosidl_typesupport_cpp.so" to ""\n'}
[67.381700] (-) TimerEvent: {}
[67.483625] (-) TimerEvent: {}
[67.568445] (audio_msgs) StdoutLine: {'line': b"Listing '/root/Workspaces/rosgsthumble_ws/install/audio_msgs/lib/python3.6/site-packages/audio_msgs'...\n"}
[67.569344] (audio_msgs) StdoutLine: {'line': b"Compiling '/root/Workspaces/rosgsthumble_ws/install/audio_msgs/lib/python3.6/site-packages/audio_msgs/__init__.py'...\n"}
[67.570068] (audio_msgs) StdoutLine: {'line': b"Listing '/root/Workspaces/rosgsthumble_ws/install/audio_msgs/lib/python3.6/site-packages/audio_msgs/msg'...\n"}
[67.570823] (audio_msgs) StdoutLine: {'line': b"Compiling '/root/Workspaces/rosgsthumble_ws/install/audio_msgs/lib/python3.6/site-packages/audio_msgs/msg/__init__.py'...\n"}
[67.571576] (audio_msgs) StdoutLine: {'line': b"Compiling '/root/Workspaces/rosgsthumble_ws/install/audio_msgs/lib/python3.6/site-packages/audio_msgs/msg/_audio.py'...\n"}
[67.583837] (-) TimerEvent: {}
[67.601178] (audio_msgs) StdoutLine: {'line': b'-- Installing: /root/Workspaces/rosgsthumble_ws/install/audio_msgs/lib/libaudio_msgs__rosidl_generator_py.so\n'}
[67.602774] (audio_msgs) StdoutLine: {'line': b'-- Set runtime path of "/root/Workspaces/rosgsthumble_ws/install/audio_msgs/lib/libaudio_msgs__rosidl_generator_py.so" to ""\n'}
[67.605391] (audio_msgs) StdoutLine: {'line': b'-- Installing: /root/Workspaces/rosgsthumble_ws/install/audio_msgs/share/audio_msgs/cmake/export_audio_msgs__rosidl_generator_cExport.cmake\n'}
[67.607457] (audio_msgs) StdoutLine: {'line': b'-- Installing: /root/Workspaces/rosgsthumble_ws/install/audio_msgs/share/audio_msgs/cmake/export_audio_msgs__rosidl_generator_cExport-noconfig.cmake\n'}
[67.609548] (audio_msgs) StdoutLine: {'line': b'-- Installing: /root/Workspaces/rosgsthumble_ws/install/audio_msgs/share/audio_msgs/cmake/export_audio_msgs__rosidl_typesupport_fastrtps_cExport.cmake\n'}
[67.612112] (audio_msgs) StdoutLine: {'line': b'-- Installing: /root/Workspaces/rosgsthumble_ws/install/audio_msgs/share/audio_msgs/cmake/export_audio_msgs__rosidl_typesupport_fastrtps_cExport-noconfig.cmake\n'}
[67.614170] (audio_msgs) StdoutLine: {'line': b'-- Installing: /root/Workspaces/rosgsthumble_ws/install/audio_msgs/share/audio_msgs/cmake/export_audio_msgs__rosidl_generator_cppExport.cmake\n'}
[67.616232] (audio_msgs) StdoutLine: {'line': b'-- Installing: /root/Workspaces/rosgsthumble_ws/install/audio_msgs/share/audio_msgs/cmake/export_audio_msgs__rosidl_typesupport_fastrtps_cppExport.cmake\n'}
[67.618231] (audio_msgs) StdoutLine: {'line': b'-- Installing: /root/Workspaces/rosgsthumble_ws/install/audio_msgs/share/audio_msgs/cmake/export_audio_msgs__rosidl_typesupport_fastrtps_cppExport-noconfig.cmake\n'}
[67.620538] (audio_msgs) StdoutLine: {'line': b'-- Installing: /root/Workspaces/rosgsthumble_ws/install/audio_msgs/share/audio_msgs/cmake/audio_msgs__rosidl_typesupport_introspection_cExport.cmake\n'}
[67.622637] (audio_msgs) StdoutLine: {'line': b'-- Installing: /root/Workspaces/rosgsthumble_ws/install/audio_msgs/share/audio_msgs/cmake/audio_msgs__rosidl_typesupport_introspection_cExport-noconfig.cmake\n'}
[67.624722] (audio_msgs) StdoutLine: {'line': b'-- Installing: /root/Workspaces/rosgsthumble_ws/install/audio_msgs/share/audio_msgs/cmake/audio_msgs__rosidl_typesupport_cExport.cmake\n'}
[67.626753] (audio_msgs) StdoutLine: {'line': b'-- Installing: /root/Workspaces/rosgsthumble_ws/install/audio_msgs/share/audio_msgs/cmake/audio_msgs__rosidl_typesupport_cExport-noconfig.cmake\n'}
[67.628878] (audio_msgs) StdoutLine: {'line': b'-- Installing: /root/Workspaces/rosgsthumble_ws/install/audio_msgs/share/audio_msgs/cmake/audio_msgs__rosidl_typesupport_introspection_cppExport.cmake\n'}
[67.631151] (audio_msgs) StdoutLine: {'line': b'-- Installing: /root/Workspaces/rosgsthumble_ws/install/audio_msgs/share/audio_msgs/cmake/audio_msgs__rosidl_typesupport_introspection_cppExport-noconfig.cmake\n'}
[67.633332] (audio_msgs) StdoutLine: {'line': b'-- Installing: /root/Workspaces/rosgsthumble_ws/install/audio_msgs/share/audio_msgs/cmake/audio_msgs__rosidl_typesupport_cppExport.cmake\n'}
[67.635341] (audio_msgs) StdoutLine: {'line': b'-- Installing: /root/Workspaces/rosgsthumble_ws/install/audio_msgs/share/audio_msgs/cmake/audio_msgs__rosidl_typesupport_cppExport-noconfig.cmake\n'}
[67.637403] (audio_msgs) StdoutLine: {'line': b'-- Installing: /root/Workspaces/rosgsthumble_ws/install/audio_msgs/share/audio_msgs/cmake/export_audio_msgs__rosidl_generator_pyExport.cmake\n'}
[67.639425] (audio_msgs) StdoutLine: {'line': b'-- Installing: /root/Workspaces/rosgsthumble_ws/install/audio_msgs/share/audio_msgs/cmake/export_audio_msgs__rosidl_generator_pyExport-noconfig.cmake\n'}
[67.684051] (-) TimerEvent: {}
[67.695921] (audio_msgs) CommandEnded: {'returncode': 0}
[67.784509] (-) TimerEvent: {}
[67.886470] (-) TimerEvent: {}
[67.993589] (-) TimerEvent: {}
[68.097151] (-) TimerEvent: {}
[68.199466] (-) TimerEvent: {}
[68.300628] (-) TimerEvent: {}
[68.401535] (-) TimerEvent: {}
[68.502437] (-) TimerEvent: {}
[68.603790] (-) TimerEvent: {}
[68.711771] (-) TimerEvent: {}
[68.819344] (-) TimerEvent: {}
[68.926970] (-) TimerEvent: {}
[69.026918] (audio_msgs) JobEnded: {'identifier': 'audio_msgs', 'rc': 0}
[69.040989] (-) TimerEvent: {}
[69.043767] (gst_bridge) JobStarted: {'identifier': 'gst_bridge'}
[69.146333] (-) TimerEvent: {}
[69.248096] (-) TimerEvent: {}
[69.268561] (gst_bridge) JobProgress: {'identifier': 'gst_bridge', 'progress': 'cmake'}
[69.275025] (gst_bridge) Command: {'cmd': ['/usr/local/bin/cmake', '/root/Workspaces/rosgsthumble_ws/src/ros-gst-bridge/gst_bridge', '-DAMENT_CMAKE_SYMLINK_INSTALL=1', '-DCMAKE_INSTALL_PREFIX=/root/Workspaces/rosgsthumble_ws/install/gst_bridge'], 'cwd': '/root/Workspaces/rosgsthumble_ws/build/gst_bridge', 'env': OrderedDict([('OPENBLAS_CORETYPE', 'ARMV8'), ('PYTHONIOENCODING', 'utf-8'), ('HOSTNAME', 'nano'), ('LD_LIBRARY_PATH', '/root/Workspaces/rosgsthumble_ws/install/audio_msgs/lib:/root/Workspaces/rosgsthumble_ws/install/realsense2_camera/lib:/root/Workspaces/rosgsthumble_ws/install/realsense2_camera_msgs/lib:/root/Workspaces/rosgsthumble_ws/install/image_geometry/lib:/root/Workspaces/rosgsthumble_ws/install/gst_pipeline_plugins/lib:/root/Workspaces/rosgsthumble_ws/install/gst_pipeline/lib:/root/Workspaces/rosgsthumble_ws/install/gst_msgs/lib:/root/Workspaces/rosgsthumble_ws/install/gst_bridge/lib:/root/Workspaces/rosgsthumble_ws/install/diagnostic_updater/lib:/root/Workspaces/rosgsthumble_ws/install/cv_bridge/lib:/opt/ros/humble/install/opt/rviz_ogre_vendor/lib:/opt/ros/humble/install/lib:/usr/local/cuda-10.2/targets/aarch64-linux/lib'), ('SHLVL', '1'), ('OLDPWD', '/root/Workspaces'), ('HOME', '/root'), ('ROS_PYTHON_VERSION', '3'), ('COLCON_PREFIX_PATH', '/root/Workspaces/rosgsthumble_ws/install:/opt/ros/humble/install'), ('ROS_DISTRO', 'humble'), ('PULSE_SERVER', 'unix:/run/user/1000/pulse/native'), ('_', '/usr/bin/colcon'), ('ROS_VERSION', '2'), ('NVIDIA_DRIVER_CAPABILITIES', 'compute,utility,graphics'), ('PKG_CONFIG_PATH', '/opt/ros/humble/install/lib/aarch64-linux-gnu/pkgconfig:/opt/ros/humble/install/lib/pkgconfig'), ('TERM', 'xterm'), ('ROS_LOCALHOST_ONLY', '0'), ('PATH', '/root/Workspaces/rosgsthumble_ws/install/xacro/bin:/opt/ros/humble/install/bin:/usr/local/cuda-10.2/bin:/usr/local/cuda/bin:/usr/local/sbin:/usr/local/bin:/usr/sbin:/usr/bin:/sbin:/bin'), ('XDG_RUNTIME_DIR', '/run/user/1000'), ('DISPLAY', ''), ('LANG', 'en_US.UTF-8'), ('RMW_IMPLEMENTATION', 'rmw_cyclonedds_cpp'), ('LS_COLORS', 'rs=0:di=01;34:ln=01;36:mh=00:pi=40;33:so=01;35:do=01;35:bd=40;33;01:cd=40;33;01:or=40;31;01:mi=00:su=37;41:sg=30;43:ca=30;41:tw=30;42:ow=34;42:st=37;44:ex=01;32:*.tar=01;31:*.tgz=01;31:*.arc=01;31:*.arj=01;31:*.taz=01;31:*.lha=01;31:*.lz4=01;31:*.lzh=01;31:*.lzma=01;31:*.tlz=01;31:*.txz=01;31:*.tzo=01;31:*.t7z=01;31:*.zip=01;31:*.z=01;31:*.Z=01;31:*.dz=01;31:*.gz=01;31:*.lrz=01;31:*.lz=01;31:*.lzo=01;31:*.xz=01;31:*.zst=01;31:*.tzst=01;31:*.bz2=01;31:*.bz=01;31:*.tbz=01;31:*.tbz2=01;31:*.tz=01;31:*.deb=01;31:*.rpm=01;31:*.jar=01;31:*.war=01;31:*.ear=01;31:*.sar=01;31:*.rar=01;31:*.alz=01;31:*.ace=01;31:*.zoo=01;31:*.cpio=01;31:*.7z=01;31:*.rz=01;31:*.cab=01;31:*.wim=01;31:*.swm=01;31:*.dwm=01;31:*.esd=01;31:*.jpg=01;35:*.jpeg=01;35:*.mjpg=01;35:*.mjpeg=01;35:*.gif=01;35:*.bmp=01;35:*.pbm=01;35:*.pgm=01;35:*.ppm=01;35:*.tga=01;35:*.xbm=01;35:*.xpm=01;35:*.tif=01;35:*.tiff=01;35:*.png=01;35:*.svg=01;35:*.svgz=01;35:*.mng=01;35:*.pcx=01;35:*.mov=01;35:*.mpg=01;35:*.mpeg=01;35:*.m2v=01;35:*.mkv=01;35:*.webm=01;35:*.ogm=01;35:*.mp4=01;35:*.m4v=01;35:*.mp4v=01;35:*.vob=01;35:*.qt=01;35:*.nuv=01;35:*.wmv=01;35:*.asf=01;35:*.rm=01;35:*.rmvb=01;35:*.flc=01;35:*.avi=01;35:*.fli=01;35:*.flv=01;35:*.gl=01;35:*.dl=01;35:*.xcf=01;35:*.xwd=01;35:*.yuv=01;35:*.cgm=01;35:*.emf=01;35:*.ogv=01;35:*.ogx=01;35:*.aac=00;36:*.au=00;36:*.flac=00;36:*.m4a=00;36:*.mid=00;36:*.midi=00;36:*.mka=00;36:*.mp3=00;36:*.mpc=00;36:*.ogg=00;36:*.ra=00;36:*.wav=00;36:*.oga=00;36:*.opus=00;36:*.spx=00;36:*.xspf=00;36:'), ('ROS_ROOT', '/opt/ros/humble'), ('AMENT_PREFIX_PATH', '/root/Workspaces/rosgsthumble_ws/install/realsense2_description:/root/Workspaces/rosgsthumble_ws/install/xacro:/root/Workspaces/rosgsthumble_ws/install/webrtc_camera_node:/root/Workspaces/rosgsthumble_ws/install/vision_opencv:/root/Workspaces/rosgsthumble_ws/install/realsense2_camera:/root/Workspaces/rosgsthumble_ws/install/realsense2_camera_msgs:/root/Workspaces/rosgsthumble_ws/install/image_geometry:/root/Workspaces/rosgsthumble_ws/install/gst_pipeline_plugins:/root/Workspaces/rosgsthumble_ws/install/gst_pipeline:/root/Workspaces/rosgsthumble_ws/install/gst_msgs:/root/Workspaces/rosgsthumble_ws/install/gst_bridge:/root/Workspaces/rosgsthumble_ws/install/diagnostics:/root/Workspaces/rosgsthumble_ws/install/diagnostic_common_diagnostics:/root/Workspaces/rosgsthumble_ws/install/diagnostic_updater:/root/Workspaces/rosgsthumble_ws/install/cv_bridge:/root/Workspaces/rosgsthumble_ws/install/audio_msgs:/opt/ros/humble/install'), ('DEBIAN_FRONTEND', 'noninteractive'), ('GST_PLUGIN_PATH', '/root/Workspaces/rosgsthumble_ws/install/gst_bridge/lib/gst_bridge/'), ('SHELL', '/bin/bash'), ('PWD', '/root/Workspaces/rosgsthumble_ws/build/gst_bridge'), ('PYTHONPATH', '/root/Workspaces/rosgsthumble_ws/install/audio_msgs/lib/python3.6/site-packages:/root/Workspaces/rosgsthumble_ws/install/xacro/lib/python3.6/site-packages:/root/Workspaces/rosgsthumble_ws/install/realsense2_camera_msgs/lib/python3.6/site-packages:/root/Workspaces/rosgsthumble_ws/install/image_geometry/lib/python3.6/site-packages:/root/Workspaces/rosgsthumble_ws/install/gst_msgs/lib/python3.6/site-packages:/root/Workspaces/rosgsthumble_ws/install/diagnostic_common_diagnostics/lib/python3.6/site-packages:/root/Workspaces/rosgsthumble_ws/install/diagnostic_updater/lib/python3.6/site-packages:/root/Workspaces/rosgsthumble_ws/install/cv_bridge/lib/python3.6/site-packages:/opt/ros/humble/install/lib/python3.6/site-packages'), ('NVIDIA_VISIBLE_DEVICES', 'all'), ('COLCON', '1'), ('CMAKE_PREFIX_PATH', '/root/Workspaces/rosgsthumble_ws/install/audio_msgs:/root/Workspaces/rosgsthumble_ws/install/realsense2_description:/root/Workspaces/rosgsthumble_ws/install/xacro:/root/Workspaces/rosgsthumble_ws/install/webrtc_camera_node:/root/Workspaces/rosgsthumble_ws/install/vision_opencv:/root/Workspaces/rosgsthumble_ws/install/realsense2_camera:/root/Workspaces/rosgsthumble_ws/install/realsense2_camera_msgs:/root/Workspaces/rosgsthumble_ws/install/image_geometry:/root/Workspaces/rosgsthumble_ws/install/gst_pipeline_plugins:/root/Workspaces/rosgsthumble_ws/install/gst_pipeline:/root/Workspaces/rosgsthumble_ws/install/gst_msgs:/root/Workspaces/rosgsthumble_ws/install/gst_bridge:/root/Workspaces/rosgsthumble_ws/install/diagnostics:/root/Workspaces/rosgsthumble_ws/install/diagnostic_common_diagnostics:/root/Workspaces/rosgsthumble_ws/install/diagnostic_updater:/root/Workspaces/rosgsthumble_ws/install/cv_bridge:/opt/ros/humble/install')]), 'shell': False}
[69.348297] (-) TimerEvent: {}
[69.449413] (-) TimerEvent: {}
[69.550417] (-) TimerEvent: {}
[69.651879] (-) TimerEvent: {}
[69.746230] (gst_bridge) StdoutLine: {'line': b'-- The C compiler identification is GNU 7.5.0\n'}
[69.752080] (-) TimerEvent: {}
[69.865562] (-) TimerEvent: {}
[69.967919] (-) TimerEvent: {}
[70.032515] (gst_bridge) StdoutLine: {'line': b'-- The CXX compiler identification is GNU 7.5.0\n'}
[70.068125] (-) TimerEvent: {}
[70.152698] (gst_bridge) StdoutLine: {'line': b'-- Detecting C compiler ABI info\n'}
[70.173201] (-) TimerEvent: {}
[70.275490] (-) TimerEvent: {}
[70.376783] (-) TimerEvent: {}
[70.470936] (gst_bridge) StdoutLine: {'line': b'-- Detecting C compiler ABI info - done\n'}
[70.476978] (-) TimerEvent: {}
[70.532344] (gst_bridge) StdoutLine: {'line': b'-- Check for working C compiler: /usr/bin/cc - skipped\n'}
[70.534877] (gst_bridge) StdoutLine: {'line': b'-- Detecting C compile features\n'}
[70.537834] (gst_bridge) StdoutLine: {'line': b'-- Detecting C compile features - done\n'}
[70.577169] (-) TimerEvent: {}
[70.606624] (gst_bridge) StdoutLine: {'line': b'-- Detecting CXX compiler ABI info\n'}
[70.677373] (-) TimerEvent: {}
[70.779396] (-) TimerEvent: {}
[70.881339] (-) TimerEvent: {}
[70.953879] (gst_bridge) StdoutLine: {'line': b'-- Detecting CXX compiler ABI info - done\n'}
[70.981543] (-) TimerEvent: {}
[71.015448] (gst_bridge) StdoutLine: {'line': b'-- Check for working CXX compiler: /usr/bin/c++ - skipped\n'}
[71.018016] (gst_bridge) StdoutLine: {'line': b'-- Detecting CXX compile features\n'}
[71.021727] (gst_bridge) StdoutLine: {'line': b'-- Detecting CXX compile features - done\n'}
[71.066871] (gst_bridge) StdoutLine: {'line': b'-- Found PkgConfig: /usr/bin/pkg-config (found version "0.29.1") \n'}
[71.081734] (-) TimerEvent: {}
[71.099988] (gst_bridge) StdoutLine: {'line': b'-- Found ament_cmake: 1.3.5 (/opt/ros/humble/install/share/ament_cmake/cmake)\n'}
[71.181926] (-) TimerEvent: {}
[71.283421] (-) TimerEvent: {}
[71.386728] (-) TimerEvent: {}
[71.487693] (-) TimerEvent: {}
[71.593685] (-) TimerEvent: {}
[71.695662] (-) TimerEvent: {}
[71.810209] (-) TimerEvent: {}
[71.911777] (-) TimerEvent: {}
[72.011124] (gst_msgs) StdoutLine: {'line': b'[ 26%] \x1b[32mBuilding CXX object CMakeFiles/gst_msgs__rosidl_typesupport_fastrtps_c.dir/rosidl_typesupport_fastrtps_c/gst_msgs/msg/detail/frame_gate__type_support_c.cpp.o\x1b[0m\n'}
[72.011977] (-) TimerEvent: {}
[72.113753] (-) TimerEvent: {}
[72.215731] (-) TimerEvent: {}
[72.317734] (-) TimerEvent: {}
[72.419762] (-) TimerEvent: {}
[72.521470] (-) TimerEvent: {}
[72.622871] (-) TimerEvent: {}
[72.624162] (cv_bridge) StdoutLine: {'line': b'[ 43%] \x1b[32m\x1b[1mLinking CXX shared library libcv_bridge.so\x1b[0m\n'}
[72.726919] (-) TimerEvent: {}
[72.829702] (-) TimerEvent: {}
[72.933755] (-) TimerEvent: {}
[73.035488] (-) TimerEvent: {}
[73.137140] (-) TimerEvent: {}
[73.239253] (-) TimerEvent: {}
[73.340217] (-) TimerEvent: {}
[73.437157] (cv_bridge) StdoutLine: {'line': b'[ 43%] Built target cv_bridge\n'}
[73.440422] (-) TimerEvent: {}
[73.477500] (cv_bridge) StdoutLine: {'line': b'[ 50%] \x1b[32mBuilding CXX object src/CMakeFiles/cv_bridge_boost.dir/module.cpp.o\x1b[0m\n'}
[73.517988] (gst_msgs) StdoutLine: {'line': b'[ 27%] \x1b[32mBuilding CXX object CMakeFiles/gst_msgs__rosidl_typesupport_fastrtps_c.dir/rosidl_typesupport_fastrtps_c/gst_msgs/msg/detail/webrtc_ice__type_support_c.cpp.o\x1b[0m\n'}
[73.540613] (-) TimerEvent: {}
[73.641940] (-) TimerEvent: {}
[73.743179] (-) TimerEvent: {}
[73.844153] (-) TimerEvent: {}
[73.945202] (-) TimerEvent: {}
[74.046279] (-) TimerEvent: {}
[74.148844] (-) TimerEvent: {}
[74.250922] (-) TimerEvent: {}
[74.353637] (-) TimerEvent: {}
[74.456159] (-) TimerEvent: {}
[74.560562] (-) TimerEvent: {}
[74.662307] (-) TimerEvent: {}
[74.771795] (-) TimerEvent: {}
[74.873290] (-) TimerEvent: {}
[74.975863] (-) TimerEvent: {}
[74.996926] (gst_msgs) StdoutLine: {'line': b'[ 29%] \x1b[32mBuilding CXX object CMakeFiles/gst_msgs__rosidl_typesupport_fastrtps_c.dir/rosidl_typesupport_fastrtps_c/gst_msgs/msg/detail/buffer_event__type_support_c.cpp.o\x1b[0m\n'}
[75.076061] (-) TimerEvent: {}
[75.176987] (-) TimerEvent: {}
[75.277932] (-) TimerEvent: {}
[75.379021] (-) TimerEvent: {}
[75.479958] (-) TimerEvent: {}
[75.581465] (-) TimerEvent: {}
[75.683720] (-) TimerEvent: {}
[75.785218] (-) TimerEvent: {}
[75.886258] (-) TimerEvent: {}
[75.988625] (-) TimerEvent: {}
[76.090935] (-) TimerEvent: {}
[76.193098] (-) TimerEvent: {}
[76.295754] (-) TimerEvent: {}
[76.398387] (-) TimerEvent: {}
[76.465869] (gst_msgs) StdoutLine: {'line': b'[ 30%] \x1b[32mBuilding CXX object CMakeFiles/gst_msgs__rosidl_typesupport_fastrtps_c.dir/rosidl_typesupport_fastrtps_c/gst_msgs/msg/detail/clock_observation__type_support_c.cpp.o\x1b[0m\n'}
[76.501448] (-) TimerEvent: {}
[76.603212] (-) TimerEvent: {}
[76.704287] (-) TimerEvent: {}
[76.805209] (-) TimerEvent: {}
[76.906152] (-) TimerEvent: {}
[77.007699] (-) TimerEvent: {}
[77.109224] (-) TimerEvent: {}
[77.210995] (-) TimerEvent: {}
[77.311904] (-) TimerEvent: {}
[77.412838] (-) TimerEvent: {}
[77.461180] (gst_bridge) StdoutLine: {'line': b'-- Found Python3: /usr/bin/python3.6 (found version "3.6.9") found components: Interpreter \n'}
[77.513036] (-) TimerEvent: {}
[77.614729] (-) TimerEvent: {}
[77.716401] (-) TimerEvent: {}
[77.817891] (-) TimerEvent: {}
[77.919055] (-) TimerEvent: {}
[77.947709] (gst_msgs) StdoutLine: {'line': b'[ 31%] \x1b[32mBuilding CXX object CMakeFiles/gst_msgs__rosidl_typesupport_fastrtps_c.dir/rosidl_typesupport_fastrtps_c/gst_msgs/msg/detail/multifilesink_event__type_support_c.cpp.o\x1b[0m\n'}
[78.017561] (gst_bridge) StdoutLine: {'line': b'-- Override CMake install command with custom implementation using symlinks instead of copying resources\n'}
[78.019299] (-) TimerEvent: {}
[78.121799] (-) TimerEvent: {}
[78.207462] (gst_bridge) StdoutLine: {'line': b'-- Found rclcpp: 16.0.5 (/opt/ros/humble/install/share/rclcpp/cmake)\n'}
[78.222018] (-) TimerEvent: {}
[78.324438] (-) TimerEvent: {}
[78.428164] (-) TimerEvent: {}
[78.530678] (-) TimerEvent: {}
[78.540615] (gst_bridge) StdoutLine: {'line': b'-- Found rosidl_generator_c: 3.1.5 (/opt/ros/humble/install/share/rosidl_generator_c/cmake)\n'}
[78.583086] (gst_bridge) StdoutLine: {'line': b'-- Found rosidl_adapter: 3.1.5 (/opt/ros/humble/install/share/rosidl_adapter/cmake)\n'}
[78.630867] (-) TimerEvent: {}
[78.655850] (gst_bridge) StdoutLine: {'line': b'-- Found rosidl_generator_cpp: 3.1.5 (/opt/ros/humble/install/share/rosidl_generator_cpp/cmake)\n'}
[78.731070] (-) TimerEvent: {}
[78.832235] (-) TimerEvent: {}
[78.934475] (-) TimerEvent: {}
[79.035481] (-) TimerEvent: {}
[79.063588] (gst_bridge) StdoutLine: {'line': b'-- Using all available rosidl_typesupport_c: rosidl_typesupport_fastrtps_c;rosidl_typesupport_introspection_c\n'}
[79.135682] (-) TimerEvent: {}
[79.242346] (gst_bridge) StdoutLine: {'line': b'-- Using all available rosidl_typesupport_cpp: rosidl_typesupport_fastrtps_cpp;rosidl_typesupport_introspection_cpp\n'}
[79.243184] (-) TimerEvent: {}
[79.347995] (-) TimerEvent: {}
[79.430694] (gst_msgs) StdoutLine: {'line': b'[ 32%] \x1b[32mBuilding CXX object CMakeFiles/gst_msgs__rosidl_typesupport_fastrtps_c.dir/rosidl_typesupport_fastrtps_c/gst_msgs/msg/detail/meta_mark__type_support_c.cpp.o\x1b[0m\n'}
[79.448209] (-) TimerEvent: {}
[79.549258] (-) TimerEvent: {}
[79.650294] (-) TimerEvent: {}
[79.752547] (-) TimerEvent: {}
[79.822006] (gst_bridge) StdoutLine: {'line': b'-- Found rmw_implementation_cmake: 6.1.1 (/opt/ros/humble/install/share/rmw_implementation_cmake/cmake)\n'}
[79.844690] (gst_bridge) StdoutLine: {'line': b'-- Found rmw_cyclonedds_cpp: 1.3.4 (/opt/ros/humble/install/share/rmw_cyclonedds_cpp/cmake)\n'}
[79.852759] (-) TimerEvent: {}
[79.953700] (-) TimerEvent: {}
[80.054675] (-) TimerEvent: {}
[80.112084] (gst_bridge) StdoutLine: {'line': b"-- Using RMW implementation 'rmw_cyclonedds_cpp' as default\n"}
[80.154882] (-) TimerEvent: {}
[80.169745] (gst_bridge) StdoutLine: {'line': b'-- Performing Test CMAKE_HAVE_LIBC_PTHREAD\n'}
[80.255109] (-) TimerEvent: {}
[80.357536] (-) TimerEvent: {}
[80.460366] (-) TimerEvent: {}
[80.474922] (gst_bridge) StdoutLine: {'line': b'-- Performing Test CMAKE_HAVE_LIBC_PTHREAD - Failed\n'}
[80.475965] (gst_bridge) StdoutLine: {'line': b'-- Looking for pthread_create in pthreads\n'}
[80.560572] (-) TimerEvent: {}
[80.662684] (-) TimerEvent: {}
[80.722893] (gst_bridge) StdoutLine: {'line': b'-- Looking for pthread_create in pthreads - not found\n'}
[80.723920] (gst_bridge) StdoutLine: {'line': b'-- Looking for pthread_create in pthread\n'}
[80.763126] (-) TimerEvent: {}
[80.839597] (gst_msgs) StdoutLine: {'line': b'[ 34%] \x1b[32mBuilding CXX object CMakeFiles/gst_msgs__rosidl_typesupport_fastrtps_c.dir/rosidl_typesupport_fastrtps_c/gst_msgs/srv/detail/seek__type_support_c.cpp.o\x1b[0m\n'}
[80.863320] (-) TimerEvent: {}
[80.964233] (-) TimerEvent: {}
[80.992300] (gst_bridge) StdoutLine: {'line': b'-- Looking for pthread_create in pthread - found\n'}
[80.998135] (gst_bridge) StdoutLine: {'line': b'-- Found Threads: TRUE  \n'}
[81.064480] (-) TimerEvent: {}
[81.165590] (-) TimerEvent: {}
[81.278679] (-) TimerEvent: {}
[81.379706] (-) TimerEvent: {}
[81.481160] (-) TimerEvent: {}
[81.582437] (-) TimerEvent: {}
[81.684944] (-) TimerEvent: {}
[81.787344] (-) TimerEvent: {}
[81.889895] (-) TimerEvent: {}
[81.991783] (-) TimerEvent: {}
[82.093519] (-) TimerEvent: {}
[82.194793] (-) TimerEvent: {}
[82.284037] (gst_bridge) StdoutLine: {'line': b"-- Checking for one of the modules 'gstreamer-1.0'\n"}
[82.294990] (-) TimerEvent: {}
[82.356216] (gst_msgs) StdoutLine: {'line': b'[ 35%] \x1b[32m\x1b[1mLinking CXX shared library libgst_msgs__rosidl_typesupport_fastrtps_c.so\x1b[0m\n'}
[82.395198] (-) TimerEvent: {}
[82.496927] (-) TimerEvent: {}
[82.598187] (-) TimerEvent: {}
[82.623197] (gst_msgs) StdoutLine: {'line': b'[ 35%] Built target gst_msgs__rosidl_typesupport_fastrtps_c\n'}
[82.653352] (gst_bridge) StdoutLine: {'line': b"-- Checking for one of the modules 'gstreamer-base-1.0'\n"}
[82.655396] (gst_msgs) StdoutLine: {'line': b'[ 36%] \x1b[34m\x1b[1mGenerating C introspection for ROS interfaces\x1b[0m\n'}
[82.698417] (-) TimerEvent: {}
[82.800985] (-) TimerEvent: {}
[82.903094] (-) TimerEvent: {}
[82.977466] (gst_bridge) StdoutLine: {'line': b"-- Checking for one of the modules 'gstreamer-app-1.0'\n"}
[83.003293] (-) TimerEvent: {}
[83.104256] (-) TimerEvent: {}
[83.206619] (-) TimerEvent: {}
[83.269272] (gst_bridge) StdoutLine: {'line': b"-- Checking for one of the modules 'gstreamer-audio-1.0'\n"}
[83.306795] (-) TimerEvent: {}
[83.409622] (-) TimerEvent: {}
[83.510658] (-) TimerEvent: {}
[83.592300] (gst_bridge) StdoutLine: {'line': b"-- Checking for one of the modules 'gstreamer-video-1.0'\n"}
[83.615691] (-) TimerEvent: {}
[83.718229] (-) TimerEvent: {}
[83.819246] (-) TimerEvent: {}
[83.921388] (-) TimerEvent: {}
[83.996160] (diagnostic_updater) StdoutLine: {'line': b'[ 80%] \x1b[32m\x1b[1mLinking CXX executable diagnostic_status_wrapper_test\x1b[0m\n'}
[84.021577] (-) TimerEvent: {}
[84.123930] (-) TimerEvent: {}
[84.226132] (-) TimerEvent: {}
[84.328419] (-) TimerEvent: {}
[84.431166] (-) TimerEvent: {}
[84.537068] (-) TimerEvent: {}
[84.627163] (gst_bridge) StdoutLine: {'line': b'-- Found GLIB: /usr/include/glib-2.0;/usr/lib/aarch64-linux-gnu/glib-2.0/include (found version "2.56.4") \n'}
[84.633068] (gst_bridge) StdoutLine: {'line': b'-- Found audio_msgs: 0.0.0 (/root/Workspaces/rosgsthumble_ws/install/audio_msgs/share/audio_msgs/cmake)\n'}
[84.637274] (-) TimerEvent: {}
[84.738638] (-) TimerEvent: {}
[84.840024] (-) TimerEvent: {}
[84.941085] (-) TimerEvent: {}
[85.042078] (-) TimerEvent: {}
[85.047004] (diagnostic_updater) StdoutLine: {'line': b'[ 80%] Built target diagnostic_status_wrapper_test\n'}
[85.050978] (gst_bridge) StdoutLine: {'line': b'-- Found sensor_msgs: 4.2.3 (/opt/ros/humble/install/share/sensor_msgs/cmake)\n'}
[85.094924] (diagnostic_updater) StdoutLine: {'line': b'[ 90%] \x1b[32mBuilding CXX object CMakeFiles/diagnostic_updater_test.dir/test/diagnostic_updater_test.cpp.o\x1b[0m\n'}
[85.142276] (-) TimerEvent: {}
[85.244891] (-) TimerEvent: {}
[85.346317] (-) TimerEvent: {}
[85.447459] (-) TimerEvent: {}
[85.548831] (-) TimerEvent: {}
[85.650259] (-) TimerEvent: {}
[85.751229] (-) TimerEvent: {}
[85.852245] (-) TimerEvent: {}
[85.953794] (-) TimerEvent: {}
[86.056158] (-) TimerEvent: {}
[86.157728] (-) TimerEvent: {}
[86.260006] (-) TimerEvent: {}
[86.283812] (gst_bridge) StderrLine: {'line': b'\x1b[31mCMake Error at CMakeLists.txt:132 (find_package):\n'}
[86.284831] (gst_bridge) StderrLine: {'line': b'  By not providing "Findament_cmake_clang_format.cmake" in CMAKE_MODULE_PATH\n'}
[86.285706] (gst_bridge) StderrLine: {'line': b'  this project has asked CMake to find a package configuration file provided\n'}
[86.286695] (gst_bridge) StderrLine: {'line': b'  by "ament_cmake_clang_format", but CMake did not find one.\n'}
[86.287485] (gst_bridge) StderrLine: {'line': b'\n'}
[86.288266] (gst_bridge) StderrLine: {'line': b'  Could not find a package configuration file provided by\n'}
[86.289022] (gst_bridge) StderrLine: {'line': b'  "ament_cmake_clang_format" with any of the following names:\n'}
[86.289714] (gst_bridge) StderrLine: {'line': b'\n'}
[86.290440] (gst_bridge) StderrLine: {'line': b'    ament_cmake_clang_formatConfig.cmake\n'}
[86.291319] (gst_bridge) StderrLine: {'line': b'    ament_cmake_clang_format-config.cmake\n'}
[86.292084] (gst_bridge) StderrLine: {'line': b'\n'}
[86.292878] (gst_bridge) StderrLine: {'line': b'  Add the installation prefix of "ament_cmake_clang_format" to\n'}
[86.293621] (gst_bridge) StderrLine: {'line': b'  CMAKE_PREFIX_PATH or set "ament_cmake_clang_format_DIR" to a directory\n'}
[86.294353] (gst_bridge) StderrLine: {'line': b'  containing one of the above files.  If "ament_cmake_clang_format" provides\n'}
[86.295418] (gst_bridge) StderrLine: {'line': b'  a separate development package or SDK, be sure it has been installed.\n'}
[86.297423] (gst_bridge) StderrLine: {'line': b'\n'}
[86.298091] (gst_bridge) StderrLine: {'line': b'\x1b[0m\n'}
[86.306921] (gst_bridge) StdoutLine: {'line': b'-- Configuring incomplete, errors occurred!\n'}
[86.360193] (-) TimerEvent: {}
[86.401524] (gst_bridge) CommandEnded: {'returncode': 1}
[86.460489] (-) TimerEvent: {}
[86.562378] (-) TimerEvent: {}
[86.675805] (-) TimerEvent: {}
[86.783151] (-) TimerEvent: {}
[86.840018] (gst_bridge) JobEnded: {'identifier': 'gst_bridge', 'rc': 1}
[86.883324] (-) TimerEvent: {}
[86.985901] (-) TimerEvent: {}
[87.088289] (-) TimerEvent: {}
[87.189490] (-) TimerEvent: {}
[87.291461] (-) TimerEvent: {}
[87.397071] (-) TimerEvent: {}
[87.498026] (-) TimerEvent: {}
[87.599007] (-) TimerEvent: {}
[87.700007] (-) TimerEvent: {}
[87.800936] (-) TimerEvent: {}
[87.902253] (-) TimerEvent: {}
[88.008542] (-) TimerEvent: {}
[88.011124] (gst_msgs) StdoutLine: {'line': b'[ 37%] \x1b[32mBuilding C object CMakeFiles/gst_msgs__rosidl_typesupport_introspection_c.dir/rosidl_typesupport_introspection_c/gst_msgs/msg/detail/frame_gate__type_support.c.o\x1b[0m\n'}
[88.108744] (-) TimerEvent: {}
[88.120986] (gst_msgs) StdoutLine: {'line': b'[ 39%] \x1b[32mBuilding C object CMakeFiles/gst_msgs__rosidl_typesupport_introspection_c.dir/rosidl_typesupport_introspection_c/gst_msgs/msg/detail/webrtc_ice__type_support.c.o\x1b[0m\n'}
[88.208953] (-) TimerEvent: {}
[88.245888] (gst_msgs) StdoutLine: {'line': b'[ 40%] \x1b[32mBuilding C object CMakeFiles/gst_msgs__rosidl_typesupport_introspection_c.dir/rosidl_typesupport_introspection_c/gst_msgs/msg/detail/buffer_event__type_support.c.o\x1b[0m\n'}
[88.309159] (-) TimerEvent: {}
[88.362824] (gst_msgs) StdoutLine: {'line': b'[ 41%] \x1b[32mBuilding C object CMakeFiles/gst_msgs__rosidl_typesupport_introspection_c.dir/rosidl_typesupport_introspection_c/gst_msgs/msg/detail/clock_observation__type_support.c.o\x1b[0m\n'}
[88.409362] (-) TimerEvent: {}
[88.494645] (gst_msgs) StdoutLine: {'line': b'[ 43%] \x1b[32mBuilding C object CMakeFiles/gst_msgs__rosidl_typesupport_introspection_c.dir/rosidl_typesupport_introspection_c/gst_msgs/msg/detail/multifilesink_event__type_support.c.o\x1b[0m\n'}
[88.509579] (-) TimerEvent: {}
[88.612104] (-) TimerEvent: {}
[88.616796] (gst_msgs) StdoutLine: {'line': b'[ 44%] \x1b[32mBuilding C object CMakeFiles/gst_msgs__rosidl_typesupport_introspection_c.dir/rosidl_typesupport_introspection_c/gst_msgs/msg/detail/meta_mark__type_support.c.o\x1b[0m\n'}
[88.712304] (-) TimerEvent: {}
[88.745699] (gst_msgs) StdoutLine: {'line': b'[ 45%] \x1b[32mBuilding C object CMakeFiles/gst_msgs__rosidl_typesupport_introspection_c.dir/rosidl_typesupport_introspection_c/gst_msgs/srv/detail/seek__type_support.c.o\x1b[0m\n'}
[88.812517] (-) TimerEvent: {}
[88.880215] (gst_msgs) StdoutLine: {'line': b'[ 46%] \x1b[32m\x1b[1mLinking C shared library libgst_msgs__rosidl_typesupport_introspection_c.so\x1b[0m\n'}
[88.912722] (-) TimerEvent: {}
[88.951000] (gst_msgs) StdoutLine: {'line': b'[ 46%] Built target gst_msgs__rosidl_typesupport_introspection_c\n'}
[88.969262] (gst_msgs) StdoutLine: {'line': b'[ 48%] \x1b[34m\x1b[1mGenerating C type support dispatch for ROS interfaces\x1b[0m\n'}
[89.012903] (-) TimerEvent: {}
[89.115228] (-) TimerEvent: {}
[89.163909] (cv_bridge) StdoutLine: {'line': b'[ 56%] \x1b[32mBuilding CXX object src/CMakeFiles/cv_bridge_boost.dir/module_opencv3.cpp.o\x1b[0m\n'}
[89.215400] (-) TimerEvent: {}
[89.317273] (-) TimerEvent: {}
[89.419605] (-) TimerEvent: {}
[89.520426] (-) TimerEvent: {}
[89.621316] (-) TimerEvent: {}
[89.722203] (-) TimerEvent: {}
[89.823951] (-) TimerEvent: {}
[89.925756] (-) TimerEvent: {}
[90.026964] (-) TimerEvent: {}
[90.128851] (-) TimerEvent: {}
[90.231191] (-) TimerEvent: {}
[90.332878] (-) TimerEvent: {}
[90.434711] (-) TimerEvent: {}
[90.535569] (-) TimerEvent: {}
[90.636459] (-) TimerEvent: {}
[90.738195] (-) TimerEvent: {}
[90.839164] (-) TimerEvent: {}
[90.940057] (-) TimerEvent: {}
[91.041245] (-) TimerEvent: {}
[91.142397] (-) TimerEvent: {}
[91.243286] (-) TimerEvent: {}
[91.344478] (-) TimerEvent: {}
[91.446321] (-) TimerEvent: {}
[91.550636] (-) TimerEvent: {}
[91.651566] (-) TimerEvent: {}
[91.752388] (-) TimerEvent: {}
[91.854183] (-) TimerEvent: {}
[91.956028] (-) TimerEvent: {}
[92.057209] (-) TimerEvent: {}
[92.158394] (-) TimerEvent: {}
[92.260076] (-) TimerEvent: {}
[92.361263] (-) TimerEvent: {}
[92.463199] (-) TimerEvent: {}
[92.564087] (-) TimerEvent: {}
[92.665288] (-) TimerEvent: {}
[92.766974] (-) TimerEvent: {}
[92.869340] (-) TimerEvent: {}
[92.976421] (-) TimerEvent: {}
[93.057771] (gst_msgs) StdoutLine: {'line': b'[ 49%] \x1b[32mBuilding CXX object CMakeFiles/gst_msgs__rosidl_typesupport_c.dir/rosidl_typesupport_c/gst_msgs/msg/frame_gate__type_support.cpp.o\x1b[0m\n'}
[93.076623] (-) TimerEvent: {}
[93.154405] (gst_msgs) StdoutLine: {'line': b'[ 50%] \x1b[32mBuilding CXX object CMakeFiles/gst_msgs__rosidl_typesupport_c.dir/rosidl_typesupport_c/gst_msgs/msg/webrtc_ice__type_support.cpp.o\x1b[0m\n'}
[93.176828] (-) TimerEvent: {}
[93.255610] (gst_msgs) StdoutLine: {'line': b'[ 51%] \x1b[32mBuilding CXX object CMakeFiles/gst_msgs__rosidl_typesupport_c.dir/rosidl_typesupport_c/gst_msgs/msg/buffer_event__type_support.cpp.o\x1b[0m\n'}
[93.277032] (-) TimerEvent: {}
[93.348647] (gst_msgs) StdoutLine: {'line': b'[ 53%] \x1b[32mBuilding CXX object CMakeFiles/gst_msgs__rosidl_typesupport_c.dir/rosidl_typesupport_c/gst_msgs/msg/clock_observation__type_support.cpp.o\x1b[0m\n'}
[93.377249] (-) TimerEvent: {}
[93.451402] (gst_msgs) StdoutLine: {'line': b'[ 54%] \x1b[32mBuilding CXX object CMakeFiles/gst_msgs__rosidl_typesupport_c.dir/rosidl_typesupport_c/gst_msgs/msg/multifilesink_event__type_support.cpp.o\x1b[0m\n'}
[93.477464] (-) TimerEvent: {}
[93.548884] (gst_msgs) StdoutLine: {'line': b'[ 55%] \x1b[32mBuilding CXX object CMakeFiles/gst_msgs__rosidl_typesupport_c.dir/rosidl_typesupport_c/gst_msgs/msg/meta_mark__type_support.cpp.o\x1b[0m\n'}
[93.577667] (-) TimerEvent: {}
[93.645355] (gst_msgs) StdoutLine: {'line': b'[ 56%] \x1b[32mBuilding CXX object CMakeFiles/gst_msgs__rosidl_typesupport_c.dir/rosidl_typesupport_c/gst_msgs/srv/seek__type_support.cpp.o\x1b[0m\n'}
[93.677866] (-) TimerEvent: {}
[93.757344] (gst_msgs) StdoutLine: {'line': b'[ 58%] \x1b[32m\x1b[1mLinking CXX shared library libgst_msgs__rosidl_typesupport_c.so\x1b[0m\n'}
[93.778056] (-) TimerEvent: {}
[93.859458] (gst_msgs) StdoutLine: {'line': b'[ 58%] Built target gst_msgs__rosidl_typesupport_c\n'}
[93.878321] (-) TimerEvent: {}
[93.880278] (gst_msgs) StdoutLine: {'line': b'[ 59%] \x1b[34m\x1b[1mGenerating C++ type support for eProsima Fast-RTPS\x1b[0m\n'}
[93.978573] (-) TimerEvent: {}
[94.080137] (-) TimerEvent: {}
[94.182048] (-) TimerEvent: {}
[94.284137] (-) TimerEvent: {}
[94.386676] (-) TimerEvent: {}
[94.487536] (-) TimerEvent: {}
[94.588424] (-) TimerEvent: {}
[94.689622] (-) TimerEvent: {}
[94.790595] (-) TimerEvent: {}
[94.891775] (-) TimerEvent: {}
[94.992589] (-) TimerEvent: {}
[95.094384] (-) TimerEvent: {}
[95.196267] (-) TimerEvent: {}
[95.298106] (-) TimerEvent: {}
[95.399939] (-) TimerEvent: {}
[95.502389] (-) TimerEvent: {}
[95.603382] (-) TimerEvent: {}
[95.706197] (-) TimerEvent: {}
[95.807149] (-) TimerEvent: {}
[95.908080] (-) TimerEvent: {}
[96.009009] (-) TimerEvent: {}
[96.109972] (-) TimerEvent: {}
[96.210953] (-) TimerEvent: {}
[96.312661] (-) TimerEvent: {}
[96.415712] (-) TimerEvent: {}
[96.516615] (-) TimerEvent: {}
[96.617497] (-) TimerEvent: {}
[96.718393] (-) TimerEvent: {}
[96.819389] (-) TimerEvent: {}
[96.920325] (-) TimerEvent: {}
[97.021231] (-) TimerEvent: {}
[97.122168] (-) TimerEvent: {}
[97.223175] (-) TimerEvent: {}
[97.324131] (-) TimerEvent: {}
[97.426165] (-) TimerEvent: {}
[97.527290] (-) TimerEvent: {}
[97.628220] (-) TimerEvent: {}
[97.729132] (-) TimerEvent: {}
[97.830050] (-) TimerEvent: {}
[97.931347] (-) TimerEvent: {}
[98.032524] (-) TimerEvent: {}
[98.134096] (-) TimerEvent: {}
[98.235728] (-) TimerEvent: {}
[98.337336] (-) TimerEvent: {}
[98.439272] (-) TimerEvent: {}
[98.540182] (-) TimerEvent: {}
[98.641098] (-) TimerEvent: {}
[98.742345] (-) TimerEvent: {}
[98.854753] (-) TimerEvent: {}
[98.956600] (-) TimerEvent: {}
[99.057530] (-) TimerEvent: {}
[99.158787] (-) TimerEvent: {}
[99.260115] (-) TimerEvent: {}
[99.362151] (-) TimerEvent: {}
[99.363713] (gst_msgs) StdoutLine: {'line': b'[ 60%] \x1b[32mBuilding CXX object CMakeFiles/gst_msgs__rosidl_typesupport_fastrtps_cpp.dir/rosidl_typesupport_fastrtps_cpp/gst_msgs/msg/detail/dds_fastrtps/frame_gate__type_support.cpp.o\x1b[0m\n'}
[99.462350] (-) TimerEvent: {}
[99.563386] (-) TimerEvent: {}
[99.664617] (-) TimerEvent: {}
[99.766910] (-) TimerEvent: {}
[99.867880] (-) TimerEvent: {}
[99.968853] (-) TimerEvent: {}
[100.069830] (-) TimerEvent: {}
[100.171181] (-) TimerEvent: {}
[100.273139] (-) TimerEvent: {}
[100.375204] (-) TimerEvent: {}
[100.478712] (-) TimerEvent: {}
[100.579693] (-) TimerEvent: {}
[100.681474] (-) TimerEvent: {}
[100.782458] (-) TimerEvent: {}
[100.861930] (gst_msgs) StdoutLine: {'line': b'[ 62%] \x1b[32mBuilding CXX object CMakeFiles/gst_msgs__rosidl_typesupport_fastrtps_cpp.dir/rosidl_typesupport_fastrtps_cpp/gst_msgs/msg/detail/dds_fastrtps/buffer_event__type_support.cpp.o\x1b[0m\n'}
[100.882700] (-) TimerEvent: {}
[100.985195] (-) TimerEvent: {}
[101.087810] (-) TimerEvent: {}
[101.189708] (-) TimerEvent: {}
[101.291751] (-) TimerEvent: {}
[101.394709] (-) TimerEvent: {}
[101.495683] (-) TimerEvent: {}
[101.596658] (-) TimerEvent: {}
[101.697925] (-) TimerEvent: {}
[101.729045] (cv_bridge) StdoutLine: {'line': b'[ 62%] \x1b[32m\x1b[1mLinking CXX shared module boost/cv_bridge_boost.so\x1b[0m\n'}
[101.798139] (-) TimerEvent: {}
[101.903827] (-) TimerEvent: {}
[102.006784] (-) TimerEvent: {}
[102.115644] (-) TimerEvent: {}
[102.197910] (cv_bridge) StdoutLine: {'line': b'[ 62%] Built target cv_bridge_boost\n'}
[102.215849] (-) TimerEvent: {}
[102.238020] (cv_bridge) StdoutLine: {'line': b'[ 68%] \x1b[32mBuilding CXX object test/CMakeFiles/cv_bridge-utest.dir/test_endian.cpp.o\x1b[0m\n'}
[102.316048] (-) TimerEvent: {}
[102.410141] (gst_msgs) StdoutLine: {'line': b'[ 63%] \x1b[32mBuilding CXX object CMakeFiles/gst_msgs__rosidl_typesupport_fastrtps_cpp.dir/rosidl_typesupport_fastrtps_cpp/gst_msgs/msg/detail/dds_fastrtps/clock_observation__type_support.cpp.o\x1b[0m\n'}
[102.416240] (-) TimerEvent: {}
[102.517622] (-) TimerEvent: {}
[102.620140] (-) TimerEvent: {}
[102.722119] (-) TimerEvent: {}
[102.823843] (-) TimerEvent: {}
[102.925085] (-) TimerEvent: {}
[103.026340] (-) TimerEvent: {}
[103.128064] (-) TimerEvent: {}
[103.229940] (-) TimerEvent: {}
[103.332060] (-) TimerEvent: {}
[103.434645] (-) TimerEvent: {}
[103.535622] (-) TimerEvent: {}
[103.637318] (-) TimerEvent: {}
[103.738621] (-) TimerEvent: {}
[103.842335] (-) TimerEvent: {}
[103.903679] (gst_msgs) StdoutLine: {'line': b'[ 64%] \x1b[32mBuilding CXX object CMakeFiles/gst_msgs__rosidl_typesupport_fastrtps_cpp.dir/rosidl_typesupport_fastrtps_cpp/gst_msgs/msg/detail/dds_fastrtps/multifilesink_event__type_support.cpp.o\x1b[0m\n'}
[103.942634] (-) TimerEvent: {}
[104.044886] (-) TimerEvent: {}
[104.147433] (-) TimerEvent: {}
[104.249194] (-) TimerEvent: {}
[104.351187] (-) TimerEvent: {}
[104.453434] (-) TimerEvent: {}
[104.554895] (-) TimerEvent: {}
[104.661744] (-) TimerEvent: {}
[104.763012] (-) TimerEvent: {}
[104.864947] (-) TimerEvent: {}
[104.966209] (-) TimerEvent: {}
[105.068256] (-) TimerEvent: {}
[105.170198] (-) TimerEvent: {}
[105.272521] (-) TimerEvent: {}
[105.374576] (-) TimerEvent: {}
[105.470494] (gst_msgs) StdoutLine: {'line': b'[ 65%] \x1b[32mBuilding CXX object CMakeFiles/gst_msgs__rosidl_typesupport_fastrtps_cpp.dir/rosidl_typesupport_fastrtps_cpp/gst_msgs/msg/detail/dds_fastrtps/meta_mark__type_support.cpp.o\x1b[0m\n'}
[105.474749] (-) TimerEvent: {}
[105.576385] (-) TimerEvent: {}
[105.678744] (-) TimerEvent: {}
[105.780748] (-) TimerEvent: {}
[105.881732] (-) TimerEvent: {}
[105.982724] (-) TimerEvent: {}
[106.083690] (-) TimerEvent: {}
[106.185619] (-) TimerEvent: {}
[106.287553] (-) TimerEvent: {}
[106.394706] (-) TimerEvent: {}
[106.495686] (-) TimerEvent: {}
[106.596656] (-) TimerEvent: {}
[106.698627] (-) TimerEvent: {}
[106.799494] (-) TimerEvent: {}
[106.901331] (-) TimerEvent: {}
[107.003238] (-) TimerEvent: {}
[107.019893] (gst_msgs) StdoutLine: {'line': b'[ 67%] \x1b[32mBuilding CXX object CMakeFiles/gst_msgs__rosidl_typesupport_fastrtps_cpp.dir/rosidl_typesupport_fastrtps_cpp/gst_msgs/srv/detail/dds_fastrtps/seek__type_support.cpp.o\x1b[0m\n'}
[107.103440] (-) TimerEvent: {}
[107.205309] (-) TimerEvent: {}
[107.307306] (-) TimerEvent: {}
[107.409167] (-) TimerEvent: {}
[107.511921] (-) TimerEvent: {}
[107.613127] (-) TimerEvent: {}
[107.714452] (-) TimerEvent: {}
[107.815438] (-) TimerEvent: {}
[107.917238] (-) TimerEvent: {}
[108.018168] (-) TimerEvent: {}
[108.120700] (-) TimerEvent: {}
[108.221617] (-) TimerEvent: {}
[108.247996] (cv_bridge) StdoutLine: {'line': b'[ 75%] \x1b[32mBuilding CXX object test/CMakeFiles/cv_bridge-utest.dir/utest2.cpp.o\x1b[0m\n'}
[108.321824] (-) TimerEvent: {}
[108.425018] (-) TimerEvent: {}
[108.526002] (-) TimerEvent: {}
[108.629057] (-) TimerEvent: {}
[108.705951] (gst_msgs) StdoutLine: {'line': b'[ 68%] \x1b[32mBuilding CXX object CMakeFiles/gst_msgs__rosidl_typesupport_fastrtps_cpp.dir/rosidl_typesupport_fastrtps_cpp/gst_msgs/msg/detail/dds_fastrtps/webrtc_ice__type_support.cpp.o\x1b[0m\n'}
[108.729450] (-) TimerEvent: {}
[108.831407] (-) TimerEvent: {}
[108.940826] (-) TimerEvent: {}
[109.047556] (-) TimerEvent: {}
[109.148509] (-) TimerEvent: {}
[109.249769] (-) TimerEvent: {}
[109.351817] (-) TimerEvent: {}
[109.453839] (-) TimerEvent: {}
[109.555708] (-) TimerEvent: {}
[109.656661] (-) TimerEvent: {}
[109.757968] (-) TimerEvent: {}
[109.859731] (-) TimerEvent: {}
[109.960725] (-) TimerEvent: {}
[110.062685] (-) TimerEvent: {}
[110.163616] (-) TimerEvent: {}
[110.265582] (-) TimerEvent: {}
[110.284863] (gst_msgs) StdoutLine: {'line': b'[ 69%] \x1b[32m\x1b[1mLinking CXX shared library libgst_msgs__rosidl_typesupport_fastrtps_cpp.so\x1b[0m\n'}
[110.365801] (-) TimerEvent: {}
[110.468808] (-) TimerEvent: {}
[110.516257] (gst_msgs) StdoutLine: {'line': b'[ 69%] Built target gst_msgs__rosidl_typesupport_fastrtps_cpp\n'}
[110.535543] (gst_msgs) StdoutLine: {'line': b'[ 70%] \x1b[34m\x1b[1mGenerating C++ type support dispatch for ROS interfaces\x1b[0m\n'}
[110.568986] (-) TimerEvent: {}
[110.670926] (-) TimerEvent: {}
[110.772183] (-) TimerEvent: {}
[110.873917] (-) TimerEvent: {}
[110.975686] (-) TimerEvent: {}
[111.077372] (-) TimerEvent: {}
[111.178264] (-) TimerEvent: {}
[111.279245] (-) TimerEvent: {}
[111.380777] (-) TimerEvent: {}
[111.482340] (-) TimerEvent: {}
[111.584044] (-) TimerEvent: {}
[111.686338] (-) TimerEvent: {}
[111.788122] (-) TimerEvent: {}
[111.889398] (-) TimerEvent: {}
[111.991507] (-) TimerEvent: {}
[112.093655] (-) TimerEvent: {}
[112.197163] (-) TimerEvent: {}
[112.299057] (-) TimerEvent: {}
[112.404166] (-) TimerEvent: {}
[112.505104] (-) TimerEvent: {}
[112.606017] (-) TimerEvent: {}
[112.706917] (-) TimerEvent: {}
[112.807772] (-) TimerEvent: {}
[112.908677] (-) TimerEvent: {}
[113.009529] (-) TimerEvent: {}
[113.110448] (-) TimerEvent: {}
[113.211382] (-) TimerEvent: {}
[113.313260] (-) TimerEvent: {}
[113.418272] (-) TimerEvent: {}
[113.522567] (-) TimerEvent: {}
[113.628272] (-) TimerEvent: {}
[113.730167] (-) TimerEvent: {}
[113.832147] (-) TimerEvent: {}
[113.888055] (diagnostic_updater) StdoutLine: {'line': b'[100%] \x1b[32m\x1b[1mLinking CXX executable diagnostic_updater_test\x1b[0m\n'}
[113.932351] (-) TimerEvent: {}
[114.033785] (-) TimerEvent: {}
[114.134948] (-) TimerEvent: {}
[114.235964] (-) TimerEvent: {}
[114.336949] (-) TimerEvent: {}
[114.410177] (cv_bridge) StdoutLine: {'line': b'[ 81%] \x1b[32mBuilding CXX object test/CMakeFiles/cv_bridge-utest.dir/test_rgb_colors.cpp.o\x1b[0m\n'}
[114.437169] (-) TimerEvent: {}
[114.538937] (-) TimerEvent: {}
[114.641796] (-) TimerEvent: {}
[114.743985] (-) TimerEvent: {}
[114.846706] (-) TimerEvent: {}
[114.914941] (gst_msgs) StdoutLine: {'line': b'[ 72%] \x1b[32mBuilding CXX object CMakeFiles/gst_msgs__rosidl_typesupport_cpp.dir/rosidl_typesupport_cpp/gst_msgs/msg/frame_gate__type_support.cpp.o\x1b[0m\n'}
[114.946893] (-) TimerEvent: {}
[115.053889] (-) TimerEvent: {}
[115.156274] (-) TimerEvent: {}
[115.258438] (-) TimerEvent: {}
[115.359513] (-) TimerEvent: {}
[115.380303] (diagnostic_updater) StdoutLine: {'line': b'[100%] Built target diagnostic_updater_test\n'}
[115.438275] (diagnostic_updater) JobEnded: {'identifier': 'diagnostic_updater', 'rc': 'SIGINT'}
[115.459716] (-) TimerEvent: {}
[115.560632] (-) TimerEvent: {}
[115.661635] (-) TimerEvent: {}
[115.762494] (-) TimerEvent: {}
[115.863455] (-) TimerEvent: {}
[115.881788] (gst_msgs) StdoutLine: {'line': b'[ 73%] \x1b[32mBuilding CXX object CMakeFiles/gst_msgs__rosidl_typesupport_cpp.dir/rosidl_typesupport_cpp/gst_msgs/msg/clock_observation__type_support.cpp.o\x1b[0m\n'}
[115.963647] (-) TimerEvent: {}
[116.064462] (-) TimerEvent: {}
[116.165315] (-) TimerEvent: {}
[116.266252] (-) TimerEvent: {}
[116.367161] (-) TimerEvent: {}
[116.468030] (-) TimerEvent: {}
[116.568879] (-) TimerEvent: {}
[116.669747] (-) TimerEvent: {}
[116.770657] (-) TimerEvent: {}
[116.812675] (gst_msgs) StdoutLine: {'line': b'[ 74%] \x1b[32mBuilding CXX object CMakeFiles/gst_msgs__rosidl_typesupport_cpp.dir/rosidl_typesupport_cpp/gst_msgs/msg/multifilesink_event__type_support.cpp.o\x1b[0m\n'}
[116.870849] (-) TimerEvent: {}
[116.971668] (-) TimerEvent: {}
[117.072512] (-) TimerEvent: {}
[117.173331] (-) TimerEvent: {}
[117.274153] (-) TimerEvent: {}
[117.375016] (-) TimerEvent: {}
[117.475844] (-) TimerEvent: {}
[117.576663] (-) TimerEvent: {}
[117.677511] (-) TimerEvent: {}
[117.730478] (gst_msgs) StdoutLine: {'line': b'[ 75%] \x1b[32mBuilding CXX object CMakeFiles/gst_msgs__rosidl_typesupport_cpp.dir/rosidl_typesupport_cpp/gst_msgs/msg/meta_mark__type_support.cpp.o\x1b[0m\n'}
[117.777710] (-) TimerEvent: {}
[117.878673] (-) TimerEvent: {}
[117.979608] (-) TimerEvent: {}
[118.080510] (-) TimerEvent: {}
[118.183106] (-) TimerEvent: {}
[118.283985] (-) TimerEvent: {}
[118.384881] (-) TimerEvent: {}
[118.485751] (-) TimerEvent: {}
[118.586662] (-) TimerEvent: {}
[118.662479] (gst_msgs) StdoutLine: {'line': b'[ 77%] \x1b[32mBuilding CXX object CMakeFiles/gst_msgs__rosidl_typesupport_cpp.dir/rosidl_typesupport_cpp/gst_msgs/srv/seek__type_support.cpp.o\x1b[0m\n'}
[118.686849] (-) TimerEvent: {}
[118.787702] (-) TimerEvent: {}
[118.888549] (-) TimerEvent: {}
[118.989981] (-) TimerEvent: {}
[119.091120] (-) TimerEvent: {}
[119.191979] (-) TimerEvent: {}
[119.292832] (-) TimerEvent: {}
[119.393685] (-) TimerEvent: {}
[119.494551] (-) TimerEvent: {}
[119.595401] (-) TimerEvent: {}
[119.605981] (gst_msgs) StdoutLine: {'line': b'[ 78%] \x1b[32mBuilding CXX object CMakeFiles/gst_msgs__rosidl_typesupport_cpp.dir/rosidl_typesupport_cpp/gst_msgs/msg/buffer_event__type_support.cpp.o\x1b[0m\n'}
[119.695599] (-) TimerEvent: {}
[119.796440] (-) TimerEvent: {}
[119.897377] (-) TimerEvent: {}
[119.998226] (-) TimerEvent: {}
[120.099137] (-) TimerEvent: {}
[120.199994] (-) TimerEvent: {}
[120.300863] (-) TimerEvent: {}
[120.401767] (-) TimerEvent: {}
[120.502726] (-) TimerEvent: {}
[120.531727] (gst_msgs) StdoutLine: {'line': b'[ 79%] \x1b[32mBuilding CXX object CMakeFiles/gst_msgs__rosidl_typesupport_cpp.dir/rosidl_typesupport_cpp/gst_msgs/msg/webrtc_ice__type_support.cpp.o\x1b[0m\n'}
[120.602912] (-) TimerEvent: {}
[120.704223] (-) TimerEvent: {}
[120.805095] (-) TimerEvent: {}
[120.905987] (-) TimerEvent: {}
[121.006879] (-) TimerEvent: {}
[121.107801] (-) TimerEvent: {}
[121.208802] (-) TimerEvent: {}
[121.309809] (-) TimerEvent: {}
[121.410789] (-) TimerEvent: {}
[121.488142] (gst_msgs) StdoutLine: {'line': b'[ 81%] \x1b[32m\x1b[1mLinking CXX shared library libgst_msgs__rosidl_typesupport_cpp.so\x1b[0m\n'}
[121.510975] (-) TimerEvent: {}
[121.583069] (gst_msgs) StdoutLine: {'line': b'[ 81%] Built target gst_msgs__rosidl_typesupport_cpp\n'}
[121.611157] (-) TimerEvent: {}
[121.617268] (gst_msgs) StdoutLine: {'line': b'[ 81%] Built target gst_msgs\n'}
[121.655153] (gst_msgs) StdoutLine: {'line': b'[ 82%] \x1b[34m\x1b[1mGenerating Python code for ROS interfaces\x1b[0m\n'}
[121.711324] (-) TimerEvent: {}
[121.812118] (-) TimerEvent: {}
[121.912982] (-) TimerEvent: {}
[122.013778] (-) TimerEvent: {}
[122.114730] (-) TimerEvent: {}
[122.215607] (-) TimerEvent: {}
[122.316449] (-) TimerEvent: {}
[122.417296] (-) TimerEvent: {}
[122.518090] (-) TimerEvent: {}
[122.618954] (-) TimerEvent: {}
[122.719740] (-) TimerEvent: {}
[122.820547] (-) TimerEvent: {}
[122.921349] (-) TimerEvent: {}
[123.022229] (-) TimerEvent: {}
[123.123208] (-) TimerEvent: {}
[123.224028] (-) TimerEvent: {}
[123.324872] (-) TimerEvent: {}
[123.416634] (cv_bridge) StdoutLine: {'line': b'[ 87%] \x1b[32mBuilding CXX object test/CMakeFiles/cv_bridge-utest.dir/test_compression.cpp.o\x1b[0m\n'}
[123.423122] (cv_bridge) StdoutLine: {'line': b'[ 93%] \x1b[32mBuilding CXX object test/CMakeFiles/cv_bridge-utest.dir/utest.cpp.o\x1b[0m\n'}
[123.425374] (-) TimerEvent: {}
[123.526151] (-) TimerEvent: {}
[123.628061] (-) TimerEvent: {}
[123.729586] (-) TimerEvent: {}
[123.830347] (-) TimerEvent: {}
[123.931176] (-) TimerEvent: {}
[124.031955] (-) TimerEvent: {}
[124.132712] (-) TimerEvent: {}
[124.233502] (-) TimerEvent: {}
[124.335100] (-) TimerEvent: {}
[124.438995] (-) TimerEvent: {}
[124.539858] (-) TimerEvent: {}
[124.640661] (-) TimerEvent: {}
[124.741805] (-) TimerEvent: {}
[124.842699] (-) TimerEvent: {}
[124.943868] (-) TimerEvent: {}
[125.045468] (-) TimerEvent: {}
[125.150697] (-) TimerEvent: {}
[125.251479] (-) TimerEvent: {}
[125.352278] (-) TimerEvent: {}
[125.454030] (-) TimerEvent: {}
[125.554993] (-) TimerEvent: {}
[125.657332] (-) TimerEvent: {}
[125.758553] (-) TimerEvent: {}
[125.859841] (-) TimerEvent: {}
[125.961002] (-) TimerEvent: {}
[126.062598] (-) TimerEvent: {}
[126.164141] (-) TimerEvent: {}
[126.265649] (-) TimerEvent: {}
[126.366434] (-) TimerEvent: {}
[126.469437] (-) TimerEvent: {}
[126.576004] (-) TimerEvent: {}
[126.676807] (-) TimerEvent: {}
[126.777611] (-) TimerEvent: {}
[126.878818] (-) TimerEvent: {}
[126.979626] (-) TimerEvent: {}
[127.081181] (-) TimerEvent: {}
[127.182875] (-) TimerEvent: {}
[127.284403] (-) TimerEvent: {}
[127.385598] (-) TimerEvent: {}
[127.487804] (-) TimerEvent: {}
[127.588753] (-) TimerEvent: {}
[127.689635] (-) TimerEvent: {}
[127.790876] (-) TimerEvent: {}
[127.892023] (-) TimerEvent: {}
[127.993584] (-) TimerEvent: {}
[128.094841] (-) TimerEvent: {}
[128.196002] (-) TimerEvent: {}
[128.297385] (-) TimerEvent: {}
[128.399145] (-) TimerEvent: {}
[128.500360] (-) TimerEvent: {}
[128.601190] (-) TimerEvent: {}
[128.702088] (-) TimerEvent: {}
[128.802990] (-) TimerEvent: {}
[128.905196] (-) TimerEvent: {}
[129.007603] (-) TimerEvent: {}
[129.108888] (-) TimerEvent: {}
[129.209707] (-) TimerEvent: {}
[129.310492] (-) TimerEvent: {}
[129.411286] (-) TimerEvent: {}
[129.512554] (-) TimerEvent: {}
[129.541226] (cv_bridge) StdoutLine: {'line': b'[100%] \x1b[32m\x1b[1mLinking CXX executable cv_bridge-utest\x1b[0m\n'}
[129.612756] (-) TimerEvent: {}
[129.713679] (-) TimerEvent: {}
[129.814731] (-) TimerEvent: {}
[129.915562] (-) TimerEvent: {}
[130.016371] (-) TimerEvent: {}
[130.117233] (-) TimerEvent: {}
[130.218016] (-) TimerEvent: {}
[130.318847] (-) TimerEvent: {}
[130.419704] (-) TimerEvent: {}
[130.480437] (cv_bridge) StdoutLine: {'line': b'[100%] Built target cv_bridge-utest\n'}
[130.515783] (cv_bridge) JobEnded: {'identifier': 'cv_bridge', 'rc': 'SIGINT'}
[130.519821] (-) TimerEvent: {}
[130.620421] (-) TimerEvent: {}
[130.721115] (-) TimerEvent: {}
[130.821792] (-) TimerEvent: {}
[130.922477] (-) TimerEvent: {}
[131.023238] (-) TimerEvent: {}
[131.123939] (-) TimerEvent: {}
[131.224636] (-) TimerEvent: {}
[131.325338] (-) TimerEvent: {}
[131.426056] (-) TimerEvent: {}
[131.526869] (-) TimerEvent: {}
[131.627563] (-) TimerEvent: {}
[131.728283] (-) TimerEvent: {}
[131.829086] (-) TimerEvent: {}
[131.837683] (gst_msgs) StdoutLine: {'line': b'[ 82%] Built target gst_msgs__py\n'}
[131.871193] (gst_msgs) StdoutLine: {'line': b'[ 86%] \x1b[32mBuilding C object CMakeFiles/gst_msgs__rosidl_generator_py.dir/rosidl_generator_py/gst_msgs/msg/_frame_gate_s.c.o\x1b[0m\n'}
[131.871970] (gst_msgs) StdoutLine: {'line': b'[ 86%] \x1b[32mBuilding C object CMakeFiles/gst_msgs__rosidl_generator_py.dir/rosidl_generator_py/gst_msgs/msg/_webrtc_ice_s.c.o\x1b[0m\n'}
[131.872585] (gst_msgs) StdoutLine: {'line': b'[ 86%] \x1b[32mBuilding C object CMakeFiles/gst_msgs__rosidl_generator_py.dir/rosidl_generator_py/gst_msgs/msg/_buffer_event_s.c.o\x1b[0m\n'}
[131.929281] (-) TimerEvent: {}
[132.031498] (-) TimerEvent: {}
[132.133624] (-) TimerEvent: {}
[132.184541] (gst_msgs) StdoutLine: {'line': b'[ 87%] \x1b[32mBuilding C object CMakeFiles/gst_msgs__rosidl_generator_py.dir/rosidl_generator_py/gst_msgs/msg/_clock_observation_s.c.o\x1b[0m\n'}
[132.190986] (gst_msgs) StdoutLine: {'line': b'[ 88%] \x1b[32mBuilding C object CMakeFiles/gst_msgs__rosidl_generator_py.dir/rosidl_generator_py/gst_msgs/msg/_multifilesink_event_s.c.o\x1b[0m\n'}
[132.206390] (gst_msgs) StdoutLine: {'line': b'[ 89%] \x1b[32mBuilding C object CMakeFiles/gst_msgs__rosidl_generator_py.dir/rosidl_generator_py/gst_msgs/msg/_meta_mark_s.c.o\x1b[0m\n'}
[132.233829] (-) TimerEvent: {}
[132.334695] (-) TimerEvent: {}
[132.437070] (-) TimerEvent: {}
[132.521375] (gst_msgs) StdoutLine: {'line': b'[ 91%] \x1b[32mBuilding C object CMakeFiles/gst_msgs__rosidl_generator_py.dir/rosidl_generator_py/gst_msgs/srv/_seek_s.c.o\x1b[0m\n'}
[132.537279] (-) TimerEvent: {}
[132.638058] (-) TimerEvent: {}
[132.738893] (-) TimerEvent: {}
[132.839640] (-) TimerEvent: {}
[132.863543] (gst_msgs) StdoutLine: {'line': b'[ 92%] \x1b[32m\x1b[1mLinking C shared library rosidl_generator_py/gst_msgs/libgst_msgs__rosidl_generator_py.so\x1b[0m\n'}
[132.939831] (-) TimerEvent: {}
[132.964760] (gst_msgs) StdoutLine: {'line': b'[ 92%] Built target gst_msgs__rosidl_generator_py\n'}
[133.000869] (gst_msgs) StdoutLine: {'line': b'[ 96%] \x1b[32mBuilding C object CMakeFiles/gst_msgs__rosidl_typesupport_introspection_c__pyext.dir/rosidl_generator_py/gst_msgs/_gst_msgs_s.ep.rosidl_typesupport_introspection_c.c.o\x1b[0m\n'}
[133.001647] (gst_msgs) StdoutLine: {'line': b'[ 96%] \x1b[32mBuilding C object CMakeFiles/gst_msgs__rosidl_typesupport_fastrtps_c__pyext.dir/rosidl_generator_py/gst_msgs/_gst_msgs_s.ep.rosidl_typesupport_fastrtps_c.c.o\x1b[0m\n'}
[133.002262] (gst_msgs) StdoutLine: {'line': b'[ 96%] \x1b[32mBuilding C object CMakeFiles/gst_msgs__rosidl_typesupport_c__pyext.dir/rosidl_generator_py/gst_msgs/_gst_msgs_s.ep.rosidl_typesupport_c.c.o\x1b[0m\n'}
[133.040015] (-) TimerEvent: {}
[133.142044] (-) TimerEvent: {}
[133.244066] (-) TimerEvent: {}
[133.344869] (-) TimerEvent: {}
[133.445765] (-) TimerEvent: {}
[133.454386] (gst_msgs) StdoutLine: {'line': b'[ 97%] \x1b[32m\x1b[1mLinking C shared library rosidl_generator_py/gst_msgs/gst_msgs_s__rosidl_typesupport_introspection_c.cpython-36m-aarch64-linux-gnu.so\x1b[0m\n'}
[133.460860] (gst_msgs) StdoutLine: {'line': b'[ 98%] \x1b[32m\x1b[1mLinking C shared library rosidl_generator_py/gst_msgs/gst_msgs_s__rosidl_typesupport_c.cpython-36m-aarch64-linux-gnu.so\x1b[0m\n'}
[133.473093] (gst_msgs) StdoutLine: {'line': b'[100%] \x1b[32m\x1b[1mLinking C shared library rosidl_generator_py/gst_msgs/gst_msgs_s__rosidl_typesupport_fastrtps_c.cpython-36m-aarch64-linux-gnu.so\x1b[0m\n'}
[133.546018] (-) TimerEvent: {}
[133.572474] (gst_msgs) StdoutLine: {'line': b'[100%] Built target gst_msgs__rosidl_typesupport_introspection_c__pyext\n'}
[133.588902] (gst_msgs) StdoutLine: {'line': b'[100%] Built target gst_msgs__rosidl_typesupport_c__pyext\n'}
[133.599010] (gst_msgs) StdoutLine: {'line': b'[100%] Built target gst_msgs__rosidl_typesupport_fastrtps_c__pyext\n'}
[133.637713] (gst_msgs) JobEnded: {'identifier': 'gst_msgs', 'rc': 'SIGINT'}
[133.646123] (-) TimerEvent: {}
[133.653483] (image_geometry) JobSkipped: {'identifier': 'image_geometry'}
[133.653730] (realsense2_camera_msgs) JobSkipped: {'identifier': 'realsense2_camera_msgs'}
[133.653857] (xacro) JobSkipped: {'identifier': 'xacro'}
[133.653974] (diagnostic_common_diagnostics) JobSkipped: {'identifier': 'diagnostic_common_diagnostics'}
[133.654092] (realsense2_camera) JobSkipped: {'identifier': 'realsense2_camera'}
[133.654210] (realsense2_description) JobSkipped: {'identifier': 'realsense2_description'}
[133.654349] (vision_opencv) JobSkipped: {'identifier': 'vision_opencv'}
[133.654462] (diagnostics) JobSkipped: {'identifier': 'diagnostics'}
[133.654618] (gst_pipeline) JobSkipped: {'identifier': 'gst_pipeline'}
[133.654761] (webrtc_camera_node) JobSkipped: {'identifier': 'webrtc_camera_node'}
[133.654881] (gst_pipeline_plugins) JobSkipped: {'identifier': 'gst_pipeline_plugins'}
[133.654992] (-) EventReactorShutdown: {}
