[3.331s] DEBUG:colcon:Command line arguments: ['/usr/bin/colcon', 'build', '--symlink-install', '--parallel-workers=4']
[3.332s] DEBUG:colcon:Parsed command line arguments: Namespace(ament_cmake_args=None, base_paths=['.'], build_base='build', catkin_cmake_args=None, catkin_skip_building_tests=False, cmake_args=None, cmake_clean_cache=False, cmake_clean_first=False, cmake_force_configure=False, cmake_target=None, cmake_target_skip_unavailable=False, continue_on_error=False, event_handlers=None, executor='parallel', ignore_user_meta=False, install_base='install', log_base=None, log_level=None, main=<bound method BuildVerb.main of <colcon_core.verb.build.BuildVerb object at 0x7f9491de80>>, merge_install=False, metas=['./colcon.meta'], packages_above=None, packages_above_and_dependencies=None, packages_above_depth=None, packages_end=None, packages_ignore=None, packages_ignore_regex=None, packages_select=None, packages_select_build_failed=False, packages_select_by_dep=None, packages_select_regex=None, packages_select_test_failures=False, packages_skip=None, packages_skip_build_finished=False, packages_skip_by_dep=None, packages_skip_regex=None, packages_skip_test_passed=False, packages_skip_up_to=None, packages_start=None, packages_up_to=None, packages_up_to_regex=None, parallel_workers=4, paths=None, symlink_install=True, test_result_base=None, verb_extension=<colcon_core.verb.build.BuildVerb object at 0x7f9491de80>, verb_name='build', verb_parser=<colcon_defaults.argument_parser.defaults.DefaultArgumentsDecorator object at 0x7f94899198>)
[3.571s] Level 1:colcon.colcon_core.package_discovery:discover_packages(colcon_meta) check parameters
[3.572s] Level 1:colcon.colcon_core.package_discovery:discover_packages(recursive) check parameters
[3.572s] Level 1:colcon.colcon_core.package_discovery:discover_packages(ignore) check parameters
[3.572s] Level 1:colcon.colcon_core.package_discovery:discover_packages(path) check parameters
[3.572s] Level 1:colcon.colcon_core.package_discovery:discover_packages(colcon_meta) discover
[3.574s] Level 1:colcon.colcon_core.package_discovery:discover_packages(recursive) discover
[3.574s] INFO:colcon.colcon_core.package_discovery:Crawling recursively for packages in '/root/Workspaces/rosgsthumble_ws'
[3.574s] Level 1:colcon.colcon_core.package_identification:_identify(.) by extensions ['ignore', 'ignore_ament_install']
[3.575s] Level 1:colcon.colcon_core.package_identification:_identify(.) by extension 'ignore'
[3.575s] Level 1:colcon.colcon_core.package_identification:_identify(.) by extension 'ignore_ament_install'
[3.575s] Level 1:colcon.colcon_core.package_identification:_identify(.) by extensions ['colcon_pkg']
[3.576s] Level 1:colcon.colcon_core.package_identification:_identify(.) by extension 'colcon_pkg'
[3.576s] Level 1:colcon.colcon_core.package_identification:_identify(.) by extensions ['colcon_meta']
[3.576s] Level 1:colcon.colcon_core.package_identification:_identify(.) by extension 'colcon_meta'
[3.576s] Level 1:colcon.colcon_core.package_identification:_identify(.) by extensions ['ros']
[3.576s] Level 1:colcon.colcon_core.package_identification:_identify(.) by extension 'ros'
[3.783s] Level 1:colcon.colcon_core.package_identification:_identify(.) by extensions ['cmake', 'python']
[3.783s] Level 1:colcon.colcon_core.package_identification:_identify(.) by extension 'cmake'
[3.784s] Level 1:colcon.colcon_core.package_identification:_identify(.) by extension 'python'
[3.784s] Level 1:colcon.colcon_core.package_identification:_identify(.) by extensions ['python_setup_py']
[3.784s] Level 1:colcon.colcon_core.package_identification:_identify(.) by extension 'python_setup_py'
[3.785s] Level 1:colcon.colcon_core.package_identification:_identify(build) by extensions ['ignore', 'ignore_ament_install']
[3.785s] Level 1:colcon.colcon_core.package_identification:_identify(build) by extension 'ignore'
[3.785s] Level 1:colcon.colcon_core.package_identification:_identify(build) ignored
[3.787s] Level 1:colcon.colcon_core.package_identification:_identify(install) by extensions ['ignore', 'ignore_ament_install']
[3.788s] Level 1:colcon.colcon_core.package_identification:_identify(install) by extension 'ignore'
[3.788s] Level 1:colcon.colcon_core.package_identification:_identify(install) ignored
[3.788s] Level 1:colcon.colcon_core.package_identification:_identify(log) by extensions ['ignore', 'ignore_ament_install']
[3.789s] Level 1:colcon.colcon_core.package_identification:_identify(log) by extension 'ignore'
[3.789s] Level 1:colcon.colcon_core.package_identification:_identify(log) ignored
[3.789s] Level 1:colcon.colcon_core.package_identification:_identify(src) by extensions ['ignore', 'ignore_ament_install']
[3.790s] Level 1:colcon.colcon_core.package_identification:_identify(src) by extension 'ignore'
[3.790s] Level 1:colcon.colcon_core.package_identification:_identify(src) by extension 'ignore_ament_install'
[3.791s] Level 1:colcon.colcon_core.package_identification:_identify(src) by extensions ['colcon_pkg']
[3.791s] Level 1:colcon.colcon_core.package_identification:_identify(src) by extension 'colcon_pkg'
[3.791s] Level 1:colcon.colcon_core.package_identification:_identify(src) by extensions ['colcon_meta']
[3.791s] Level 1:colcon.colcon_core.package_identification:_identify(src) by extension 'colcon_meta'
[3.791s] Level 1:colcon.colcon_core.package_identification:_identify(src) by extensions ['ros']
[3.792s] Level 1:colcon.colcon_core.package_identification:_identify(src) by extension 'ros'
[3.792s] Level 1:colcon.colcon_core.package_identification:_identify(src) by extensions ['cmake', 'python']
[3.792s] Level 1:colcon.colcon_core.package_identification:_identify(src) by extension 'cmake'
[3.792s] Level 1:colcon.colcon_core.package_identification:_identify(src) by extension 'python'
[3.793s] Level 1:colcon.colcon_core.package_identification:_identify(src) by extensions ['python_setup_py']
[3.793s] Level 1:colcon.colcon_core.package_identification:_identify(src) by extension 'python_setup_py'
[3.796s] Level 1:colcon.colcon_core.package_identification:_identify(src/diagnostics) by extensions ['ignore', 'ignore_ament_install']
[3.796s] Level 1:colcon.colcon_core.package_identification:_identify(src/diagnostics) by extension 'ignore'
[3.796s] Level 1:colcon.colcon_core.package_identification:_identify(src/diagnostics) by extension 'ignore_ament_install'
[3.797s] Level 1:colcon.colcon_core.package_identification:_identify(src/diagnostics) by extensions ['colcon_pkg']
[3.797s] Level 1:colcon.colcon_core.package_identification:_identify(src/diagnostics) by extension 'colcon_pkg'
[3.797s] Level 1:colcon.colcon_core.package_identification:_identify(src/diagnostics) by extensions ['colcon_meta']
[3.797s] Level 1:colcon.colcon_core.package_identification:_identify(src/diagnostics) by extension 'colcon_meta'
[3.798s] Level 1:colcon.colcon_core.package_identification:_identify(src/diagnostics) by extensions ['ros']
[3.798s] Level 1:colcon.colcon_core.package_identification:_identify(src/diagnostics) by extension 'ros'
[3.798s] Level 1:colcon.colcon_core.package_identification:_identify(src/diagnostics) by extensions ['cmake', 'python']
[3.798s] Level 1:colcon.colcon_core.package_identification:_identify(src/diagnostics) by extension 'cmake'
[3.799s] Level 1:colcon.colcon_core.package_identification:_identify(src/diagnostics) by extension 'python'
[3.799s] Level 1:colcon.colcon_core.package_identification:_identify(src/diagnostics) by extensions ['python_setup_py']
[3.799s] Level 1:colcon.colcon_core.package_identification:_identify(src/diagnostics) by extension 'python_setup_py'
[3.800s] Level 1:colcon.colcon_core.package_identification:_identify(src/diagnostics/diagnostic_aggregator) by extensions ['ignore', 'ignore_ament_install']
[3.801s] Level 1:colcon.colcon_core.package_identification:_identify(src/diagnostics/diagnostic_aggregator) by extension 'ignore'
[3.801s] Level 1:colcon.colcon_core.package_identification:_identify(src/diagnostics/diagnostic_aggregator) ignored
[3.802s] Level 1:colcon.colcon_core.package_identification:_identify(src/diagnostics/diagnostic_common_diagnostics) by extensions ['ignore', 'ignore_ament_install']
[3.802s] Level 1:colcon.colcon_core.package_identification:_identify(src/diagnostics/diagnostic_common_diagnostics) by extension 'ignore'
[3.803s] Level 1:colcon.colcon_core.package_identification:_identify(src/diagnostics/diagnostic_common_diagnostics) by extension 'ignore_ament_install'
[3.803s] Level 1:colcon.colcon_core.package_identification:_identify(src/diagnostics/diagnostic_common_diagnostics) by extensions ['colcon_pkg']
[3.803s] Level 1:colcon.colcon_core.package_identification:_identify(src/diagnostics/diagnostic_common_diagnostics) by extension 'colcon_pkg'
[3.803s] Level 1:colcon.colcon_core.package_identification:_identify(src/diagnostics/diagnostic_common_diagnostics) by extensions ['colcon_meta']
[3.804s] Level 1:colcon.colcon_core.package_identification:_identify(src/diagnostics/diagnostic_common_diagnostics) by extension 'colcon_meta'
[3.804s] Level 1:colcon.colcon_core.package_identification:_identify(src/diagnostics/diagnostic_common_diagnostics) by extensions ['ros']
[3.804s] Level 1:colcon.colcon_core.package_identification:_identify(src/diagnostics/diagnostic_common_diagnostics) by extension 'ros'
[3.820s] DEBUG:colcon.colcon_core.package_identification:Package 'src/diagnostics/diagnostic_common_diagnostics' with type 'ros.ament_cmake' and name 'diagnostic_common_diagnostics'
[3.821s] Level 1:colcon.colcon_core.package_identification:_identify(src/diagnostics/diagnostic_remote_logging) by extensions ['ignore', 'ignore_ament_install']
[3.822s] Level 1:colcon.colcon_core.package_identification:_identify(src/diagnostics/diagnostic_remote_logging) by extension 'ignore'
[3.822s] Level 1:colcon.colcon_core.package_identification:_identify(src/diagnostics/diagnostic_remote_logging) ignored
[3.823s] Level 1:colcon.colcon_core.package_identification:_identify(src/diagnostics/diagnostic_updater) by extensions ['ignore', 'ignore_ament_install']
[3.824s] Level 1:colcon.colcon_core.package_identification:_identify(src/diagnostics/diagnostic_updater) by extension 'ignore'
[3.824s] Level 1:colcon.colcon_core.package_identification:_identify(src/diagnostics/diagnostic_updater) by extension 'ignore_ament_install'
[3.824s] Level 1:colcon.colcon_core.package_identification:_identify(src/diagnostics/diagnostic_updater) by extensions ['colcon_pkg']
[3.825s] Level 1:colcon.colcon_core.package_identification:_identify(src/diagnostics/diagnostic_updater) by extension 'colcon_pkg'
[3.825s] Level 1:colcon.colcon_core.package_identification:_identify(src/diagnostics/diagnostic_updater) by extensions ['colcon_meta']
[3.825s] Level 1:colcon.colcon_core.package_identification:_identify(src/diagnostics/diagnostic_updater) by extension 'colcon_meta'
[3.825s] Level 1:colcon.colcon_core.package_identification:_identify(src/diagnostics/diagnostic_updater) by extensions ['ros']
[3.826s] Level 1:colcon.colcon_core.package_identification:_identify(src/diagnostics/diagnostic_updater) by extension 'ros'
[3.832s] DEBUG:colcon.colcon_core.package_identification:Package 'src/diagnostics/diagnostic_updater' with type 'ros.ament_cmake' and name 'diagnostic_updater'
[3.833s] Level 1:colcon.colcon_core.package_identification:_identify(src/diagnostics/diagnostics) by extensions ['ignore', 'ignore_ament_install']
[3.834s] Level 1:colcon.colcon_core.package_identification:_identify(src/diagnostics/diagnostics) by extension 'ignore'
[3.834s] Level 1:colcon.colcon_core.package_identification:_identify(src/diagnostics/diagnostics) by extension 'ignore_ament_install'
[3.834s] Level 1:colcon.colcon_core.package_identification:_identify(src/diagnostics/diagnostics) by extensions ['colcon_pkg']
[3.834s] Level 1:colcon.colcon_core.package_identification:_identify(src/diagnostics/diagnostics) by extension 'colcon_pkg'
[3.835s] Level 1:colcon.colcon_core.package_identification:_identify(src/diagnostics/diagnostics) by extensions ['colcon_meta']
[3.835s] Level 1:colcon.colcon_core.package_identification:_identify(src/diagnostics/diagnostics) by extension 'colcon_meta'
[3.835s] Level 1:colcon.colcon_core.package_identification:_identify(src/diagnostics/diagnostics) by extensions ['ros']
[3.835s] Level 1:colcon.colcon_core.package_identification:_identify(src/diagnostics/diagnostics) by extension 'ros'
[3.839s] DEBUG:colcon.colcon_core.package_identification:Package 'src/diagnostics/diagnostics' with type 'ros.ament_cmake' and name 'diagnostics'
[3.840s] Level 1:colcon.colcon_core.package_identification:_identify(src/diagnostics/self_test) by extensions ['ignore', 'ignore_ament_install']
[3.840s] Level 1:colcon.colcon_core.package_identification:_identify(src/diagnostics/self_test) by extension 'ignore'
[3.841s] Level 1:colcon.colcon_core.package_identification:_identify(src/diagnostics/self_test) ignored
[3.842s] Level 1:colcon.colcon_core.package_identification:_identify(src/realsense-ros) by extensions ['ignore', 'ignore_ament_install']
[3.842s] Level 1:colcon.colcon_core.package_identification:_identify(src/realsense-ros) by extension 'ignore'
[3.843s] Level 1:colcon.colcon_core.package_identification:_identify(src/realsense-ros) by extension 'ignore_ament_install'
[3.843s] Level 1:colcon.colcon_core.package_identification:_identify(src/realsense-ros) by extensions ['colcon_pkg']
[3.843s] Level 1:colcon.colcon_core.package_identification:_identify(src/realsense-ros) by extension 'colcon_pkg'
[3.843s] Level 1:colcon.colcon_core.package_identification:_identify(src/realsense-ros) by extensions ['colcon_meta']
[3.843s] Level 1:colcon.colcon_core.package_identification:_identify(src/realsense-ros) by extension 'colcon_meta'
[3.844s] Level 1:colcon.colcon_core.package_identification:_identify(src/realsense-ros) by extensions ['ros']
[3.844s] Level 1:colcon.colcon_core.package_identification:_identify(src/realsense-ros) by extension 'ros'
[3.844s] Level 1:colcon.colcon_core.package_identification:_identify(src/realsense-ros) by extensions ['cmake', 'python']
[3.845s] Level 1:colcon.colcon_core.package_identification:_identify(src/realsense-ros) by extension 'cmake'
[3.845s] Level 1:colcon.colcon_core.package_identification:_identify(src/realsense-ros) by extension 'python'
[3.845s] Level 1:colcon.colcon_core.package_identification:_identify(src/realsense-ros) by extensions ['python_setup_py']
[3.845s] Level 1:colcon.colcon_core.package_identification:_identify(src/realsense-ros) by extension 'python_setup_py'
[3.847s] Level 1:colcon.colcon_core.package_identification:_identify(src/realsense-ros/realsense2_camera) by extensions ['ignore', 'ignore_ament_install']
[3.847s] Level 1:colcon.colcon_core.package_identification:_identify(src/realsense-ros/realsense2_camera) by extension 'ignore'
[3.847s] Level 1:colcon.colcon_core.package_identification:_identify(src/realsense-ros/realsense2_camera) by extension 'ignore_ament_install'
[3.848s] Level 1:colcon.colcon_core.package_identification:_identify(src/realsense-ros/realsense2_camera) by extensions ['colcon_pkg']
[3.848s] Level 1:colcon.colcon_core.package_identification:_identify(src/realsense-ros/realsense2_camera) by extension 'colcon_pkg'
[3.848s] Level 1:colcon.colcon_core.package_identification:_identify(src/realsense-ros/realsense2_camera) by extensions ['colcon_meta']
[3.848s] Level 1:colcon.colcon_core.package_identification:_identify(src/realsense-ros/realsense2_camera) by extension 'colcon_meta'
[3.849s] Level 1:colcon.colcon_core.package_identification:_identify(src/realsense-ros/realsense2_camera) by extensions ['ros']
[3.849s] Level 1:colcon.colcon_core.package_identification:_identify(src/realsense-ros/realsense2_camera) by extension 'ros'
[3.894s] DEBUG:colcon.colcon_core.package_identification:Package 'src/realsense-ros/realsense2_camera' with type 'ros.ament_cmake' and name 'realsense2_camera'
[3.901s] Level 1:colcon.colcon_core.package_identification:_identify(src/realsense-ros/realsense2_camera_msgs) by extensions ['ignore', 'ignore_ament_install']
[3.901s] Level 1:colcon.colcon_core.package_identification:_identify(src/realsense-ros/realsense2_camera_msgs) by extension 'ignore'
[3.902s] Level 1:colcon.colcon_core.package_identification:_identify(src/realsense-ros/realsense2_camera_msgs) by extension 'ignore_ament_install'
[3.902s] Level 1:colcon.colcon_core.package_identification:_identify(src/realsense-ros/realsense2_camera_msgs) by extensions ['colcon_pkg']
[3.902s] Level 1:colcon.colcon_core.package_identification:_identify(src/realsense-ros/realsense2_camera_msgs) by extension 'colcon_pkg'
[3.903s] Level 1:colcon.colcon_core.package_identification:_identify(src/realsense-ros/realsense2_camera_msgs) by extensions ['colcon_meta']
[3.903s] Level 1:colcon.colcon_core.package_identification:_identify(src/realsense-ros/realsense2_camera_msgs) by extension 'colcon_meta'
[3.903s] Level 1:colcon.colcon_core.package_identification:_identify(src/realsense-ros/realsense2_camera_msgs) by extensions ['ros']
[3.903s] Level 1:colcon.colcon_core.package_identification:_identify(src/realsense-ros/realsense2_camera_msgs) by extension 'ros'
[3.911s] DEBUG:colcon.colcon_core.package_identification:Package 'src/realsense-ros/realsense2_camera_msgs' with type 'ros.ament_cmake' and name 'realsense2_camera_msgs'
[3.914s] Level 1:colcon.colcon_core.package_identification:_identify(src/realsense-ros/realsense2_description) by extensions ['ignore', 'ignore_ament_install']
[3.915s] Level 1:colcon.colcon_core.package_identification:_identify(src/realsense-ros/realsense2_description) by extension 'ignore'
[3.915s] Level 1:colcon.colcon_core.package_identification:_identify(src/realsense-ros/realsense2_description) by extension 'ignore_ament_install'
[3.916s] Level 1:colcon.colcon_core.package_identification:_identify(src/realsense-ros/realsense2_description) by extensions ['colcon_pkg']
[3.916s] Level 1:colcon.colcon_core.package_identification:_identify(src/realsense-ros/realsense2_description) by extension 'colcon_pkg'
[3.916s] Level 1:colcon.colcon_core.package_identification:_identify(src/realsense-ros/realsense2_description) by extensions ['colcon_meta']
[3.916s] Level 1:colcon.colcon_core.package_identification:_identify(src/realsense-ros/realsense2_description) by extension 'colcon_meta'
[3.917s] Level 1:colcon.colcon_core.package_identification:_identify(src/realsense-ros/realsense2_description) by extensions ['ros']
[3.917s] Level 1:colcon.colcon_core.package_identification:_identify(src/realsense-ros/realsense2_description) by extension 'ros'
[3.923s] DEBUG:colcon.colcon_core.package_identification:Package 'src/realsense-ros/realsense2_description' with type 'ros.ament_cmake' and name 'realsense2_description'
[3.928s] Level 1:colcon.colcon_core.package_identification:_identify(src/realsense-ros/scripts) by extensions ['ignore', 'ignore_ament_install']
[3.928s] Level 1:colcon.colcon_core.package_identification:_identify(src/realsense-ros/scripts) by extension 'ignore'
[3.928s] Level 1:colcon.colcon_core.package_identification:_identify(src/realsense-ros/scripts) by extension 'ignore_ament_install'
[3.929s] Level 1:colcon.colcon_core.package_identification:_identify(src/realsense-ros/scripts) by extensions ['colcon_pkg']
[3.929s] Level 1:colcon.colcon_core.package_identification:_identify(src/realsense-ros/scripts) by extension 'colcon_pkg'
[3.929s] Level 1:colcon.colcon_core.package_identification:_identify(src/realsense-ros/scripts) by extensions ['colcon_meta']
[3.929s] Level 1:colcon.colcon_core.package_identification:_identify(src/realsense-ros/scripts) by extension 'colcon_meta'
[3.930s] Level 1:colcon.colcon_core.package_identification:_identify(src/realsense-ros/scripts) by extensions ['ros']
[3.930s] Level 1:colcon.colcon_core.package_identification:_identify(src/realsense-ros/scripts) by extension 'ros'
[3.930s] Level 1:colcon.colcon_core.package_identification:_identify(src/realsense-ros/scripts) by extensions ['cmake', 'python']
[3.931s] Level 1:colcon.colcon_core.package_identification:_identify(src/realsense-ros/scripts) by extension 'cmake'
[3.931s] Level 1:colcon.colcon_core.package_identification:_identify(src/realsense-ros/scripts) by extension 'python'
[3.931s] Level 1:colcon.colcon_core.package_identification:_identify(src/realsense-ros/scripts) by extensions ['python_setup_py']
[3.931s] Level 1:colcon.colcon_core.package_identification:_identify(src/realsense-ros/scripts) by extension 'python_setup_py'
[3.933s] Level 1:colcon.colcon_core.package_identification:_identify(src/ros-gst-bridge) by extensions ['ignore', 'ignore_ament_install']
[3.933s] Level 1:colcon.colcon_core.package_identification:_identify(src/ros-gst-bridge) by extension 'ignore'
[3.933s] Level 1:colcon.colcon_core.package_identification:_identify(src/ros-gst-bridge) by extension 'ignore_ament_install'
[3.934s] Level 1:colcon.colcon_core.package_identification:_identify(src/ros-gst-bridge) by extensions ['colcon_pkg']
[3.934s] Level 1:colcon.colcon_core.package_identification:_identify(src/ros-gst-bridge) by extension 'colcon_pkg'
[3.934s] Level 1:colcon.colcon_core.package_identification:_identify(src/ros-gst-bridge) by extensions ['colcon_meta']
[3.934s] Level 1:colcon.colcon_core.package_identification:_identify(src/ros-gst-bridge) by extension 'colcon_meta'
[3.935s] Level 1:colcon.colcon_core.package_identification:_identify(src/ros-gst-bridge) by extensions ['ros']
[3.935s] Level 1:colcon.colcon_core.package_identification:_identify(src/ros-gst-bridge) by extension 'ros'
[3.935s] Level 1:colcon.colcon_core.package_identification:_identify(src/ros-gst-bridge) by extensions ['cmake', 'python']
[3.935s] Level 1:colcon.colcon_core.package_identification:_identify(src/ros-gst-bridge) by extension 'cmake'
[3.936s] Level 1:colcon.colcon_core.package_identification:_identify(src/ros-gst-bridge) by extension 'python'
[3.936s] Level 1:colcon.colcon_core.package_identification:_identify(src/ros-gst-bridge) by extensions ['python_setup_py']
[3.936s] Level 1:colcon.colcon_core.package_identification:_identify(src/ros-gst-bridge) by extension 'python_setup_py'
[3.937s] Level 1:colcon.colcon_core.package_identification:_identify(src/ros-gst-bridge/audio_msgs) by extensions ['ignore', 'ignore_ament_install']
[3.938s] Level 1:colcon.colcon_core.package_identification:_identify(src/ros-gst-bridge/audio_msgs) by extension 'ignore'
[3.938s] Level 1:colcon.colcon_core.package_identification:_identify(src/ros-gst-bridge/audio_msgs) by extension 'ignore_ament_install'
[3.938s] Level 1:colcon.colcon_core.package_identification:_identify(src/ros-gst-bridge/audio_msgs) by extensions ['colcon_pkg']
[3.938s] Level 1:colcon.colcon_core.package_identification:_identify(src/ros-gst-bridge/audio_msgs) by extension 'colcon_pkg'
[3.939s] Level 1:colcon.colcon_core.package_identification:_identify(src/ros-gst-bridge/audio_msgs) by extensions ['colcon_meta']
[3.939s] Level 1:colcon.colcon_core.package_identification:_identify(src/ros-gst-bridge/audio_msgs) by extension 'colcon_meta'
[3.939s] Level 1:colcon.colcon_core.package_identification:_identify(src/ros-gst-bridge/audio_msgs) by extensions ['ros']
[3.939s] Level 1:colcon.colcon_core.package_identification:_identify(src/ros-gst-bridge/audio_msgs) by extension 'ros'
[3.943s] DEBUG:colcon.colcon_core.package_identification:Package 'src/ros-gst-bridge/audio_msgs' with type 'ros.ament_cmake' and name 'audio_msgs'
[3.944s] Level 1:colcon.colcon_core.package_identification:_identify(src/ros-gst-bridge/docker-long) by extensions ['ignore', 'ignore_ament_install']
[3.944s] Level 1:colcon.colcon_core.package_identification:_identify(src/ros-gst-bridge/docker-long) by extension 'ignore'
[3.944s] Level 1:colcon.colcon_core.package_identification:_identify(src/ros-gst-bridge/docker-long) by extension 'ignore_ament_install'
[3.945s] Level 1:colcon.colcon_core.package_identification:_identify(src/ros-gst-bridge/docker-long) by extensions ['colcon_pkg']
[3.945s] Level 1:colcon.colcon_core.package_identification:_identify(src/ros-gst-bridge/docker-long) by extension 'colcon_pkg'
[3.945s] Level 1:colcon.colcon_core.package_identification:_identify(src/ros-gst-bridge/docker-long) by extensions ['colcon_meta']
[3.945s] Level 1:colcon.colcon_core.package_identification:_identify(src/ros-gst-bridge/docker-long) by extension 'colcon_meta'
[3.946s] Level 1:colcon.colcon_core.package_identification:_identify(src/ros-gst-bridge/docker-long) by extensions ['ros']
[3.946s] Level 1:colcon.colcon_core.package_identification:_identify(src/ros-gst-bridge/docker-long) by extension 'ros'
[3.946s] Level 1:colcon.colcon_core.package_identification:_identify(src/ros-gst-bridge/docker-long) by extensions ['cmake', 'python']
[3.946s] Level 1:colcon.colcon_core.package_identification:_identify(src/ros-gst-bridge/docker-long) by extension 'cmake'
[3.947s] Level 1:colcon.colcon_core.package_identification:_identify(src/ros-gst-bridge/docker-long) by extension 'python'
[3.947s] Level 1:colcon.colcon_core.package_identification:_identify(src/ros-gst-bridge/docker-long) by extensions ['python_setup_py']
[3.947s] Level 1:colcon.colcon_core.package_identification:_identify(src/ros-gst-bridge/docker-long) by extension 'python_setup_py'
[3.948s] Level 1:colcon.colcon_core.package_identification:_identify(src/ros-gst-bridge/docker-short) by extensions ['ignore', 'ignore_ament_install']
[3.948s] Level 1:colcon.colcon_core.package_identification:_identify(src/ros-gst-bridge/docker-short) by extension 'ignore'
[3.949s] Level 1:colcon.colcon_core.package_identification:_identify(src/ros-gst-bridge/docker-short) by extension 'ignore_ament_install'
[3.949s] Level 1:colcon.colcon_core.package_identification:_identify(src/ros-gst-bridge/docker-short) by extensions ['colcon_pkg']
[3.949s] Level 1:colcon.colcon_core.package_identification:_identify(src/ros-gst-bridge/docker-short) by extension 'colcon_pkg'
[3.950s] Level 1:colcon.colcon_core.package_identification:_identify(src/ros-gst-bridge/docker-short) by extensions ['colcon_meta']
[3.950s] Level 1:colcon.colcon_core.package_identification:_identify(src/ros-gst-bridge/docker-short) by extension 'colcon_meta'
[3.950s] Level 1:colcon.colcon_core.package_identification:_identify(src/ros-gst-bridge/docker-short) by extensions ['ros']
[3.950s] Level 1:colcon.colcon_core.package_identification:_identify(src/ros-gst-bridge/docker-short) by extension 'ros'
[3.951s] Level 1:colcon.colcon_core.package_identification:_identify(src/ros-gst-bridge/docker-short) by extensions ['cmake', 'python']
[3.951s] Level 1:colcon.colcon_core.package_identification:_identify(src/ros-gst-bridge/docker-short) by extension 'cmake'
[3.951s] Level 1:colcon.colcon_core.package_identification:_identify(src/ros-gst-bridge/docker-short) by extension 'python'
[3.951s] Level 1:colcon.colcon_core.package_identification:_identify(src/ros-gst-bridge/docker-short) by extensions ['python_setup_py']
[3.952s] Level 1:colcon.colcon_core.package_identification:_identify(src/ros-gst-bridge/docker-short) by extension 'python_setup_py'
[3.952s] Level 1:colcon.colcon_core.package_identification:_identify(src/ros-gst-bridge/gst_bridge) by extensions ['ignore', 'ignore_ament_install']
[3.953s] Level 1:colcon.colcon_core.package_identification:_identify(src/ros-gst-bridge/gst_bridge) by extension 'ignore'
[3.953s] Level 1:colcon.colcon_core.package_identification:_identify(src/ros-gst-bridge/gst_bridge) by extension 'ignore_ament_install'
[3.954s] Level 1:colcon.colcon_core.package_identification:_identify(src/ros-gst-bridge/gst_bridge) by extensions ['colcon_pkg']
[3.954s] Level 1:colcon.colcon_core.package_identification:_identify(src/ros-gst-bridge/gst_bridge) by extension 'colcon_pkg'
[3.954s] Level 1:colcon.colcon_core.package_identification:_identify(src/ros-gst-bridge/gst_bridge) by extensions ['colcon_meta']
[3.954s] Level 1:colcon.colcon_core.package_identification:_identify(src/ros-gst-bridge/gst_bridge) by extension 'colcon_meta'
[3.954s] Level 1:colcon.colcon_core.package_identification:_identify(src/ros-gst-bridge/gst_bridge) by extensions ['ros']
[3.955s] Level 1:colcon.colcon_core.package_identification:_identify(src/ros-gst-bridge/gst_bridge) by extension 'ros'
[3.959s] DEBUG:colcon.colcon_core.package_identification:Package 'src/ros-gst-bridge/gst_bridge' with type 'ros.ament_cmake' and name 'gst_bridge'
[3.960s] Level 1:colcon.colcon_core.package_identification:_identify(src/ros-gst-bridge/gst_msgs) by extensions ['ignore', 'ignore_ament_install']
[3.960s] Level 1:colcon.colcon_core.package_identification:_identify(src/ros-gst-bridge/gst_msgs) by extension 'ignore'
[3.960s] Level 1:colcon.colcon_core.package_identification:_identify(src/ros-gst-bridge/gst_msgs) by extension 'ignore_ament_install'
[3.961s] Level 1:colcon.colcon_core.package_identification:_identify(src/ros-gst-bridge/gst_msgs) by extensions ['colcon_pkg']
[3.961s] Level 1:colcon.colcon_core.package_identification:_identify(src/ros-gst-bridge/gst_msgs) by extension 'colcon_pkg'
[3.961s] Level 1:colcon.colcon_core.package_identification:_identify(src/ros-gst-bridge/gst_msgs) by extensions ['colcon_meta']
[3.961s] Level 1:colcon.colcon_core.package_identification:_identify(src/ros-gst-bridge/gst_msgs) by extension 'colcon_meta'
[3.962s] Level 1:colcon.colcon_core.package_identification:_identify(src/ros-gst-bridge/gst_msgs) by extensions ['ros']
[3.962s] Level 1:colcon.colcon_core.package_identification:_identify(src/ros-gst-bridge/gst_msgs) by extension 'ros'
[3.965s] DEBUG:colcon.colcon_core.package_identification:Package 'src/ros-gst-bridge/gst_msgs' with type 'ros.ament_cmake' and name 'gst_msgs'
[3.966s] Level 1:colcon.colcon_core.package_identification:_identify(src/ros-gst-bridge/gst_pipeline) by extensions ['ignore', 'ignore_ament_install']
[3.966s] Level 1:colcon.colcon_core.package_identification:_identify(src/ros-gst-bridge/gst_pipeline) by extension 'ignore'
[3.967s] Level 1:colcon.colcon_core.package_identification:_identify(src/ros-gst-bridge/gst_pipeline) by extension 'ignore_ament_install'
[3.967s] Level 1:colcon.colcon_core.package_identification:_identify(src/ros-gst-bridge/gst_pipeline) by extensions ['colcon_pkg']
[3.967s] Level 1:colcon.colcon_core.package_identification:_identify(src/ros-gst-bridge/gst_pipeline) by extension 'colcon_pkg'
[3.967s] Level 1:colcon.colcon_core.package_identification:_identify(src/ros-gst-bridge/gst_pipeline) by extensions ['colcon_meta']
[3.968s] Level 1:colcon.colcon_core.package_identification:_identify(src/ros-gst-bridge/gst_pipeline) by extension 'colcon_meta'
[3.968s] Level 1:colcon.colcon_core.package_identification:_identify(src/ros-gst-bridge/gst_pipeline) by extensions ['ros']
[3.968s] Level 1:colcon.colcon_core.package_identification:_identify(src/ros-gst-bridge/gst_pipeline) by extension 'ros'
[3.973s] DEBUG:colcon.colcon_core.package_identification:Package 'src/ros-gst-bridge/gst_pipeline' with type 'ros.ament_cmake' and name 'gst_pipeline'
[3.974s] Level 1:colcon.colcon_core.package_identification:_identify(src/ros-gst-bridge/gst_pipeline_plugins) by extensions ['ignore', 'ignore_ament_install']
[3.975s] Level 1:colcon.colcon_core.package_identification:_identify(src/ros-gst-bridge/gst_pipeline_plugins) by extension 'ignore'
[3.975s] Level 1:colcon.colcon_core.package_identification:_identify(src/ros-gst-bridge/gst_pipeline_plugins) by extension 'ignore_ament_install'
[3.975s] Level 1:colcon.colcon_core.package_identification:_identify(src/ros-gst-bridge/gst_pipeline_plugins) by extensions ['colcon_pkg']
[3.975s] Level 1:colcon.colcon_core.package_identification:_identify(src/ros-gst-bridge/gst_pipeline_plugins) by extension 'colcon_pkg'
[3.976s] Level 1:colcon.colcon_core.package_identification:_identify(src/ros-gst-bridge/gst_pipeline_plugins) by extensions ['colcon_meta']
[3.976s] Level 1:colcon.colcon_core.package_identification:_identify(src/ros-gst-bridge/gst_pipeline_plugins) by extension 'colcon_meta'
[3.976s] Level 1:colcon.colcon_core.package_identification:_identify(src/ros-gst-bridge/gst_pipeline_plugins) by extensions ['ros']
[3.976s] Level 1:colcon.colcon_core.package_identification:_identify(src/ros-gst-bridge/gst_pipeline_plugins) by extension 'ros'
[3.981s] DEBUG:colcon.colcon_core.package_identification:Package 'src/ros-gst-bridge/gst_pipeline_plugins' with type 'ros.ament_cmake' and name 'gst_pipeline_plugins'
[3.982s] Level 1:colcon.colcon_core.package_identification:_identify(src/ros-gst-bridge/gst_pipeline_plugins_webrtc) by extensions ['ignore', 'ignore_ament_install']
[3.982s] Level 1:colcon.colcon_core.package_identification:_identify(src/ros-gst-bridge/gst_pipeline_plugins_webrtc) by extension 'ignore'
[3.983s] Level 1:colcon.colcon_core.package_identification:_identify(src/ros-gst-bridge/gst_pipeline_plugins_webrtc) ignored
[3.984s] Level 1:colcon.colcon_core.package_identification:_identify(src/vision_opencv) by extensions ['ignore', 'ignore_ament_install']
[3.984s] Level 1:colcon.colcon_core.package_identification:_identify(src/vision_opencv) by extension 'ignore'
[3.984s] Level 1:colcon.colcon_core.package_identification:_identify(src/vision_opencv) by extension 'ignore_ament_install'
[3.985s] Level 1:colcon.colcon_core.package_identification:_identify(src/vision_opencv) by extensions ['colcon_pkg']
[3.985s] Level 1:colcon.colcon_core.package_identification:_identify(src/vision_opencv) by extension 'colcon_pkg'
[3.985s] Level 1:colcon.colcon_core.package_identification:_identify(src/vision_opencv) by extensions ['colcon_meta']
[3.985s] Level 1:colcon.colcon_core.package_identification:_identify(src/vision_opencv) by extension 'colcon_meta'
[3.986s] Level 1:colcon.colcon_core.package_identification:_identify(src/vision_opencv) by extensions ['ros']
[3.986s] Level 1:colcon.colcon_core.package_identification:_identify(src/vision_opencv) by extension 'ros'
[3.986s] Level 1:colcon.colcon_core.package_identification:_identify(src/vision_opencv) by extensions ['cmake', 'python']
[3.986s] Level 1:colcon.colcon_core.package_identification:_identify(src/vision_opencv) by extension 'cmake'
[3.987s] Level 1:colcon.colcon_core.package_identification:_identify(src/vision_opencv) by extension 'python'
[3.987s] Level 1:colcon.colcon_core.package_identification:_identify(src/vision_opencv) by extensions ['python_setup_py']
[3.987s] Level 1:colcon.colcon_core.package_identification:_identify(src/vision_opencv) by extension 'python_setup_py'
[3.988s] Level 1:colcon.colcon_core.package_identification:_identify(src/vision_opencv/cv_bridge) by extensions ['ignore', 'ignore_ament_install']
[3.989s] Level 1:colcon.colcon_core.package_identification:_identify(src/vision_opencv/cv_bridge) by extension 'ignore'
[3.989s] Level 1:colcon.colcon_core.package_identification:_identify(src/vision_opencv/cv_bridge) by extension 'ignore_ament_install'
[3.989s] Level 1:colcon.colcon_core.package_identification:_identify(src/vision_opencv/cv_bridge) by extensions ['colcon_pkg']
[3.989s] Level 1:colcon.colcon_core.package_identification:_identify(src/vision_opencv/cv_bridge) by extension 'colcon_pkg'
[3.990s] Level 1:colcon.colcon_core.package_identification:_identify(src/vision_opencv/cv_bridge) by extensions ['colcon_meta']
[3.990s] Level 1:colcon.colcon_core.package_identification:_identify(src/vision_opencv/cv_bridge) by extension 'colcon_meta'
[3.990s] Level 1:colcon.colcon_core.package_identification:_identify(src/vision_opencv/cv_bridge) by extensions ['ros']
[3.990s] Level 1:colcon.colcon_core.package_identification:_identify(src/vision_opencv/cv_bridge) by extension 'ros'
[3.997s] DEBUG:colcon.colcon_core.package_identification:Package 'src/vision_opencv/cv_bridge' with type 'ros.ament_cmake' and name 'cv_bridge'
[3.999s] Level 1:colcon.colcon_core.package_identification:_identify(src/vision_opencv/image_geometry) by extensions ['ignore', 'ignore_ament_install']
[3.999s] Level 1:colcon.colcon_core.package_identification:_identify(src/vision_opencv/image_geometry) by extension 'ignore'
[3.999s] Level 1:colcon.colcon_core.package_identification:_identify(src/vision_opencv/image_geometry) by extension 'ignore_ament_install'
[4.000s] Level 1:colcon.colcon_core.package_identification:_identify(src/vision_opencv/image_geometry) by extensions ['colcon_pkg']
[4.000s] Level 1:colcon.colcon_core.package_identification:_identify(src/vision_opencv/image_geometry) by extension 'colcon_pkg'
[4.000s] Level 1:colcon.colcon_core.package_identification:_identify(src/vision_opencv/image_geometry) by extensions ['colcon_meta']
[4.000s] Level 1:colcon.colcon_core.package_identification:_identify(src/vision_opencv/image_geometry) by extension 'colcon_meta'
[4.001s] Level 1:colcon.colcon_core.package_identification:_identify(src/vision_opencv/image_geometry) by extensions ['ros']
[4.001s] Level 1:colcon.colcon_core.package_identification:_identify(src/vision_opencv/image_geometry) by extension 'ros'
[4.006s] DEBUG:colcon.colcon_core.package_identification:Package 'src/vision_opencv/image_geometry' with type 'ros.ament_cmake' and name 'image_geometry'
[4.007s] Level 1:colcon.colcon_core.package_identification:_identify(src/vision_opencv/opencv_tests) by extensions ['ignore', 'ignore_ament_install']
[4.007s] Level 1:colcon.colcon_core.package_identification:_identify(src/vision_opencv/opencv_tests) by extension 'ignore'
[4.007s] Level 1:colcon.colcon_core.package_identification:_identify(src/vision_opencv/opencv_tests) ignored
[4.008s] Level 1:colcon.colcon_core.package_identification:_identify(src/vision_opencv/vision_opencv) by extensions ['ignore', 'ignore_ament_install']
[4.009s] Level 1:colcon.colcon_core.package_identification:_identify(src/vision_opencv/vision_opencv) by extension 'ignore'
[4.009s] Level 1:colcon.colcon_core.package_identification:_identify(src/vision_opencv/vision_opencv) by extension 'ignore_ament_install'
[4.009s] Level 1:colcon.colcon_core.package_identification:_identify(src/vision_opencv/vision_opencv) by extensions ['colcon_pkg']
[4.010s] Level 1:colcon.colcon_core.package_identification:_identify(src/vision_opencv/vision_opencv) by extension 'colcon_pkg'
[4.010s] Level 1:colcon.colcon_core.package_identification:_identify(src/vision_opencv/vision_opencv) by extensions ['colcon_meta']
[4.010s] Level 1:colcon.colcon_core.package_identification:_identify(src/vision_opencv/vision_opencv) by extension 'colcon_meta'
[4.010s] Level 1:colcon.colcon_core.package_identification:_identify(src/vision_opencv/vision_opencv) by extensions ['ros']
[4.010s] Level 1:colcon.colcon_core.package_identification:_identify(src/vision_opencv/vision_opencv) by extension 'ros'
[4.014s] DEBUG:colcon.colcon_core.package_identification:Package 'src/vision_opencv/vision_opencv' with type 'ros.ament_cmake' and name 'vision_opencv'
[4.015s] Level 1:colcon.colcon_core.package_identification:_identify(src/webrtc_camera_node) by extensions ['ignore', 'ignore_ament_install']
[4.015s] Level 1:colcon.colcon_core.package_identification:_identify(src/webrtc_camera_node) by extension 'ignore'
[4.016s] Level 1:colcon.colcon_core.package_identification:_identify(src/webrtc_camera_node) by extension 'ignore_ament_install'
[4.016s] Level 1:colcon.colcon_core.package_identification:_identify(src/webrtc_camera_node) by extensions ['colcon_pkg']
[4.016s] Level 1:colcon.colcon_core.package_identification:_identify(src/webrtc_camera_node) by extension 'colcon_pkg'
[4.016s] Level 1:colcon.colcon_core.package_identification:_identify(src/webrtc_camera_node) by extensions ['colcon_meta']
[4.017s] Level 1:colcon.colcon_core.package_identification:_identify(src/webrtc_camera_node) by extension 'colcon_meta'
[4.017s] Level 1:colcon.colcon_core.package_identification:_identify(src/webrtc_camera_node) by extensions ['ros']
[4.017s] Level 1:colcon.colcon_core.package_identification:_identify(src/webrtc_camera_node) by extension 'ros'
[4.021s] DEBUG:colcon.colcon_core.package_identification:Package 'src/webrtc_camera_node' with type 'ros.ament_cmake' and name 'webrtc_camera_node'
[4.022s] Level 1:colcon.colcon_core.package_identification:_identify(src/xacro) by extensions ['ignore', 'ignore_ament_install']
[4.022s] Level 1:colcon.colcon_core.package_identification:_identify(src/xacro) by extension 'ignore'
[4.023s] Level 1:colcon.colcon_core.package_identification:_identify(src/xacro) by extension 'ignore_ament_install'
[4.023s] Level 1:colcon.colcon_core.package_identification:_identify(src/xacro) by extensions ['colcon_pkg']
[4.023s] Level 1:colcon.colcon_core.package_identification:_identify(src/xacro) by extension 'colcon_pkg'
[4.026s] Level 1:colcon.colcon_core.package_identification:_identify(src/xacro) by extensions ['colcon_meta']
[4.026s] Level 1:colcon.colcon_core.package_identification:_identify(src/xacro) by extension 'colcon_meta'
[4.027s] Level 1:colcon.colcon_core.package_identification:_identify(src/xacro) by extensions ['ros']
[4.027s] Level 1:colcon.colcon_core.package_identification:_identify(src/xacro) by extension 'ros'
[4.031s] DEBUG:colcon.colcon_core.package_identification:Package 'src/xacro' with type 'ros.ament_cmake' and name 'xacro'
[4.032s] Level 1:colcon.colcon_core.package_discovery:discover_packages(recursive) using defaults
[4.033s] Level 1:colcon.colcon_core.package_discovery:discover_packages(ignore) discover
[4.033s] Level 1:colcon.colcon_core.package_discovery:discover_packages(ignore) using defaults
[4.033s] Level 1:colcon.colcon_core.package_discovery:discover_packages(path) discover
[4.033s] Level 1:colcon.colcon_core.package_discovery:discover_packages(path) using defaults
[4.229s] INFO:colcon.colcon_metadata.metadata.colcon_pkg:Updating descriptor of package 'src/xacro' from colcon.pkg: {'hooks': ['share/xacro/environment/completion.bash']}
[4.284s] Level 5:colcon.colcon_core.verb:set package 'audio_msgs' build argument 'cmake_args' from command line to 'None'
[4.284s] Level 5:colcon.colcon_core.verb:set package 'audio_msgs' build argument 'cmake_target' from command line to 'None'
[4.284s] Level 5:colcon.colcon_core.verb:set package 'audio_msgs' build argument 'cmake_target_skip_unavailable' from command line to 'False'
[4.285s] Level 5:colcon.colcon_core.verb:set package 'audio_msgs' build argument 'cmake_clean_cache' from command line to 'False'
[4.285s] Level 5:colcon.colcon_core.verb:set package 'audio_msgs' build argument 'cmake_clean_first' from command line to 'False'
[4.285s] Level 5:colcon.colcon_core.verb:set package 'audio_msgs' build argument 'cmake_force_configure' from command line to 'False'
[4.285s] Level 5:colcon.colcon_core.verb:set package 'audio_msgs' build argument 'ament_cmake_args' from command line to 'None'
[4.285s] Level 5:colcon.colcon_core.verb:set package 'audio_msgs' build argument 'catkin_cmake_args' from command line to 'None'
[4.285s] Level 5:colcon.colcon_core.verb:set package 'audio_msgs' build argument 'catkin_skip_building_tests' from command line to 'False'
[4.286s] DEBUG:colcon.colcon_core.verb:Building package 'audio_msgs' with the following arguments: {'ament_cmake_args': None, 'build_base': '/root/Workspaces/rosgsthumble_ws/build/audio_msgs', 'catkin_cmake_args': None, 'catkin_skip_building_tests': False, 'cmake_args': None, 'cmake_clean_cache': False, 'cmake_clean_first': False, 'cmake_force_configure': False, 'cmake_target': None, 'cmake_target_skip_unavailable': False, 'install_base': '/root/Workspaces/rosgsthumble_ws/install/audio_msgs', 'merge_install': False, 'path': '/root/Workspaces/rosgsthumble_ws/src/ros-gst-bridge/audio_msgs', 'symlink_install': True, 'test_result_base': None}
[4.303s] Level 5:colcon.colcon_core.verb:set package 'cv_bridge' build argument 'cmake_args' from command line to 'None'
[4.303s] Level 5:colcon.colcon_core.verb:set package 'cv_bridge' build argument 'cmake_target' from command line to 'None'
[4.303s] Level 5:colcon.colcon_core.verb:set package 'cv_bridge' build argument 'cmake_target_skip_unavailable' from command line to 'False'
[4.303s] Level 5:colcon.colcon_core.verb:set package 'cv_bridge' build argument 'cmake_clean_cache' from command line to 'False'
[4.304s] Level 5:colcon.colcon_core.verb:set package 'cv_bridge' build argument 'cmake_clean_first' from command line to 'False'
[4.304s] Level 5:colcon.colcon_core.verb:set package 'cv_bridge' build argument 'cmake_force_configure' from command line to 'False'
[4.304s] Level 5:colcon.colcon_core.verb:set package 'cv_bridge' build argument 'ament_cmake_args' from command line to 'None'
[4.304s] Level 5:colcon.colcon_core.verb:set package 'cv_bridge' build argument 'catkin_cmake_args' from command line to 'None'
[4.304s] Level 5:colcon.colcon_core.verb:set package 'cv_bridge' build argument 'catkin_skip_building_tests' from command line to 'False'
[4.304s] DEBUG:colcon.colcon_core.verb:Building package 'cv_bridge' with the following arguments: {'ament_cmake_args': None, 'build_base': '/root/Workspaces/rosgsthumble_ws/build/cv_bridge', 'catkin_cmake_args': None, 'catkin_skip_building_tests': False, 'cmake_args': None, 'cmake_clean_cache': False, 'cmake_clean_first': False, 'cmake_force_configure': False, 'cmake_target': None, 'cmake_target_skip_unavailable': False, 'install_base': '/root/Workspaces/rosgsthumble_ws/install/cv_bridge', 'merge_install': False, 'path': '/root/Workspaces/rosgsthumble_ws/src/vision_opencv/cv_bridge', 'symlink_install': True, 'test_result_base': None}
[4.322s] Level 5:colcon.colcon_core.verb:set package 'diagnostic_updater' build argument 'cmake_args' from command line to 'None'
[4.322s] Level 5:colcon.colcon_core.verb:set package 'diagnostic_updater' build argument 'cmake_target' from command line to 'None'
[4.322s] Level 5:colcon.colcon_core.verb:set package 'diagnostic_updater' build argument 'cmake_target_skip_unavailable' from command line to 'False'
[4.323s] Level 5:colcon.colcon_core.verb:set package 'diagnostic_updater' build argument 'cmake_clean_cache' from command line to 'False'
[4.323s] Level 5:colcon.colcon_core.verb:set package 'diagnostic_updater' build argument 'cmake_clean_first' from command line to 'False'
[4.323s] Level 5:colcon.colcon_core.verb:set package 'diagnostic_updater' build argument 'cmake_force_configure' from command line to 'False'
[4.323s] Level 5:colcon.colcon_core.verb:set package 'diagnostic_updater' build argument 'ament_cmake_args' from command line to 'None'
[4.323s] Level 5:colcon.colcon_core.verb:set package 'diagnostic_updater' build argument 'catkin_cmake_args' from command line to 'None'
[4.323s] Level 5:colcon.colcon_core.verb:set package 'diagnostic_updater' build argument 'catkin_skip_building_tests' from command line to 'False'
[4.324s] DEBUG:colcon.colcon_core.verb:Building package 'diagnostic_updater' with the following arguments: {'ament_cmake_args': None, 'build_base': '/root/Workspaces/rosgsthumble_ws/build/diagnostic_updater', 'catkin_cmake_args': None, 'catkin_skip_building_tests': False, 'cmake_args': None, 'cmake_clean_cache': False, 'cmake_clean_first': False, 'cmake_force_configure': False, 'cmake_target': None, 'cmake_target_skip_unavailable': False, 'install_base': '/root/Workspaces/rosgsthumble_ws/install/diagnostic_updater', 'merge_install': False, 'path': '/root/Workspaces/rosgsthumble_ws/src/diagnostics/diagnostic_updater', 'symlink_install': True, 'test_result_base': None}
[4.341s] Level 5:colcon.colcon_core.verb:set package 'gst_msgs' build argument 'cmake_args' from command line to 'None'
[4.341s] Level 5:colcon.colcon_core.verb:set package 'gst_msgs' build argument 'cmake_target' from command line to 'None'
[4.341s] Level 5:colcon.colcon_core.verb:set package 'gst_msgs' build argument 'cmake_target_skip_unavailable' from command line to 'False'
[4.342s] Level 5:colcon.colcon_core.verb:set package 'gst_msgs' build argument 'cmake_clean_cache' from command line to 'False'
[4.342s] Level 5:colcon.colcon_core.verb:set package 'gst_msgs' build argument 'cmake_clean_first' from command line to 'False'
[4.342s] Level 5:colcon.colcon_core.verb:set package 'gst_msgs' build argument 'cmake_force_configure' from command line to 'False'
[4.342s] Level 5:colcon.colcon_core.verb:set package 'gst_msgs' build argument 'ament_cmake_args' from command line to 'None'
[4.342s] Level 5:colcon.colcon_core.verb:set package 'gst_msgs' build argument 'catkin_cmake_args' from command line to 'None'
[4.342s] Level 5:colcon.colcon_core.verb:set package 'gst_msgs' build argument 'catkin_skip_building_tests' from command line to 'False'
[4.343s] DEBUG:colcon.colcon_core.verb:Building package 'gst_msgs' with the following arguments: {'ament_cmake_args': None, 'build_base': '/root/Workspaces/rosgsthumble_ws/build/gst_msgs', 'catkin_cmake_args': None, 'catkin_skip_building_tests': False, 'cmake_args': None, 'cmake_clean_cache': False, 'cmake_clean_first': False, 'cmake_force_configure': False, 'cmake_target': None, 'cmake_target_skip_unavailable': False, 'install_base': '/root/Workspaces/rosgsthumble_ws/install/gst_msgs', 'merge_install': False, 'path': '/root/Workspaces/rosgsthumble_ws/src/ros-gst-bridge/gst_msgs', 'symlink_install': True, 'test_result_base': None}
[4.360s] Level 5:colcon.colcon_core.verb:set package 'image_geometry' build argument 'cmake_args' from command line to 'None'
[4.361s] Level 5:colcon.colcon_core.verb:set package 'image_geometry' build argument 'cmake_target' from command line to 'None'
[4.361s] Level 5:colcon.colcon_core.verb:set package 'image_geometry' build argument 'cmake_target_skip_unavailable' from command line to 'False'
[4.361s] Level 5:colcon.colcon_core.verb:set package 'image_geometry' build argument 'cmake_clean_cache' from command line to 'False'
[4.361s] Level 5:colcon.colcon_core.verb:set package 'image_geometry' build argument 'cmake_clean_first' from command line to 'False'
[4.361s] Level 5:colcon.colcon_core.verb:set package 'image_geometry' build argument 'cmake_force_configure' from command line to 'False'
[4.361s] Level 5:colcon.colcon_core.verb:set package 'image_geometry' build argument 'ament_cmake_args' from command line to 'None'
[4.362s] Level 5:colcon.colcon_core.verb:set package 'image_geometry' build argument 'catkin_cmake_args' from command line to 'None'
[4.362s] Level 5:colcon.colcon_core.verb:set package 'image_geometry' build argument 'catkin_skip_building_tests' from command line to 'False'
[4.362s] DEBUG:colcon.colcon_core.verb:Building package 'image_geometry' with the following arguments: {'ament_cmake_args': None, 'build_base': '/root/Workspaces/rosgsthumble_ws/build/image_geometry', 'catkin_cmake_args': None, 'catkin_skip_building_tests': False, 'cmake_args': None, 'cmake_clean_cache': False, 'cmake_clean_first': False, 'cmake_force_configure': False, 'cmake_target': None, 'cmake_target_skip_unavailable': False, 'install_base': '/root/Workspaces/rosgsthumble_ws/install/image_geometry', 'merge_install': False, 'path': '/root/Workspaces/rosgsthumble_ws/src/vision_opencv/image_geometry', 'symlink_install': True, 'test_result_base': None}
[4.380s] Level 5:colcon.colcon_core.verb:set package 'realsense2_camera_msgs' build argument 'cmake_args' from command line to 'None'
[4.380s] Level 5:colcon.colcon_core.verb:set package 'realsense2_camera_msgs' build argument 'cmake_target' from command line to 'None'
[4.380s] Level 5:colcon.colcon_core.verb:set package 'realsense2_camera_msgs' build argument 'cmake_target_skip_unavailable' from command line to 'False'
[4.380s] Level 5:colcon.colcon_core.verb:set package 'realsense2_camera_msgs' build argument 'cmake_clean_cache' from command line to 'False'
[4.380s] Level 5:colcon.colcon_core.verb:set package 'realsense2_camera_msgs' build argument 'cmake_clean_first' from command line to 'False'
[4.380s] Level 5:colcon.colcon_core.verb:set package 'realsense2_camera_msgs' build argument 'cmake_force_configure' from command line to 'False'
[4.381s] Level 5:colcon.colcon_core.verb:set package 'realsense2_camera_msgs' build argument 'ament_cmake_args' from command line to 'None'
[4.381s] Level 5:colcon.colcon_core.verb:set package 'realsense2_camera_msgs' build argument 'catkin_cmake_args' from command line to 'None'
[4.381s] Level 5:colcon.colcon_core.verb:set package 'realsense2_camera_msgs' build argument 'catkin_skip_building_tests' from command line to 'False'
[4.381s] DEBUG:colcon.colcon_core.verb:Building package 'realsense2_camera_msgs' with the following arguments: {'ament_cmake_args': None, 'build_base': '/root/Workspaces/rosgsthumble_ws/build/realsense2_camera_msgs', 'catkin_cmake_args': None, 'catkin_skip_building_tests': False, 'cmake_args': None, 'cmake_clean_cache': False, 'cmake_clean_first': False, 'cmake_force_configure': False, 'cmake_target': None, 'cmake_target_skip_unavailable': False, 'install_base': '/root/Workspaces/rosgsthumble_ws/install/realsense2_camera_msgs', 'merge_install': False, 'path': '/root/Workspaces/rosgsthumble_ws/src/realsense-ros/realsense2_camera_msgs', 'symlink_install': True, 'test_result_base': None}
[4.399s] Level 5:colcon.colcon_core.verb:set package 'xacro' build argument 'cmake_args' from command line to 'None'
[4.399s] Level 5:colcon.colcon_core.verb:set package 'xacro' build argument 'cmake_target' from command line to 'None'
[4.399s] Level 5:colcon.colcon_core.verb:set package 'xacro' build argument 'cmake_target_skip_unavailable' from command line to 'False'
[4.399s] Level 5:colcon.colcon_core.verb:set package 'xacro' build argument 'cmake_clean_cache' from command line to 'False'
[4.399s] Level 5:colcon.colcon_core.verb:set package 'xacro' build argument 'cmake_clean_first' from command line to 'False'
[4.399s] Level 5:colcon.colcon_core.verb:set package 'xacro' build argument 'cmake_force_configure' from command line to 'False'
[4.400s] Level 5:colcon.colcon_core.verb:set package 'xacro' build argument 'ament_cmake_args' from command line to 'None'
[4.400s] Level 5:colcon.colcon_core.verb:set package 'xacro' build argument 'catkin_cmake_args' from command line to 'None'
[4.400s] Level 5:colcon.colcon_core.verb:set package 'xacro' build argument 'catkin_skip_building_tests' from command line to 'False'
[4.400s] DEBUG:colcon.colcon_core.verb:Building package 'xacro' with the following arguments: {'ament_cmake_args': None, 'build_base': '/root/Workspaces/rosgsthumble_ws/build/xacro', 'catkin_cmake_args': None, 'catkin_skip_building_tests': False, 'cmake_args': None, 'cmake_clean_cache': False, 'cmake_clean_first': False, 'cmake_force_configure': False, 'cmake_target': None, 'cmake_target_skip_unavailable': False, 'install_base': '/root/Workspaces/rosgsthumble_ws/install/xacro', 'merge_install': False, 'path': '/root/Workspaces/rosgsthumble_ws/src/xacro', 'symlink_install': True, 'test_result_base': None}
[4.418s] Level 5:colcon.colcon_core.verb:set package 'diagnostic_common_diagnostics' build argument 'cmake_args' from command line to 'None'
[4.418s] Level 5:colcon.colcon_core.verb:set package 'diagnostic_common_diagnostics' build argument 'cmake_target' from command line to 'None'
[4.418s] Level 5:colcon.colcon_core.verb:set package 'diagnostic_common_diagnostics' build argument 'cmake_target_skip_unavailable' from command line to 'False'
[4.418s] Level 5:colcon.colcon_core.verb:set package 'diagnostic_common_diagnostics' build argument 'cmake_clean_cache' from command line to 'False'
[4.418s] Level 5:colcon.colcon_core.verb:set package 'diagnostic_common_diagnostics' build argument 'cmake_clean_first' from command line to 'False'
[4.419s] Level 5:colcon.colcon_core.verb:set package 'diagnostic_common_diagnostics' build argument 'cmake_force_configure' from command line to 'False'
[4.419s] Level 5:colcon.colcon_core.verb:set package 'diagnostic_common_diagnostics' build argument 'ament_cmake_args' from command line to 'None'
[4.419s] Level 5:colcon.colcon_core.verb:set package 'diagnostic_common_diagnostics' build argument 'catkin_cmake_args' from command line to 'None'
[4.419s] Level 5:colcon.colcon_core.verb:set package 'diagnostic_common_diagnostics' build argument 'catkin_skip_building_tests' from command line to 'False'
[4.419s] DEBUG:colcon.colcon_core.verb:Building package 'diagnostic_common_diagnostics' with the following arguments: {'ament_cmake_args': None, 'build_base': '/root/Workspaces/rosgsthumble_ws/build/diagnostic_common_diagnostics', 'catkin_cmake_args': None, 'catkin_skip_building_tests': False, 'cmake_args': None, 'cmake_clean_cache': False, 'cmake_clean_first': False, 'cmake_force_configure': False, 'cmake_target': None, 'cmake_target_skip_unavailable': False, 'install_base': '/root/Workspaces/rosgsthumble_ws/install/diagnostic_common_diagnostics', 'merge_install': False, 'path': '/root/Workspaces/rosgsthumble_ws/src/diagnostics/diagnostic_common_diagnostics', 'symlink_install': True, 'test_result_base': None}
[4.437s] Level 5:colcon.colcon_core.verb:set package 'gst_bridge' build argument 'cmake_args' from command line to 'None'
[4.437s] Level 5:colcon.colcon_core.verb:set package 'gst_bridge' build argument 'cmake_target' from command line to 'None'
[4.437s] Level 5:colcon.colcon_core.verb:set package 'gst_bridge' build argument 'cmake_target_skip_unavailable' from command line to 'False'
[4.437s] Level 5:colcon.colcon_core.verb:set package 'gst_bridge' build argument 'cmake_clean_cache' from command line to 'False'
[4.437s] Level 5:colcon.colcon_core.verb:set package 'gst_bridge' build argument 'cmake_clean_first' from command line to 'False'
[4.438s] Level 5:colcon.colcon_core.verb:set package 'gst_bridge' build argument 'cmake_force_configure' from command line to 'False'
[4.438s] Level 5:colcon.colcon_core.verb:set package 'gst_bridge' build argument 'ament_cmake_args' from command line to 'None'
[4.438s] Level 5:colcon.colcon_core.verb:set package 'gst_bridge' build argument 'catkin_cmake_args' from command line to 'None'
[4.438s] Level 5:colcon.colcon_core.verb:set package 'gst_bridge' build argument 'catkin_skip_building_tests' from command line to 'False'
[4.438s] DEBUG:colcon.colcon_core.verb:Building package 'gst_bridge' with the following arguments: {'ament_cmake_args': None, 'build_base': '/root/Workspaces/rosgsthumble_ws/build/gst_bridge', 'catkin_cmake_args': None, 'catkin_skip_building_tests': False, 'cmake_args': None, 'cmake_clean_cache': False, 'cmake_clean_first': False, 'cmake_force_configure': False, 'cmake_target': None, 'cmake_target_skip_unavailable': False, 'install_base': '/root/Workspaces/rosgsthumble_ws/install/gst_bridge', 'merge_install': False, 'path': '/root/Workspaces/rosgsthumble_ws/src/ros-gst-bridge/gst_bridge', 'symlink_install': True, 'test_result_base': None}
[4.456s] Level 5:colcon.colcon_core.verb:set package 'realsense2_camera' build argument 'cmake_args' from command line to 'None'
[4.456s] Level 5:colcon.colcon_core.verb:set package 'realsense2_camera' build argument 'cmake_target' from command line to 'None'
[4.456s] Level 5:colcon.colcon_core.verb:set package 'realsense2_camera' build argument 'cmake_target_skip_unavailable' from command line to 'False'
[4.456s] Level 5:colcon.colcon_core.verb:set package 'realsense2_camera' build argument 'cmake_clean_cache' from command line to 'False'
[4.456s] Level 5:colcon.colcon_core.verb:set package 'realsense2_camera' build argument 'cmake_clean_first' from command line to 'False'
[4.457s] Level 5:colcon.colcon_core.verb:set package 'realsense2_camera' build argument 'cmake_force_configure' from command line to 'False'
[4.457s] Level 5:colcon.colcon_core.verb:set package 'realsense2_camera' build argument 'ament_cmake_args' from command line to 'None'
[4.457s] Level 5:colcon.colcon_core.verb:set package 'realsense2_camera' build argument 'catkin_cmake_args' from command line to 'None'
[4.457s] Level 5:colcon.colcon_core.verb:set package 'realsense2_camera' build argument 'catkin_skip_building_tests' from command line to 'False'
[4.457s] DEBUG:colcon.colcon_core.verb:Building package 'realsense2_camera' with the following arguments: {'ament_cmake_args': None, 'build_base': '/root/Workspaces/rosgsthumble_ws/build/realsense2_camera', 'catkin_cmake_args': None, 'catkin_skip_building_tests': False, 'cmake_args': None, 'cmake_clean_cache': False, 'cmake_clean_first': False, 'cmake_force_configure': False, 'cmake_target': None, 'cmake_target_skip_unavailable': False, 'install_base': '/root/Workspaces/rosgsthumble_ws/install/realsense2_camera', 'merge_install': False, 'path': '/root/Workspaces/rosgsthumble_ws/src/realsense-ros/realsense2_camera', 'symlink_install': True, 'test_result_base': None}
[4.475s] Level 5:colcon.colcon_core.verb:set package 'realsense2_description' build argument 'cmake_args' from command line to 'None'
[4.475s] Level 5:colcon.colcon_core.verb:set package 'realsense2_description' build argument 'cmake_target' from command line to 'None'
[4.475s] Level 5:colcon.colcon_core.verb:set package 'realsense2_description' build argument 'cmake_target_skip_unavailable' from command line to 'False'
[4.475s] Level 5:colcon.colcon_core.verb:set package 'realsense2_description' build argument 'cmake_clean_cache' from command line to 'False'
[4.475s] Level 5:colcon.colcon_core.verb:set package 'realsense2_description' build argument 'cmake_clean_first' from command line to 'False'
[4.475s] Level 5:colcon.colcon_core.verb:set package 'realsense2_description' build argument 'cmake_force_configure' from command line to 'False'
[4.476s] Level 5:colcon.colcon_core.verb:set package 'realsense2_description' build argument 'ament_cmake_args' from command line to 'None'
[4.476s] Level 5:colcon.colcon_core.verb:set package 'realsense2_description' build argument 'catkin_cmake_args' from command line to 'None'
[4.476s] Level 5:colcon.colcon_core.verb:set package 'realsense2_description' build argument 'catkin_skip_building_tests' from command line to 'False'
[4.476s] DEBUG:colcon.colcon_core.verb:Building package 'realsense2_description' with the following arguments: {'ament_cmake_args': None, 'build_base': '/root/Workspaces/rosgsthumble_ws/build/realsense2_description', 'catkin_cmake_args': None, 'catkin_skip_building_tests': False, 'cmake_args': None, 'cmake_clean_cache': False, 'cmake_clean_first': False, 'cmake_force_configure': False, 'cmake_target': None, 'cmake_target_skip_unavailable': False, 'install_base': '/root/Workspaces/rosgsthumble_ws/install/realsense2_description', 'merge_install': False, 'path': '/root/Workspaces/rosgsthumble_ws/src/realsense-ros/realsense2_description', 'symlink_install': True, 'test_result_base': None}
[4.493s] Level 5:colcon.colcon_core.verb:set package 'vision_opencv' build argument 'cmake_args' from command line to 'None'
[4.494s] Level 5:colcon.colcon_core.verb:set package 'vision_opencv' build argument 'cmake_target' from command line to 'None'
[4.494s] Level 5:colcon.colcon_core.verb:set package 'vision_opencv' build argument 'cmake_target_skip_unavailable' from command line to 'False'
[4.494s] Level 5:colcon.colcon_core.verb:set package 'vision_opencv' build argument 'cmake_clean_cache' from command line to 'False'
[4.494s] Level 5:colcon.colcon_core.verb:set package 'vision_opencv' build argument 'cmake_clean_first' from command line to 'False'
[4.494s] Level 5:colcon.colcon_core.verb:set package 'vision_opencv' build argument 'cmake_force_configure' from command line to 'False'
[4.494s] Level 5:colcon.colcon_core.verb:set package 'vision_opencv' build argument 'ament_cmake_args' from command line to 'None'
[4.495s] Level 5:colcon.colcon_core.verb:set package 'vision_opencv' build argument 'catkin_cmake_args' from command line to 'None'
[4.495s] Level 5:colcon.colcon_core.verb:set package 'vision_opencv' build argument 'catkin_skip_building_tests' from command line to 'False'
[4.495s] DEBUG:colcon.colcon_core.verb:Building package 'vision_opencv' with the following arguments: {'ament_cmake_args': None, 'build_base': '/root/Workspaces/rosgsthumble_ws/build/vision_opencv', 'catkin_cmake_args': None, 'catkin_skip_building_tests': False, 'cmake_args': None, 'cmake_clean_cache': False, 'cmake_clean_first': False, 'cmake_force_configure': False, 'cmake_target': None, 'cmake_target_skip_unavailable': False, 'install_base': '/root/Workspaces/rosgsthumble_ws/install/vision_opencv', 'merge_install': False, 'path': '/root/Workspaces/rosgsthumble_ws/src/vision_opencv/vision_opencv', 'symlink_install': True, 'test_result_base': None}
[4.512s] Level 5:colcon.colcon_core.verb:set package 'diagnostics' build argument 'cmake_args' from command line to 'None'
[4.512s] Level 5:colcon.colcon_core.verb:set package 'diagnostics' build argument 'cmake_target' from command line to 'None'
[4.512s] Level 5:colcon.colcon_core.verb:set package 'diagnostics' build argument 'cmake_target_skip_unavailable' from command line to 'False'
[4.513s] Level 5:colcon.colcon_core.verb:set package 'diagnostics' build argument 'cmake_clean_cache' from command line to 'False'
[4.513s] Level 5:colcon.colcon_core.verb:set package 'diagnostics' build argument 'cmake_clean_first' from command line to 'False'
[4.513s] Level 5:colcon.colcon_core.verb:set package 'diagnostics' build argument 'cmake_force_configure' from command line to 'False'
[4.513s] Level 5:colcon.colcon_core.verb:set package 'diagnostics' build argument 'ament_cmake_args' from command line to 'None'
[4.513s] Level 5:colcon.colcon_core.verb:set package 'diagnostics' build argument 'catkin_cmake_args' from command line to 'None'
[4.513s] Level 5:colcon.colcon_core.verb:set package 'diagnostics' build argument 'catkin_skip_building_tests' from command line to 'False'
[4.514s] DEBUG:colcon.colcon_core.verb:Building package 'diagnostics' with the following arguments: {'ament_cmake_args': None, 'build_base': '/root/Workspaces/rosgsthumble_ws/build/diagnostics', 'catkin_cmake_args': None, 'catkin_skip_building_tests': False, 'cmake_args': None, 'cmake_clean_cache': False, 'cmake_clean_first': False, 'cmake_force_configure': False, 'cmake_target': None, 'cmake_target_skip_unavailable': False, 'install_base': '/root/Workspaces/rosgsthumble_ws/install/diagnostics', 'merge_install': False, 'path': '/root/Workspaces/rosgsthumble_ws/src/diagnostics/diagnostics', 'symlink_install': True, 'test_result_base': None}
[4.531s] Level 5:colcon.colcon_core.verb:set package 'gst_pipeline' build argument 'cmake_args' from command line to 'None'
[4.531s] Level 5:colcon.colcon_core.verb:set package 'gst_pipeline' build argument 'cmake_target' from command line to 'None'
[4.531s] Level 5:colcon.colcon_core.verb:set package 'gst_pipeline' build argument 'cmake_target_skip_unavailable' from command line to 'False'
[4.532s] Level 5:colcon.colcon_core.verb:set package 'gst_pipeline' build argument 'cmake_clean_cache' from command line to 'False'
[4.532s] Level 5:colcon.colcon_core.verb:set package 'gst_pipeline' build argument 'cmake_clean_first' from command line to 'False'
[4.532s] Level 5:colcon.colcon_core.verb:set package 'gst_pipeline' build argument 'cmake_force_configure' from command line to 'False'
[4.532s] Level 5:colcon.colcon_core.verb:set package 'gst_pipeline' build argument 'ament_cmake_args' from command line to 'None'
[4.532s] Level 5:colcon.colcon_core.verb:set package 'gst_pipeline' build argument 'catkin_cmake_args' from command line to 'None'
[4.532s] Level 5:colcon.colcon_core.verb:set package 'gst_pipeline' build argument 'catkin_skip_building_tests' from command line to 'False'
[4.533s] DEBUG:colcon.colcon_core.verb:Building package 'gst_pipeline' with the following arguments: {'ament_cmake_args': None, 'build_base': '/root/Workspaces/rosgsthumble_ws/build/gst_pipeline', 'catkin_cmake_args': None, 'catkin_skip_building_tests': False, 'cmake_args': None, 'cmake_clean_cache': False, 'cmake_clean_first': False, 'cmake_force_configure': False, 'cmake_target': None, 'cmake_target_skip_unavailable': False, 'install_base': '/root/Workspaces/rosgsthumble_ws/install/gst_pipeline', 'merge_install': False, 'path': '/root/Workspaces/rosgsthumble_ws/src/ros-gst-bridge/gst_pipeline', 'symlink_install': True, 'test_result_base': None}
[4.550s] Level 5:colcon.colcon_core.verb:set package 'webrtc_camera_node' build argument 'cmake_args' from command line to 'None'
[4.550s] Level 5:colcon.colcon_core.verb:set package 'webrtc_camera_node' build argument 'cmake_target' from command line to 'None'
[4.551s] Level 5:colcon.colcon_core.verb:set package 'webrtc_camera_node' build argument 'cmake_target_skip_unavailable' from command line to 'False'
[4.551s] Level 5:colcon.colcon_core.verb:set package 'webrtc_camera_node' build argument 'cmake_clean_cache' from command line to 'False'
[4.551s] Level 5:colcon.colcon_core.verb:set package 'webrtc_camera_node' build argument 'cmake_clean_first' from command line to 'False'
[4.551s] Level 5:colcon.colcon_core.verb:set package 'webrtc_camera_node' build argument 'cmake_force_configure' from command line to 'False'
[4.551s] Level 5:colcon.colcon_core.verb:set package 'webrtc_camera_node' build argument 'ament_cmake_args' from command line to 'None'
[4.551s] Level 5:colcon.colcon_core.verb:set package 'webrtc_camera_node' build argument 'catkin_cmake_args' from command line to 'None'
[4.552s] Level 5:colcon.colcon_core.verb:set package 'webrtc_camera_node' build argument 'catkin_skip_building_tests' from command line to 'False'
[4.552s] DEBUG:colcon.colcon_core.verb:Building package 'webrtc_camera_node' with the following arguments: {'ament_cmake_args': None, 'build_base': '/root/Workspaces/rosgsthumble_ws/build/webrtc_camera_node', 'catkin_cmake_args': None, 'catkin_skip_building_tests': False, 'cmake_args': None, 'cmake_clean_cache': False, 'cmake_clean_first': False, 'cmake_force_configure': False, 'cmake_target': None, 'cmake_target_skip_unavailable': False, 'install_base': '/root/Workspaces/rosgsthumble_ws/install/webrtc_camera_node', 'merge_install': False, 'path': '/root/Workspaces/rosgsthumble_ws/src/webrtc_camera_node', 'symlink_install': True, 'test_result_base': None}
[4.569s] Level 5:colcon.colcon_core.verb:set package 'gst_pipeline_plugins' build argument 'cmake_args' from command line to 'None'
[4.570s] Level 5:colcon.colcon_core.verb:set package 'gst_pipeline_plugins' build argument 'cmake_target' from command line to 'None'
[4.570s] Level 5:colcon.colcon_core.verb:set package 'gst_pipeline_plugins' build argument 'cmake_target_skip_unavailable' from command line to 'False'
[4.570s] Level 5:colcon.colcon_core.verb:set package 'gst_pipeline_plugins' build argument 'cmake_clean_cache' from command line to 'False'
[4.570s] Level 5:colcon.colcon_core.verb:set package 'gst_pipeline_plugins' build argument 'cmake_clean_first' from command line to 'False'
[4.570s] Level 5:colcon.colcon_core.verb:set package 'gst_pipeline_plugins' build argument 'cmake_force_configure' from command line to 'False'
[4.570s] Level 5:colcon.colcon_core.verb:set package 'gst_pipeline_plugins' build argument 'ament_cmake_args' from command line to 'None'
[4.571s] Level 5:colcon.colcon_core.verb:set package 'gst_pipeline_plugins' build argument 'catkin_cmake_args' from command line to 'None'
[4.571s] Level 5:colcon.colcon_core.verb:set package 'gst_pipeline_plugins' build argument 'catkin_skip_building_tests' from command line to 'False'
[4.571s] DEBUG:colcon.colcon_core.verb:Building package 'gst_pipeline_plugins' with the following arguments: {'ament_cmake_args': None, 'build_base': '/root/Workspaces/rosgsthumble_ws/build/gst_pipeline_plugins', 'catkin_cmake_args': None, 'catkin_skip_building_tests': False, 'cmake_args': None, 'cmake_clean_cache': False, 'cmake_clean_first': False, 'cmake_force_configure': False, 'cmake_target': None, 'cmake_target_skip_unavailable': False, 'install_base': '/root/Workspaces/rosgsthumble_ws/install/gst_pipeline_plugins', 'merge_install': False, 'path': '/root/Workspaces/rosgsthumble_ws/src/ros-gst-bridge/gst_pipeline_plugins', 'symlink_install': True, 'test_result_base': None}
[4.586s] INFO:colcon.colcon_core.executor:Executing jobs using 'parallel' executor
[4.671s] DEBUG:colcon.colcon_parallel_executor.executor.parallel:run_until_complete
[4.673s] INFO:colcon.colcon_ros.task.ament_cmake.build:Building ROS package in '/root/Workspaces/rosgsthumble_ws/src/ros-gst-bridge/audio_msgs' with build type 'ament_cmake'
[4.674s] INFO:colcon.colcon_cmake.task.cmake.build:Building CMake package in '/root/Workspaces/rosgsthumble_ws/src/ros-gst-bridge/audio_msgs'
[4.736s] INFO:colcon.colcon_core.plugin_system:Skipping extension 'colcon_core.shell.bat': Not used on non-Windows systems
[4.737s] INFO:colcon.colcon_core.shell:Skip shell extension 'powershell' for command environment: Not usable outside of PowerShell
[4.738s] DEBUG:colcon.colcon_core.shell:Skip shell extension 'dsv' for command environment
[4.753s] WARNING:colcon.colcon_ros.prefix_path.ament:The path '/root/Workspaces/rosgsthumble_ws/install/realsense2_description' in the environment variable AMENT_PREFIX_PATH doesn't exist
[4.753s] WARNING:colcon.colcon_ros.prefix_path.ament:The path '/root/Workspaces/rosgsthumble_ws/install/xacro' in the environment variable AMENT_PREFIX_PATH doesn't exist
[4.754s] WARNING:colcon.colcon_ros.prefix_path.ament:The path '/root/Workspaces/rosgsthumble_ws/install/webrtc_camera_node' in the environment variable AMENT_PREFIX_PATH doesn't exist
[4.754s] WARNING:colcon.colcon_ros.prefix_path.ament:The path '/root/Workspaces/rosgsthumble_ws/install/vision_opencv' in the environment variable AMENT_PREFIX_PATH doesn't exist
[4.754s] WARNING:colcon.colcon_ros.prefix_path.ament:The path '/root/Workspaces/rosgsthumble_ws/install/realsense2_camera' in the environment variable AMENT_PREFIX_PATH doesn't exist
[4.755s] WARNING:colcon.colcon_ros.prefix_path.ament:The path '/root/Workspaces/rosgsthumble_ws/install/realsense2_camera_msgs' in the environment variable AMENT_PREFIX_PATH doesn't exist
[4.755s] WARNING:colcon.colcon_ros.prefix_path.ament:The path '/root/Workspaces/rosgsthumble_ws/install/image_geometry' in the environment variable AMENT_PREFIX_PATH doesn't exist
[4.755s] WARNING:colcon.colcon_ros.prefix_path.ament:The path '/root/Workspaces/rosgsthumble_ws/install/gst_pipeline_plugins' in the environment variable AMENT_PREFIX_PATH doesn't exist
[4.755s] WARNING:colcon.colcon_ros.prefix_path.ament:The path '/root/Workspaces/rosgsthumble_ws/install/gst_pipeline' in the environment variable AMENT_PREFIX_PATH doesn't exist
[4.756s] WARNING:colcon.colcon_ros.prefix_path.ament:The path '/root/Workspaces/rosgsthumble_ws/install/gst_msgs' in the environment variable AMENT_PREFIX_PATH doesn't exist
[4.756s] WARNING:colcon.colcon_ros.prefix_path.ament:The path '/root/Workspaces/rosgsthumble_ws/install/gst_bridge' in the environment variable AMENT_PREFIX_PATH doesn't exist
[4.756s] WARNING:colcon.colcon_ros.prefix_path.ament:The path '/root/Workspaces/rosgsthumble_ws/install/diagnostics' in the environment variable AMENT_PREFIX_PATH doesn't exist
[4.756s] WARNING:colcon.colcon_ros.prefix_path.ament:The path '/root/Workspaces/rosgsthumble_ws/install/diagnostic_common_diagnostics' in the environment variable AMENT_PREFIX_PATH doesn't exist
[4.757s] WARNING:colcon.colcon_ros.prefix_path.ament:The path '/root/Workspaces/rosgsthumble_ws/install/diagnostic_updater' in the environment variable AMENT_PREFIX_PATH doesn't exist
[4.757s] WARNING:colcon.colcon_ros.prefix_path.ament:The path '/root/Workspaces/rosgsthumble_ws/install/cv_bridge' in the environment variable AMENT_PREFIX_PATH doesn't exist
[4.757s] WARNING:colcon.colcon_ros.prefix_path.ament:The path '/root/Workspaces/rosgsthumble_ws/install/audio_msgs' in the environment variable AMENT_PREFIX_PATH doesn't exist
[4.758s] WARNING:colcon.colcon_ros.prefix_path.catkin:The path '/root/Workspaces/rosgsthumble_ws/install/realsense2_description' in the environment variable CMAKE_PREFIX_PATH doesn't exist
[4.758s] WARNING:colcon.colcon_ros.prefix_path.catkin:The path '/root/Workspaces/rosgsthumble_ws/install/xacro' in the environment variable CMAKE_PREFIX_PATH doesn't exist
[4.758s] WARNING:colcon.colcon_ros.prefix_path.catkin:The path '/root/Workspaces/rosgsthumble_ws/install/webrtc_camera_node' in the environment variable CMAKE_PREFIX_PATH doesn't exist
[4.759s] WARNING:colcon.colcon_ros.prefix_path.catkin:The path '/root/Workspaces/rosgsthumble_ws/install/vision_opencv' in the environment variable CMAKE_PREFIX_PATH doesn't exist
[4.759s] WARNING:colcon.colcon_ros.prefix_path.catkin:The path '/root/Workspaces/rosgsthumble_ws/install/realsense2_camera' in the environment variable CMAKE_PREFIX_PATH doesn't exist
[4.759s] WARNING:colcon.colcon_ros.prefix_path.catkin:The path '/root/Workspaces/rosgsthumble_ws/install/realsense2_camera_msgs' in the environment variable CMAKE_PREFIX_PATH doesn't exist
[4.759s] WARNING:colcon.colcon_ros.prefix_path.catkin:The path '/root/Workspaces/rosgsthumble_ws/install/image_geometry' in the environment variable CMAKE_PREFIX_PATH doesn't exist
[4.760s] WARNING:colcon.colcon_ros.prefix_path.catkin:The path '/root/Workspaces/rosgsthumble_ws/install/gst_pipeline_plugins' in the environment variable CMAKE_PREFIX_PATH doesn't exist
[4.760s] WARNING:colcon.colcon_ros.prefix_path.catkin:The path '/root/Workspaces/rosgsthumble_ws/install/gst_pipeline' in the environment variable CMAKE_PREFIX_PATH doesn't exist
[4.760s] WARNING:colcon.colcon_ros.prefix_path.catkin:The path '/root/Workspaces/rosgsthumble_ws/install/gst_msgs' in the environment variable CMAKE_PREFIX_PATH doesn't exist
[4.760s] WARNING:colcon.colcon_ros.prefix_path.catkin:The path '/root/Workspaces/rosgsthumble_ws/install/gst_bridge' in the environment variable CMAKE_PREFIX_PATH doesn't exist
[4.761s] WARNING:colcon.colcon_ros.prefix_path.catkin:The path '/root/Workspaces/rosgsthumble_ws/install/diagnostics' in the environment variable CMAKE_PREFIX_PATH doesn't exist
[4.761s] WARNING:colcon.colcon_ros.prefix_path.catkin:The path '/root/Workspaces/rosgsthumble_ws/install/diagnostic_common_diagnostics' in the environment variable CMAKE_PREFIX_PATH doesn't exist
[4.762s] WARNING:colcon.colcon_ros.prefix_path.catkin:The path '/root/Workspaces/rosgsthumble_ws/install/diagnostic_updater' in the environment variable CMAKE_PREFIX_PATH doesn't exist
[4.762s] WARNING:colcon.colcon_ros.prefix_path.catkin:The path '/root/Workspaces/rosgsthumble_ws/install/cv_bridge' in the environment variable CMAKE_PREFIX_PATH doesn't exist
[4.762s] WARNING:colcon.colcon_ros.prefix_path.catkin:The path '/root/Workspaces/rosgsthumble_ws/install/audio_msgs' in the environment variable CMAKE_PREFIX_PATH doesn't exist
[4.855s] INFO:colcon.colcon_ros.task.ament_cmake.build:Building ROS package in '/root/Workspaces/rosgsthumble_ws/src/vision_opencv/cv_bridge' with build type 'ament_cmake'
[4.856s] INFO:colcon.colcon_cmake.task.cmake.build:Building CMake package in '/root/Workspaces/rosgsthumble_ws/src/vision_opencv/cv_bridge'
[4.896s] INFO:colcon.colcon_core.shell:Skip shell extension 'powershell' for command environment: Not usable outside of PowerShell
[4.896s] DEBUG:colcon.colcon_core.shell:Skip shell extension 'dsv' for command environment
[4.985s] INFO:colcon.colcon_ros.task.ament_cmake.build:Building ROS package in '/root/Workspaces/rosgsthumble_ws/src/diagnostics/diagnostic_updater' with build type 'ament_cmake'
[4.986s] INFO:colcon.colcon_cmake.task.cmake.build:Building CMake package in '/root/Workspaces/rosgsthumble_ws/src/diagnostics/diagnostic_updater'
[5.029s] INFO:colcon.colcon_core.shell:Skip shell extension 'powershell' for command environment: Not usable outside of PowerShell
[5.029s] DEBUG:colcon.colcon_core.shell:Skip shell extension 'dsv' for command environment
[5.118s] INFO:colcon.colcon_ros.task.ament_cmake.build:Building ROS package in '/root/Workspaces/rosgsthumble_ws/src/ros-gst-bridge/gst_msgs' with build type 'ament_cmake'
[5.119s] INFO:colcon.colcon_cmake.task.cmake.build:Building CMake package in '/root/Workspaces/rosgsthumble_ws/src/ros-gst-bridge/gst_msgs'
[5.160s] INFO:colcon.colcon_core.shell:Skip shell extension 'powershell' for command environment: Not usable outside of PowerShell
[5.160s] DEBUG:colcon.colcon_core.shell:Skip shell extension 'dsv' for command environment
[5.266s] DEBUG:colcon.colcon_core.event_handler.log_command:Invoking command in '/root/Workspaces/rosgsthumble_ws/build/audio_msgs': /usr/local/bin/cmake /root/Workspaces/rosgsthumble_ws/src/ros-gst-bridge/audio_msgs -DAMENT_CMAKE_SYMLINK_INSTALL=1 -DCMAKE_INSTALL_PREFIX=/root/Workspaces/rosgsthumble_ws/install/audio_msgs
[5.290s] DEBUG:colcon.colcon_core.event_handler.log_command:Invoking command in '/root/Workspaces/rosgsthumble_ws/build/cv_bridge': /usr/local/bin/cmake /root/Workspaces/rosgsthumble_ws/src/vision_opencv/cv_bridge -DAMENT_CMAKE_SYMLINK_INSTALL=1 -DCMAKE_INSTALL_PREFIX=/root/Workspaces/rosgsthumble_ws/install/cv_bridge
[5.303s] DEBUG:colcon.colcon_core.event_handler.log_command:Invoking command in '/root/Workspaces/rosgsthumble_ws/build/diagnostic_updater': /usr/local/bin/cmake /root/Workspaces/rosgsthumble_ws/src/diagnostics/diagnostic_updater -DAMENT_CMAKE_SYMLINK_INSTALL=1 -DCMAKE_INSTALL_PREFIX=/root/Workspaces/rosgsthumble_ws/install/diagnostic_updater
[5.339s] DEBUG:colcon.colcon_core.event_handler.log_command:Invoking command in '/root/Workspaces/rosgsthumble_ws/build/gst_msgs': /usr/local/bin/cmake /root/Workspaces/rosgsthumble_ws/src/ros-gst-bridge/gst_msgs -DAMENT_CMAKE_SYMLINK_INSTALL=1 -DCMAKE_INSTALL_PREFIX=/root/Workspaces/rosgsthumble_ws/install/gst_msgs
[21.379s] DEBUG:colcon.colcon_core.event_handler.log_command:Invoked command in '/root/Workspaces/rosgsthumble_ws/build/diagnostic_updater' returned '0': /usr/local/bin/cmake /root/Workspaces/rosgsthumble_ws/src/diagnostics/diagnostic_updater -DAMENT_CMAKE_SYMLINK_INSTALL=1 -DCMAKE_INSTALL_PREFIX=/root/Workspaces/rosgsthumble_ws/install/diagnostic_updater
[21.383s] DEBUG:colcon.colcon_core.event_handler.log_command:Invoking command in '/root/Workspaces/rosgsthumble_ws/build/diagnostic_updater': /usr/local/bin/cmake --build /root/Workspaces/rosgsthumble_ws/build/diagnostic_updater -- -j4 -l4
[31.559s] DEBUG:colcon.colcon_core.event_handler.log_command:Invoked command in '/root/Workspaces/rosgsthumble_ws/build/audio_msgs' returned '0': /usr/local/bin/cmake /root/Workspaces/rosgsthumble_ws/src/ros-gst-bridge/audio_msgs -DAMENT_CMAKE_SYMLINK_INSTALL=1 -DCMAKE_INSTALL_PREFIX=/root/Workspaces/rosgsthumble_ws/install/audio_msgs
[31.561s] DEBUG:colcon.colcon_core.event_handler.log_command:Invoking command in '/root/Workspaces/rosgsthumble_ws/build/audio_msgs': /usr/local/bin/cmake --build /root/Workspaces/rosgsthumble_ws/build/audio_msgs -- -j4 -l4
[31.630s] DEBUG:colcon.colcon_core.event_handler.log_command:Invoked command in '/root/Workspaces/rosgsthumble_ws/build/gst_msgs' returned '0': /usr/local/bin/cmake /root/Workspaces/rosgsthumble_ws/src/ros-gst-bridge/gst_msgs -DAMENT_CMAKE_SYMLINK_INSTALL=1 -DCMAKE_INSTALL_PREFIX=/root/Workspaces/rosgsthumble_ws/install/gst_msgs
[31.634s] DEBUG:colcon.colcon_core.event_handler.log_command:Invoking command in '/root/Workspaces/rosgsthumble_ws/build/gst_msgs': /usr/local/bin/cmake --build /root/Workspaces/rosgsthumble_ws/build/gst_msgs -- -j4 -l4
[39.851s] DEBUG:colcon.colcon_core.event_handler.log_command:Invoked command in '/root/Workspaces/rosgsthumble_ws/build/cv_bridge' returned '0': /usr/local/bin/cmake /root/Workspaces/rosgsthumble_ws/src/vision_opencv/cv_bridge -DAMENT_CMAKE_SYMLINK_INSTALL=1 -DCMAKE_INSTALL_PREFIX=/root/Workspaces/rosgsthumble_ws/install/cv_bridge
[39.853s] DEBUG:colcon.colcon_core.event_handler.log_command:Invoking command in '/root/Workspaces/rosgsthumble_ws/build/cv_bridge': /usr/local/bin/cmake --build /root/Workspaces/rosgsthumble_ws/build/cv_bridge -- -j4 -l4
[70.196s] DEBUG:colcon.colcon_core.event_handler.log_command:Invoked command in '/root/Workspaces/rosgsthumble_ws/build/audio_msgs' returned '0': /usr/local/bin/cmake --build /root/Workspaces/rosgsthumble_ws/build/audio_msgs -- -j4 -l4
[70.945s] DEBUG:colcon.colcon_core.event_handler.log_command:Invoking command in '/root/Workspaces/rosgsthumble_ws/build/audio_msgs': /usr/local/bin/cmake --install /root/Workspaces/rosgsthumble_ws/build/audio_msgs
[72.359s] Level 1:colcon.colcon_core.environment:create_environment_scripts_only(audio_msgs)
[72.368s] DEBUG:colcon.colcon_core.event_handler.log_command:Invoked command in '/root/Workspaces/rosgsthumble_ws/build/audio_msgs' returned '0': /usr/local/bin/cmake --install /root/Workspaces/rosgsthumble_ws/build/audio_msgs
[72.494s] Level 1:colcon.colcon_core.environment:checking '/root/Workspaces/rosgsthumble_ws/install/audio_msgs' for CMake module files
[72.501s] Level 1:colcon.colcon_core.environment:checking '/root/Workspaces/rosgsthumble_ws/install/audio_msgs' for CMake config files
[72.506s] Level 1:colcon.colcon_core.shell:create_environment_hook('audio_msgs', 'cmake_prefix_path')
[72.556s] INFO:colcon.colcon_core.shell:Creating environment hook '/root/Workspaces/rosgsthumble_ws/install/audio_msgs/share/audio_msgs/hook/cmake_prefix_path.ps1'
[72.566s] INFO:colcon.colcon_core.shell:Creating environment descriptor '/root/Workspaces/rosgsthumble_ws/install/audio_msgs/share/audio_msgs/hook/cmake_prefix_path.dsv'
[72.569s] INFO:colcon.colcon_core.shell:Creating environment hook '/root/Workspaces/rosgsthumble_ws/install/audio_msgs/share/audio_msgs/hook/cmake_prefix_path.sh'
[72.577s] Level 1:colcon.colcon_core.environment:checking '/root/Workspaces/rosgsthumble_ws/install/audio_msgs/lib'
[72.578s] Level 1:colcon.colcon_core.shell:create_environment_hook('audio_msgs', 'ld_library_path_lib')
[72.624s] INFO:colcon.colcon_core.shell:Creating environment hook '/root/Workspaces/rosgsthumble_ws/install/audio_msgs/share/audio_msgs/hook/ld_library_path_lib.ps1'
[72.626s] INFO:colcon.colcon_core.shell:Creating environment descriptor '/root/Workspaces/rosgsthumble_ws/install/audio_msgs/share/audio_msgs/hook/ld_library_path_lib.dsv'
[72.628s] INFO:colcon.colcon_core.shell:Creating environment hook '/root/Workspaces/rosgsthumble_ws/install/audio_msgs/share/audio_msgs/hook/ld_library_path_lib.sh'
[72.630s] Level 1:colcon.colcon_core.environment:checking '/root/Workspaces/rosgsthumble_ws/install/audio_msgs/bin'
[72.631s] Level 1:colcon.colcon_core.environment:checking '/root/Workspaces/rosgsthumble_ws/install/audio_msgs/lib/pkgconfig/audio_msgs.pc'
[72.632s] Level 1:colcon.colcon_core.environment:checking '/root/Workspaces/rosgsthumble_ws/install/audio_msgs/lib/python3.6/site-packages'
[72.633s] Level 1:colcon.colcon_core.shell:create_environment_hook('audio_msgs', 'pythonpath')
[72.681s] INFO:colcon.colcon_core.shell:Creating environment hook '/root/Workspaces/rosgsthumble_ws/install/audio_msgs/share/audio_msgs/hook/pythonpath.ps1'
[72.683s] INFO:colcon.colcon_core.shell:Creating environment descriptor '/root/Workspaces/rosgsthumble_ws/install/audio_msgs/share/audio_msgs/hook/pythonpath.dsv'
[72.685s] INFO:colcon.colcon_core.shell:Creating environment hook '/root/Workspaces/rosgsthumble_ws/install/audio_msgs/share/audio_msgs/hook/pythonpath.sh'
[72.688s] Level 1:colcon.colcon_core.environment:checking '/root/Workspaces/rosgsthumble_ws/install/audio_msgs/bin'
[72.735s] INFO:colcon.colcon_core.shell:Creating package script '/root/Workspaces/rosgsthumble_ws/install/audio_msgs/share/audio_msgs/package.ps1'
[72.743s] INFO:colcon.colcon_core.shell:Creating package descriptor '/root/Workspaces/rosgsthumble_ws/install/audio_msgs/share/audio_msgs/package.dsv'
[72.747s] INFO:colcon.colcon_core.shell:Creating package script '/root/Workspaces/rosgsthumble_ws/install/audio_msgs/share/audio_msgs/package.sh'
[72.755s] INFO:colcon.colcon_core.shell:Creating package script '/root/Workspaces/rosgsthumble_ws/install/audio_msgs/share/audio_msgs/package.bash'
[72.762s] INFO:colcon.colcon_core.shell:Creating package script '/root/Workspaces/rosgsthumble_ws/install/audio_msgs/share/audio_msgs/package.zsh'
[72.770s] Level 1:colcon.colcon_core.environment:create_file_with_runtime_dependencies(/root/Workspaces/rosgsthumble_ws/install/audio_msgs/share/colcon-core/packages/audio_msgs)
[73.363s] Level 1:colcon.colcon_core.environment:create_environment_scripts_only(audio_msgs)
[73.437s] Level 1:colcon.colcon_core.environment:checking '/root/Workspaces/rosgsthumble_ws/install/audio_msgs' for CMake module files
[73.443s] Level 1:colcon.colcon_core.environment:checking '/root/Workspaces/rosgsthumble_ws/install/audio_msgs' for CMake config files
[73.448s] Level 1:colcon.colcon_core.shell:create_environment_hook('audio_msgs', 'cmake_prefix_path')
[73.502s] INFO:colcon.colcon_core.shell:Creating environment hook '/root/Workspaces/rosgsthumble_ws/install/audio_msgs/share/audio_msgs/hook/cmake_prefix_path.ps1'
[73.504s] INFO:colcon.colcon_core.shell:Creating environment descriptor '/root/Workspaces/rosgsthumble_ws/install/audio_msgs/share/audio_msgs/hook/cmake_prefix_path.dsv'
[73.506s] INFO:colcon.colcon_core.shell:Creating environment hook '/root/Workspaces/rosgsthumble_ws/install/audio_msgs/share/audio_msgs/hook/cmake_prefix_path.sh'
[73.515s] Level 1:colcon.colcon_core.environment:checking '/root/Workspaces/rosgsthumble_ws/install/audio_msgs/lib'
[73.516s] Level 1:colcon.colcon_core.shell:create_environment_hook('audio_msgs', 'ld_library_path_lib')
[73.561s] INFO:colcon.colcon_core.shell:Creating environment hook '/root/Workspaces/rosgsthumble_ws/install/audio_msgs/share/audio_msgs/hook/ld_library_path_lib.ps1'
[73.567s] INFO:colcon.colcon_core.shell:Creating environment descriptor '/root/Workspaces/rosgsthumble_ws/install/audio_msgs/share/audio_msgs/hook/ld_library_path_lib.dsv'
[73.569s] INFO:colcon.colcon_core.shell:Creating environment hook '/root/Workspaces/rosgsthumble_ws/install/audio_msgs/share/audio_msgs/hook/ld_library_path_lib.sh'
[73.571s] Level 1:colcon.colcon_core.environment:checking '/root/Workspaces/rosgsthumble_ws/install/audio_msgs/bin'
[73.571s] Level 1:colcon.colcon_core.environment:checking '/root/Workspaces/rosgsthumble_ws/install/audio_msgs/lib/pkgconfig/audio_msgs.pc'
[73.572s] Level 1:colcon.colcon_core.environment:checking '/root/Workspaces/rosgsthumble_ws/install/audio_msgs/lib/python3.6/site-packages'
[73.573s] Level 1:colcon.colcon_core.shell:create_environment_hook('audio_msgs', 'pythonpath')
[73.624s] INFO:colcon.colcon_core.shell:Creating environment hook '/root/Workspaces/rosgsthumble_ws/install/audio_msgs/share/audio_msgs/hook/pythonpath.ps1'
[73.626s] INFO:colcon.colcon_core.shell:Creating environment descriptor '/root/Workspaces/rosgsthumble_ws/install/audio_msgs/share/audio_msgs/hook/pythonpath.dsv'
[73.628s] INFO:colcon.colcon_core.shell:Creating environment hook '/root/Workspaces/rosgsthumble_ws/install/audio_msgs/share/audio_msgs/hook/pythonpath.sh'
[73.631s] Level 1:colcon.colcon_core.environment:checking '/root/Workspaces/rosgsthumble_ws/install/audio_msgs/bin'
[73.681s] INFO:colcon.colcon_core.shell:Creating package script '/root/Workspaces/rosgsthumble_ws/install/audio_msgs/share/audio_msgs/package.ps1'
[73.685s] INFO:colcon.colcon_core.shell:Creating package descriptor '/root/Workspaces/rosgsthumble_ws/install/audio_msgs/share/audio_msgs/package.dsv'
[73.688s] INFO:colcon.colcon_core.shell:Creating package script '/root/Workspaces/rosgsthumble_ws/install/audio_msgs/share/audio_msgs/package.sh'
[73.691s] INFO:colcon.colcon_core.shell:Creating package script '/root/Workspaces/rosgsthumble_ws/install/audio_msgs/share/audio_msgs/package.bash'
[73.694s] INFO:colcon.colcon_core.shell:Creating package script '/root/Workspaces/rosgsthumble_ws/install/audio_msgs/share/audio_msgs/package.zsh'
[73.696s] Level 1:colcon.colcon_core.environment:create_file_with_runtime_dependencies(/root/Workspaces/rosgsthumble_ws/install/audio_msgs/share/colcon-core/packages/audio_msgs)
[73.714s] INFO:colcon.colcon_ros.task.ament_cmake.build:Building ROS package in '/root/Workspaces/rosgsthumble_ws/src/ros-gst-bridge/gst_bridge' with build type 'ament_cmake'
[73.717s] INFO:colcon.colcon_cmake.task.cmake.build:Building CMake package in '/root/Workspaces/rosgsthumble_ws/src/ros-gst-bridge/gst_bridge'
[73.765s] INFO:colcon.colcon_core.shell:Skip shell extension 'powershell' for command environment: Not usable outside of PowerShell
[73.766s] DEBUG:colcon.colcon_core.shell:Skip shell extension 'dsv' for command environment
[73.955s] DEBUG:colcon.colcon_core.event_handler.log_command:Invoking command in '/root/Workspaces/rosgsthumble_ws/build/gst_bridge': CMAKE_PREFIX_PATH=/root/Workspaces/rosgsthumble_ws/install/audio_msgs:/root/Workspaces/rosgsthumble_ws/install/realsense2_description:/root/Workspaces/rosgsthumble_ws/install/xacro:/root/Workspaces/rosgsthumble_ws/install/webrtc_camera_node:/root/Workspaces/rosgsthumble_ws/install/vision_opencv:/root/Workspaces/rosgsthumble_ws/install/realsense2_camera:/root/Workspaces/rosgsthumble_ws/install/realsense2_camera_msgs:/root/Workspaces/rosgsthumble_ws/install/image_geometry:/root/Workspaces/rosgsthumble_ws/install/gst_pipeline_plugins:/root/Workspaces/rosgsthumble_ws/install/gst_pipeline:/root/Workspaces/rosgsthumble_ws/install/gst_msgs:/root/Workspaces/rosgsthumble_ws/install/gst_bridge:/root/Workspaces/rosgsthumble_ws/install/diagnostics:/root/Workspaces/rosgsthumble_ws/install/diagnostic_common_diagnostics:/root/Workspaces/rosgsthumble_ws/install/diagnostic_updater:/root/Workspaces/rosgsthumble_ws/install/cv_bridge:/opt/ros/humble/install LD_LIBRARY_PATH=/root/Workspaces/rosgsthumble_ws/install/audio_msgs/lib:/root/Workspaces/rosgsthumble_ws/install/realsense2_camera/lib:/root/Workspaces/rosgsthumble_ws/install/realsense2_camera_msgs/lib:/root/Workspaces/rosgsthumble_ws/install/image_geometry/lib:/root/Workspaces/rosgsthumble_ws/install/gst_pipeline_plugins/lib:/root/Workspaces/rosgsthumble_ws/install/gst_pipeline/lib:/root/Workspaces/rosgsthumble_ws/install/gst_msgs/lib:/root/Workspaces/rosgsthumble_ws/install/gst_bridge/lib:/root/Workspaces/rosgsthumble_ws/install/diagnostic_updater/lib:/root/Workspaces/rosgsthumble_ws/install/cv_bridge/lib:/opt/ros/humble/install/opt/rviz_ogre_vendor/lib:/opt/ros/humble/install/lib:/usr/local/cuda-10.2/targets/aarch64-linux/lib PYTHONPATH=/root/Workspaces/rosgsthumble_ws/install/audio_msgs/lib/python3.6/site-packages:/root/Workspaces/rosgsthumble_ws/install/xacro/lib/python3.6/site-packages:/root/Workspaces/rosgsthumble_ws/install/realsense2_camera_msgs/lib/python3.6/site-packages:/root/Workspaces/rosgsthumble_ws/install/image_geometry/lib/python3.6/site-packages:/root/Workspaces/rosgsthumble_ws/install/gst_msgs/lib/python3.6/site-packages:/root/Workspaces/rosgsthumble_ws/install/diagnostic_common_diagnostics/lib/python3.6/site-packages:/root/Workspaces/rosgsthumble_ws/install/diagnostic_updater/lib/python3.6/site-packages:/root/Workspaces/rosgsthumble_ws/install/cv_bridge/lib/python3.6/site-packages:/opt/ros/humble/install/lib/python3.6/site-packages /usr/local/bin/cmake /root/Workspaces/rosgsthumble_ws/src/ros-gst-bridge/gst_bridge -DAMENT_CMAKE_SYMLINK_INSTALL=1 -DCMAKE_INSTALL_PREFIX=/root/Workspaces/rosgsthumble_ws/install/gst_bridge
[91.074s] DEBUG:colcon.colcon_core.event_handler.log_command:Invoked command in '/root/Workspaces/rosgsthumble_ws/build/gst_bridge' returned '1': CMAKE_PREFIX_PATH=/root/Workspaces/rosgsthumble_ws/install/audio_msgs:/root/Workspaces/rosgsthumble_ws/install/realsense2_description:/root/Workspaces/rosgsthumble_ws/install/xacro:/root/Workspaces/rosgsthumble_ws/install/webrtc_camera_node:/root/Workspaces/rosgsthumble_ws/install/vision_opencv:/root/Workspaces/rosgsthumble_ws/install/realsense2_camera:/root/Workspaces/rosgsthumble_ws/install/realsense2_camera_msgs:/root/Workspaces/rosgsthumble_ws/install/image_geometry:/root/Workspaces/rosgsthumble_ws/install/gst_pipeline_plugins:/root/Workspaces/rosgsthumble_ws/install/gst_pipeline:/root/Workspaces/rosgsthumble_ws/install/gst_msgs:/root/Workspaces/rosgsthumble_ws/install/gst_bridge:/root/Workspaces/rosgsthumble_ws/install/diagnostics:/root/Workspaces/rosgsthumble_ws/install/diagnostic_common_diagnostics:/root/Workspaces/rosgsthumble_ws/install/diagnostic_updater:/root/Workspaces/rosgsthumble_ws/install/cv_bridge:/opt/ros/humble/install LD_LIBRARY_PATH=/root/Workspaces/rosgsthumble_ws/install/audio_msgs/lib:/root/Workspaces/rosgsthumble_ws/install/realsense2_camera/lib:/root/Workspaces/rosgsthumble_ws/install/realsense2_camera_msgs/lib:/root/Workspaces/rosgsthumble_ws/install/image_geometry/lib:/root/Workspaces/rosgsthumble_ws/install/gst_pipeline_plugins/lib:/root/Workspaces/rosgsthumble_ws/install/gst_pipeline/lib:/root/Workspaces/rosgsthumble_ws/install/gst_msgs/lib:/root/Workspaces/rosgsthumble_ws/install/gst_bridge/lib:/root/Workspaces/rosgsthumble_ws/install/diagnostic_updater/lib:/root/Workspaces/rosgsthumble_ws/install/cv_bridge/lib:/opt/ros/humble/install/opt/rviz_ogre_vendor/lib:/opt/ros/humble/install/lib:/usr/local/cuda-10.2/targets/aarch64-linux/lib PYTHONPATH=/root/Workspaces/rosgsthumble_ws/install/audio_msgs/lib/python3.6/site-packages:/root/Workspaces/rosgsthumble_ws/install/xacro/lib/python3.6/site-packages:/root/Workspaces/rosgsthumble_ws/install/realsense2_camera_msgs/lib/python3.6/site-packages:/root/Workspaces/rosgsthumble_ws/install/image_geometry/lib/python3.6/site-packages:/root/Workspaces/rosgsthumble_ws/install/gst_msgs/lib/python3.6/site-packages:/root/Workspaces/rosgsthumble_ws/install/diagnostic_common_diagnostics/lib/python3.6/site-packages:/root/Workspaces/rosgsthumble_ws/install/diagnostic_updater/lib/python3.6/site-packages:/root/Workspaces/rosgsthumble_ws/install/cv_bridge/lib/python3.6/site-packages:/opt/ros/humble/install/lib/python3.6/site-packages /usr/local/bin/cmake /root/Workspaces/rosgsthumble_ws/src/ros-gst-bridge/gst_bridge -DAMENT_CMAKE_SYMLINK_INSTALL=1 -DCMAKE_INSTALL_PREFIX=/root/Workspaces/rosgsthumble_ws/install/gst_bridge
[91.335s] Level 1:colcon.colcon_core.environment:create_environment_scripts_only(gst_bridge)
[91.424s] Level 1:colcon.colcon_core.environment:checking '/root/Workspaces/rosgsthumble_ws/install/gst_bridge' for CMake module files
[91.428s] Level 1:colcon.colcon_core.environment:checking '/root/Workspaces/rosgsthumble_ws/install/gst_bridge' for CMake config files
[91.435s] Level 1:colcon.colcon_core.environment:checking '/root/Workspaces/rosgsthumble_ws/install/gst_bridge/bin'
[91.436s] Level 1:colcon.colcon_core.environment:checking '/root/Workspaces/rosgsthumble_ws/install/gst_bridge/lib/pkgconfig/gst_bridge.pc'
[91.437s] Level 1:colcon.colcon_core.environment:checking '/root/Workspaces/rosgsthumble_ws/install/gst_bridge/lib/python3.6/site-packages'
[91.438s] Level 1:colcon.colcon_core.environment:checking '/root/Workspaces/rosgsthumble_ws/install/gst_bridge/bin'
[91.499s] INFO:colcon.colcon_core.shell:Creating package script '/root/Workspaces/rosgsthumble_ws/install/gst_bridge/share/gst_bridge/package.ps1'
[91.501s] INFO:colcon.colcon_core.shell:Creating package descriptor '/root/Workspaces/rosgsthumble_ws/install/gst_bridge/share/gst_bridge/package.dsv'
[91.503s] INFO:colcon.colcon_core.shell:Creating package script '/root/Workspaces/rosgsthumble_ws/install/gst_bridge/share/gst_bridge/package.sh'
[91.505s] INFO:colcon.colcon_core.shell:Creating package script '/root/Workspaces/rosgsthumble_ws/install/gst_bridge/share/gst_bridge/package.bash'
[91.507s] INFO:colcon.colcon_core.shell:Creating package script '/root/Workspaces/rosgsthumble_ws/install/gst_bridge/share/gst_bridge/package.zsh'
[91.509s] Level 1:colcon.colcon_core.environment:create_file_with_runtime_dependencies(/root/Workspaces/rosgsthumble_ws/install/gst_bridge/share/colcon-core/packages/gst_bridge)
[138.318s] DEBUG:colcon.colcon_parallel_executor.executor.parallel:closing loop
[138.323s] DEBUG:colcon.colcon_parallel_executor.executor.parallel:loop closed
[138.323s] DEBUG:colcon.colcon_parallel_executor.executor.parallel:run_until_complete finished with '1'
[138.324s] DEBUG:colcon.colcon_core.event_reactor:joining thread
[138.389s] INFO:colcon.colcon_core.plugin_system:Skipping extension 'colcon_notification.desktop_notification.notify_send': Could not find 'notify-send'
[138.389s] INFO:colcon.colcon_core.plugin_system:Skipping extension 'colcon_notification.desktop_notification.terminal_notifier': Not used on non-Darwin systems
[138.390s] INFO:colcon.colcon_core.plugin_system:Skipping extension 'colcon_notification.desktop_notification.win32': Not used on non-Windows systems
[138.390s] INFO:colcon.colcon_notification.desktop_notification:Sending desktop notification using 'notify2'
[138.391s] DEBUG:colcon.colcon_notification.desktop_notification.notify2:Failed to initialize notify2: org.freedesktop.DBus.Error.NotSupported: Unable to autolaunch a dbus-daemon without a $DISPLAY for X11
[138.391s] DEBUG:colcon.colcon_core.event_reactor:joined thread
[138.429s] INFO:colcon.colcon_core.shell:Creating prefix script '/root/Workspaces/rosgsthumble_ws/install/local_setup.ps1'
[138.436s] INFO:colcon.colcon_core.shell:Creating prefix util module '/root/Workspaces/rosgsthumble_ws/install/_local_setup_util_ps1.py'
[138.446s] INFO:colcon.colcon_core.shell:Creating prefix chain script '/root/Workspaces/rosgsthumble_ws/install/setup.ps1'
[138.461s] INFO:colcon.colcon_core.shell:Creating prefix script '/root/Workspaces/rosgsthumble_ws/install/local_setup.sh'
[138.464s] INFO:colcon.colcon_core.shell:Creating prefix util module '/root/Workspaces/rosgsthumble_ws/install/_local_setup_util_sh.py'
[138.466s] INFO:colcon.colcon_core.shell:Creating prefix chain script '/root/Workspaces/rosgsthumble_ws/install/setup.sh'
[138.481s] INFO:colcon.colcon_core.shell:Creating prefix script '/root/Workspaces/rosgsthumble_ws/install/local_setup.bash'
[138.484s] INFO:colcon.colcon_core.shell:Creating prefix chain script '/root/Workspaces/rosgsthumble_ws/install/setup.bash'
[138.499s] INFO:colcon.colcon_core.shell:Creating prefix script '/root/Workspaces/rosgsthumble_ws/install/local_setup.zsh'
[138.502s] INFO:colcon.colcon_core.shell:Creating prefix chain script '/root/Workspaces/rosgsthumble_ws/install/setup.zsh'
