[0.206s] DEBUG:colcon:Command line arguments: ['/usr/bin/colcon', 'build', '--symlink-install']
[0.206s] DEBUG:colcon:Parsed command line arguments: Namespace(log_base=None, log_level=None, verb_name='build', build_base='build', install_base='install', merge_install=False, symlink_install=True, test_result_base=None, continue_on_error=False, executor='parallel', parallel_workers=16, event_handlers=None, ignore_user_meta=False, metas=['./colcon.meta'], base_paths=['.'], packages_ignore=None, packages_ignore_regex=None, paths=None, packages_up_to=None, packages_up_to_regex=None, packages_above=None, packages_above_and_dependencies=None, packages_above_depth=None, packages_select_by_dep=None, packages_skip_by_dep=None, packages_skip_up_to=None, packages_select_build_failed=False, packages_skip_build_finished=False, packages_select_test_failures=False, packages_skip_test_passed=False, packages_select=None, packages_skip=None, packages_select_regex=None, packages_skip_regex=None, packages_start=None, packages_end=None, cmake_args=None, cmake_target=None, cmake_target_skip_unavailable=False, cmake_clean_cache=False, cmake_clean_first=False, cmake_force_configure=False, ament_cmake_args=None, catkin_cmake_args=None, catkin_skip_building_tests=False, mixin_files=None, mixin=None, verb_parser=<colcon_mixin.mixin.mixin_argument.MixinArgumentDecorator object at 0x73a6257bbc10>, verb_extension=<colcon_core.verb.build.BuildVerb object at 0x73a6259716c0>, main=<bound method BuildVerb.main of <colcon_core.verb.build.BuildVerb object at 0x73a6259716c0>>, mixin_verb=('build',))
[0.366s] Level 1:colcon.colcon_core.package_discovery:discover_packages(colcon_meta) check parameters
[0.367s] INFO:colcon.colcon_metadata.package_discovery.colcon_meta:Using configuration from '/root/.colcon/metadata/default/Gazebo.meta'
[0.368s] INFO:colcon.colcon_metadata.package_discovery.colcon_meta:Using configuration from '/root/.colcon/metadata/default/fastdds.meta'
[0.368s] INFO:colcon.colcon_metadata.package_discovery.colcon_meta:Using configuration from '/root/.colcon/metadata/default/fastrtps.meta'
[0.368s] Level 1:colcon.colcon_core.package_discovery:discover_packages(recursive) check parameters
[0.368s] Level 1:colcon.colcon_core.package_discovery:discover_packages(ignore) check parameters
[0.368s] Level 1:colcon.colcon_core.package_discovery:discover_packages(path) check parameters
[0.368s] Level 1:colcon.colcon_core.package_discovery:discover_packages(colcon_meta) discover
[0.368s] Level 1:colcon.colcon_core.package_discovery:discover_packages(recursive) discover
[0.368s] INFO:colcon.colcon_core.package_discovery:Crawling recursively for packages in '/root/Workspaces/rosgsthumble_ws'
[0.368s] Level 1:colcon.colcon_core.package_identification:_identify(.) by extensions ['ignore', 'ignore_ament_install']
[0.368s] Level 1:colcon.colcon_core.package_identification:_identify(.) by extension 'ignore'
[0.369s] Level 1:colcon.colcon_core.package_identification:_identify(.) by extension 'ignore_ament_install'
[0.369s] Level 1:colcon.colcon_core.package_identification:_identify(.) by extensions ['colcon_pkg']
[0.369s] Level 1:colcon.colcon_core.package_identification:_identify(.) by extension 'colcon_pkg'
[0.369s] Level 1:colcon.colcon_core.package_identification:_identify(.) by extensions ['colcon_meta']
[0.369s] Level 1:colcon.colcon_core.package_identification:_identify(.) by extension 'colcon_meta'
[0.369s] Level 1:colcon.colcon_core.package_identification:_identify(.) by extensions ['ros']
[0.369s] Level 1:colcon.colcon_core.package_identification:_identify(.) by extension 'ros'
[0.380s] Level 1:colcon.colcon_core.package_identification:_identify(.) by extensions ['cmake', 'python']
[0.380s] Level 1:colcon.colcon_core.package_identification:_identify(.) by extension 'cmake'
[0.380s] Level 1:colcon.colcon_core.package_identification:_identify(.) by extension 'python'
[0.380s] Level 1:colcon.colcon_core.package_identification:_identify(.) by extensions ['python_setup_py']
[0.380s] Level 1:colcon.colcon_core.package_identification:_identify(.) by extension 'python_setup_py'
[0.380s] Level 1:colcon.colcon_core.package_identification:_identify(build) by extensions ['ignore', 'ignore_ament_install']
[0.380s] Level 1:colcon.colcon_core.package_identification:_identify(build) by extension 'ignore'
[0.380s] Level 1:colcon.colcon_core.package_identification:_identify(build) ignored
[0.380s] Level 1:colcon.colcon_core.package_identification:_identify(install) by extensions ['ignore', 'ignore_ament_install']
[0.380s] Level 1:colcon.colcon_core.package_identification:_identify(install) by extension 'ignore'
[0.380s] Level 1:colcon.colcon_core.package_identification:_identify(install) ignored
[0.380s] Level 1:colcon.colcon_core.package_identification:_identify(log) by extensions ['ignore', 'ignore_ament_install']
[0.380s] Level 1:colcon.colcon_core.package_identification:_identify(log) by extension 'ignore'
[0.380s] Level 1:colcon.colcon_core.package_identification:_identify(log) ignored
[0.381s] Level 1:colcon.colcon_core.package_identification:_identify(src) by extensions ['ignore', 'ignore_ament_install']
[0.381s] Level 1:colcon.colcon_core.package_identification:_identify(src) by extension 'ignore'
[0.381s] Level 1:colcon.colcon_core.package_identification:_identify(src) by extension 'ignore_ament_install'
[0.381s] Level 1:colcon.colcon_core.package_identification:_identify(src) by extensions ['colcon_pkg']
[0.381s] Level 1:colcon.colcon_core.package_identification:_identify(src) by extension 'colcon_pkg'
[0.381s] Level 1:colcon.colcon_core.package_identification:_identify(src) by extensions ['colcon_meta']
[0.381s] Level 1:colcon.colcon_core.package_identification:_identify(src) by extension 'colcon_meta'
[0.381s] Level 1:colcon.colcon_core.package_identification:_identify(src) by extensions ['ros']
[0.381s] Level 1:colcon.colcon_core.package_identification:_identify(src) by extension 'ros'
[0.381s] Level 1:colcon.colcon_core.package_identification:_identify(src) by extensions ['cmake', 'python']
[0.381s] Level 1:colcon.colcon_core.package_identification:_identify(src) by extension 'cmake'
[0.381s] Level 1:colcon.colcon_core.package_identification:_identify(src) by extension 'python'
[0.381s] Level 1:colcon.colcon_core.package_identification:_identify(src) by extensions ['python_setup_py']
[0.381s] Level 1:colcon.colcon_core.package_identification:_identify(src) by extension 'python_setup_py'
[0.381s] Level 1:colcon.colcon_core.package_identification:_identify(src/cpp_campub) by extensions ['ignore', 'ignore_ament_install']
[0.381s] Level 1:colcon.colcon_core.package_identification:_identify(src/cpp_campub) by extension 'ignore'
[0.381s] Level 1:colcon.colcon_core.package_identification:_identify(src/cpp_campub) by extension 'ignore_ament_install'
[0.381s] Level 1:colcon.colcon_core.package_identification:_identify(src/cpp_campub) by extensions ['colcon_pkg']
[0.381s] Level 1:colcon.colcon_core.package_identification:_identify(src/cpp_campub) by extension 'colcon_pkg'
[0.381s] Level 1:colcon.colcon_core.package_identification:_identify(src/cpp_campub) by extensions ['colcon_meta']
[0.381s] Level 1:colcon.colcon_core.package_identification:_identify(src/cpp_campub) by extension 'colcon_meta'
[0.381s] Level 1:colcon.colcon_core.package_identification:_identify(src/cpp_campub) by extensions ['ros']
[0.381s] Level 1:colcon.colcon_core.package_identification:_identify(src/cpp_campub) by extension 'ros'
[0.384s] DEBUG:colcon.colcon_core.package_identification:Package 'src/cpp_campub' with type 'ros.ament_cmake' and name 'cpp_campub'
[0.384s] Level 1:colcon.colcon_core.package_identification:_identify(src/ros-gst-bridge) by extensions ['ignore', 'ignore_ament_install']
[0.384s] Level 1:colcon.colcon_core.package_identification:_identify(src/ros-gst-bridge) by extension 'ignore'
[0.384s] Level 1:colcon.colcon_core.package_identification:_identify(src/ros-gst-bridge) by extension 'ignore_ament_install'
[0.384s] Level 1:colcon.colcon_core.package_identification:_identify(src/ros-gst-bridge) by extensions ['colcon_pkg']
[0.384s] Level 1:colcon.colcon_core.package_identification:_identify(src/ros-gst-bridge) by extension 'colcon_pkg'
[0.384s] Level 1:colcon.colcon_core.package_identification:_identify(src/ros-gst-bridge) by extensions ['colcon_meta']
[0.384s] Level 1:colcon.colcon_core.package_identification:_identify(src/ros-gst-bridge) by extension 'colcon_meta'
[0.384s] Level 1:colcon.colcon_core.package_identification:_identify(src/ros-gst-bridge) by extensions ['ros']
[0.384s] Level 1:colcon.colcon_core.package_identification:_identify(src/ros-gst-bridge) by extension 'ros'
[0.384s] Level 1:colcon.colcon_core.package_identification:_identify(src/ros-gst-bridge) by extensions ['cmake', 'python']
[0.384s] Level 1:colcon.colcon_core.package_identification:_identify(src/ros-gst-bridge) by extension 'cmake'
[0.384s] Level 1:colcon.colcon_core.package_identification:_identify(src/ros-gst-bridge) by extension 'python'
[0.384s] Level 1:colcon.colcon_core.package_identification:_identify(src/ros-gst-bridge) by extensions ['python_setup_py']
[0.384s] Level 1:colcon.colcon_core.package_identification:_identify(src/ros-gst-bridge) by extension 'python_setup_py'
[0.384s] Level 1:colcon.colcon_core.package_identification:_identify(src/ros-gst-bridge/audio_msgs) by extensions ['ignore', 'ignore_ament_install']
[0.384s] Level 1:colcon.colcon_core.package_identification:_identify(src/ros-gst-bridge/audio_msgs) by extension 'ignore'
[0.385s] Level 1:colcon.colcon_core.package_identification:_identify(src/ros-gst-bridge/audio_msgs) by extension 'ignore_ament_install'
[0.385s] Level 1:colcon.colcon_core.package_identification:_identify(src/ros-gst-bridge/audio_msgs) by extensions ['colcon_pkg']
[0.385s] Level 1:colcon.colcon_core.package_identification:_identify(src/ros-gst-bridge/audio_msgs) by extension 'colcon_pkg'
[0.385s] Level 1:colcon.colcon_core.package_identification:_identify(src/ros-gst-bridge/audio_msgs) by extensions ['colcon_meta']
[0.385s] Level 1:colcon.colcon_core.package_identification:_identify(src/ros-gst-bridge/audio_msgs) by extension 'colcon_meta'
[0.385s] Level 1:colcon.colcon_core.package_identification:_identify(src/ros-gst-bridge/audio_msgs) by extensions ['ros']
[0.385s] Level 1:colcon.colcon_core.package_identification:_identify(src/ros-gst-bridge/audio_msgs) by extension 'ros'
[0.385s] DEBUG:colcon.colcon_core.package_identification:Package 'src/ros-gst-bridge/audio_msgs' with type 'ros.ament_cmake' and name 'audio_msgs'
[0.385s] Level 1:colcon.colcon_core.package_identification:_identify(src/ros-gst-bridge/docker-long) by extensions ['ignore', 'ignore_ament_install']
[0.385s] Level 1:colcon.colcon_core.package_identification:_identify(src/ros-gst-bridge/docker-long) by extension 'ignore'
[0.385s] Level 1:colcon.colcon_core.package_identification:_identify(src/ros-gst-bridge/docker-long) by extension 'ignore_ament_install'
[0.385s] Level 1:colcon.colcon_core.package_identification:_identify(src/ros-gst-bridge/docker-long) by extensions ['colcon_pkg']
[0.385s] Level 1:colcon.colcon_core.package_identification:_identify(src/ros-gst-bridge/docker-long) by extension 'colcon_pkg'
[0.386s] Level 1:colcon.colcon_core.package_identification:_identify(src/ros-gst-bridge/docker-long) by extensions ['colcon_meta']
[0.386s] Level 1:colcon.colcon_core.package_identification:_identify(src/ros-gst-bridge/docker-long) by extension 'colcon_meta'
[0.386s] Level 1:colcon.colcon_core.package_identification:_identify(src/ros-gst-bridge/docker-long) by extensions ['ros']
[0.386s] Level 1:colcon.colcon_core.package_identification:_identify(src/ros-gst-bridge/docker-long) by extension 'ros'
[0.386s] Level 1:colcon.colcon_core.package_identification:_identify(src/ros-gst-bridge/docker-long) by extensions ['cmake', 'python']
[0.386s] Level 1:colcon.colcon_core.package_identification:_identify(src/ros-gst-bridge/docker-long) by extension 'cmake'
[0.386s] Level 1:colcon.colcon_core.package_identification:_identify(src/ros-gst-bridge/docker-long) by extension 'python'
[0.386s] Level 1:colcon.colcon_core.package_identification:_identify(src/ros-gst-bridge/docker-long) by extensions ['python_setup_py']
[0.386s] Level 1:colcon.colcon_core.package_identification:_identify(src/ros-gst-bridge/docker-long) by extension 'python_setup_py'
[0.386s] Level 1:colcon.colcon_core.package_identification:_identify(src/ros-gst-bridge/docker-short) by extensions ['ignore', 'ignore_ament_install']
[0.386s] Level 1:colcon.colcon_core.package_identification:_identify(src/ros-gst-bridge/docker-short) by extension 'ignore'
[0.386s] Level 1:colcon.colcon_core.package_identification:_identify(src/ros-gst-bridge/docker-short) by extension 'ignore_ament_install'
[0.386s] Level 1:colcon.colcon_core.package_identification:_identify(src/ros-gst-bridge/docker-short) by extensions ['colcon_pkg']
[0.386s] Level 1:colcon.colcon_core.package_identification:_identify(src/ros-gst-bridge/docker-short) by extension 'colcon_pkg'
[0.386s] Level 1:colcon.colcon_core.package_identification:_identify(src/ros-gst-bridge/docker-short) by extensions ['colcon_meta']
[0.386s] Level 1:colcon.colcon_core.package_identification:_identify(src/ros-gst-bridge/docker-short) by extension 'colcon_meta'
[0.386s] Level 1:colcon.colcon_core.package_identification:_identify(src/ros-gst-bridge/docker-short) by extensions ['ros']
[0.386s] Level 1:colcon.colcon_core.package_identification:_identify(src/ros-gst-bridge/docker-short) by extension 'ros'
[0.386s] Level 1:colcon.colcon_core.package_identification:_identify(src/ros-gst-bridge/docker-short) by extensions ['cmake', 'python']
[0.386s] Level 1:colcon.colcon_core.package_identification:_identify(src/ros-gst-bridge/docker-short) by extension 'cmake'
[0.386s] Level 1:colcon.colcon_core.package_identification:_identify(src/ros-gst-bridge/docker-short) by extension 'python'
[0.386s] Level 1:colcon.colcon_core.package_identification:_identify(src/ros-gst-bridge/docker-short) by extensions ['python_setup_py']
[0.386s] Level 1:colcon.colcon_core.package_identification:_identify(src/ros-gst-bridge/docker-short) by extension 'python_setup_py'
[0.386s] Level 1:colcon.colcon_core.package_identification:_identify(src/ros-gst-bridge/gst_bridge) by extensions ['ignore', 'ignore_ament_install']
[0.387s] Level 1:colcon.colcon_core.package_identification:_identify(src/ros-gst-bridge/gst_bridge) by extension 'ignore'
[0.387s] Level 1:colcon.colcon_core.package_identification:_identify(src/ros-gst-bridge/gst_bridge) by extension 'ignore_ament_install'
[0.387s] Level 1:colcon.colcon_core.package_identification:_identify(src/ros-gst-bridge/gst_bridge) by extensions ['colcon_pkg']
[0.387s] Level 1:colcon.colcon_core.package_identification:_identify(src/ros-gst-bridge/gst_bridge) by extension 'colcon_pkg'
[0.387s] Level 1:colcon.colcon_core.package_identification:_identify(src/ros-gst-bridge/gst_bridge) by extensions ['colcon_meta']
[0.387s] Level 1:colcon.colcon_core.package_identification:_identify(src/ros-gst-bridge/gst_bridge) by extension 'colcon_meta'
[0.387s] Level 1:colcon.colcon_core.package_identification:_identify(src/ros-gst-bridge/gst_bridge) by extensions ['ros']
[0.387s] Level 1:colcon.colcon_core.package_identification:_identify(src/ros-gst-bridge/gst_bridge) by extension 'ros'
[0.387s] DEBUG:colcon.colcon_core.package_identification:Package 'src/ros-gst-bridge/gst_bridge' with type 'ros.ament_cmake' and name 'gst_bridge'
[0.387s] Level 1:colcon.colcon_core.package_identification:_identify(src/ros-gst-bridge/gst_msgs) by extensions ['ignore', 'ignore_ament_install']
[0.387s] Level 1:colcon.colcon_core.package_identification:_identify(src/ros-gst-bridge/gst_msgs) by extension 'ignore'
[0.388s] Level 1:colcon.colcon_core.package_identification:_identify(src/ros-gst-bridge/gst_msgs) by extension 'ignore_ament_install'
[0.388s] Level 1:colcon.colcon_core.package_identification:_identify(src/ros-gst-bridge/gst_msgs) by extensions ['colcon_pkg']
[0.388s] Level 1:colcon.colcon_core.package_identification:_identify(src/ros-gst-bridge/gst_msgs) by extension 'colcon_pkg'
[0.388s] Level 1:colcon.colcon_core.package_identification:_identify(src/ros-gst-bridge/gst_msgs) by extensions ['colcon_meta']
[0.388s] Level 1:colcon.colcon_core.package_identification:_identify(src/ros-gst-bridge/gst_msgs) by extension 'colcon_meta'
[0.388s] Level 1:colcon.colcon_core.package_identification:_identify(src/ros-gst-bridge/gst_msgs) by extensions ['ros']
[0.388s] Level 1:colcon.colcon_core.package_identification:_identify(src/ros-gst-bridge/gst_msgs) by extension 'ros'
[0.388s] DEBUG:colcon.colcon_core.package_identification:Package 'src/ros-gst-bridge/gst_msgs' with type 'ros.ament_cmake' and name 'gst_msgs'
[0.388s] Level 1:colcon.colcon_core.package_identification:_identify(src/ros-gst-bridge/gst_pipeline) by extensions ['ignore', 'ignore_ament_install']
[0.388s] Level 1:colcon.colcon_core.package_identification:_identify(src/ros-gst-bridge/gst_pipeline) by extension 'ignore'
[0.388s] Level 1:colcon.colcon_core.package_identification:_identify(src/ros-gst-bridge/gst_pipeline) by extension 'ignore_ament_install'
[0.388s] Level 1:colcon.colcon_core.package_identification:_identify(src/ros-gst-bridge/gst_pipeline) by extensions ['colcon_pkg']
[0.388s] Level 1:colcon.colcon_core.package_identification:_identify(src/ros-gst-bridge/gst_pipeline) by extension 'colcon_pkg'
[0.389s] Level 1:colcon.colcon_core.package_identification:_identify(src/ros-gst-bridge/gst_pipeline) by extensions ['colcon_meta']
[0.389s] Level 1:colcon.colcon_core.package_identification:_identify(src/ros-gst-bridge/gst_pipeline) by extension 'colcon_meta'
[0.389s] Level 1:colcon.colcon_core.package_identification:_identify(src/ros-gst-bridge/gst_pipeline) by extensions ['ros']
[0.389s] Level 1:colcon.colcon_core.package_identification:_identify(src/ros-gst-bridge/gst_pipeline) by extension 'ros'
[0.389s] DEBUG:colcon.colcon_core.package_identification:Package 'src/ros-gst-bridge/gst_pipeline' with type 'ros.ament_cmake' and name 'gst_pipeline'
[0.389s] Level 1:colcon.colcon_core.package_identification:_identify(src/ros-gst-bridge/gst_pipeline_plugins) by extensions ['ignore', 'ignore_ament_install']
[0.389s] Level 1:colcon.colcon_core.package_identification:_identify(src/ros-gst-bridge/gst_pipeline_plugins) by extension 'ignore'
[0.389s] Level 1:colcon.colcon_core.package_identification:_identify(src/ros-gst-bridge/gst_pipeline_plugins) by extension 'ignore_ament_install'
[0.389s] Level 1:colcon.colcon_core.package_identification:_identify(src/ros-gst-bridge/gst_pipeline_plugins) by extensions ['colcon_pkg']
[0.389s] Level 1:colcon.colcon_core.package_identification:_identify(src/ros-gst-bridge/gst_pipeline_plugins) by extension 'colcon_pkg'
[0.389s] Level 1:colcon.colcon_core.package_identification:_identify(src/ros-gst-bridge/gst_pipeline_plugins) by extensions ['colcon_meta']
[0.389s] Level 1:colcon.colcon_core.package_identification:_identify(src/ros-gst-bridge/gst_pipeline_plugins) by extension 'colcon_meta'
[0.389s] Level 1:colcon.colcon_core.package_identification:_identify(src/ros-gst-bridge/gst_pipeline_plugins) by extensions ['ros']
[0.390s] Level 1:colcon.colcon_core.package_identification:_identify(src/ros-gst-bridge/gst_pipeline_plugins) by extension 'ros'
[0.390s] DEBUG:colcon.colcon_core.package_identification:Package 'src/ros-gst-bridge/gst_pipeline_plugins' with type 'ros.ament_cmake' and name 'gst_pipeline_plugins'
[0.390s] Level 1:colcon.colcon_core.package_identification:_identify(src/ros-gst-bridge/gst_pipeline_plugins_webrtc) by extensions ['ignore', 'ignore_ament_install']
[0.390s] Level 1:colcon.colcon_core.package_identification:_identify(src/ros-gst-bridge/gst_pipeline_plugins_webrtc) by extension 'ignore'
[0.390s] Level 1:colcon.colcon_core.package_identification:_identify(src/ros-gst-bridge/gst_pipeline_plugins_webrtc) by extension 'ignore_ament_install'
[0.390s] Level 1:colcon.colcon_core.package_identification:_identify(src/ros-gst-bridge/gst_pipeline_plugins_webrtc) by extensions ['colcon_pkg']
[0.390s] Level 1:colcon.colcon_core.package_identification:_identify(src/ros-gst-bridge/gst_pipeline_plugins_webrtc) by extension 'colcon_pkg'
[0.390s] Level 1:colcon.colcon_core.package_identification:_identify(src/ros-gst-bridge/gst_pipeline_plugins_webrtc) by extensions ['colcon_meta']
[0.390s] Level 1:colcon.colcon_core.package_identification:_identify(src/ros-gst-bridge/gst_pipeline_plugins_webrtc) by extension 'colcon_meta'
[0.390s] Level 1:colcon.colcon_core.package_identification:_identify(src/ros-gst-bridge/gst_pipeline_plugins_webrtc) by extensions ['ros']
[0.390s] Level 1:colcon.colcon_core.package_identification:_identify(src/ros-gst-bridge/gst_pipeline_plugins_webrtc) by extension 'ros'
[0.391s] DEBUG:colcon.colcon_core.package_identification:Package 'src/ros-gst-bridge/gst_pipeline_plugins_webrtc' with type 'ros.ament_cmake' and name 'gst_pipeline_plugins_webrtc'
[0.391s] Level 1:colcon.colcon_core.package_identification:_identify(src/webrtc_camera_node) by extensions ['ignore', 'ignore_ament_install']
[0.391s] Level 1:colcon.colcon_core.package_identification:_identify(src/webrtc_camera_node) by extension 'ignore'
[0.391s] Level 1:colcon.colcon_core.package_identification:_identify(src/webrtc_camera_node) by extension 'ignore_ament_install'
[0.391s] Level 1:colcon.colcon_core.package_identification:_identify(src/webrtc_camera_node) by extensions ['colcon_pkg']
[0.391s] Level 1:colcon.colcon_core.package_identification:_identify(src/webrtc_camera_node) by extension 'colcon_pkg'
[0.391s] Level 1:colcon.colcon_core.package_identification:_identify(src/webrtc_camera_node) by extensions ['colcon_meta']
[0.391s] Level 1:colcon.colcon_core.package_identification:_identify(src/webrtc_camera_node) by extension 'colcon_meta'
[0.391s] Level 1:colcon.colcon_core.package_identification:_identify(src/webrtc_camera_node) by extensions ['ros']
[0.391s] Level 1:colcon.colcon_core.package_identification:_identify(src/webrtc_camera_node) by extension 'ros'
[0.392s] DEBUG:colcon.colcon_core.package_identification:Package 'src/webrtc_camera_node' with type 'ros.ament_cmake' and name 'webrtc_camera_node'
[0.392s] Level 1:colcon.colcon_core.package_discovery:discover_packages(recursive) using defaults
[0.392s] Level 1:colcon.colcon_core.package_discovery:discover_packages(ignore) discover
[0.392s] Level 1:colcon.colcon_core.package_discovery:discover_packages(ignore) using defaults
[0.392s] Level 1:colcon.colcon_core.package_discovery:discover_packages(path) discover
[0.392s] Level 1:colcon.colcon_core.package_discovery:discover_packages(path) using defaults
[0.415s] Level 5:colcon.colcon_core.verb:set package 'audio_msgs' build argument 'cmake_args' from command line to 'None'
[0.415s] Level 5:colcon.colcon_core.verb:set package 'audio_msgs' build argument 'cmake_target' from command line to 'None'
[0.415s] Level 5:colcon.colcon_core.verb:set package 'audio_msgs' build argument 'cmake_target_skip_unavailable' from command line to 'False'
[0.415s] Level 5:colcon.colcon_core.verb:set package 'audio_msgs' build argument 'cmake_clean_cache' from command line to 'False'
[0.415s] Level 5:colcon.colcon_core.verb:set package 'audio_msgs' build argument 'cmake_clean_first' from command line to 'False'
[0.415s] Level 5:colcon.colcon_core.verb:set package 'audio_msgs' build argument 'cmake_force_configure' from command line to 'False'
[0.415s] Level 5:colcon.colcon_core.verb:set package 'audio_msgs' build argument 'ament_cmake_args' from command line to 'None'
[0.415s] Level 5:colcon.colcon_core.verb:set package 'audio_msgs' build argument 'catkin_cmake_args' from command line to 'None'
[0.415s] Level 5:colcon.colcon_core.verb:set package 'audio_msgs' build argument 'catkin_skip_building_tests' from command line to 'False'
[0.415s] DEBUG:colcon.colcon_core.verb:Building package 'audio_msgs' with the following arguments: {'ament_cmake_args': None, 'build_base': '/root/Workspaces/rosgsthumble_ws/build/audio_msgs', 'catkin_cmake_args': None, 'catkin_skip_building_tests': False, 'cmake_args': None, 'cmake_clean_cache': False, 'cmake_clean_first': False, 'cmake_force_configure': False, 'cmake_target': None, 'cmake_target_skip_unavailable': False, 'install_base': '/root/Workspaces/rosgsthumble_ws/install/audio_msgs', 'merge_install': False, 'path': '/root/Workspaces/rosgsthumble_ws/src/ros-gst-bridge/audio_msgs', 'symlink_install': True, 'test_result_base': None}
[0.416s] Level 5:colcon.colcon_core.verb:set package 'cpp_campub' build argument 'cmake_args' from command line to 'None'
[0.416s] Level 5:colcon.colcon_core.verb:set package 'cpp_campub' build argument 'cmake_target' from command line to 'None'
[0.416s] Level 5:colcon.colcon_core.verb:set package 'cpp_campub' build argument 'cmake_target_skip_unavailable' from command line to 'False'
[0.416s] Level 5:colcon.colcon_core.verb:set package 'cpp_campub' build argument 'cmake_clean_cache' from command line to 'False'
[0.416s] Level 5:colcon.colcon_core.verb:set package 'cpp_campub' build argument 'cmake_clean_first' from command line to 'False'
[0.416s] Level 5:colcon.colcon_core.verb:set package 'cpp_campub' build argument 'cmake_force_configure' from command line to 'False'
[0.416s] Level 5:colcon.colcon_core.verb:set package 'cpp_campub' build argument 'ament_cmake_args' from command line to 'None'
[0.416s] Level 5:colcon.colcon_core.verb:set package 'cpp_campub' build argument 'catkin_cmake_args' from command line to 'None'
[0.416s] Level 5:colcon.colcon_core.verb:set package 'cpp_campub' build argument 'catkin_skip_building_tests' from command line to 'False'
[0.416s] DEBUG:colcon.colcon_core.verb:Building package 'cpp_campub' with the following arguments: {'ament_cmake_args': None, 'build_base': '/root/Workspaces/rosgsthumble_ws/build/cpp_campub', 'catkin_cmake_args': None, 'catkin_skip_building_tests': False, 'cmake_args': None, 'cmake_clean_cache': False, 'cmake_clean_first': False, 'cmake_force_configure': False, 'cmake_target': None, 'cmake_target_skip_unavailable': False, 'install_base': '/root/Workspaces/rosgsthumble_ws/install/cpp_campub', 'merge_install': False, 'path': '/root/Workspaces/rosgsthumble_ws/src/cpp_campub', 'symlink_install': True, 'test_result_base': None}
[0.416s] Level 5:colcon.colcon_core.verb:set package 'gst_msgs' build argument 'cmake_args' from command line to 'None'
[0.416s] Level 5:colcon.colcon_core.verb:set package 'gst_msgs' build argument 'cmake_target' from command line to 'None'
[0.416s] Level 5:colcon.colcon_core.verb:set package 'gst_msgs' build argument 'cmake_target_skip_unavailable' from command line to 'False'
[0.416s] Level 5:colcon.colcon_core.verb:set package 'gst_msgs' build argument 'cmake_clean_cache' from command line to 'False'
[0.416s] Level 5:colcon.colcon_core.verb:set package 'gst_msgs' build argument 'cmake_clean_first' from command line to 'False'
[0.416s] Level 5:colcon.colcon_core.verb:set package 'gst_msgs' build argument 'cmake_force_configure' from command line to 'False'
[0.416s] Level 5:colcon.colcon_core.verb:set package 'gst_msgs' build argument 'ament_cmake_args' from command line to 'None'
[0.416s] Level 5:colcon.colcon_core.verb:set package 'gst_msgs' build argument 'catkin_cmake_args' from command line to 'None'
[0.416s] Level 5:colcon.colcon_core.verb:set package 'gst_msgs' build argument 'catkin_skip_building_tests' from command line to 'False'
[0.416s] DEBUG:colcon.colcon_core.verb:Building package 'gst_msgs' with the following arguments: {'ament_cmake_args': None, 'build_base': '/root/Workspaces/rosgsthumble_ws/build/gst_msgs', 'catkin_cmake_args': None, 'catkin_skip_building_tests': False, 'cmake_args': None, 'cmake_clean_cache': False, 'cmake_clean_first': False, 'cmake_force_configure': False, 'cmake_target': None, 'cmake_target_skip_unavailable': False, 'install_base': '/root/Workspaces/rosgsthumble_ws/install/gst_msgs', 'merge_install': False, 'path': '/root/Workspaces/rosgsthumble_ws/src/ros-gst-bridge/gst_msgs', 'symlink_install': True, 'test_result_base': None}
[0.416s] Level 5:colcon.colcon_core.verb:set package 'gst_bridge' build argument 'cmake_args' from command line to 'None'
[0.416s] Level 5:colcon.colcon_core.verb:set package 'gst_bridge' build argument 'cmake_target' from command line to 'None'
[0.416s] Level 5:colcon.colcon_core.verb:set package 'gst_bridge' build argument 'cmake_target_skip_unavailable' from command line to 'False'
[0.416s] Level 5:colcon.colcon_core.verb:set package 'gst_bridge' build argument 'cmake_clean_cache' from command line to 'False'
[0.417s] Level 5:colcon.colcon_core.verb:set package 'gst_bridge' build argument 'cmake_clean_first' from command line to 'False'
[0.417s] Level 5:colcon.colcon_core.verb:set package 'gst_bridge' build argument 'cmake_force_configure' from command line to 'False'
[0.417s] Level 5:colcon.colcon_core.verb:set package 'gst_bridge' build argument 'ament_cmake_args' from command line to 'None'
[0.417s] Level 5:colcon.colcon_core.verb:set package 'gst_bridge' build argument 'catkin_cmake_args' from command line to 'None'
[0.417s] Level 5:colcon.colcon_core.verb:set package 'gst_bridge' build argument 'catkin_skip_building_tests' from command line to 'False'
[0.417s] DEBUG:colcon.colcon_core.verb:Building package 'gst_bridge' with the following arguments: {'ament_cmake_args': None, 'build_base': '/root/Workspaces/rosgsthumble_ws/build/gst_bridge', 'catkin_cmake_args': None, 'catkin_skip_building_tests': False, 'cmake_args': None, 'cmake_clean_cache': False, 'cmake_clean_first': False, 'cmake_force_configure': False, 'cmake_target': None, 'cmake_target_skip_unavailable': False, 'install_base': '/root/Workspaces/rosgsthumble_ws/install/gst_bridge', 'merge_install': False, 'path': '/root/Workspaces/rosgsthumble_ws/src/ros-gst-bridge/gst_bridge', 'symlink_install': True, 'test_result_base': None}
[0.417s] Level 5:colcon.colcon_core.verb:set package 'gst_pipeline' build argument 'cmake_args' from command line to 'None'
[0.417s] Level 5:colcon.colcon_core.verb:set package 'gst_pipeline' build argument 'cmake_target' from command line to 'None'
[0.417s] Level 5:colcon.colcon_core.verb:set package 'gst_pipeline' build argument 'cmake_target_skip_unavailable' from command line to 'False'
[0.417s] Level 5:colcon.colcon_core.verb:set package 'gst_pipeline' build argument 'cmake_clean_cache' from command line to 'False'
[0.417s] Level 5:colcon.colcon_core.verb:set package 'gst_pipeline' build argument 'cmake_clean_first' from command line to 'False'
[0.417s] Level 5:colcon.colcon_core.verb:set package 'gst_pipeline' build argument 'cmake_force_configure' from command line to 'False'
[0.417s] Level 5:colcon.colcon_core.verb:set package 'gst_pipeline' build argument 'ament_cmake_args' from command line to 'None'
[0.417s] Level 5:colcon.colcon_core.verb:set package 'gst_pipeline' build argument 'catkin_cmake_args' from command line to 'None'
[0.417s] Level 5:colcon.colcon_core.verb:set package 'gst_pipeline' build argument 'catkin_skip_building_tests' from command line to 'False'
[0.417s] DEBUG:colcon.colcon_core.verb:Building package 'gst_pipeline' with the following arguments: {'ament_cmake_args': None, 'build_base': '/root/Workspaces/rosgsthumble_ws/build/gst_pipeline', 'catkin_cmake_args': None, 'catkin_skip_building_tests': False, 'cmake_args': None, 'cmake_clean_cache': False, 'cmake_clean_first': False, 'cmake_force_configure': False, 'cmake_target': None, 'cmake_target_skip_unavailable': False, 'install_base': '/root/Workspaces/rosgsthumble_ws/install/gst_pipeline', 'merge_install': False, 'path': '/root/Workspaces/rosgsthumble_ws/src/ros-gst-bridge/gst_pipeline', 'symlink_install': True, 'test_result_base': None}
[0.417s] Level 5:colcon.colcon_core.verb:set package 'webrtc_camera_node' build argument 'cmake_args' from command line to 'None'
[0.417s] Level 5:colcon.colcon_core.verb:set package 'webrtc_camera_node' build argument 'cmake_target' from command line to 'None'
[0.417s] Level 5:colcon.colcon_core.verb:set package 'webrtc_camera_node' build argument 'cmake_target_skip_unavailable' from command line to 'False'
[0.417s] Level 5:colcon.colcon_core.verb:set package 'webrtc_camera_node' build argument 'cmake_clean_cache' from command line to 'False'
[0.417s] Level 5:colcon.colcon_core.verb:set package 'webrtc_camera_node' build argument 'cmake_clean_first' from command line to 'False'
[0.417s] Level 5:colcon.colcon_core.verb:set package 'webrtc_camera_node' build argument 'cmake_force_configure' from command line to 'False'
[0.417s] Level 5:colcon.colcon_core.verb:set package 'webrtc_camera_node' build argument 'ament_cmake_args' from command line to 'None'
[0.417s] Level 5:colcon.colcon_core.verb:set package 'webrtc_camera_node' build argument 'catkin_cmake_args' from command line to 'None'
[0.417s] Level 5:colcon.colcon_core.verb:set package 'webrtc_camera_node' build argument 'catkin_skip_building_tests' from command line to 'False'
[0.417s] DEBUG:colcon.colcon_core.verb:Building package 'webrtc_camera_node' with the following arguments: {'ament_cmake_args': None, 'build_base': '/root/Workspaces/rosgsthumble_ws/build/webrtc_camera_node', 'catkin_cmake_args': None, 'catkin_skip_building_tests': False, 'cmake_args': None, 'cmake_clean_cache': False, 'cmake_clean_first': False, 'cmake_force_configure': False, 'cmake_target': None, 'cmake_target_skip_unavailable': False, 'install_base': '/root/Workspaces/rosgsthumble_ws/install/webrtc_camera_node', 'merge_install': False, 'path': '/root/Workspaces/rosgsthumble_ws/src/webrtc_camera_node', 'symlink_install': True, 'test_result_base': None}
[0.418s] Level 5:colcon.colcon_core.verb:set package 'gst_pipeline_plugins' build argument 'cmake_args' from command line to 'None'
[0.418s] Level 5:colcon.colcon_core.verb:set package 'gst_pipeline_plugins' build argument 'cmake_target' from command line to 'None'
[0.418s] Level 5:colcon.colcon_core.verb:set package 'gst_pipeline_plugins' build argument 'cmake_target_skip_unavailable' from command line to 'False'
[0.418s] Level 5:colcon.colcon_core.verb:set package 'gst_pipeline_plugins' build argument 'cmake_clean_cache' from command line to 'False'
[0.418s] Level 5:colcon.colcon_core.verb:set package 'gst_pipeline_plugins' build argument 'cmake_clean_first' from command line to 'False'
[0.418s] Level 5:colcon.colcon_core.verb:set package 'gst_pipeline_plugins' build argument 'cmake_force_configure' from command line to 'False'
[0.418s] Level 5:colcon.colcon_core.verb:set package 'gst_pipeline_plugins' build argument 'ament_cmake_args' from command line to 'None'
[0.418s] Level 5:colcon.colcon_core.verb:set package 'gst_pipeline_plugins' build argument 'catkin_cmake_args' from command line to 'None'
[0.418s] Level 5:colcon.colcon_core.verb:set package 'gst_pipeline_plugins' build argument 'catkin_skip_building_tests' from command line to 'False'
[0.418s] DEBUG:colcon.colcon_core.verb:Building package 'gst_pipeline_plugins' with the following arguments: {'ament_cmake_args': None, 'build_base': '/root/Workspaces/rosgsthumble_ws/build/gst_pipeline_plugins', 'catkin_cmake_args': None, 'catkin_skip_building_tests': False, 'cmake_args': None, 'cmake_clean_cache': False, 'cmake_clean_first': False, 'cmake_force_configure': False, 'cmake_target': None, 'cmake_target_skip_unavailable': False, 'install_base': '/root/Workspaces/rosgsthumble_ws/install/gst_pipeline_plugins', 'merge_install': False, 'path': '/root/Workspaces/rosgsthumble_ws/src/ros-gst-bridge/gst_pipeline_plugins', 'symlink_install': True, 'test_result_base': None}
[0.418s] Level 5:colcon.colcon_core.verb:set package 'gst_pipeline_plugins_webrtc' build argument 'cmake_args' from command line to 'None'
[0.418s] Level 5:colcon.colcon_core.verb:set package 'gst_pipeline_plugins_webrtc' build argument 'cmake_target' from command line to 'None'
[0.418s] Level 5:colcon.colcon_core.verb:set package 'gst_pipeline_plugins_webrtc' build argument 'cmake_target_skip_unavailable' from command line to 'False'
[0.418s] Level 5:colcon.colcon_core.verb:set package 'gst_pipeline_plugins_webrtc' build argument 'cmake_clean_cache' from command line to 'False'
[0.418s] Level 5:colcon.colcon_core.verb:set package 'gst_pipeline_plugins_webrtc' build argument 'cmake_clean_first' from command line to 'False'
[0.418s] Level 5:colcon.colcon_core.verb:set package 'gst_pipeline_plugins_webrtc' build argument 'cmake_force_configure' from command line to 'False'
[0.418s] Level 5:colcon.colcon_core.verb:set package 'gst_pipeline_plugins_webrtc' build argument 'ament_cmake_args' from command line to 'None'
[0.418s] Level 5:colcon.colcon_core.verb:set package 'gst_pipeline_plugins_webrtc' build argument 'catkin_cmake_args' from command line to 'None'
[0.418s] Level 5:colcon.colcon_core.verb:set package 'gst_pipeline_plugins_webrtc' build argument 'catkin_skip_building_tests' from command line to 'False'
[0.418s] DEBUG:colcon.colcon_core.verb:Building package 'gst_pipeline_plugins_webrtc' with the following arguments: {'ament_cmake_args': None, 'build_base': '/root/Workspaces/rosgsthumble_ws/build/gst_pipeline_plugins_webrtc', 'catkin_cmake_args': None, 'catkin_skip_building_tests': False, 'cmake_args': None, 'cmake_clean_cache': False, 'cmake_clean_first': False, 'cmake_force_configure': False, 'cmake_target': None, 'cmake_target_skip_unavailable': False, 'install_base': '/root/Workspaces/rosgsthumble_ws/install/gst_pipeline_plugins_webrtc', 'merge_install': False, 'path': '/root/Workspaces/rosgsthumble_ws/src/ros-gst-bridge/gst_pipeline_plugins_webrtc', 'symlink_install': True, 'test_result_base': None}
[0.418s] INFO:colcon.colcon_core.executor:Executing jobs using 'parallel' executor
[0.419s] DEBUG:colcon.colcon_parallel_executor.executor.parallel:run_until_complete
[0.419s] INFO:colcon.colcon_ros.task.ament_cmake.build:Building ROS package in '/root/Workspaces/rosgsthumble_ws/src/ros-gst-bridge/audio_msgs' with build type 'ament_cmake'
[0.419s] INFO:colcon.colcon_cmake.task.cmake.build:Building CMake package in '/root/Workspaces/rosgsthumble_ws/src/ros-gst-bridge/audio_msgs'
[0.423s] INFO:colcon.colcon_core.plugin_system:Skipping extension 'colcon_core.shell.bat': Not used on non-Windows systems
[0.423s] INFO:colcon.colcon_core.shell:Skip shell extension 'powershell' for command environment: Not usable outside of PowerShell
[0.423s] DEBUG:colcon.colcon_core.shell:Skip shell extension 'dsv' for command environment
[0.429s] INFO:colcon.colcon_ros.task.ament_cmake.build:Building ROS package in '/root/Workspaces/rosgsthumble_ws/src/ros-gst-bridge/gst_msgs' with build type 'ament_cmake'
[0.430s] INFO:colcon.colcon_cmake.task.cmake.build:Building CMake package in '/root/Workspaces/rosgsthumble_ws/src/ros-gst-bridge/gst_msgs'
[0.430s] INFO:colcon.colcon_core.shell:Skip shell extension 'powershell' for command environment: Not usable outside of PowerShell
[0.430s] DEBUG:colcon.colcon_core.shell:Skip shell extension 'dsv' for command environment
[0.433s] INFO:colcon.colcon_ros.task.ament_cmake.build:Building ROS package in '/root/Workspaces/rosgsthumble_ws/src/cpp_campub' with build type 'ament_cmake'
[0.433s] INFO:colcon.colcon_cmake.task.cmake.build:Building CMake package in '/root/Workspaces/rosgsthumble_ws/src/cpp_campub'
[0.433s] INFO:colcon.colcon_core.shell:Skip shell extension 'powershell' for command environment: Not usable outside of PowerShell
[0.433s] DEBUG:colcon.colcon_core.shell:Skip shell extension 'dsv' for command environment
[0.440s] DEBUG:colcon.colcon_core.event_handler.log_command:Invoking command in '/root/Workspaces/rosgsthumble_ws/build/audio_msgs': CMAKE_PREFIX_PATH=${CMAKE_PREFIX_PATH}:/opt/ros/humble /usr/bin/cmake --build /root/Workspaces/rosgsthumble_ws/build/audio_msgs -- -j16 -l16
[0.444s] DEBUG:colcon.colcon_core.event_handler.log_command:Invoking command in '/root/Workspaces/rosgsthumble_ws/build/gst_msgs': CMAKE_PREFIX_PATH=${CMAKE_PREFIX_PATH}:/opt/ros/humble /usr/bin/cmake --build /root/Workspaces/rosgsthumble_ws/build/gst_msgs -- -j16 -l16
[0.455s] DEBUG:colcon.colcon_core.event_handler.log_command:Invoking command in '/root/Workspaces/rosgsthumble_ws/build/cpp_campub': CMAKE_PREFIX_PATH=${CMAKE_PREFIX_PATH}:/opt/ros/humble /usr/bin/cmake --build /root/Workspaces/rosgsthumble_ws/build/cpp_campub -- -j16 -l16
[0.628s] DEBUG:colcon.colcon_core.event_handler.log_command:Invoked command in '/root/Workspaces/rosgsthumble_ws/build/cpp_campub' returned '0': CMAKE_PREFIX_PATH=${CMAKE_PREFIX_PATH}:/opt/ros/humble /usr/bin/cmake --build /root/Workspaces/rosgsthumble_ws/build/cpp_campub -- -j16 -l16
[0.637s] DEBUG:colcon.colcon_core.event_handler.log_command:Invoking command in '/root/Workspaces/rosgsthumble_ws/build/cpp_campub': CMAKE_PREFIX_PATH=${CMAKE_PREFIX_PATH}:/opt/ros/humble /usr/bin/cmake --install /root/Workspaces/rosgsthumble_ws/build/cpp_campub
[0.656s] Level 1:colcon.colcon_core.environment:create_environment_scripts_only(cpp_campub)
[0.657s] DEBUG:colcon.colcon_core.event_handler.log_command:Invoked command in '/root/Workspaces/rosgsthumble_ws/build/cpp_campub' returned '0': CMAKE_PREFIX_PATH=${CMAKE_PREFIX_PATH}:/opt/ros/humble /usr/bin/cmake --install /root/Workspaces/rosgsthumble_ws/build/cpp_campub
[0.662s] Level 1:colcon.colcon_core.environment:checking '/root/Workspaces/rosgsthumble_ws/install/cpp_campub' for CMake module files
[0.662s] Level 1:colcon.colcon_core.environment:checking '/root/Workspaces/rosgsthumble_ws/install/cpp_campub' for CMake config files
[0.663s] Level 1:colcon.colcon_core.shell:create_environment_hook('cpp_campub', 'cmake_prefix_path')
[0.663s] INFO:colcon.colcon_core.shell:Creating environment hook '/root/Workspaces/rosgsthumble_ws/install/cpp_campub/share/cpp_campub/hook/cmake_prefix_path.ps1'
[0.663s] INFO:colcon.colcon_core.shell:Creating environment descriptor '/root/Workspaces/rosgsthumble_ws/install/cpp_campub/share/cpp_campub/hook/cmake_prefix_path.dsv'
[0.664s] INFO:colcon.colcon_core.shell:Creating environment hook '/root/Workspaces/rosgsthumble_ws/install/cpp_campub/share/cpp_campub/hook/cmake_prefix_path.sh'
[0.665s] Level 1:colcon.colcon_core.environment:checking '/root/Workspaces/rosgsthumble_ws/install/cpp_campub/lib'
[0.665s] Level 1:colcon.colcon_core.environment:checking '/root/Workspaces/rosgsthumble_ws/install/cpp_campub/bin'
[0.665s] Level 1:colcon.colcon_core.environment:checking '/root/Workspaces/rosgsthumble_ws/install/cpp_campub/lib/pkgconfig/cpp_campub.pc'
[0.668s] Level 1:colcon.colcon_core.environment:checking '/root/Workspaces/rosgsthumble_ws/install/cpp_campub/lib/python3.10/site-packages'
[0.668s] Level 1:colcon.colcon_core.environment:checking '/root/Workspaces/rosgsthumble_ws/install/cpp_campub/bin'
[0.668s] INFO:colcon.colcon_core.shell:Creating package script '/root/Workspaces/rosgsthumble_ws/install/cpp_campub/share/cpp_campub/package.ps1'
[0.669s] INFO:colcon.colcon_core.shell:Creating package descriptor '/root/Workspaces/rosgsthumble_ws/install/cpp_campub/share/cpp_campub/package.dsv'
[0.670s] INFO:colcon.colcon_core.shell:Creating package script '/root/Workspaces/rosgsthumble_ws/install/cpp_campub/share/cpp_campub/package.sh'
[0.671s] INFO:colcon.colcon_core.shell:Creating package script '/root/Workspaces/rosgsthumble_ws/install/cpp_campub/share/cpp_campub/package.bash'
[0.672s] INFO:colcon.colcon_core.shell:Creating package script '/root/Workspaces/rosgsthumble_ws/install/cpp_campub/share/cpp_campub/package.zsh'
[0.673s] Level 1:colcon.colcon_core.environment:create_file_with_runtime_dependencies(/root/Workspaces/rosgsthumble_ws/install/cpp_campub/share/colcon-core/packages/cpp_campub)
[0.673s] Level 1:colcon.colcon_core.environment:create_environment_scripts_only(cpp_campub)
[0.673s] Level 1:colcon.colcon_core.environment:checking '/root/Workspaces/rosgsthumble_ws/install/cpp_campub' for CMake module files
[0.674s] Level 1:colcon.colcon_core.environment:checking '/root/Workspaces/rosgsthumble_ws/install/cpp_campub' for CMake config files
[0.674s] Level 1:colcon.colcon_core.shell:create_environment_hook('cpp_campub', 'cmake_prefix_path')
[0.674s] INFO:colcon.colcon_core.shell:Creating environment hook '/root/Workspaces/rosgsthumble_ws/install/cpp_campub/share/cpp_campub/hook/cmake_prefix_path.ps1'
[0.674s] INFO:colcon.colcon_core.shell:Creating environment descriptor '/root/Workspaces/rosgsthumble_ws/install/cpp_campub/share/cpp_campub/hook/cmake_prefix_path.dsv'
[0.675s] INFO:colcon.colcon_core.shell:Creating environment hook '/root/Workspaces/rosgsthumble_ws/install/cpp_campub/share/cpp_campub/hook/cmake_prefix_path.sh'
[0.675s] Level 1:colcon.colcon_core.environment:checking '/root/Workspaces/rosgsthumble_ws/install/cpp_campub/lib'
[0.675s] Level 1:colcon.colcon_core.environment:checking '/root/Workspaces/rosgsthumble_ws/install/cpp_campub/bin'
[0.675s] Level 1:colcon.colcon_core.environment:checking '/root/Workspaces/rosgsthumble_ws/install/cpp_campub/lib/pkgconfig/cpp_campub.pc'
[0.675s] Level 1:colcon.colcon_core.environment:checking '/root/Workspaces/rosgsthumble_ws/install/cpp_campub/lib/python3.10/site-packages'
[0.676s] Level 1:colcon.colcon_core.environment:checking '/root/Workspaces/rosgsthumble_ws/install/cpp_campub/bin'
[0.676s] INFO:colcon.colcon_core.shell:Creating package script '/root/Workspaces/rosgsthumble_ws/install/cpp_campub/share/cpp_campub/package.ps1'
[0.676s] INFO:colcon.colcon_core.shell:Creating package descriptor '/root/Workspaces/rosgsthumble_ws/install/cpp_campub/share/cpp_campub/package.dsv'
[0.676s] INFO:colcon.colcon_core.shell:Creating package script '/root/Workspaces/rosgsthumble_ws/install/cpp_campub/share/cpp_campub/package.sh'
[0.677s] INFO:colcon.colcon_core.shell:Creating package script '/root/Workspaces/rosgsthumble_ws/install/cpp_campub/share/cpp_campub/package.bash'
[0.677s] INFO:colcon.colcon_core.shell:Creating package script '/root/Workspaces/rosgsthumble_ws/install/cpp_campub/share/cpp_campub/package.zsh'
[0.677s] Level 1:colcon.colcon_core.environment:create_file_with_runtime_dependencies(/root/Workspaces/rosgsthumble_ws/install/cpp_campub/share/colcon-core/packages/cpp_campub)
[0.799s] DEBUG:colcon.colcon_core.event_handler.log_command:Invoked command in '/root/Workspaces/rosgsthumble_ws/build/audio_msgs' returned '0': CMAKE_PREFIX_PATH=${CMAKE_PREFIX_PATH}:/opt/ros/humble /usr/bin/cmake --build /root/Workspaces/rosgsthumble_ws/build/audio_msgs -- -j16 -l16
[0.801s] DEBUG:colcon.colcon_core.event_handler.log_command:Invoking command in '/root/Workspaces/rosgsthumble_ws/build/audio_msgs': CMAKE_PREFIX_PATH=${CMAKE_PREFIX_PATH}:/opt/ros/humble /usr/bin/cmake --install /root/Workspaces/rosgsthumble_ws/build/audio_msgs
[0.802s] DEBUG:colcon.colcon_core.event_handler.log_command:Invoked command in '/root/Workspaces/rosgsthumble_ws/build/gst_msgs' returned '0': CMAKE_PREFIX_PATH=${CMAKE_PREFIX_PATH}:/opt/ros/humble /usr/bin/cmake --build /root/Workspaces/rosgsthumble_ws/build/gst_msgs -- -j16 -l16
[0.803s] DEBUG:colcon.colcon_core.event_handler.log_command:Invoking command in '/root/Workspaces/rosgsthumble_ws/build/gst_msgs': CMAKE_PREFIX_PATH=${CMAKE_PREFIX_PATH}:/opt/ros/humble /usr/bin/cmake --install /root/Workspaces/rosgsthumble_ws/build/gst_msgs
[0.862s] Level 1:colcon.colcon_core.environment:create_environment_scripts_only(audio_msgs)
[0.862s] Level 1:colcon.colcon_core.environment:checking '/root/Workspaces/rosgsthumble_ws/install/audio_msgs' for CMake module files
[0.862s] DEBUG:colcon.colcon_core.event_handler.log_command:Invoked command in '/root/Workspaces/rosgsthumble_ws/build/audio_msgs' returned '0': CMAKE_PREFIX_PATH=${CMAKE_PREFIX_PATH}:/opt/ros/humble /usr/bin/cmake --install /root/Workspaces/rosgsthumble_ws/build/audio_msgs
[0.863s] Level 1:colcon.colcon_core.environment:checking '/root/Workspaces/rosgsthumble_ws/install/audio_msgs' for CMake config files
[0.863s] Level 1:colcon.colcon_core.shell:create_environment_hook('audio_msgs', 'cmake_prefix_path')
[0.863s] INFO:colcon.colcon_core.shell:Creating environment hook '/root/Workspaces/rosgsthumble_ws/install/audio_msgs/share/audio_msgs/hook/cmake_prefix_path.ps1'
[0.864s] INFO:colcon.colcon_core.shell:Creating environment descriptor '/root/Workspaces/rosgsthumble_ws/install/audio_msgs/share/audio_msgs/hook/cmake_prefix_path.dsv'
[0.864s] INFO:colcon.colcon_core.shell:Creating environment hook '/root/Workspaces/rosgsthumble_ws/install/audio_msgs/share/audio_msgs/hook/cmake_prefix_path.sh'
[0.864s] Level 1:colcon.colcon_core.environment:checking '/root/Workspaces/rosgsthumble_ws/install/audio_msgs/lib'
[0.865s] Level 1:colcon.colcon_core.shell:create_environment_hook('audio_msgs', 'ld_library_path_lib')
[0.865s] INFO:colcon.colcon_core.shell:Creating environment hook '/root/Workspaces/rosgsthumble_ws/install/audio_msgs/share/audio_msgs/hook/ld_library_path_lib.ps1'
[0.865s] INFO:colcon.colcon_core.shell:Creating environment descriptor '/root/Workspaces/rosgsthumble_ws/install/audio_msgs/share/audio_msgs/hook/ld_library_path_lib.dsv'
[0.865s] INFO:colcon.colcon_core.shell:Creating environment hook '/root/Workspaces/rosgsthumble_ws/install/audio_msgs/share/audio_msgs/hook/ld_library_path_lib.sh'
[0.866s] Level 1:colcon.colcon_core.environment:checking '/root/Workspaces/rosgsthumble_ws/install/audio_msgs/bin'
[0.866s] Level 1:colcon.colcon_core.environment:checking '/root/Workspaces/rosgsthumble_ws/install/audio_msgs/lib/pkgconfig/audio_msgs.pc'
[0.866s] Level 1:colcon.colcon_core.environment:checking '/root/Workspaces/rosgsthumble_ws/install/audio_msgs/lib/python3.10/site-packages'
[0.866s] Level 1:colcon.colcon_core.environment:checking '/root/Workspaces/rosgsthumble_ws/install/audio_msgs/bin'
[0.866s] INFO:colcon.colcon_core.shell:Creating package script '/root/Workspaces/rosgsthumble_ws/install/audio_msgs/share/audio_msgs/package.ps1'
[0.867s] INFO:colcon.colcon_core.shell:Creating package descriptor '/root/Workspaces/rosgsthumble_ws/install/audio_msgs/share/audio_msgs/package.dsv'
[0.867s] INFO:colcon.colcon_core.shell:Creating package script '/root/Workspaces/rosgsthumble_ws/install/audio_msgs/share/audio_msgs/package.sh'
[0.867s] INFO:colcon.colcon_core.shell:Creating package script '/root/Workspaces/rosgsthumble_ws/install/audio_msgs/share/audio_msgs/package.bash'
[0.867s] INFO:colcon.colcon_core.shell:Creating package script '/root/Workspaces/rosgsthumble_ws/install/audio_msgs/share/audio_msgs/package.zsh'
[0.868s] Level 1:colcon.colcon_core.environment:create_file_with_runtime_dependencies(/root/Workspaces/rosgsthumble_ws/install/audio_msgs/share/colcon-core/packages/audio_msgs)
[0.868s] Level 1:colcon.colcon_core.environment:create_environment_scripts_only(audio_msgs)
[0.868s] Level 1:colcon.colcon_core.environment:checking '/root/Workspaces/rosgsthumble_ws/install/audio_msgs' for CMake module files
[0.869s] Level 1:colcon.colcon_core.environment:checking '/root/Workspaces/rosgsthumble_ws/install/audio_msgs' for CMake config files
[0.869s] Level 1:colcon.colcon_core.shell:create_environment_hook('audio_msgs', 'cmake_prefix_path')
[0.869s] INFO:colcon.colcon_core.shell:Creating environment hook '/root/Workspaces/rosgsthumble_ws/install/audio_msgs/share/audio_msgs/hook/cmake_prefix_path.ps1'
[0.870s] INFO:colcon.colcon_core.shell:Creating environment descriptor '/root/Workspaces/rosgsthumble_ws/install/audio_msgs/share/audio_msgs/hook/cmake_prefix_path.dsv'
[0.870s] INFO:colcon.colcon_core.shell:Creating environment hook '/root/Workspaces/rosgsthumble_ws/install/audio_msgs/share/audio_msgs/hook/cmake_prefix_path.sh'
[0.870s] Level 1:colcon.colcon_core.environment:checking '/root/Workspaces/rosgsthumble_ws/install/audio_msgs/lib'
[0.870s] Level 1:colcon.colcon_core.shell:create_environment_hook('audio_msgs', 'ld_library_path_lib')
[0.871s] INFO:colcon.colcon_core.shell:Creating environment hook '/root/Workspaces/rosgsthumble_ws/install/audio_msgs/share/audio_msgs/hook/ld_library_path_lib.ps1'
[0.871s] INFO:colcon.colcon_core.shell:Creating environment descriptor '/root/Workspaces/rosgsthumble_ws/install/audio_msgs/share/audio_msgs/hook/ld_library_path_lib.dsv'
[0.871s] INFO:colcon.colcon_core.shell:Creating environment hook '/root/Workspaces/rosgsthumble_ws/install/audio_msgs/share/audio_msgs/hook/ld_library_path_lib.sh'
[0.871s] Level 1:colcon.colcon_core.environment:checking '/root/Workspaces/rosgsthumble_ws/install/audio_msgs/bin'
[0.871s] Level 1:colcon.colcon_core.environment:checking '/root/Workspaces/rosgsthumble_ws/install/audio_msgs/lib/pkgconfig/audio_msgs.pc'
[0.872s] Level 1:colcon.colcon_core.environment:checking '/root/Workspaces/rosgsthumble_ws/install/audio_msgs/lib/python3.10/site-packages'
[0.872s] Level 1:colcon.colcon_core.environment:checking '/root/Workspaces/rosgsthumble_ws/install/audio_msgs/bin'
[0.872s] INFO:colcon.colcon_core.shell:Creating package script '/root/Workspaces/rosgsthumble_ws/install/audio_msgs/share/audio_msgs/package.ps1'
[0.872s] INFO:colcon.colcon_core.shell:Creating package descriptor '/root/Workspaces/rosgsthumble_ws/install/audio_msgs/share/audio_msgs/package.dsv'
[0.873s] INFO:colcon.colcon_core.shell:Creating package script '/root/Workspaces/rosgsthumble_ws/install/audio_msgs/share/audio_msgs/package.sh'
[0.873s] INFO:colcon.colcon_core.shell:Creating package script '/root/Workspaces/rosgsthumble_ws/install/audio_msgs/share/audio_msgs/package.bash'
[0.873s] INFO:colcon.colcon_core.shell:Creating package script '/root/Workspaces/rosgsthumble_ws/install/audio_msgs/share/audio_msgs/package.zsh'
[0.875s] Level 1:colcon.colcon_core.environment:create_file_with_runtime_dependencies(/root/Workspaces/rosgsthumble_ws/install/audio_msgs/share/colcon-core/packages/audio_msgs)
[0.875s] INFO:colcon.colcon_ros.task.ament_cmake.build:Building ROS package in '/root/Workspaces/rosgsthumble_ws/src/ros-gst-bridge/gst_bridge' with build type 'ament_cmake'
[0.875s] INFO:colcon.colcon_cmake.task.cmake.build:Building CMake package in '/root/Workspaces/rosgsthumble_ws/src/ros-gst-bridge/gst_bridge'
[0.876s] INFO:colcon.colcon_core.shell:Skip shell extension 'powershell' for command environment: Not usable outside of PowerShell
[0.876s] DEBUG:colcon.colcon_core.shell:Skip shell extension 'dsv' for command environment
[0.880s] Level 1:colcon.colcon_core.environment:create_environment_scripts_only(gst_msgs)
[0.880s] Level 1:colcon.colcon_core.environment:checking '/root/Workspaces/rosgsthumble_ws/install/gst_msgs' for CMake module files
[0.880s] DEBUG:colcon.colcon_core.event_handler.log_command:Invoked command in '/root/Workspaces/rosgsthumble_ws/build/gst_msgs' returned '0': CMAKE_PREFIX_PATH=${CMAKE_PREFIX_PATH}:/opt/ros/humble /usr/bin/cmake --install /root/Workspaces/rosgsthumble_ws/build/gst_msgs
[0.881s] Level 1:colcon.colcon_core.environment:checking '/root/Workspaces/rosgsthumble_ws/install/gst_msgs' for CMake config files
[0.881s] Level 1:colcon.colcon_core.shell:create_environment_hook('gst_msgs', 'cmake_prefix_path')
[0.882s] INFO:colcon.colcon_core.shell:Creating environment hook '/root/Workspaces/rosgsthumble_ws/install/gst_msgs/share/gst_msgs/hook/cmake_prefix_path.ps1'
[0.882s] INFO:colcon.colcon_core.shell:Creating environment descriptor '/root/Workspaces/rosgsthumble_ws/install/gst_msgs/share/gst_msgs/hook/cmake_prefix_path.dsv'
[0.882s] INFO:colcon.colcon_core.shell:Creating environment hook '/root/Workspaces/rosgsthumble_ws/install/gst_msgs/share/gst_msgs/hook/cmake_prefix_path.sh'
[0.883s] Level 1:colcon.colcon_core.environment:checking '/root/Workspaces/rosgsthumble_ws/install/gst_msgs/lib'
[0.883s] Level 1:colcon.colcon_core.shell:create_environment_hook('gst_msgs', 'ld_library_path_lib')
[0.883s] INFO:colcon.colcon_core.shell:Creating environment hook '/root/Workspaces/rosgsthumble_ws/install/gst_msgs/share/gst_msgs/hook/ld_library_path_lib.ps1'
[0.883s] INFO:colcon.colcon_core.shell:Creating environment descriptor '/root/Workspaces/rosgsthumble_ws/install/gst_msgs/share/gst_msgs/hook/ld_library_path_lib.dsv'
[0.884s] INFO:colcon.colcon_core.shell:Creating environment hook '/root/Workspaces/rosgsthumble_ws/install/gst_msgs/share/gst_msgs/hook/ld_library_path_lib.sh'
[0.884s] Level 1:colcon.colcon_core.environment:checking '/root/Workspaces/rosgsthumble_ws/install/gst_msgs/bin'
[0.884s] Level 1:colcon.colcon_core.environment:checking '/root/Workspaces/rosgsthumble_ws/install/gst_msgs/lib/pkgconfig/gst_msgs.pc'
[0.885s] Level 1:colcon.colcon_core.environment:checking '/root/Workspaces/rosgsthumble_ws/install/gst_msgs/lib/python3.10/site-packages'
[0.885s] Level 1:colcon.colcon_core.environment:checking '/root/Workspaces/rosgsthumble_ws/install/gst_msgs/bin'
[0.885s] INFO:colcon.colcon_core.shell:Creating package script '/root/Workspaces/rosgsthumble_ws/install/gst_msgs/share/gst_msgs/package.ps1'
[0.885s] INFO:colcon.colcon_core.shell:Creating package descriptor '/root/Workspaces/rosgsthumble_ws/install/gst_msgs/share/gst_msgs/package.dsv'
[0.886s] INFO:colcon.colcon_core.shell:Creating package script '/root/Workspaces/rosgsthumble_ws/install/gst_msgs/share/gst_msgs/package.sh'
[0.886s] INFO:colcon.colcon_core.shell:Creating package script '/root/Workspaces/rosgsthumble_ws/install/gst_msgs/share/gst_msgs/package.bash'
[0.886s] INFO:colcon.colcon_core.shell:Creating package script '/root/Workspaces/rosgsthumble_ws/install/gst_msgs/share/gst_msgs/package.zsh'
[0.887s] Level 1:colcon.colcon_core.environment:create_file_with_runtime_dependencies(/root/Workspaces/rosgsthumble_ws/install/gst_msgs/share/colcon-core/packages/gst_msgs)
[0.887s] Level 1:colcon.colcon_core.environment:create_environment_scripts_only(gst_msgs)
[0.887s] Level 1:colcon.colcon_core.environment:checking '/root/Workspaces/rosgsthumble_ws/install/gst_msgs' for CMake module files
[0.888s] Level 1:colcon.colcon_core.environment:checking '/root/Workspaces/rosgsthumble_ws/install/gst_msgs' for CMake config files
[0.888s] Level 1:colcon.colcon_core.shell:create_environment_hook('gst_msgs', 'cmake_prefix_path')
[0.888s] INFO:colcon.colcon_core.shell:Creating environment hook '/root/Workspaces/rosgsthumble_ws/install/gst_msgs/share/gst_msgs/hook/cmake_prefix_path.ps1'
[0.889s] INFO:colcon.colcon_core.shell:Creating environment descriptor '/root/Workspaces/rosgsthumble_ws/install/gst_msgs/share/gst_msgs/hook/cmake_prefix_path.dsv'
[0.889s] INFO:colcon.colcon_core.shell:Creating environment hook '/root/Workspaces/rosgsthumble_ws/install/gst_msgs/share/gst_msgs/hook/cmake_prefix_path.sh'
[0.889s] Level 1:colcon.colcon_core.environment:checking '/root/Workspaces/rosgsthumble_ws/install/gst_msgs/lib'
[0.889s] Level 1:colcon.colcon_core.shell:create_environment_hook('gst_msgs', 'ld_library_path_lib')
[0.890s] INFO:colcon.colcon_core.shell:Creating environment hook '/root/Workspaces/rosgsthumble_ws/install/gst_msgs/share/gst_msgs/hook/ld_library_path_lib.ps1'
[0.890s] INFO:colcon.colcon_core.shell:Creating environment descriptor '/root/Workspaces/rosgsthumble_ws/install/gst_msgs/share/gst_msgs/hook/ld_library_path_lib.dsv'
[0.890s] INFO:colcon.colcon_core.shell:Creating environment hook '/root/Workspaces/rosgsthumble_ws/install/gst_msgs/share/gst_msgs/hook/ld_library_path_lib.sh'
[0.890s] Level 1:colcon.colcon_core.environment:checking '/root/Workspaces/rosgsthumble_ws/install/gst_msgs/bin'
[0.890s] Level 1:colcon.colcon_core.environment:checking '/root/Workspaces/rosgsthumble_ws/install/gst_msgs/lib/pkgconfig/gst_msgs.pc'
[0.891s] Level 1:colcon.colcon_core.environment:checking '/root/Workspaces/rosgsthumble_ws/install/gst_msgs/lib/python3.10/site-packages'
[0.891s] Level 1:colcon.colcon_core.environment:checking '/root/Workspaces/rosgsthumble_ws/install/gst_msgs/bin'
[0.891s] INFO:colcon.colcon_core.shell:Creating package script '/root/Workspaces/rosgsthumble_ws/install/gst_msgs/share/gst_msgs/package.ps1'
[0.891s] INFO:colcon.colcon_core.shell:Creating package descriptor '/root/Workspaces/rosgsthumble_ws/install/gst_msgs/share/gst_msgs/package.dsv'
[0.892s] INFO:colcon.colcon_core.shell:Creating package script '/root/Workspaces/rosgsthumble_ws/install/gst_msgs/share/gst_msgs/package.sh'
[0.892s] INFO:colcon.colcon_core.shell:Creating package script '/root/Workspaces/rosgsthumble_ws/install/gst_msgs/share/gst_msgs/package.bash'
[0.892s] INFO:colcon.colcon_core.shell:Creating package script '/root/Workspaces/rosgsthumble_ws/install/gst_msgs/share/gst_msgs/package.zsh'
[0.893s] Level 1:colcon.colcon_core.environment:create_file_with_runtime_dependencies(/root/Workspaces/rosgsthumble_ws/install/gst_msgs/share/colcon-core/packages/gst_msgs)
[0.898s] DEBUG:colcon.colcon_core.event_handler.log_command:Invoking command in '/root/Workspaces/rosgsthumble_ws/build/gst_bridge': CMAKE_PREFIX_PATH=/root/Workspaces/rosgsthumble_ws/install/audio_msgs:/root/Workspaces/rosgsthumble_ws/install/webrtc_camera_node:/root/Workspaces/rosgsthumble_ws/install/gst_pipeline_plugins_webrtc:/root/Workspaces/rosgsthumble_ws/install/gst_pipeline_plugins:/root/Workspaces/rosgsthumble_ws/install/gst_pipeline:/root/Workspaces/rosgsthumble_ws/install/gst_msgs:/root/Workspaces/rosgsthumble_ws/install/gst_bridge:/root/Workspaces/rosgsthumble_ws/install/cpp_campub:/opt/ros/humble LD_LIBRARY_PATH=/root/Workspaces/rosgsthumble_ws/install/audio_msgs/lib:/root/Workspaces/rosgsthumble_ws/install/gst_pipeline_plugins_webrtc/lib:/root/Workspaces/rosgsthumble_ws/install/gst_pipeline_plugins/lib:/root/Workspaces/rosgsthumble_ws/install/gst_pipeline/lib:/root/Workspaces/rosgsthumble_ws/install/gst_msgs/lib:/root/Workspaces/rosgsthumble_ws/install/gst_bridge/lib:/usr/lib/x86_64-linux-gnu/gazebo-11/plugins:/opt/ros/humble/opt/rviz_ogre_vendor/lib:/opt/ros/humble/lib/x86_64-linux-gnu:/opt/ros/humble/lib /usr/bin/cmake --build /root/Workspaces/rosgsthumble_ws/build/gst_bridge -- -j16 -l16
[1.059s] DEBUG:colcon.colcon_core.event_handler.log_command:Invoked command in '/root/Workspaces/rosgsthumble_ws/build/gst_bridge' returned '0': CMAKE_PREFIX_PATH=/root/Workspaces/rosgsthumble_ws/install/audio_msgs:/root/Workspaces/rosgsthumble_ws/install/webrtc_camera_node:/root/Workspaces/rosgsthumble_ws/install/gst_pipeline_plugins_webrtc:/root/Workspaces/rosgsthumble_ws/install/gst_pipeline_plugins:/root/Workspaces/rosgsthumble_ws/install/gst_pipeline:/root/Workspaces/rosgsthumble_ws/install/gst_msgs:/root/Workspaces/rosgsthumble_ws/install/gst_bridge:/root/Workspaces/rosgsthumble_ws/install/cpp_campub:/opt/ros/humble LD_LIBRARY_PATH=/root/Workspaces/rosgsthumble_ws/install/audio_msgs/lib:/root/Workspaces/rosgsthumble_ws/install/gst_pipeline_plugins_webrtc/lib:/root/Workspaces/rosgsthumble_ws/install/gst_pipeline_plugins/lib:/root/Workspaces/rosgsthumble_ws/install/gst_pipeline/lib:/root/Workspaces/rosgsthumble_ws/install/gst_msgs/lib:/root/Workspaces/rosgsthumble_ws/install/gst_bridge/lib:/usr/lib/x86_64-linux-gnu/gazebo-11/plugins:/opt/ros/humble/opt/rviz_ogre_vendor/lib:/opt/ros/humble/lib/x86_64-linux-gnu:/opt/ros/humble/lib /usr/bin/cmake --build /root/Workspaces/rosgsthumble_ws/build/gst_bridge -- -j16 -l16
[1.060s] DEBUG:colcon.colcon_core.event_handler.log_command:Invoking command in '/root/Workspaces/rosgsthumble_ws/build/gst_bridge': CMAKE_PREFIX_PATH=/root/Workspaces/rosgsthumble_ws/install/audio_msgs:/root/Workspaces/rosgsthumble_ws/install/webrtc_camera_node:/root/Workspaces/rosgsthumble_ws/install/gst_pipeline_plugins_webrtc:/root/Workspaces/rosgsthumble_ws/install/gst_pipeline_plugins:/root/Workspaces/rosgsthumble_ws/install/gst_pipeline:/root/Workspaces/rosgsthumble_ws/install/gst_msgs:/root/Workspaces/rosgsthumble_ws/install/gst_bridge:/root/Workspaces/rosgsthumble_ws/install/cpp_campub:/opt/ros/humble LD_LIBRARY_PATH=/root/Workspaces/rosgsthumble_ws/install/audio_msgs/lib:/root/Workspaces/rosgsthumble_ws/install/gst_pipeline_plugins_webrtc/lib:/root/Workspaces/rosgsthumble_ws/install/gst_pipeline_plugins/lib:/root/Workspaces/rosgsthumble_ws/install/gst_pipeline/lib:/root/Workspaces/rosgsthumble_ws/install/gst_msgs/lib:/root/Workspaces/rosgsthumble_ws/install/gst_bridge/lib:/usr/lib/x86_64-linux-gnu/gazebo-11/plugins:/opt/ros/humble/opt/rviz_ogre_vendor/lib:/opt/ros/humble/lib/x86_64-linux-gnu:/opt/ros/humble/lib /usr/bin/cmake --install /root/Workspaces/rosgsthumble_ws/build/gst_bridge
[1.081s] Level 1:colcon.colcon_core.environment:create_environment_scripts_only(gst_bridge)
[1.082s] Level 1:colcon.colcon_core.environment:checking '/root/Workspaces/rosgsthumble_ws/install/gst_bridge' for CMake module files
[1.082s] DEBUG:colcon.colcon_core.event_handler.log_command:Invoked command in '/root/Workspaces/rosgsthumble_ws/build/gst_bridge' returned '0': CMAKE_PREFIX_PATH=/root/Workspaces/rosgsthumble_ws/install/audio_msgs:/root/Workspaces/rosgsthumble_ws/install/webrtc_camera_node:/root/Workspaces/rosgsthumble_ws/install/gst_pipeline_plugins_webrtc:/root/Workspaces/rosgsthumble_ws/install/gst_pipeline_plugins:/root/Workspaces/rosgsthumble_ws/install/gst_pipeline:/root/Workspaces/rosgsthumble_ws/install/gst_msgs:/root/Workspaces/rosgsthumble_ws/install/gst_bridge:/root/Workspaces/rosgsthumble_ws/install/cpp_campub:/opt/ros/humble LD_LIBRARY_PATH=/root/Workspaces/rosgsthumble_ws/install/audio_msgs/lib:/root/Workspaces/rosgsthumble_ws/install/gst_pipeline_plugins_webrtc/lib:/root/Workspaces/rosgsthumble_ws/install/gst_pipeline_plugins/lib:/root/Workspaces/rosgsthumble_ws/install/gst_pipeline/lib:/root/Workspaces/rosgsthumble_ws/install/gst_msgs/lib:/root/Workspaces/rosgsthumble_ws/install/gst_bridge/lib:/usr/lib/x86_64-linux-gnu/gazebo-11/plugins:/opt/ros/humble/opt/rviz_ogre_vendor/lib:/opt/ros/humble/lib/x86_64-linux-gnu:/opt/ros/humble/lib /usr/bin/cmake --install /root/Workspaces/rosgsthumble_ws/build/gst_bridge
[1.082s] Level 1:colcon.colcon_core.environment:checking '/root/Workspaces/rosgsthumble_ws/install/gst_bridge' for CMake config files
[1.083s] Level 1:colcon.colcon_core.shell:create_environment_hook('gst_bridge', 'cmake_prefix_path')
[1.083s] INFO:colcon.colcon_core.shell:Creating environment hook '/root/Workspaces/rosgsthumble_ws/install/gst_bridge/share/gst_bridge/hook/cmake_prefix_path.ps1'
[1.083s] INFO:colcon.colcon_core.shell:Creating environment descriptor '/root/Workspaces/rosgsthumble_ws/install/gst_bridge/share/gst_bridge/hook/cmake_prefix_path.dsv'
[1.083s] INFO:colcon.colcon_core.shell:Creating environment hook '/root/Workspaces/rosgsthumble_ws/install/gst_bridge/share/gst_bridge/hook/cmake_prefix_path.sh'
[1.084s] Level 1:colcon.colcon_core.environment:checking '/root/Workspaces/rosgsthumble_ws/install/gst_bridge/lib'
[1.084s] Level 1:colcon.colcon_core.shell:create_environment_hook('gst_bridge', 'ld_library_path_lib')
[1.084s] INFO:colcon.colcon_core.shell:Creating environment hook '/root/Workspaces/rosgsthumble_ws/install/gst_bridge/share/gst_bridge/hook/ld_library_path_lib.ps1'
[1.084s] INFO:colcon.colcon_core.shell:Creating environment descriptor '/root/Workspaces/rosgsthumble_ws/install/gst_bridge/share/gst_bridge/hook/ld_library_path_lib.dsv'
[1.084s] INFO:colcon.colcon_core.shell:Creating environment hook '/root/Workspaces/rosgsthumble_ws/install/gst_bridge/share/gst_bridge/hook/ld_library_path_lib.sh'
[1.085s] Level 1:colcon.colcon_core.environment:checking '/root/Workspaces/rosgsthumble_ws/install/gst_bridge/bin'
[1.085s] Level 1:colcon.colcon_core.environment:checking '/root/Workspaces/rosgsthumble_ws/install/gst_bridge/lib/pkgconfig/gst_bridge.pc'
[1.085s] Level 1:colcon.colcon_core.environment:checking '/root/Workspaces/rosgsthumble_ws/install/gst_bridge/lib/python3.10/site-packages'
[1.085s] Level 1:colcon.colcon_core.environment:checking '/root/Workspaces/rosgsthumble_ws/install/gst_bridge/bin'
[1.085s] INFO:colcon.colcon_core.shell:Creating package script '/root/Workspaces/rosgsthumble_ws/install/gst_bridge/share/gst_bridge/package.ps1'
[1.086s] INFO:colcon.colcon_core.shell:Creating package descriptor '/root/Workspaces/rosgsthumble_ws/install/gst_bridge/share/gst_bridge/package.dsv'
[1.086s] INFO:colcon.colcon_core.shell:Creating package script '/root/Workspaces/rosgsthumble_ws/install/gst_bridge/share/gst_bridge/package.sh'
[1.086s] INFO:colcon.colcon_core.shell:Creating package script '/root/Workspaces/rosgsthumble_ws/install/gst_bridge/share/gst_bridge/package.bash'
[1.087s] INFO:colcon.colcon_core.shell:Creating package script '/root/Workspaces/rosgsthumble_ws/install/gst_bridge/share/gst_bridge/package.zsh'
[1.087s] Level 1:colcon.colcon_core.environment:create_file_with_runtime_dependencies(/root/Workspaces/rosgsthumble_ws/install/gst_bridge/share/colcon-core/packages/gst_bridge)
[1.087s] Level 1:colcon.colcon_core.environment:create_environment_scripts_only(gst_bridge)
[1.087s] Level 1:colcon.colcon_core.environment:checking '/root/Workspaces/rosgsthumble_ws/install/gst_bridge' for CMake module files
[1.088s] Level 1:colcon.colcon_core.environment:checking '/root/Workspaces/rosgsthumble_ws/install/gst_bridge' for CMake config files
[1.088s] Level 1:colcon.colcon_core.shell:create_environment_hook('gst_bridge', 'cmake_prefix_path')
[1.088s] INFO:colcon.colcon_core.shell:Creating environment hook '/root/Workspaces/rosgsthumble_ws/install/gst_bridge/share/gst_bridge/hook/cmake_prefix_path.ps1'
[1.088s] INFO:colcon.colcon_core.shell:Creating environment descriptor '/root/Workspaces/rosgsthumble_ws/install/gst_bridge/share/gst_bridge/hook/cmake_prefix_path.dsv'
[1.089s] INFO:colcon.colcon_core.shell:Creating environment hook '/root/Workspaces/rosgsthumble_ws/install/gst_bridge/share/gst_bridge/hook/cmake_prefix_path.sh'
[1.089s] Level 1:colcon.colcon_core.environment:checking '/root/Workspaces/rosgsthumble_ws/install/gst_bridge/lib'
[1.089s] Level 1:colcon.colcon_core.shell:create_environment_hook('gst_bridge', 'ld_library_path_lib')
[1.089s] INFO:colcon.colcon_core.shell:Creating environment hook '/root/Workspaces/rosgsthumble_ws/install/gst_bridge/share/gst_bridge/hook/ld_library_path_lib.ps1'
[1.090s] INFO:colcon.colcon_core.shell:Creating environment descriptor '/root/Workspaces/rosgsthumble_ws/install/gst_bridge/share/gst_bridge/hook/ld_library_path_lib.dsv'
[1.090s] INFO:colcon.colcon_core.shell:Creating environment hook '/root/Workspaces/rosgsthumble_ws/install/gst_bridge/share/gst_bridge/hook/ld_library_path_lib.sh'
[1.090s] Level 1:colcon.colcon_core.environment:checking '/root/Workspaces/rosgsthumble_ws/install/gst_bridge/bin'
[1.090s] Level 1:colcon.colcon_core.environment:checking '/root/Workspaces/rosgsthumble_ws/install/gst_bridge/lib/pkgconfig/gst_bridge.pc'
[1.090s] Level 1:colcon.colcon_core.environment:checking '/root/Workspaces/rosgsthumble_ws/install/gst_bridge/lib/python3.10/site-packages'
[1.090s] Level 1:colcon.colcon_core.environment:checking '/root/Workspaces/rosgsthumble_ws/install/gst_bridge/bin'
[1.091s] INFO:colcon.colcon_core.shell:Creating package script '/root/Workspaces/rosgsthumble_ws/install/gst_bridge/share/gst_bridge/package.ps1'
[1.091s] INFO:colcon.colcon_core.shell:Creating package descriptor '/root/Workspaces/rosgsthumble_ws/install/gst_bridge/share/gst_bridge/package.dsv'
[1.091s] INFO:colcon.colcon_core.shell:Creating package script '/root/Workspaces/rosgsthumble_ws/install/gst_bridge/share/gst_bridge/package.sh'
[1.092s] INFO:colcon.colcon_core.shell:Creating package script '/root/Workspaces/rosgsthumble_ws/install/gst_bridge/share/gst_bridge/package.bash'
[1.092s] INFO:colcon.colcon_core.shell:Creating package script '/root/Workspaces/rosgsthumble_ws/install/gst_bridge/share/gst_bridge/package.zsh'
[1.092s] Level 1:colcon.colcon_core.environment:create_file_with_runtime_dependencies(/root/Workspaces/rosgsthumble_ws/install/gst_bridge/share/colcon-core/packages/gst_bridge)
[1.093s] INFO:colcon.colcon_ros.task.ament_cmake.build:Building ROS package in '/root/Workspaces/rosgsthumble_ws/src/ros-gst-bridge/gst_pipeline' with build type 'ament_cmake'
[1.093s] INFO:colcon.colcon_cmake.task.cmake.build:Building CMake package in '/root/Workspaces/rosgsthumble_ws/src/ros-gst-bridge/gst_pipeline'
[1.093s] INFO:colcon.colcon_core.shell:Skip shell extension 'powershell' for command environment: Not usable outside of PowerShell
[1.093s] DEBUG:colcon.colcon_core.shell:Skip shell extension 'dsv' for command environment
[1.096s] INFO:colcon.colcon_ros.task.ament_cmake.build:Building ROS package in '/root/Workspaces/rosgsthumble_ws/src/webrtc_camera_node' with build type 'ament_cmake'
[1.096s] INFO:colcon.colcon_cmake.task.cmake.build:Building CMake package in '/root/Workspaces/rosgsthumble_ws/src/webrtc_camera_node'
[1.097s] INFO:colcon.colcon_core.shell:Skip shell extension 'powershell' for command environment: Not usable outside of PowerShell
[1.097s] DEBUG:colcon.colcon_core.shell:Skip shell extension 'dsv' for command environment
[1.109s] DEBUG:colcon.colcon_core.event_handler.log_command:Invoking command in '/root/Workspaces/rosgsthumble_ws/build/gst_pipeline': CMAKE_PREFIX_PATH=/root/Workspaces/rosgsthumble_ws/install/gst_bridge:/root/Workspaces/rosgsthumble_ws/install/gst_msgs:/root/Workspaces/rosgsthumble_ws/install/audio_msgs:/root/Workspaces/rosgsthumble_ws/install/webrtc_camera_node:/root/Workspaces/rosgsthumble_ws/install/gst_pipeline_plugins_webrtc:/root/Workspaces/rosgsthumble_ws/install/gst_pipeline_plugins:/root/Workspaces/rosgsthumble_ws/install/gst_pipeline:/root/Workspaces/rosgsthumble_ws/install/cpp_campub:/opt/ros/humble LD_LIBRARY_PATH=/root/Workspaces/rosgsthumble_ws/install/gst_bridge/lib:/root/Workspaces/rosgsthumble_ws/install/gst_msgs/lib:/root/Workspaces/rosgsthumble_ws/install/audio_msgs/lib:/root/Workspaces/rosgsthumble_ws/install/gst_pipeline_plugins_webrtc/lib:/root/Workspaces/rosgsthumble_ws/install/gst_pipeline_plugins/lib:/root/Workspaces/rosgsthumble_ws/install/gst_pipeline/lib:/usr/lib/x86_64-linux-gnu/gazebo-11/plugins:/opt/ros/humble/opt/rviz_ogre_vendor/lib:/opt/ros/humble/lib/x86_64-linux-gnu:/opt/ros/humble/lib /usr/bin/cmake --build /root/Workspaces/rosgsthumble_ws/build/gst_pipeline -- -j16 -l16
[1.111s] DEBUG:colcon.colcon_core.event_handler.log_command:Invoking command in '/root/Workspaces/rosgsthumble_ws/build/webrtc_camera_node': CMAKE_PREFIX_PATH=/root/Workspaces/rosgsthumble_ws/install/gst_bridge:/root/Workspaces/rosgsthumble_ws/install/audio_msgs:/root/Workspaces/rosgsthumble_ws/install/webrtc_camera_node:/root/Workspaces/rosgsthumble_ws/install/gst_pipeline_plugins_webrtc:/root/Workspaces/rosgsthumble_ws/install/gst_pipeline_plugins:/root/Workspaces/rosgsthumble_ws/install/gst_pipeline:/root/Workspaces/rosgsthumble_ws/install/gst_msgs:/root/Workspaces/rosgsthumble_ws/install/cpp_campub:/opt/ros/humble LD_LIBRARY_PATH=/root/Workspaces/rosgsthumble_ws/install/gst_bridge/lib:/root/Workspaces/rosgsthumble_ws/install/audio_msgs/lib:/root/Workspaces/rosgsthumble_ws/install/gst_pipeline_plugins_webrtc/lib:/root/Workspaces/rosgsthumble_ws/install/gst_pipeline_plugins/lib:/root/Workspaces/rosgsthumble_ws/install/gst_pipeline/lib:/root/Workspaces/rosgsthumble_ws/install/gst_msgs/lib:/usr/lib/x86_64-linux-gnu/gazebo-11/plugins:/opt/ros/humble/opt/rviz_ogre_vendor/lib:/opt/ros/humble/lib/x86_64-linux-gnu:/opt/ros/humble/lib /usr/bin/cmake --build /root/Workspaces/rosgsthumble_ws/build/webrtc_camera_node -- -j16 -l16
[1.219s] DEBUG:colcon.colcon_core.event_handler.log_command:Invoked command in '/root/Workspaces/rosgsthumble_ws/build/gst_pipeline' returned '0': CMAKE_PREFIX_PATH=/root/Workspaces/rosgsthumble_ws/install/gst_bridge:/root/Workspaces/rosgsthumble_ws/install/gst_msgs:/root/Workspaces/rosgsthumble_ws/install/audio_msgs:/root/Workspaces/rosgsthumble_ws/install/webrtc_camera_node:/root/Workspaces/rosgsthumble_ws/install/gst_pipeline_plugins_webrtc:/root/Workspaces/rosgsthumble_ws/install/gst_pipeline_plugins:/root/Workspaces/rosgsthumble_ws/install/gst_pipeline:/root/Workspaces/rosgsthumble_ws/install/cpp_campub:/opt/ros/humble LD_LIBRARY_PATH=/root/Workspaces/rosgsthumble_ws/install/gst_bridge/lib:/root/Workspaces/rosgsthumble_ws/install/gst_msgs/lib:/root/Workspaces/rosgsthumble_ws/install/audio_msgs/lib:/root/Workspaces/rosgsthumble_ws/install/gst_pipeline_plugins_webrtc/lib:/root/Workspaces/rosgsthumble_ws/install/gst_pipeline_plugins/lib:/root/Workspaces/rosgsthumble_ws/install/gst_pipeline/lib:/usr/lib/x86_64-linux-gnu/gazebo-11/plugins:/opt/ros/humble/opt/rviz_ogre_vendor/lib:/opt/ros/humble/lib/x86_64-linux-gnu:/opt/ros/humble/lib /usr/bin/cmake --build /root/Workspaces/rosgsthumble_ws/build/gst_pipeline -- -j16 -l16
[1.221s] DEBUG:colcon.colcon_core.event_handler.log_command:Invoking command in '/root/Workspaces/rosgsthumble_ws/build/gst_pipeline': CMAKE_PREFIX_PATH=/root/Workspaces/rosgsthumble_ws/install/gst_bridge:/root/Workspaces/rosgsthumble_ws/install/gst_msgs:/root/Workspaces/rosgsthumble_ws/install/audio_msgs:/root/Workspaces/rosgsthumble_ws/install/webrtc_camera_node:/root/Workspaces/rosgsthumble_ws/install/gst_pipeline_plugins_webrtc:/root/Workspaces/rosgsthumble_ws/install/gst_pipeline_plugins:/root/Workspaces/rosgsthumble_ws/install/gst_pipeline:/root/Workspaces/rosgsthumble_ws/install/cpp_campub:/opt/ros/humble LD_LIBRARY_PATH=/root/Workspaces/rosgsthumble_ws/install/gst_bridge/lib:/root/Workspaces/rosgsthumble_ws/install/gst_msgs/lib:/root/Workspaces/rosgsthumble_ws/install/audio_msgs/lib:/root/Workspaces/rosgsthumble_ws/install/gst_pipeline_plugins_webrtc/lib:/root/Workspaces/rosgsthumble_ws/install/gst_pipeline_plugins/lib:/root/Workspaces/rosgsthumble_ws/install/gst_pipeline/lib:/usr/lib/x86_64-linux-gnu/gazebo-11/plugins:/opt/ros/humble/opt/rviz_ogre_vendor/lib:/opt/ros/humble/lib/x86_64-linux-gnu:/opt/ros/humble/lib /usr/bin/cmake --install /root/Workspaces/rosgsthumble_ws/build/gst_pipeline
[1.246s] Level 1:colcon.colcon_core.environment:create_environment_scripts_only(gst_pipeline)
[1.246s] Level 1:colcon.colcon_core.environment:checking '/root/Workspaces/rosgsthumble_ws/install/gst_pipeline' for CMake module files
[1.246s] DEBUG:colcon.colcon_core.event_handler.log_command:Invoked command in '/root/Workspaces/rosgsthumble_ws/build/gst_pipeline' returned '0': CMAKE_PREFIX_PATH=/root/Workspaces/rosgsthumble_ws/install/gst_bridge:/root/Workspaces/rosgsthumble_ws/install/gst_msgs:/root/Workspaces/rosgsthumble_ws/install/audio_msgs:/root/Workspaces/rosgsthumble_ws/install/webrtc_camera_node:/root/Workspaces/rosgsthumble_ws/install/gst_pipeline_plugins_webrtc:/root/Workspaces/rosgsthumble_ws/install/gst_pipeline_plugins:/root/Workspaces/rosgsthumble_ws/install/gst_pipeline:/root/Workspaces/rosgsthumble_ws/install/cpp_campub:/opt/ros/humble LD_LIBRARY_PATH=/root/Workspaces/rosgsthumble_ws/install/gst_bridge/lib:/root/Workspaces/rosgsthumble_ws/install/gst_msgs/lib:/root/Workspaces/rosgsthumble_ws/install/audio_msgs/lib:/root/Workspaces/rosgsthumble_ws/install/gst_pipeline_plugins_webrtc/lib:/root/Workspaces/rosgsthumble_ws/install/gst_pipeline_plugins/lib:/root/Workspaces/rosgsthumble_ws/install/gst_pipeline/lib:/usr/lib/x86_64-linux-gnu/gazebo-11/plugins:/opt/ros/humble/opt/rviz_ogre_vendor/lib:/opt/ros/humble/lib/x86_64-linux-gnu:/opt/ros/humble/lib /usr/bin/cmake --install /root/Workspaces/rosgsthumble_ws/build/gst_pipeline
[1.247s] Level 1:colcon.colcon_core.environment:checking '/root/Workspaces/rosgsthumble_ws/install/gst_pipeline' for CMake config files
[1.247s] Level 1:colcon.colcon_core.shell:create_environment_hook('gst_pipeline', 'cmake_prefix_path')
[1.247s] INFO:colcon.colcon_core.shell:Creating environment hook '/root/Workspaces/rosgsthumble_ws/install/gst_pipeline/share/gst_pipeline/hook/cmake_prefix_path.ps1'
[1.248s] INFO:colcon.colcon_core.shell:Creating environment descriptor '/root/Workspaces/rosgsthumble_ws/install/gst_pipeline/share/gst_pipeline/hook/cmake_prefix_path.dsv'
[1.248s] INFO:colcon.colcon_core.shell:Creating environment hook '/root/Workspaces/rosgsthumble_ws/install/gst_pipeline/share/gst_pipeline/hook/cmake_prefix_path.sh'
[1.248s] Level 1:colcon.colcon_core.environment:checking '/root/Workspaces/rosgsthumble_ws/install/gst_pipeline/lib'
[1.248s] Level 1:colcon.colcon_core.shell:create_environment_hook('gst_pipeline', 'ld_library_path_lib')
[1.248s] INFO:colcon.colcon_core.shell:Creating environment hook '/root/Workspaces/rosgsthumble_ws/install/gst_pipeline/share/gst_pipeline/hook/ld_library_path_lib.ps1'
[1.249s] INFO:colcon.colcon_core.shell:Creating environment descriptor '/root/Workspaces/rosgsthumble_ws/install/gst_pipeline/share/gst_pipeline/hook/ld_library_path_lib.dsv'
[1.249s] INFO:colcon.colcon_core.shell:Creating environment hook '/root/Workspaces/rosgsthumble_ws/install/gst_pipeline/share/gst_pipeline/hook/ld_library_path_lib.sh'
[1.249s] Level 1:colcon.colcon_core.environment:checking '/root/Workspaces/rosgsthumble_ws/install/gst_pipeline/bin'
[1.249s] Level 1:colcon.colcon_core.environment:checking '/root/Workspaces/rosgsthumble_ws/install/gst_pipeline/lib/pkgconfig/gst_pipeline.pc'
[1.250s] Level 1:colcon.colcon_core.environment:checking '/root/Workspaces/rosgsthumble_ws/install/gst_pipeline/lib/python3.10/site-packages'
[1.250s] Level 1:colcon.colcon_core.environment:checking '/root/Workspaces/rosgsthumble_ws/install/gst_pipeline/bin'
[1.250s] INFO:colcon.colcon_core.shell:Creating package script '/root/Workspaces/rosgsthumble_ws/install/gst_pipeline/share/gst_pipeline/package.ps1'
[1.251s] INFO:colcon.colcon_core.shell:Creating package descriptor '/root/Workspaces/rosgsthumble_ws/install/gst_pipeline/share/gst_pipeline/package.dsv'
[1.251s] INFO:colcon.colcon_core.shell:Creating package script '/root/Workspaces/rosgsthumble_ws/install/gst_pipeline/share/gst_pipeline/package.sh'
[1.251s] INFO:colcon.colcon_core.shell:Creating package script '/root/Workspaces/rosgsthumble_ws/install/gst_pipeline/share/gst_pipeline/package.bash'
[1.251s] INFO:colcon.colcon_core.shell:Creating package script '/root/Workspaces/rosgsthumble_ws/install/gst_pipeline/share/gst_pipeline/package.zsh'
[1.252s] Level 1:colcon.colcon_core.environment:create_file_with_runtime_dependencies(/root/Workspaces/rosgsthumble_ws/install/gst_pipeline/share/colcon-core/packages/gst_pipeline)
[1.252s] Level 1:colcon.colcon_core.environment:create_environment_scripts_only(gst_pipeline)
[1.252s] Level 1:colcon.colcon_core.environment:checking '/root/Workspaces/rosgsthumble_ws/install/gst_pipeline' for CMake module files
[1.253s] Level 1:colcon.colcon_core.environment:checking '/root/Workspaces/rosgsthumble_ws/install/gst_pipeline' for CMake config files
[1.253s] Level 1:colcon.colcon_core.shell:create_environment_hook('gst_pipeline', 'cmake_prefix_path')
[1.253s] INFO:colcon.colcon_core.shell:Creating environment hook '/root/Workspaces/rosgsthumble_ws/install/gst_pipeline/share/gst_pipeline/hook/cmake_prefix_path.ps1'
[1.253s] INFO:colcon.colcon_core.shell:Creating environment descriptor '/root/Workspaces/rosgsthumble_ws/install/gst_pipeline/share/gst_pipeline/hook/cmake_prefix_path.dsv'
[1.254s] INFO:colcon.colcon_core.shell:Creating environment hook '/root/Workspaces/rosgsthumble_ws/install/gst_pipeline/share/gst_pipeline/hook/cmake_prefix_path.sh'
[1.254s] Level 1:colcon.colcon_core.environment:checking '/root/Workspaces/rosgsthumble_ws/install/gst_pipeline/lib'
[1.254s] Level 1:colcon.colcon_core.shell:create_environment_hook('gst_pipeline', 'ld_library_path_lib')
[1.254s] INFO:colcon.colcon_core.shell:Creating environment hook '/root/Workspaces/rosgsthumble_ws/install/gst_pipeline/share/gst_pipeline/hook/ld_library_path_lib.ps1'
[1.254s] INFO:colcon.colcon_core.shell:Creating environment descriptor '/root/Workspaces/rosgsthumble_ws/install/gst_pipeline/share/gst_pipeline/hook/ld_library_path_lib.dsv'
[1.255s] INFO:colcon.colcon_core.shell:Creating environment hook '/root/Workspaces/rosgsthumble_ws/install/gst_pipeline/share/gst_pipeline/hook/ld_library_path_lib.sh'
[1.255s] Level 1:colcon.colcon_core.environment:checking '/root/Workspaces/rosgsthumble_ws/install/gst_pipeline/bin'
[1.255s] Level 1:colcon.colcon_core.environment:checking '/root/Workspaces/rosgsthumble_ws/install/gst_pipeline/lib/pkgconfig/gst_pipeline.pc'
[1.255s] Level 1:colcon.colcon_core.environment:checking '/root/Workspaces/rosgsthumble_ws/install/gst_pipeline/lib/python3.10/site-packages'
[1.255s] Level 1:colcon.colcon_core.environment:checking '/root/Workspaces/rosgsthumble_ws/install/gst_pipeline/bin'
[1.255s] INFO:colcon.colcon_core.shell:Creating package script '/root/Workspaces/rosgsthumble_ws/install/gst_pipeline/share/gst_pipeline/package.ps1'
[1.256s] INFO:colcon.colcon_core.shell:Creating package descriptor '/root/Workspaces/rosgsthumble_ws/install/gst_pipeline/share/gst_pipeline/package.dsv'
[1.256s] INFO:colcon.colcon_core.shell:Creating package script '/root/Workspaces/rosgsthumble_ws/install/gst_pipeline/share/gst_pipeline/package.sh'
[1.256s] INFO:colcon.colcon_core.shell:Creating package script '/root/Workspaces/rosgsthumble_ws/install/gst_pipeline/share/gst_pipeline/package.bash'
[1.257s] INFO:colcon.colcon_core.shell:Creating package script '/root/Workspaces/rosgsthumble_ws/install/gst_pipeline/share/gst_pipeline/package.zsh'
[1.257s] Level 1:colcon.colcon_core.environment:create_file_with_runtime_dependencies(/root/Workspaces/rosgsthumble_ws/install/gst_pipeline/share/colcon-core/packages/gst_pipeline)
[1.257s] INFO:colcon.colcon_ros.task.ament_cmake.build:Building ROS package in '/root/Workspaces/rosgsthumble_ws/src/ros-gst-bridge/gst_pipeline_plugins' with build type 'ament_cmake'
[1.257s] INFO:colcon.colcon_cmake.task.cmake.build:Building CMake package in '/root/Workspaces/rosgsthumble_ws/src/ros-gst-bridge/gst_pipeline_plugins'
[1.258s] INFO:colcon.colcon_core.shell:Skip shell extension 'powershell' for command environment: Not usable outside of PowerShell
[1.258s] DEBUG:colcon.colcon_core.shell:Skip shell extension 'dsv' for command environment
[1.261s] INFO:colcon.colcon_ros.task.ament_cmake.build:Building ROS package in '/root/Workspaces/rosgsthumble_ws/src/ros-gst-bridge/gst_pipeline_plugins_webrtc' with build type 'ament_cmake'
[1.261s] INFO:colcon.colcon_cmake.task.cmake.build:Building CMake package in '/root/Workspaces/rosgsthumble_ws/src/ros-gst-bridge/gst_pipeline_plugins_webrtc'
[1.261s] INFO:colcon.colcon_core.shell:Skip shell extension 'powershell' for command environment: Not usable outside of PowerShell
[1.261s] DEBUG:colcon.colcon_core.shell:Skip shell extension 'dsv' for command environment
[1.274s] DEBUG:colcon.colcon_core.event_handler.log_command:Invoking command in '/root/Workspaces/rosgsthumble_ws/build/gst_pipeline_plugins': CMAKE_PREFIX_PATH=/root/Workspaces/rosgsthumble_ws/install/gst_pipeline:/root/Workspaces/rosgsthumble_ws/install/gst_bridge:/root/Workspaces/rosgsthumble_ws/install/gst_msgs:/root/Workspaces/rosgsthumble_ws/install/audio_msgs:/root/Workspaces/rosgsthumble_ws/install/webrtc_camera_node:/root/Workspaces/rosgsthumble_ws/install/gst_pipeline_plugins_webrtc:/root/Workspaces/rosgsthumble_ws/install/gst_pipeline_plugins:/root/Workspaces/rosgsthumble_ws/install/cpp_campub:/opt/ros/humble LD_LIBRARY_PATH=/root/Workspaces/rosgsthumble_ws/install/gst_pipeline/lib:/root/Workspaces/rosgsthumble_ws/install/gst_bridge/lib:/root/Workspaces/rosgsthumble_ws/install/gst_msgs/lib:/root/Workspaces/rosgsthumble_ws/install/audio_msgs/lib:/root/Workspaces/rosgsthumble_ws/install/gst_pipeline_plugins_webrtc/lib:/root/Workspaces/rosgsthumble_ws/install/gst_pipeline_plugins/lib:/usr/lib/x86_64-linux-gnu/gazebo-11/plugins:/opt/ros/humble/opt/rviz_ogre_vendor/lib:/opt/ros/humble/lib/x86_64-linux-gnu:/opt/ros/humble/lib /usr/bin/cmake --build /root/Workspaces/rosgsthumble_ws/build/gst_pipeline_plugins -- -j16 -l16
[1.278s] DEBUG:colcon.colcon_core.event_handler.log_command:Invoking command in '/root/Workspaces/rosgsthumble_ws/build/gst_pipeline_plugins_webrtc': CMAKE_PREFIX_PATH=/root/Workspaces/rosgsthumble_ws/install/gst_pipeline:/root/Workspaces/rosgsthumble_ws/install/gst_bridge:/root/Workspaces/rosgsthumble_ws/install/gst_msgs:/root/Workspaces/rosgsthumble_ws/install/audio_msgs:/root/Workspaces/rosgsthumble_ws/install/webrtc_camera_node:/root/Workspaces/rosgsthumble_ws/install/gst_pipeline_plugins_webrtc:/root/Workspaces/rosgsthumble_ws/install/gst_pipeline_plugins:/root/Workspaces/rosgsthumble_ws/install/cpp_campub:/opt/ros/humble LD_LIBRARY_PATH=/root/Workspaces/rosgsthumble_ws/install/gst_pipeline/lib:/root/Workspaces/rosgsthumble_ws/install/gst_bridge/lib:/root/Workspaces/rosgsthumble_ws/install/gst_msgs/lib:/root/Workspaces/rosgsthumble_ws/install/audio_msgs/lib:/root/Workspaces/rosgsthumble_ws/install/gst_pipeline_plugins_webrtc/lib:/root/Workspaces/rosgsthumble_ws/install/gst_pipeline_plugins/lib:/usr/lib/x86_64-linux-gnu/gazebo-11/plugins:/opt/ros/humble/opt/rviz_ogre_vendor/lib:/opt/ros/humble/lib/x86_64-linux-gnu:/opt/ros/humble/lib /usr/bin/cmake --build /root/Workspaces/rosgsthumble_ws/build/gst_pipeline_plugins_webrtc -- -j16 -l16
[1.361s] DEBUG:colcon.colcon_core.event_handler.log_command:Invoked command in '/root/Workspaces/rosgsthumble_ws/build/gst_pipeline_plugins_webrtc' returned '0': CMAKE_PREFIX_PATH=/root/Workspaces/rosgsthumble_ws/install/gst_pipeline:/root/Workspaces/rosgsthumble_ws/install/gst_bridge:/root/Workspaces/rosgsthumble_ws/install/gst_msgs:/root/Workspaces/rosgsthumble_ws/install/audio_msgs:/root/Workspaces/rosgsthumble_ws/install/webrtc_camera_node:/root/Workspaces/rosgsthumble_ws/install/gst_pipeline_plugins_webrtc:/root/Workspaces/rosgsthumble_ws/install/gst_pipeline_plugins:/root/Workspaces/rosgsthumble_ws/install/cpp_campub:/opt/ros/humble LD_LIBRARY_PATH=/root/Workspaces/rosgsthumble_ws/install/gst_pipeline/lib:/root/Workspaces/rosgsthumble_ws/install/gst_bridge/lib:/root/Workspaces/rosgsthumble_ws/install/gst_msgs/lib:/root/Workspaces/rosgsthumble_ws/install/audio_msgs/lib:/root/Workspaces/rosgsthumble_ws/install/gst_pipeline_plugins_webrtc/lib:/root/Workspaces/rosgsthumble_ws/install/gst_pipeline_plugins/lib:/usr/lib/x86_64-linux-gnu/gazebo-11/plugins:/opt/ros/humble/opt/rviz_ogre_vendor/lib:/opt/ros/humble/lib/x86_64-linux-gnu:/opt/ros/humble/lib /usr/bin/cmake --build /root/Workspaces/rosgsthumble_ws/build/gst_pipeline_plugins_webrtc -- -j16 -l16
[1.363s] DEBUG:colcon.colcon_core.event_handler.log_command:Invoking command in '/root/Workspaces/rosgsthumble_ws/build/gst_pipeline_plugins_webrtc': CMAKE_PREFIX_PATH=/root/Workspaces/rosgsthumble_ws/install/gst_pipeline:/root/Workspaces/rosgsthumble_ws/install/gst_bridge:/root/Workspaces/rosgsthumble_ws/install/gst_msgs:/root/Workspaces/rosgsthumble_ws/install/audio_msgs:/root/Workspaces/rosgsthumble_ws/install/webrtc_camera_node:/root/Workspaces/rosgsthumble_ws/install/gst_pipeline_plugins_webrtc:/root/Workspaces/rosgsthumble_ws/install/gst_pipeline_plugins:/root/Workspaces/rosgsthumble_ws/install/cpp_campub:/opt/ros/humble LD_LIBRARY_PATH=/root/Workspaces/rosgsthumble_ws/install/gst_pipeline/lib:/root/Workspaces/rosgsthumble_ws/install/gst_bridge/lib:/root/Workspaces/rosgsthumble_ws/install/gst_msgs/lib:/root/Workspaces/rosgsthumble_ws/install/audio_msgs/lib:/root/Workspaces/rosgsthumble_ws/install/gst_pipeline_plugins_webrtc/lib:/root/Workspaces/rosgsthumble_ws/install/gst_pipeline_plugins/lib:/usr/lib/x86_64-linux-gnu/gazebo-11/plugins:/opt/ros/humble/opt/rviz_ogre_vendor/lib:/opt/ros/humble/lib/x86_64-linux-gnu:/opt/ros/humble/lib /usr/bin/cmake --install /root/Workspaces/rosgsthumble_ws/build/gst_pipeline_plugins_webrtc
[1.380s] DEBUG:colcon.colcon_core.event_handler.log_command:Invoked command in '/root/Workspaces/rosgsthumble_ws/build/gst_pipeline_plugins' returned '0': CMAKE_PREFIX_PATH=/root/Workspaces/rosgsthumble_ws/install/gst_pipeline:/root/Workspaces/rosgsthumble_ws/install/gst_bridge:/root/Workspaces/rosgsthumble_ws/install/gst_msgs:/root/Workspaces/rosgsthumble_ws/install/audio_msgs:/root/Workspaces/rosgsthumble_ws/install/webrtc_camera_node:/root/Workspaces/rosgsthumble_ws/install/gst_pipeline_plugins_webrtc:/root/Workspaces/rosgsthumble_ws/install/gst_pipeline_plugins:/root/Workspaces/rosgsthumble_ws/install/cpp_campub:/opt/ros/humble LD_LIBRARY_PATH=/root/Workspaces/rosgsthumble_ws/install/gst_pipeline/lib:/root/Workspaces/rosgsthumble_ws/install/gst_bridge/lib:/root/Workspaces/rosgsthumble_ws/install/gst_msgs/lib:/root/Workspaces/rosgsthumble_ws/install/audio_msgs/lib:/root/Workspaces/rosgsthumble_ws/install/gst_pipeline_plugins_webrtc/lib:/root/Workspaces/rosgsthumble_ws/install/gst_pipeline_plugins/lib:/usr/lib/x86_64-linux-gnu/gazebo-11/plugins:/opt/ros/humble/opt/rviz_ogre_vendor/lib:/opt/ros/humble/lib/x86_64-linux-gnu:/opt/ros/humble/lib /usr/bin/cmake --build /root/Workspaces/rosgsthumble_ws/build/gst_pipeline_plugins -- -j16 -l16
[1.381s] DEBUG:colcon.colcon_core.event_handler.log_command:Invoking command in '/root/Workspaces/rosgsthumble_ws/build/gst_pipeline_plugins': CMAKE_PREFIX_PATH=/root/Workspaces/rosgsthumble_ws/install/gst_pipeline:/root/Workspaces/rosgsthumble_ws/install/gst_bridge:/root/Workspaces/rosgsthumble_ws/install/gst_msgs:/root/Workspaces/rosgsthumble_ws/install/audio_msgs:/root/Workspaces/rosgsthumble_ws/install/webrtc_camera_node:/root/Workspaces/rosgsthumble_ws/install/gst_pipeline_plugins_webrtc:/root/Workspaces/rosgsthumble_ws/install/gst_pipeline_plugins:/root/Workspaces/rosgsthumble_ws/install/cpp_campub:/opt/ros/humble LD_LIBRARY_PATH=/root/Workspaces/rosgsthumble_ws/install/gst_pipeline/lib:/root/Workspaces/rosgsthumble_ws/install/gst_bridge/lib:/root/Workspaces/rosgsthumble_ws/install/gst_msgs/lib:/root/Workspaces/rosgsthumble_ws/install/audio_msgs/lib:/root/Workspaces/rosgsthumble_ws/install/gst_pipeline_plugins_webrtc/lib:/root/Workspaces/rosgsthumble_ws/install/gst_pipeline_plugins/lib:/usr/lib/x86_64-linux-gnu/gazebo-11/plugins:/opt/ros/humble/opt/rviz_ogre_vendor/lib:/opt/ros/humble/lib/x86_64-linux-gnu:/opt/ros/humble/lib /usr/bin/cmake --install /root/Workspaces/rosgsthumble_ws/build/gst_pipeline_plugins
[1.386s] Level 1:colcon.colcon_core.environment:create_environment_scripts_only(gst_pipeline_plugins_webrtc)
[1.386s] Level 1:colcon.colcon_core.environment:checking '/root/Workspaces/rosgsthumble_ws/install/gst_pipeline_plugins_webrtc' for CMake module files
[1.386s] DEBUG:colcon.colcon_core.event_handler.log_command:Invoked command in '/root/Workspaces/rosgsthumble_ws/build/gst_pipeline_plugins_webrtc' returned '0': CMAKE_PREFIX_PATH=/root/Workspaces/rosgsthumble_ws/install/gst_pipeline:/root/Workspaces/rosgsthumble_ws/install/gst_bridge:/root/Workspaces/rosgsthumble_ws/install/gst_msgs:/root/Workspaces/rosgsthumble_ws/install/audio_msgs:/root/Workspaces/rosgsthumble_ws/install/webrtc_camera_node:/root/Workspaces/rosgsthumble_ws/install/gst_pipeline_plugins_webrtc:/root/Workspaces/rosgsthumble_ws/install/gst_pipeline_plugins:/root/Workspaces/rosgsthumble_ws/install/cpp_campub:/opt/ros/humble LD_LIBRARY_PATH=/root/Workspaces/rosgsthumble_ws/install/gst_pipeline/lib:/root/Workspaces/rosgsthumble_ws/install/gst_bridge/lib:/root/Workspaces/rosgsthumble_ws/install/gst_msgs/lib:/root/Workspaces/rosgsthumble_ws/install/audio_msgs/lib:/root/Workspaces/rosgsthumble_ws/install/gst_pipeline_plugins_webrtc/lib:/root/Workspaces/rosgsthumble_ws/install/gst_pipeline_plugins/lib:/usr/lib/x86_64-linux-gnu/gazebo-11/plugins:/opt/ros/humble/opt/rviz_ogre_vendor/lib:/opt/ros/humble/lib/x86_64-linux-gnu:/opt/ros/humble/lib /usr/bin/cmake --install /root/Workspaces/rosgsthumble_ws/build/gst_pipeline_plugins_webrtc
[1.387s] Level 1:colcon.colcon_core.environment:checking '/root/Workspaces/rosgsthumble_ws/install/gst_pipeline_plugins_webrtc' for CMake config files
[1.387s] Level 1:colcon.colcon_core.shell:create_environment_hook('gst_pipeline_plugins_webrtc', 'cmake_prefix_path')
[1.387s] INFO:colcon.colcon_core.shell:Creating environment hook '/root/Workspaces/rosgsthumble_ws/install/gst_pipeline_plugins_webrtc/share/gst_pipeline_plugins_webrtc/hook/cmake_prefix_path.ps1'
[1.387s] INFO:colcon.colcon_core.shell:Creating environment descriptor '/root/Workspaces/rosgsthumble_ws/install/gst_pipeline_plugins_webrtc/share/gst_pipeline_plugins_webrtc/hook/cmake_prefix_path.dsv'
[1.388s] INFO:colcon.colcon_core.shell:Creating environment hook '/root/Workspaces/rosgsthumble_ws/install/gst_pipeline_plugins_webrtc/share/gst_pipeline_plugins_webrtc/hook/cmake_prefix_path.sh'
[1.388s] Level 1:colcon.colcon_core.environment:checking '/root/Workspaces/rosgsthumble_ws/install/gst_pipeline_plugins_webrtc/lib'
[1.388s] Level 1:colcon.colcon_core.shell:create_environment_hook('gst_pipeline_plugins_webrtc', 'ld_library_path_lib')
[1.388s] INFO:colcon.colcon_core.shell:Creating environment hook '/root/Workspaces/rosgsthumble_ws/install/gst_pipeline_plugins_webrtc/share/gst_pipeline_plugins_webrtc/hook/ld_library_path_lib.ps1'
[1.389s] INFO:colcon.colcon_core.shell:Creating environment descriptor '/root/Workspaces/rosgsthumble_ws/install/gst_pipeline_plugins_webrtc/share/gst_pipeline_plugins_webrtc/hook/ld_library_path_lib.dsv'
[1.390s] INFO:colcon.colcon_core.shell:Creating environment hook '/root/Workspaces/rosgsthumble_ws/install/gst_pipeline_plugins_webrtc/share/gst_pipeline_plugins_webrtc/hook/ld_library_path_lib.sh'
[1.391s] Level 1:colcon.colcon_core.environment:checking '/root/Workspaces/rosgsthumble_ws/install/gst_pipeline_plugins_webrtc/bin'
[1.391s] Level 1:colcon.colcon_core.environment:checking '/root/Workspaces/rosgsthumble_ws/install/gst_pipeline_plugins_webrtc/lib/pkgconfig/gst_pipeline_plugins_webrtc.pc'
[1.391s] Level 1:colcon.colcon_core.environment:checking '/root/Workspaces/rosgsthumble_ws/install/gst_pipeline_plugins_webrtc/lib/python3.10/site-packages'
[1.392s] Level 1:colcon.colcon_core.environment:checking '/root/Workspaces/rosgsthumble_ws/install/gst_pipeline_plugins_webrtc/bin'
[1.392s] INFO:colcon.colcon_core.shell:Creating package script '/root/Workspaces/rosgsthumble_ws/install/gst_pipeline_plugins_webrtc/share/gst_pipeline_plugins_webrtc/package.ps1'
[1.393s] INFO:colcon.colcon_core.shell:Creating package descriptor '/root/Workspaces/rosgsthumble_ws/install/gst_pipeline_plugins_webrtc/share/gst_pipeline_plugins_webrtc/package.dsv'
[1.393s] INFO:colcon.colcon_core.shell:Creating package script '/root/Workspaces/rosgsthumble_ws/install/gst_pipeline_plugins_webrtc/share/gst_pipeline_plugins_webrtc/package.sh'
[1.393s] INFO:colcon.colcon_core.shell:Creating package script '/root/Workspaces/rosgsthumble_ws/install/gst_pipeline_plugins_webrtc/share/gst_pipeline_plugins_webrtc/package.bash'
[1.393s] INFO:colcon.colcon_core.shell:Creating package script '/root/Workspaces/rosgsthumble_ws/install/gst_pipeline_plugins_webrtc/share/gst_pipeline_plugins_webrtc/package.zsh'
[1.394s] Level 1:colcon.colcon_core.environment:create_file_with_runtime_dependencies(/root/Workspaces/rosgsthumble_ws/install/gst_pipeline_plugins_webrtc/share/colcon-core/packages/gst_pipeline_plugins_webrtc)
[1.394s] Level 1:colcon.colcon_core.environment:create_environment_scripts_only(gst_pipeline_plugins_webrtc)
[1.394s] Level 1:colcon.colcon_core.environment:checking '/root/Workspaces/rosgsthumble_ws/install/gst_pipeline_plugins_webrtc' for CMake module files
[1.395s] Level 1:colcon.colcon_core.environment:checking '/root/Workspaces/rosgsthumble_ws/install/gst_pipeline_plugins_webrtc' for CMake config files
[1.395s] Level 1:colcon.colcon_core.shell:create_environment_hook('gst_pipeline_plugins_webrtc', 'cmake_prefix_path')
[1.395s] INFO:colcon.colcon_core.shell:Creating environment hook '/root/Workspaces/rosgsthumble_ws/install/gst_pipeline_plugins_webrtc/share/gst_pipeline_plugins_webrtc/hook/cmake_prefix_path.ps1'
[1.395s] INFO:colcon.colcon_core.shell:Creating environment descriptor '/root/Workspaces/rosgsthumble_ws/install/gst_pipeline_plugins_webrtc/share/gst_pipeline_plugins_webrtc/hook/cmake_prefix_path.dsv'
[1.396s] INFO:colcon.colcon_core.shell:Creating environment hook '/root/Workspaces/rosgsthumble_ws/install/gst_pipeline_plugins_webrtc/share/gst_pipeline_plugins_webrtc/hook/cmake_prefix_path.sh'
[1.396s] Level 1:colcon.colcon_core.environment:checking '/root/Workspaces/rosgsthumble_ws/install/gst_pipeline_plugins_webrtc/lib'
[1.396s] Level 1:colcon.colcon_core.shell:create_environment_hook('gst_pipeline_plugins_webrtc', 'ld_library_path_lib')
[1.396s] INFO:colcon.colcon_core.shell:Creating environment hook '/root/Workspaces/rosgsthumble_ws/install/gst_pipeline_plugins_webrtc/share/gst_pipeline_plugins_webrtc/hook/ld_library_path_lib.ps1'
[1.396s] INFO:colcon.colcon_core.shell:Creating environment descriptor '/root/Workspaces/rosgsthumble_ws/install/gst_pipeline_plugins_webrtc/share/gst_pipeline_plugins_webrtc/hook/ld_library_path_lib.dsv'
[1.397s] INFO:colcon.colcon_core.shell:Creating environment hook '/root/Workspaces/rosgsthumble_ws/install/gst_pipeline_plugins_webrtc/share/gst_pipeline_plugins_webrtc/hook/ld_library_path_lib.sh'
[1.397s] Level 1:colcon.colcon_core.environment:checking '/root/Workspaces/rosgsthumble_ws/install/gst_pipeline_plugins_webrtc/bin'
[1.397s] Level 1:colcon.colcon_core.environment:checking '/root/Workspaces/rosgsthumble_ws/install/gst_pipeline_plugins_webrtc/lib/pkgconfig/gst_pipeline_plugins_webrtc.pc'
[1.397s] Level 1:colcon.colcon_core.environment:checking '/root/Workspaces/rosgsthumble_ws/install/gst_pipeline_plugins_webrtc/lib/python3.10/site-packages'
[1.397s] Level 1:colcon.colcon_core.environment:checking '/root/Workspaces/rosgsthumble_ws/install/gst_pipeline_plugins_webrtc/bin'
[1.398s] INFO:colcon.colcon_core.shell:Creating package script '/root/Workspaces/rosgsthumble_ws/install/gst_pipeline_plugins_webrtc/share/gst_pipeline_plugins_webrtc/package.ps1'
[1.398s] INFO:colcon.colcon_core.shell:Creating package descriptor '/root/Workspaces/rosgsthumble_ws/install/gst_pipeline_plugins_webrtc/share/gst_pipeline_plugins_webrtc/package.dsv'
[1.398s] INFO:colcon.colcon_core.shell:Creating package script '/root/Workspaces/rosgsthumble_ws/install/gst_pipeline_plugins_webrtc/share/gst_pipeline_plugins_webrtc/package.sh'
[1.399s] INFO:colcon.colcon_core.shell:Creating package script '/root/Workspaces/rosgsthumble_ws/install/gst_pipeline_plugins_webrtc/share/gst_pipeline_plugins_webrtc/package.bash'
[1.399s] INFO:colcon.colcon_core.shell:Creating package script '/root/Workspaces/rosgsthumble_ws/install/gst_pipeline_plugins_webrtc/share/gst_pipeline_plugins_webrtc/package.zsh'
[1.399s] Level 1:colcon.colcon_core.environment:create_file_with_runtime_dependencies(/root/Workspaces/rosgsthumble_ws/install/gst_pipeline_plugins_webrtc/share/colcon-core/packages/gst_pipeline_plugins_webrtc)
[1.404s] Level 1:colcon.colcon_core.environment:create_environment_scripts_only(gst_pipeline_plugins)
[1.405s] Level 1:colcon.colcon_core.environment:checking '/root/Workspaces/rosgsthumble_ws/install/gst_pipeline_plugins' for CMake module files
[1.405s] DEBUG:colcon.colcon_core.event_handler.log_command:Invoked command in '/root/Workspaces/rosgsthumble_ws/build/gst_pipeline_plugins' returned '0': CMAKE_PREFIX_PATH=/root/Workspaces/rosgsthumble_ws/install/gst_pipeline:/root/Workspaces/rosgsthumble_ws/install/gst_bridge:/root/Workspaces/rosgsthumble_ws/install/gst_msgs:/root/Workspaces/rosgsthumble_ws/install/audio_msgs:/root/Workspaces/rosgsthumble_ws/install/webrtc_camera_node:/root/Workspaces/rosgsthumble_ws/install/gst_pipeline_plugins_webrtc:/root/Workspaces/rosgsthumble_ws/install/gst_pipeline_plugins:/root/Workspaces/rosgsthumble_ws/install/cpp_campub:/opt/ros/humble LD_LIBRARY_PATH=/root/Workspaces/rosgsthumble_ws/install/gst_pipeline/lib:/root/Workspaces/rosgsthumble_ws/install/gst_bridge/lib:/root/Workspaces/rosgsthumble_ws/install/gst_msgs/lib:/root/Workspaces/rosgsthumble_ws/install/audio_msgs/lib:/root/Workspaces/rosgsthumble_ws/install/gst_pipeline_plugins_webrtc/lib:/root/Workspaces/rosgsthumble_ws/install/gst_pipeline_plugins/lib:/usr/lib/x86_64-linux-gnu/gazebo-11/plugins:/opt/ros/humble/opt/rviz_ogre_vendor/lib:/opt/ros/humble/lib/x86_64-linux-gnu:/opt/ros/humble/lib /usr/bin/cmake --install /root/Workspaces/rosgsthumble_ws/build/gst_pipeline_plugins
[1.405s] Level 1:colcon.colcon_core.environment:checking '/root/Workspaces/rosgsthumble_ws/install/gst_pipeline_plugins' for CMake config files
[1.405s] Level 1:colcon.colcon_core.shell:create_environment_hook('gst_pipeline_plugins', 'cmake_prefix_path')
[1.406s] INFO:colcon.colcon_core.shell:Creating environment hook '/root/Workspaces/rosgsthumble_ws/install/gst_pipeline_plugins/share/gst_pipeline_plugins/hook/cmake_prefix_path.ps1'
[1.406s] INFO:colcon.colcon_core.shell:Creating environment descriptor '/root/Workspaces/rosgsthumble_ws/install/gst_pipeline_plugins/share/gst_pipeline_plugins/hook/cmake_prefix_path.dsv'
[1.406s] INFO:colcon.colcon_core.shell:Creating environment hook '/root/Workspaces/rosgsthumble_ws/install/gst_pipeline_plugins/share/gst_pipeline_plugins/hook/cmake_prefix_path.sh'
[1.407s] Level 1:colcon.colcon_core.environment:checking '/root/Workspaces/rosgsthumble_ws/install/gst_pipeline_plugins/lib'
[1.407s] Level 1:colcon.colcon_core.shell:create_environment_hook('gst_pipeline_plugins', 'ld_library_path_lib')
[1.407s] INFO:colcon.colcon_core.shell:Creating environment hook '/root/Workspaces/rosgsthumble_ws/install/gst_pipeline_plugins/share/gst_pipeline_plugins/hook/ld_library_path_lib.ps1'
[1.407s] INFO:colcon.colcon_core.shell:Creating environment descriptor '/root/Workspaces/rosgsthumble_ws/install/gst_pipeline_plugins/share/gst_pipeline_plugins/hook/ld_library_path_lib.dsv'
[1.407s] INFO:colcon.colcon_core.shell:Creating environment hook '/root/Workspaces/rosgsthumble_ws/install/gst_pipeline_plugins/share/gst_pipeline_plugins/hook/ld_library_path_lib.sh'
[1.408s] Level 1:colcon.colcon_core.environment:checking '/root/Workspaces/rosgsthumble_ws/install/gst_pipeline_plugins/bin'
[1.408s] Level 1:colcon.colcon_core.environment:checking '/root/Workspaces/rosgsthumble_ws/install/gst_pipeline_plugins/lib/pkgconfig/gst_pipeline_plugins.pc'
[1.408s] Level 1:colcon.colcon_core.environment:checking '/root/Workspaces/rosgsthumble_ws/install/gst_pipeline_plugins/lib/python3.10/site-packages'
[1.408s] Level 1:colcon.colcon_core.environment:checking '/root/Workspaces/rosgsthumble_ws/install/gst_pipeline_plugins/bin'
[1.408s] INFO:colcon.colcon_core.shell:Creating package script '/root/Workspaces/rosgsthumble_ws/install/gst_pipeline_plugins/share/gst_pipeline_plugins/package.ps1'
[1.409s] INFO:colcon.colcon_core.shell:Creating package descriptor '/root/Workspaces/rosgsthumble_ws/install/gst_pipeline_plugins/share/gst_pipeline_plugins/package.dsv'
[1.409s] INFO:colcon.colcon_core.shell:Creating package script '/root/Workspaces/rosgsthumble_ws/install/gst_pipeline_plugins/share/gst_pipeline_plugins/package.sh'
[1.409s] INFO:colcon.colcon_core.shell:Creating package script '/root/Workspaces/rosgsthumble_ws/install/gst_pipeline_plugins/share/gst_pipeline_plugins/package.bash'
[1.410s] INFO:colcon.colcon_core.shell:Creating package script '/root/Workspaces/rosgsthumble_ws/install/gst_pipeline_plugins/share/gst_pipeline_plugins/package.zsh'
[1.410s] Level 1:colcon.colcon_core.environment:create_file_with_runtime_dependencies(/root/Workspaces/rosgsthumble_ws/install/gst_pipeline_plugins/share/colcon-core/packages/gst_pipeline_plugins)
[1.410s] Level 1:colcon.colcon_core.environment:create_environment_scripts_only(gst_pipeline_plugins)
[1.410s] Level 1:colcon.colcon_core.environment:checking '/root/Workspaces/rosgsthumble_ws/install/gst_pipeline_plugins' for CMake module files
[1.411s] Level 1:colcon.colcon_core.environment:checking '/root/Workspaces/rosgsthumble_ws/install/gst_pipeline_plugins' for CMake config files
[1.411s] Level 1:colcon.colcon_core.shell:create_environment_hook('gst_pipeline_plugins', 'cmake_prefix_path')
[1.411s] INFO:colcon.colcon_core.shell:Creating environment hook '/root/Workspaces/rosgsthumble_ws/install/gst_pipeline_plugins/share/gst_pipeline_plugins/hook/cmake_prefix_path.ps1'
[1.412s] INFO:colcon.colcon_core.shell:Creating environment descriptor '/root/Workspaces/rosgsthumble_ws/install/gst_pipeline_plugins/share/gst_pipeline_plugins/hook/cmake_prefix_path.dsv'
[1.412s] INFO:colcon.colcon_core.shell:Creating environment hook '/root/Workspaces/rosgsthumble_ws/install/gst_pipeline_plugins/share/gst_pipeline_plugins/hook/cmake_prefix_path.sh'
[1.412s] Level 1:colcon.colcon_core.environment:checking '/root/Workspaces/rosgsthumble_ws/install/gst_pipeline_plugins/lib'
[1.412s] Level 1:colcon.colcon_core.shell:create_environment_hook('gst_pipeline_plugins', 'ld_library_path_lib')
[1.412s] INFO:colcon.colcon_core.shell:Creating environment hook '/root/Workspaces/rosgsthumble_ws/install/gst_pipeline_plugins/share/gst_pipeline_plugins/hook/ld_library_path_lib.ps1'
[1.413s] INFO:colcon.colcon_core.shell:Creating environment descriptor '/root/Workspaces/rosgsthumble_ws/install/gst_pipeline_plugins/share/gst_pipeline_plugins/hook/ld_library_path_lib.dsv'
[1.413s] INFO:colcon.colcon_core.shell:Creating environment hook '/root/Workspaces/rosgsthumble_ws/install/gst_pipeline_plugins/share/gst_pipeline_plugins/hook/ld_library_path_lib.sh'
[1.413s] Level 1:colcon.colcon_core.environment:checking '/root/Workspaces/rosgsthumble_ws/install/gst_pipeline_plugins/bin'
[1.413s] Level 1:colcon.colcon_core.environment:checking '/root/Workspaces/rosgsthumble_ws/install/gst_pipeline_plugins/lib/pkgconfig/gst_pipeline_plugins.pc'
[1.413s] Level 1:colcon.colcon_core.environment:checking '/root/Workspaces/rosgsthumble_ws/install/gst_pipeline_plugins/lib/python3.10/site-packages'
[1.414s] Level 1:colcon.colcon_core.environment:checking '/root/Workspaces/rosgsthumble_ws/install/gst_pipeline_plugins/bin'
[1.414s] INFO:colcon.colcon_core.shell:Creating package script '/root/Workspaces/rosgsthumble_ws/install/gst_pipeline_plugins/share/gst_pipeline_plugins/package.ps1'
[1.414s] INFO:colcon.colcon_core.shell:Creating package descriptor '/root/Workspaces/rosgsthumble_ws/install/gst_pipeline_plugins/share/gst_pipeline_plugins/package.dsv'
[1.415s] INFO:colcon.colcon_core.shell:Creating package script '/root/Workspaces/rosgsthumble_ws/install/gst_pipeline_plugins/share/gst_pipeline_plugins/package.sh'
[1.415s] INFO:colcon.colcon_core.shell:Creating package script '/root/Workspaces/rosgsthumble_ws/install/gst_pipeline_plugins/share/gst_pipeline_plugins/package.bash'
[1.415s] INFO:colcon.colcon_core.shell:Creating package script '/root/Workspaces/rosgsthumble_ws/install/gst_pipeline_plugins/share/gst_pipeline_plugins/package.zsh'
[1.415s] Level 1:colcon.colcon_core.environment:create_file_with_runtime_dependencies(/root/Workspaces/rosgsthumble_ws/install/gst_pipeline_plugins/share/colcon-core/packages/gst_pipeline_plugins)
[6.016s] DEBUG:colcon.colcon_core.event_handler.log_command:Invoked command in '/root/Workspaces/rosgsthumble_ws/build/webrtc_camera_node' returned '0': CMAKE_PREFIX_PATH=/root/Workspaces/rosgsthumble_ws/install/gst_bridge:/root/Workspaces/rosgsthumble_ws/install/audio_msgs:/root/Workspaces/rosgsthumble_ws/install/webrtc_camera_node:/root/Workspaces/rosgsthumble_ws/install/gst_pipeline_plugins_webrtc:/root/Workspaces/rosgsthumble_ws/install/gst_pipeline_plugins:/root/Workspaces/rosgsthumble_ws/install/gst_pipeline:/root/Workspaces/rosgsthumble_ws/install/gst_msgs:/root/Workspaces/rosgsthumble_ws/install/cpp_campub:/opt/ros/humble LD_LIBRARY_PATH=/root/Workspaces/rosgsthumble_ws/install/gst_bridge/lib:/root/Workspaces/rosgsthumble_ws/install/audio_msgs/lib:/root/Workspaces/rosgsthumble_ws/install/gst_pipeline_plugins_webrtc/lib:/root/Workspaces/rosgsthumble_ws/install/gst_pipeline_plugins/lib:/root/Workspaces/rosgsthumble_ws/install/gst_pipeline/lib:/root/Workspaces/rosgsthumble_ws/install/gst_msgs/lib:/usr/lib/x86_64-linux-gnu/gazebo-11/plugins:/opt/ros/humble/opt/rviz_ogre_vendor/lib:/opt/ros/humble/lib/x86_64-linux-gnu:/opt/ros/humble/lib /usr/bin/cmake --build /root/Workspaces/rosgsthumble_ws/build/webrtc_camera_node -- -j16 -l16
[6.017s] DEBUG:colcon.colcon_core.event_handler.log_command:Invoking command in '/root/Workspaces/rosgsthumble_ws/build/webrtc_camera_node': CMAKE_PREFIX_PATH=/root/Workspaces/rosgsthumble_ws/install/gst_bridge:/root/Workspaces/rosgsthumble_ws/install/audio_msgs:/root/Workspaces/rosgsthumble_ws/install/webrtc_camera_node:/root/Workspaces/rosgsthumble_ws/install/gst_pipeline_plugins_webrtc:/root/Workspaces/rosgsthumble_ws/install/gst_pipeline_plugins:/root/Workspaces/rosgsthumble_ws/install/gst_pipeline:/root/Workspaces/rosgsthumble_ws/install/gst_msgs:/root/Workspaces/rosgsthumble_ws/install/cpp_campub:/opt/ros/humble LD_LIBRARY_PATH=/root/Workspaces/rosgsthumble_ws/install/gst_bridge/lib:/root/Workspaces/rosgsthumble_ws/install/audio_msgs/lib:/root/Workspaces/rosgsthumble_ws/install/gst_pipeline_plugins_webrtc/lib:/root/Workspaces/rosgsthumble_ws/install/gst_pipeline_plugins/lib:/root/Workspaces/rosgsthumble_ws/install/gst_pipeline/lib:/root/Workspaces/rosgsthumble_ws/install/gst_msgs/lib:/usr/lib/x86_64-linux-gnu/gazebo-11/plugins:/opt/ros/humble/opt/rviz_ogre_vendor/lib:/opt/ros/humble/lib/x86_64-linux-gnu:/opt/ros/humble/lib /usr/bin/cmake --install /root/Workspaces/rosgsthumble_ws/build/webrtc_camera_node
[6.038s] Level 1:colcon.colcon_core.environment:create_environment_scripts_only(webrtc_camera_node)
[6.038s] Level 1:colcon.colcon_core.environment:checking '/root/Workspaces/rosgsthumble_ws/install/webrtc_camera_node' for CMake module files
[6.039s] DEBUG:colcon.colcon_core.event_handler.log_command:Invoked command in '/root/Workspaces/rosgsthumble_ws/build/webrtc_camera_node' returned '0': CMAKE_PREFIX_PATH=/root/Workspaces/rosgsthumble_ws/install/gst_bridge:/root/Workspaces/rosgsthumble_ws/install/audio_msgs:/root/Workspaces/rosgsthumble_ws/install/webrtc_camera_node:/root/Workspaces/rosgsthumble_ws/install/gst_pipeline_plugins_webrtc:/root/Workspaces/rosgsthumble_ws/install/gst_pipeline_plugins:/root/Workspaces/rosgsthumble_ws/install/gst_pipeline:/root/Workspaces/rosgsthumble_ws/install/gst_msgs:/root/Workspaces/rosgsthumble_ws/install/cpp_campub:/opt/ros/humble LD_LIBRARY_PATH=/root/Workspaces/rosgsthumble_ws/install/gst_bridge/lib:/root/Workspaces/rosgsthumble_ws/install/audio_msgs/lib:/root/Workspaces/rosgsthumble_ws/install/gst_pipeline_plugins_webrtc/lib:/root/Workspaces/rosgsthumble_ws/install/gst_pipeline_plugins/lib:/root/Workspaces/rosgsthumble_ws/install/gst_pipeline/lib:/root/Workspaces/rosgsthumble_ws/install/gst_msgs/lib:/usr/lib/x86_64-linux-gnu/gazebo-11/plugins:/opt/ros/humble/opt/rviz_ogre_vendor/lib:/opt/ros/humble/lib/x86_64-linux-gnu:/opt/ros/humble/lib /usr/bin/cmake --install /root/Workspaces/rosgsthumble_ws/build/webrtc_camera_node
[6.039s] Level 1:colcon.colcon_core.environment:checking '/root/Workspaces/rosgsthumble_ws/install/webrtc_camera_node' for CMake config files
[6.039s] Level 1:colcon.colcon_core.shell:create_environment_hook('webrtc_camera_node', 'cmake_prefix_path')
[6.039s] INFO:colcon.colcon_core.shell:Creating environment hook '/root/Workspaces/rosgsthumble_ws/install/webrtc_camera_node/share/webrtc_camera_node/hook/cmake_prefix_path.ps1'
[6.040s] INFO:colcon.colcon_core.shell:Creating environment descriptor '/root/Workspaces/rosgsthumble_ws/install/webrtc_camera_node/share/webrtc_camera_node/hook/cmake_prefix_path.dsv'
[6.040s] INFO:colcon.colcon_core.shell:Creating environment hook '/root/Workspaces/rosgsthumble_ws/install/webrtc_camera_node/share/webrtc_camera_node/hook/cmake_prefix_path.sh'
[6.040s] Level 1:colcon.colcon_core.environment:checking '/root/Workspaces/rosgsthumble_ws/install/webrtc_camera_node/lib'
[6.040s] Level 1:colcon.colcon_core.environment:checking '/root/Workspaces/rosgsthumble_ws/install/webrtc_camera_node/bin'
[6.041s] Level 1:colcon.colcon_core.environment:checking '/root/Workspaces/rosgsthumble_ws/install/webrtc_camera_node/lib/pkgconfig/webrtc_camera_node.pc'
[6.041s] Level 1:colcon.colcon_core.environment:checking '/root/Workspaces/rosgsthumble_ws/install/webrtc_camera_node/lib/python3.10/site-packages'
[6.041s] Level 1:colcon.colcon_core.environment:checking '/root/Workspaces/rosgsthumble_ws/install/webrtc_camera_node/bin'
[6.041s] INFO:colcon.colcon_core.shell:Creating package script '/root/Workspaces/rosgsthumble_ws/install/webrtc_camera_node/share/webrtc_camera_node/package.ps1'
[6.041s] INFO:colcon.colcon_core.shell:Creating package descriptor '/root/Workspaces/rosgsthumble_ws/install/webrtc_camera_node/share/webrtc_camera_node/package.dsv'
[6.042s] INFO:colcon.colcon_core.shell:Creating package script '/root/Workspaces/rosgsthumble_ws/install/webrtc_camera_node/share/webrtc_camera_node/package.sh'
[6.042s] INFO:colcon.colcon_core.shell:Creating package script '/root/Workspaces/rosgsthumble_ws/install/webrtc_camera_node/share/webrtc_camera_node/package.bash'
[6.042s] INFO:colcon.colcon_core.shell:Creating package script '/root/Workspaces/rosgsthumble_ws/install/webrtc_camera_node/share/webrtc_camera_node/package.zsh'
[6.043s] Level 1:colcon.colcon_core.environment:create_file_with_runtime_dependencies(/root/Workspaces/rosgsthumble_ws/install/webrtc_camera_node/share/colcon-core/packages/webrtc_camera_node)
[6.043s] Level 1:colcon.colcon_core.environment:create_environment_scripts_only(webrtc_camera_node)
[6.043s] Level 1:colcon.colcon_core.environment:checking '/root/Workspaces/rosgsthumble_ws/install/webrtc_camera_node' for CMake module files
[6.043s] Level 1:colcon.colcon_core.environment:checking '/root/Workspaces/rosgsthumble_ws/install/webrtc_camera_node' for CMake config files
[6.044s] Level 1:colcon.colcon_core.shell:create_environment_hook('webrtc_camera_node', 'cmake_prefix_path')
[6.044s] INFO:colcon.colcon_core.shell:Creating environment hook '/root/Workspaces/rosgsthumble_ws/install/webrtc_camera_node/share/webrtc_camera_node/hook/cmake_prefix_path.ps1'
[6.044s] INFO:colcon.colcon_core.shell:Creating environment descriptor '/root/Workspaces/rosgsthumble_ws/install/webrtc_camera_node/share/webrtc_camera_node/hook/cmake_prefix_path.dsv'
[6.044s] INFO:colcon.colcon_core.shell:Creating environment hook '/root/Workspaces/rosgsthumble_ws/install/webrtc_camera_node/share/webrtc_camera_node/hook/cmake_prefix_path.sh'
[6.045s] Level 1:colcon.colcon_core.environment:checking '/root/Workspaces/rosgsthumble_ws/install/webrtc_camera_node/lib'
[6.045s] Level 1:colcon.colcon_core.environment:checking '/root/Workspaces/rosgsthumble_ws/install/webrtc_camera_node/bin'
[6.045s] Level 1:colcon.colcon_core.environment:checking '/root/Workspaces/rosgsthumble_ws/install/webrtc_camera_node/lib/pkgconfig/webrtc_camera_node.pc'
[6.045s] Level 1:colcon.colcon_core.environment:checking '/root/Workspaces/rosgsthumble_ws/install/webrtc_camera_node/lib/python3.10/site-packages'
[6.045s] Level 1:colcon.colcon_core.environment:checking '/root/Workspaces/rosgsthumble_ws/install/webrtc_camera_node/bin'
[6.045s] INFO:colcon.colcon_core.shell:Creating package script '/root/Workspaces/rosgsthumble_ws/install/webrtc_camera_node/share/webrtc_camera_node/package.ps1'
[6.046s] INFO:colcon.colcon_core.shell:Creating package descriptor '/root/Workspaces/rosgsthumble_ws/install/webrtc_camera_node/share/webrtc_camera_node/package.dsv'
[6.046s] INFO:colcon.colcon_core.shell:Creating package script '/root/Workspaces/rosgsthumble_ws/install/webrtc_camera_node/share/webrtc_camera_node/package.sh'
[6.046s] INFO:colcon.colcon_core.shell:Creating package script '/root/Workspaces/rosgsthumble_ws/install/webrtc_camera_node/share/webrtc_camera_node/package.bash'
[6.047s] INFO:colcon.colcon_core.shell:Creating package script '/root/Workspaces/rosgsthumble_ws/install/webrtc_camera_node/share/webrtc_camera_node/package.zsh'
[6.047s] Level 1:colcon.colcon_core.environment:create_file_with_runtime_dependencies(/root/Workspaces/rosgsthumble_ws/install/webrtc_camera_node/share/colcon-core/packages/webrtc_camera_node)
[6.047s] DEBUG:colcon.colcon_parallel_executor.executor.parallel:closing loop
[6.047s] DEBUG:colcon.colcon_parallel_executor.executor.parallel:loop closed
[6.047s] DEBUG:colcon.colcon_parallel_executor.executor.parallel:run_until_complete finished with '0'
[6.047s] DEBUG:colcon.colcon_core.event_reactor:joining thread
[6.060s] INFO:colcon.colcon_core.plugin_system:Skipping extension 'colcon_notification.desktop_notification.notify_send': Could not find 'notify-send'
[6.060s] INFO:colcon.colcon_core.plugin_system:Skipping extension 'colcon_notification.desktop_notification.terminal_notifier': Not used on non-Darwin systems
[6.060s] INFO:colcon.colcon_core.plugin_system:Skipping extension 'colcon_notification.desktop_notification.win32': Not used on non-Windows systems
[6.060s] INFO:colcon.colcon_notification.desktop_notification:Sending desktop notification using 'notify2'
[6.065s] DEBUG:colcon.colcon_notification.desktop_notification.notify2:Failed to initialize notify2: org.freedesktop.DBus.Error.Spawn.ExecFailed: /usr/bin/dbus-launch terminated abnormally without any error message
[6.065s] DEBUG:colcon.colcon_core.event_reactor:joined thread
[6.065s] INFO:colcon.colcon_core.shell:Creating prefix script '/root/Workspaces/rosgsthumble_ws/install/local_setup.ps1'
[6.066s] INFO:colcon.colcon_core.shell:Creating prefix util module '/root/Workspaces/rosgsthumble_ws/install/_local_setup_util_ps1.py'
[6.068s] INFO:colcon.colcon_core.shell:Creating prefix chain script '/root/Workspaces/rosgsthumble_ws/install/setup.ps1'
[6.069s] INFO:colcon.colcon_core.shell:Creating prefix script '/root/Workspaces/rosgsthumble_ws/install/local_setup.sh'
[6.070s] INFO:colcon.colcon_core.shell:Creating prefix util module '/root/Workspaces/rosgsthumble_ws/install/_local_setup_util_sh.py'
[6.071s] INFO:colcon.colcon_core.shell:Creating prefix chain script '/root/Workspaces/rosgsthumble_ws/install/setup.sh'
[6.072s] INFO:colcon.colcon_core.shell:Creating prefix script '/root/Workspaces/rosgsthumble_ws/install/local_setup.bash'
[6.073s] INFO:colcon.colcon_core.shell:Creating prefix chain script '/root/Workspaces/rosgsthumble_ws/install/setup.bash'
[6.074s] INFO:colcon.colcon_core.shell:Creating prefix script '/root/Workspaces/rosgsthumble_ws/install/local_setup.zsh'
[6.075s] INFO:colcon.colcon_core.shell:Creating prefix chain script '/root/Workspaces/rosgsthumble_ws/install/setup.zsh'
