[0.000000] (-) TimerEvent: {}
[0.001125] (audio_msgs) JobQueued: {'identifier': 'audio_msgs', 'dependencies': OrderedDict()}
[0.001617] (cv_bridge) JobQueued: {'identifier': 'cv_bridge', 'dependencies': OrderedDict()}
[0.003320] (diagnostic_updater) JobQueued: {'identifier': 'diagnostic_updater', 'dependencies': OrderedDict()}
[0.004033] (gst_msgs) JobQueued: {'identifier': 'gst_msgs', 'dependencies': OrderedDict()}
[0.009314] (image_geometry) JobQueued: {'identifier': 'image_geometry', 'dependencies': OrderedDict()}
[0.013166] (realsense2_camera_msgs) JobQueued: {'identifier': 'realsense2_camera_msgs', 'dependencies': OrderedDict()}
[0.013417] (xacro) JobQueued: {'identifier': 'xacro', 'dependencies': OrderedDict()}
[0.013756] (diagnostic_common_diagnostics) JobQueued: {'identifier': 'diagnostic_common_diagnostics', 'dependencies': OrderedDict([('diagnostic_updater', '/root/Workspaces/rosgsthumble_ws/install/diagnostic_updater')])}
[0.014006] (gst_bridge) JobQueued: {'identifier': 'gst_bridge', 'dependencies': OrderedDict([('audio_msgs', '/root/Workspaces/rosgsthumble_ws/install/audio_msgs')])}
[0.014158] (realsense2_camera) JobQueued: {'identifier': 'realsense2_camera', 'dependencies': OrderedDict([('cv_bridge', '/root/Workspaces/rosgsthumble_ws/install/cv_bridge'), ('diagnostic_updater', '/root/Workspaces/rosgsthumble_ws/install/diagnostic_updater'), ('realsense2_camera_msgs', '/root/Workspaces/rosgsthumble_ws/install/realsense2_camera_msgs')])}
[0.014307] (realsense2_description) JobQueued: {'identifier': 'realsense2_description', 'dependencies': OrderedDict([('realsense2_camera_msgs', '/root/Workspaces/rosgsthumble_ws/install/realsense2_camera_msgs'), ('xacro', '/root/Workspaces/rosgsthumble_ws/install/xacro')])}
[0.014481] (vision_opencv) JobQueued: {'identifier': 'vision_opencv', 'dependencies': OrderedDict([('cv_bridge', '/root/Workspaces/rosgsthumble_ws/install/cv_bridge'), ('image_geometry', '/root/Workspaces/rosgsthumble_ws/install/image_geometry')])}
[0.019765] (diagnostics) JobQueued: {'identifier': 'diagnostics', 'dependencies': OrderedDict([('diagnostic_updater', '/root/Workspaces/rosgsthumble_ws/install/diagnostic_updater'), ('diagnostic_common_diagnostics', '/root/Workspaces/rosgsthumble_ws/install/diagnostic_common_diagnostics')])}
[0.022500] (gst_pipeline) JobQueued: {'identifier': 'gst_pipeline', 'dependencies': OrderedDict([('audio_msgs', '/root/Workspaces/rosgsthumble_ws/install/audio_msgs'), ('cv_bridge', '/root/Workspaces/rosgsthumble_ws/install/cv_bridge'), ('gst_msgs', '/root/Workspaces/rosgsthumble_ws/install/gst_msgs'), ('gst_bridge', '/root/Workspaces/rosgsthumble_ws/install/gst_bridge')])}
[0.022777] (webrtc_camera_node) JobQueued: {'identifier': 'webrtc_camera_node', 'dependencies': OrderedDict([('audio_msgs', '/root/Workspaces/rosgsthumble_ws/install/audio_msgs'), ('gst_bridge', '/root/Workspaces/rosgsthumble_ws/install/gst_bridge')])}
[0.023118] (gst_pipeline_plugins) JobQueued: {'identifier': 'gst_pipeline_plugins', 'dependencies': OrderedDict([('audio_msgs', '/root/Workspaces/rosgsthumble_ws/install/audio_msgs'), ('cv_bridge', '/root/Workspaces/rosgsthumble_ws/install/cv_bridge'), ('gst_msgs', '/root/Workspaces/rosgsthumble_ws/install/gst_msgs'), ('gst_bridge', '/root/Workspaces/rosgsthumble_ws/install/gst_bridge'), ('gst_pipeline', '/root/Workspaces/rosgsthumble_ws/install/gst_pipeline')])}
[0.023326] (audio_msgs) JobStarted: {'identifier': 'audio_msgs'}
[0.098797] (-) TimerEvent: {}
[0.163293] (cv_bridge) JobStarted: {'identifier': 'cv_bridge'}
[0.202582] (-) TimerEvent: {}
[0.299508] (diagnostic_updater) JobStarted: {'identifier': 'diagnostic_updater'}
[0.311134] (-) TimerEvent: {}
[0.424618] (-) TimerEvent: {}
[0.438149] (gst_msgs) JobStarted: {'identifier': 'gst_msgs'}
[0.524810] (-) TimerEvent: {}
[0.583446] (audio_msgs) JobProgress: {'identifier': 'audio_msgs', 'progress': 'cmake'}
[0.586587] (audio_msgs) JobProgress: {'identifier': 'audio_msgs', 'progress': 'build'}
[0.590367] (audio_msgs) Command: {'cmd': ['/usr/local/bin/cmake', '--build', '/root/Workspaces/rosgsthumble_ws/build/audio_msgs', '--', '-j4', '-l4'], 'cwd': '/root/Workspaces/rosgsthumble_ws/build/audio_msgs', 'env': OrderedDict([('OPENBLAS_CORETYPE', 'ARMV8'), ('PYTHONIOENCODING', 'utf-8'), ('HOSTNAME', 'nano'), ('LD_LIBRARY_PATH', '/root/Workspaces/rosgsthumble_ws/install/realsense2_camera/lib:/root/Workspaces/rosgsthumble_ws/install/realsense2_camera_msgs/lib:/root/Workspaces/rosgsthumble_ws/install/image_geometry/lib:/root/Workspaces/rosgsthumble_ws/install/gst_pipeline_plugins/lib:/root/Workspaces/rosgsthumble_ws/install/gst_pipeline/lib:/root/Workspaces/rosgsthumble_ws/install/gst_msgs/lib:/root/Workspaces/rosgsthumble_ws/install/gst_bridge/lib:/root/Workspaces/rosgsthumble_ws/install/diagnostic_updater/lib:/root/Workspaces/rosgsthumble_ws/install/cv_bridge/lib:/root/Workspaces/rosgsthumble_ws/install/audio_msgs/lib:/opt/ros/humble/install/opt/rviz_ogre_vendor/lib:/opt/ros/humble/install/lib:/usr/local/cuda-10.2/targets/aarch64-linux/lib:'), ('SHLVL', '1'), ('OLDPWD', '/root/Workspaces'), ('HOME', '/root'), ('ROS_PYTHON_VERSION', '3'), ('COLCON_PREFIX_PATH', '/opt/ros/humble/install:/root/Workspaces/rosgsthumble_ws/install'), ('ROS_DISTRO', 'humble'), ('PULSE_SERVER', 'unix:/run/user/1000/pulse/native'), ('_', '/usr/bin/colcon'), ('ROS_VERSION', '2'), ('NVIDIA_DRIVER_CAPABILITIES', 'compute,utility,graphics'), ('PKG_CONFIG_PATH', '/opt/ros/humble/install/lib/aarch64-linux-gnu/pkgconfig:/opt/ros/humble/install/lib/pkgconfig'), ('TERM', 'xterm'), ('ROS_LOCALHOST_ONLY', '0'), ('PATH', '/root/Workspaces/rosgsthumble_ws/install/xacro/bin:/opt/ros/humble/install/bin:/usr/local/cuda-10.2/bin:/usr/local/cuda/bin:/usr/local/sbin:/usr/local/bin:/usr/sbin:/usr/bin:/sbin:/bin'), ('XDG_RUNTIME_DIR', '/run/user/1000'), ('DISPLAY', ''), ('LANG', 'en_US.UTF-8'), ('RMW_IMPLEMENTATION', 'rmw_cyclonedds_cpp'), ('LS_COLORS', 'rs=0:di=01;34:ln=01;36:mh=00:pi=40;33:so=01;35:do=01;35:bd=40;33;01:cd=40;33;01:or=40;31;01:mi=00:su=37;41:sg=30;43:ca=30;41:tw=30;42:ow=34;42:st=37;44:ex=01;32:*.tar=01;31:*.tgz=01;31:*.arc=01;31:*.arj=01;31:*.taz=01;31:*.lha=01;31:*.lz4=01;31:*.lzh=01;31:*.lzma=01;31:*.tlz=01;31:*.txz=01;31:*.tzo=01;31:*.t7z=01;31:*.zip=01;31:*.z=01;31:*.Z=01;31:*.dz=01;31:*.gz=01;31:*.lrz=01;31:*.lz=01;31:*.lzo=01;31:*.xz=01;31:*.zst=01;31:*.tzst=01;31:*.bz2=01;31:*.bz=01;31:*.tbz=01;31:*.tbz2=01;31:*.tz=01;31:*.deb=01;31:*.rpm=01;31:*.jar=01;31:*.war=01;31:*.ear=01;31:*.sar=01;31:*.rar=01;31:*.alz=01;31:*.ace=01;31:*.zoo=01;31:*.cpio=01;31:*.7z=01;31:*.rz=01;31:*.cab=01;31:*.wim=01;31:*.swm=01;31:*.dwm=01;31:*.esd=01;31:*.jpg=01;35:*.jpeg=01;35:*.mjpg=01;35:*.mjpeg=01;35:*.gif=01;35:*.bmp=01;35:*.pbm=01;35:*.pgm=01;35:*.ppm=01;35:*.tga=01;35:*.xbm=01;35:*.xpm=01;35:*.tif=01;35:*.tiff=01;35:*.png=01;35:*.svg=01;35:*.svgz=01;35:*.mng=01;35:*.pcx=01;35:*.mov=01;35:*.mpg=01;35:*.mpeg=01;35:*.m2v=01;35:*.mkv=01;35:*.webm=01;35:*.ogm=01;35:*.mp4=01;35:*.m4v=01;35:*.mp4v=01;35:*.vob=01;35:*.qt=01;35:*.nuv=01;35:*.wmv=01;35:*.asf=01;35:*.rm=01;35:*.rmvb=01;35:*.flc=01;35:*.avi=01;35:*.fli=01;35:*.flv=01;35:*.gl=01;35:*.dl=01;35:*.xcf=01;35:*.xwd=01;35:*.yuv=01;35:*.cgm=01;35:*.emf=01;35:*.ogv=01;35:*.ogx=01;35:*.aac=00;36:*.au=00;36:*.flac=00;36:*.m4a=00;36:*.mid=00;36:*.midi=00;36:*.mka=00;36:*.mp3=00;36:*.mpc=00;36:*.ogg=00;36:*.ra=00;36:*.wav=00;36:*.oga=00;36:*.opus=00;36:*.spx=00;36:*.xspf=00;36:'), ('ROS_ROOT', '/opt/ros/humble'), ('AMENT_PREFIX_PATH', '/opt/ros/humble/install'), ('DEBIAN_FRONTEND', 'noninteractive'), ('GST_PLUGIN_PATH', '/root/Workspaces/rosgsthumble_ws/install/gst_bridge/lib/gst_bridge/'), ('SHELL', '/bin/bash'), ('PWD', '/root/Workspaces/rosgsthumble_ws/build/audio_msgs'), ('PYTHONPATH', '/root/Workspaces/rosgsthumble_ws/install/xacro/lib/python3.6/site-packages:/root/Workspaces/rosgsthumble_ws/install/realsense2_camera_msgs/lib/python3.6/site-packages:/root/Workspaces/rosgsthumble_ws/install/image_geometry/lib/python3.6/site-packages:/root/Workspaces/rosgsthumble_ws/install/gst_msgs/lib/python3.6/site-packages:/root/Workspaces/rosgsthumble_ws/install/diagnostic_common_diagnostics/lib/python3.6/site-packages:/root/Workspaces/rosgsthumble_ws/install/diagnostic_updater/lib/python3.6/site-packages:/root/Workspaces/rosgsthumble_ws/install/cv_bridge/lib/python3.6/site-packages:/root/Workspaces/rosgsthumble_ws/install/audio_msgs/lib/python3.6/site-packages:/opt/ros/humble/install/lib/python3.6/site-packages'), ('NVIDIA_VISIBLE_DEVICES', 'all'), ('COLCON', '1'), ('CMAKE_PREFIX_PATH', '/opt/ros/humble/install')]), 'shell': False}
[0.609562] (cv_bridge) JobProgress: {'identifier': 'cv_bridge', 'progress': 'cmake'}
[0.613497] (cv_bridge) JobProgress: {'identifier': 'cv_bridge', 'progress': 'build'}
[0.614990] (cv_bridge) Command: {'cmd': ['/usr/local/bin/cmake', '--build', '/root/Workspaces/rosgsthumble_ws/build/cv_bridge', '--', '-j4', '-l4'], 'cwd': '/root/Workspaces/rosgsthumble_ws/build/cv_bridge', 'env': OrderedDict([('OPENBLAS_CORETYPE', 'ARMV8'), ('PYTHONIOENCODING', 'utf-8'), ('HOSTNAME', 'nano'), ('LD_LIBRARY_PATH', '/root/Workspaces/rosgsthumble_ws/install/realsense2_camera/lib:/root/Workspaces/rosgsthumble_ws/install/realsense2_camera_msgs/lib:/root/Workspaces/rosgsthumble_ws/install/image_geometry/lib:/root/Workspaces/rosgsthumble_ws/install/gst_pipeline_plugins/lib:/root/Workspaces/rosgsthumble_ws/install/gst_pipeline/lib:/root/Workspaces/rosgsthumble_ws/install/gst_msgs/lib:/root/Workspaces/rosgsthumble_ws/install/gst_bridge/lib:/root/Workspaces/rosgsthumble_ws/install/diagnostic_updater/lib:/root/Workspaces/rosgsthumble_ws/install/cv_bridge/lib:/root/Workspaces/rosgsthumble_ws/install/audio_msgs/lib:/opt/ros/humble/install/opt/rviz_ogre_vendor/lib:/opt/ros/humble/install/lib:/usr/local/cuda-10.2/targets/aarch64-linux/lib:'), ('SHLVL', '1'), ('OLDPWD', '/root/Workspaces'), ('HOME', '/root'), ('ROS_PYTHON_VERSION', '3'), ('COLCON_PREFIX_PATH', '/opt/ros/humble/install:/root/Workspaces/rosgsthumble_ws/install'), ('ROS_DISTRO', 'humble'), ('PULSE_SERVER', 'unix:/run/user/1000/pulse/native'), ('_', '/usr/bin/colcon'), ('ROS_VERSION', '2'), ('NVIDIA_DRIVER_CAPABILITIES', 'compute,utility,graphics'), ('PKG_CONFIG_PATH', '/opt/ros/humble/install/lib/aarch64-linux-gnu/pkgconfig:/opt/ros/humble/install/lib/pkgconfig'), ('TERM', 'xterm'), ('ROS_LOCALHOST_ONLY', '0'), ('PATH', '/root/Workspaces/rosgsthumble_ws/install/xacro/bin:/opt/ros/humble/install/bin:/usr/local/cuda-10.2/bin:/usr/local/cuda/bin:/usr/local/sbin:/usr/local/bin:/usr/sbin:/usr/bin:/sbin:/bin'), ('XDG_RUNTIME_DIR', '/run/user/1000'), ('DISPLAY', ''), ('LANG', 'en_US.UTF-8'), ('RMW_IMPLEMENTATION', 'rmw_cyclonedds_cpp'), ('LS_COLORS', 'rs=0:di=01;34:ln=01;36:mh=00:pi=40;33:so=01;35:do=01;35:bd=40;33;01:cd=40;33;01:or=40;31;01:mi=00:su=37;41:sg=30;43:ca=30;41:tw=30;42:ow=34;42:st=37;44:ex=01;32:*.tar=01;31:*.tgz=01;31:*.arc=01;31:*.arj=01;31:*.taz=01;31:*.lha=01;31:*.lz4=01;31:*.lzh=01;31:*.lzma=01;31:*.tlz=01;31:*.txz=01;31:*.tzo=01;31:*.t7z=01;31:*.zip=01;31:*.z=01;31:*.Z=01;31:*.dz=01;31:*.gz=01;31:*.lrz=01;31:*.lz=01;31:*.lzo=01;31:*.xz=01;31:*.zst=01;31:*.tzst=01;31:*.bz2=01;31:*.bz=01;31:*.tbz=01;31:*.tbz2=01;31:*.tz=01;31:*.deb=01;31:*.rpm=01;31:*.jar=01;31:*.war=01;31:*.ear=01;31:*.sar=01;31:*.rar=01;31:*.alz=01;31:*.ace=01;31:*.zoo=01;31:*.cpio=01;31:*.7z=01;31:*.rz=01;31:*.cab=01;31:*.wim=01;31:*.swm=01;31:*.dwm=01;31:*.esd=01;31:*.jpg=01;35:*.jpeg=01;35:*.mjpg=01;35:*.mjpeg=01;35:*.gif=01;35:*.bmp=01;35:*.pbm=01;35:*.pgm=01;35:*.ppm=01;35:*.tga=01;35:*.xbm=01;35:*.xpm=01;35:*.tif=01;35:*.tiff=01;35:*.png=01;35:*.svg=01;35:*.svgz=01;35:*.mng=01;35:*.pcx=01;35:*.mov=01;35:*.mpg=01;35:*.mpeg=01;35:*.m2v=01;35:*.mkv=01;35:*.webm=01;35:*.ogm=01;35:*.mp4=01;35:*.m4v=01;35:*.mp4v=01;35:*.vob=01;35:*.qt=01;35:*.nuv=01;35:*.wmv=01;35:*.asf=01;35:*.rm=01;35:*.rmvb=01;35:*.flc=01;35:*.avi=01;35:*.fli=01;35:*.flv=01;35:*.gl=01;35:*.dl=01;35:*.xcf=01;35:*.xwd=01;35:*.yuv=01;35:*.cgm=01;35:*.emf=01;35:*.ogv=01;35:*.ogx=01;35:*.aac=00;36:*.au=00;36:*.flac=00;36:*.m4a=00;36:*.mid=00;36:*.midi=00;36:*.mka=00;36:*.mp3=00;36:*.mpc=00;36:*.ogg=00;36:*.ra=00;36:*.wav=00;36:*.oga=00;36:*.opus=00;36:*.spx=00;36:*.xspf=00;36:'), ('ROS_ROOT', '/opt/ros/humble'), ('AMENT_PREFIX_PATH', '/opt/ros/humble/install'), ('DEBIAN_FRONTEND', 'noninteractive'), ('GST_PLUGIN_PATH', '/root/Workspaces/rosgsthumble_ws/install/gst_bridge/lib/gst_bridge/'), ('SHELL', '/bin/bash'), ('PWD', '/root/Workspaces/rosgsthumble_ws/build/cv_bridge'), ('PYTHONPATH', '/root/Workspaces/rosgsthumble_ws/install/xacro/lib/python3.6/site-packages:/root/Workspaces/rosgsthumble_ws/install/realsense2_camera_msgs/lib/python3.6/site-packages:/root/Workspaces/rosgsthumble_ws/install/image_geometry/lib/python3.6/site-packages:/root/Workspaces/rosgsthumble_ws/install/gst_msgs/lib/python3.6/site-packages:/root/Workspaces/rosgsthumble_ws/install/diagnostic_common_diagnostics/lib/python3.6/site-packages:/root/Workspaces/rosgsthumble_ws/install/diagnostic_updater/lib/python3.6/site-packages:/root/Workspaces/rosgsthumble_ws/install/cv_bridge/lib/python3.6/site-packages:/root/Workspaces/rosgsthumble_ws/install/audio_msgs/lib/python3.6/site-packages:/opt/ros/humble/install/lib/python3.6/site-packages'), ('NVIDIA_VISIBLE_DEVICES', 'all'), ('COLCON', '1'), ('CMAKE_PREFIX_PATH', '/opt/ros/humble/install')]), 'shell': False}
[0.629021] (-) TimerEvent: {}
[0.631730] (diagnostic_updater) JobProgress: {'identifier': 'diagnostic_updater', 'progress': 'cmake'}
[0.634358] (diagnostic_updater) JobProgress: {'identifier': 'diagnostic_updater', 'progress': 'build'}
[0.636402] (diagnostic_updater) Command: {'cmd': ['/usr/local/bin/cmake', '--build', '/root/Workspaces/rosgsthumble_ws/build/diagnostic_updater', '--', '-j4', '-l4'], 'cwd': '/root/Workspaces/rosgsthumble_ws/build/diagnostic_updater', 'env': OrderedDict([('OPENBLAS_CORETYPE', 'ARMV8'), ('PYTHONIOENCODING', 'utf-8'), ('HOSTNAME', 'nano'), ('LD_LIBRARY_PATH', '/root/Workspaces/rosgsthumble_ws/install/realsense2_camera/lib:/root/Workspaces/rosgsthumble_ws/install/realsense2_camera_msgs/lib:/root/Workspaces/rosgsthumble_ws/install/image_geometry/lib:/root/Workspaces/rosgsthumble_ws/install/gst_pipeline_plugins/lib:/root/Workspaces/rosgsthumble_ws/install/gst_pipeline/lib:/root/Workspaces/rosgsthumble_ws/install/gst_msgs/lib:/root/Workspaces/rosgsthumble_ws/install/gst_bridge/lib:/root/Workspaces/rosgsthumble_ws/install/diagnostic_updater/lib:/root/Workspaces/rosgsthumble_ws/install/cv_bridge/lib:/root/Workspaces/rosgsthumble_ws/install/audio_msgs/lib:/opt/ros/humble/install/opt/rviz_ogre_vendor/lib:/opt/ros/humble/install/lib:/usr/local/cuda-10.2/targets/aarch64-linux/lib:'), ('SHLVL', '1'), ('OLDPWD', '/root/Workspaces'), ('HOME', '/root'), ('ROS_PYTHON_VERSION', '3'), ('COLCON_PREFIX_PATH', '/opt/ros/humble/install:/root/Workspaces/rosgsthumble_ws/install'), ('ROS_DISTRO', 'humble'), ('PULSE_SERVER', 'unix:/run/user/1000/pulse/native'), ('_', '/usr/bin/colcon'), ('ROS_VERSION', '2'), ('NVIDIA_DRIVER_CAPABILITIES', 'compute,utility,graphics'), ('PKG_CONFIG_PATH', '/opt/ros/humble/install/lib/aarch64-linux-gnu/pkgconfig:/opt/ros/humble/install/lib/pkgconfig'), ('TERM', 'xterm'), ('ROS_LOCALHOST_ONLY', '0'), ('PATH', '/root/Workspaces/rosgsthumble_ws/install/xacro/bin:/opt/ros/humble/install/bin:/usr/local/cuda-10.2/bin:/usr/local/cuda/bin:/usr/local/sbin:/usr/local/bin:/usr/sbin:/usr/bin:/sbin:/bin'), ('XDG_RUNTIME_DIR', '/run/user/1000'), ('DISPLAY', ''), ('LANG', 'en_US.UTF-8'), ('RMW_IMPLEMENTATION', 'rmw_cyclonedds_cpp'), ('LS_COLORS', 'rs=0:di=01;34:ln=01;36:mh=00:pi=40;33:so=01;35:do=01;35:bd=40;33;01:cd=40;33;01:or=40;31;01:mi=00:su=37;41:sg=30;43:ca=30;41:tw=30;42:ow=34;42:st=37;44:ex=01;32:*.tar=01;31:*.tgz=01;31:*.arc=01;31:*.arj=01;31:*.taz=01;31:*.lha=01;31:*.lz4=01;31:*.lzh=01;31:*.lzma=01;31:*.tlz=01;31:*.txz=01;31:*.tzo=01;31:*.t7z=01;31:*.zip=01;31:*.z=01;31:*.Z=01;31:*.dz=01;31:*.gz=01;31:*.lrz=01;31:*.lz=01;31:*.lzo=01;31:*.xz=01;31:*.zst=01;31:*.tzst=01;31:*.bz2=01;31:*.bz=01;31:*.tbz=01;31:*.tbz2=01;31:*.tz=01;31:*.deb=01;31:*.rpm=01;31:*.jar=01;31:*.war=01;31:*.ear=01;31:*.sar=01;31:*.rar=01;31:*.alz=01;31:*.ace=01;31:*.zoo=01;31:*.cpio=01;31:*.7z=01;31:*.rz=01;31:*.cab=01;31:*.wim=01;31:*.swm=01;31:*.dwm=01;31:*.esd=01;31:*.jpg=01;35:*.jpeg=01;35:*.mjpg=01;35:*.mjpeg=01;35:*.gif=01;35:*.bmp=01;35:*.pbm=01;35:*.pgm=01;35:*.ppm=01;35:*.tga=01;35:*.xbm=01;35:*.xpm=01;35:*.tif=01;35:*.tiff=01;35:*.png=01;35:*.svg=01;35:*.svgz=01;35:*.mng=01;35:*.pcx=01;35:*.mov=01;35:*.mpg=01;35:*.mpeg=01;35:*.m2v=01;35:*.mkv=01;35:*.webm=01;35:*.ogm=01;35:*.mp4=01;35:*.m4v=01;35:*.mp4v=01;35:*.vob=01;35:*.qt=01;35:*.nuv=01;35:*.wmv=01;35:*.asf=01;35:*.rm=01;35:*.rmvb=01;35:*.flc=01;35:*.avi=01;35:*.fli=01;35:*.flv=01;35:*.gl=01;35:*.dl=01;35:*.xcf=01;35:*.xwd=01;35:*.yuv=01;35:*.cgm=01;35:*.emf=01;35:*.ogv=01;35:*.ogx=01;35:*.aac=00;36:*.au=00;36:*.flac=00;36:*.m4a=00;36:*.mid=00;36:*.midi=00;36:*.mka=00;36:*.mp3=00;36:*.mpc=00;36:*.ogg=00;36:*.ra=00;36:*.wav=00;36:*.oga=00;36:*.opus=00;36:*.spx=00;36:*.xspf=00;36:'), ('ROS_ROOT', '/opt/ros/humble'), ('AMENT_PREFIX_PATH', '/opt/ros/humble/install'), ('DEBIAN_FRONTEND', 'noninteractive'), ('GST_PLUGIN_PATH', '/root/Workspaces/rosgsthumble_ws/install/gst_bridge/lib/gst_bridge/'), ('SHELL', '/bin/bash'), ('PWD', '/root/Workspaces/rosgsthumble_ws/build/diagnostic_updater'), ('PYTHONPATH', '/root/Workspaces/rosgsthumble_ws/install/xacro/lib/python3.6/site-packages:/root/Workspaces/rosgsthumble_ws/install/realsense2_camera_msgs/lib/python3.6/site-packages:/root/Workspaces/rosgsthumble_ws/install/image_geometry/lib/python3.6/site-packages:/root/Workspaces/rosgsthumble_ws/install/gst_msgs/lib/python3.6/site-packages:/root/Workspaces/rosgsthumble_ws/install/diagnostic_common_diagnostics/lib/python3.6/site-packages:/root/Workspaces/rosgsthumble_ws/install/diagnostic_updater/lib/python3.6/site-packages:/root/Workspaces/rosgsthumble_ws/install/cv_bridge/lib/python3.6/site-packages:/root/Workspaces/rosgsthumble_ws/install/audio_msgs/lib/python3.6/site-packages:/opt/ros/humble/install/lib/python3.6/site-packages'), ('NVIDIA_VISIBLE_DEVICES', 'all'), ('COLCON', '1'), ('CMAKE_PREFIX_PATH', '/opt/ros/humble/install')]), 'shell': False}
[0.668521] (gst_msgs) JobProgress: {'identifier': 'gst_msgs', 'progress': 'cmake'}
[0.670862] (gst_msgs) JobProgress: {'identifier': 'gst_msgs', 'progress': 'build'}
[0.672333] (gst_msgs) Command: {'cmd': ['/usr/local/bin/cmake', '--build', '/root/Workspaces/rosgsthumble_ws/build/gst_msgs', '--', '-j4', '-l4'], 'cwd': '/root/Workspaces/rosgsthumble_ws/build/gst_msgs', 'env': OrderedDict([('OPENBLAS_CORETYPE', 'ARMV8'), ('PYTHONIOENCODING', 'utf-8'), ('HOSTNAME', 'nano'), ('LD_LIBRARY_PATH', '/root/Workspaces/rosgsthumble_ws/install/realsense2_camera/lib:/root/Workspaces/rosgsthumble_ws/install/realsense2_camera_msgs/lib:/root/Workspaces/rosgsthumble_ws/install/image_geometry/lib:/root/Workspaces/rosgsthumble_ws/install/gst_pipeline_plugins/lib:/root/Workspaces/rosgsthumble_ws/install/gst_pipeline/lib:/root/Workspaces/rosgsthumble_ws/install/gst_msgs/lib:/root/Workspaces/rosgsthumble_ws/install/gst_bridge/lib:/root/Workspaces/rosgsthumble_ws/install/diagnostic_updater/lib:/root/Workspaces/rosgsthumble_ws/install/cv_bridge/lib:/root/Workspaces/rosgsthumble_ws/install/audio_msgs/lib:/opt/ros/humble/install/opt/rviz_ogre_vendor/lib:/opt/ros/humble/install/lib:/usr/local/cuda-10.2/targets/aarch64-linux/lib:'), ('SHLVL', '1'), ('OLDPWD', '/root/Workspaces'), ('HOME', '/root'), ('ROS_PYTHON_VERSION', '3'), ('COLCON_PREFIX_PATH', '/opt/ros/humble/install:/root/Workspaces/rosgsthumble_ws/install'), ('ROS_DISTRO', 'humble'), ('PULSE_SERVER', 'unix:/run/user/1000/pulse/native'), ('_', '/usr/bin/colcon'), ('ROS_VERSION', '2'), ('NVIDIA_DRIVER_CAPABILITIES', 'compute,utility,graphics'), ('PKG_CONFIG_PATH', '/opt/ros/humble/install/lib/aarch64-linux-gnu/pkgconfig:/opt/ros/humble/install/lib/pkgconfig'), ('TERM', 'xterm'), ('ROS_LOCALHOST_ONLY', '0'), ('PATH', '/root/Workspaces/rosgsthumble_ws/install/xacro/bin:/opt/ros/humble/install/bin:/usr/local/cuda-10.2/bin:/usr/local/cuda/bin:/usr/local/sbin:/usr/local/bin:/usr/sbin:/usr/bin:/sbin:/bin'), ('XDG_RUNTIME_DIR', '/run/user/1000'), ('DISPLAY', ''), ('LANG', 'en_US.UTF-8'), ('RMW_IMPLEMENTATION', 'rmw_cyclonedds_cpp'), ('LS_COLORS', 'rs=0:di=01;34:ln=01;36:mh=00:pi=40;33:so=01;35:do=01;35:bd=40;33;01:cd=40;33;01:or=40;31;01:mi=00:su=37;41:sg=30;43:ca=30;41:tw=30;42:ow=34;42:st=37;44:ex=01;32:*.tar=01;31:*.tgz=01;31:*.arc=01;31:*.arj=01;31:*.taz=01;31:*.lha=01;31:*.lz4=01;31:*.lzh=01;31:*.lzma=01;31:*.tlz=01;31:*.txz=01;31:*.tzo=01;31:*.t7z=01;31:*.zip=01;31:*.z=01;31:*.Z=01;31:*.dz=01;31:*.gz=01;31:*.lrz=01;31:*.lz=01;31:*.lzo=01;31:*.xz=01;31:*.zst=01;31:*.tzst=01;31:*.bz2=01;31:*.bz=01;31:*.tbz=01;31:*.tbz2=01;31:*.tz=01;31:*.deb=01;31:*.rpm=01;31:*.jar=01;31:*.war=01;31:*.ear=01;31:*.sar=01;31:*.rar=01;31:*.alz=01;31:*.ace=01;31:*.zoo=01;31:*.cpio=01;31:*.7z=01;31:*.rz=01;31:*.cab=01;31:*.wim=01;31:*.swm=01;31:*.dwm=01;31:*.esd=01;31:*.jpg=01;35:*.jpeg=01;35:*.mjpg=01;35:*.mjpeg=01;35:*.gif=01;35:*.bmp=01;35:*.pbm=01;35:*.pgm=01;35:*.ppm=01;35:*.tga=01;35:*.xbm=01;35:*.xpm=01;35:*.tif=01;35:*.tiff=01;35:*.png=01;35:*.svg=01;35:*.svgz=01;35:*.mng=01;35:*.pcx=01;35:*.mov=01;35:*.mpg=01;35:*.mpeg=01;35:*.m2v=01;35:*.mkv=01;35:*.webm=01;35:*.ogm=01;35:*.mp4=01;35:*.m4v=01;35:*.mp4v=01;35:*.vob=01;35:*.qt=01;35:*.nuv=01;35:*.wmv=01;35:*.asf=01;35:*.rm=01;35:*.rmvb=01;35:*.flc=01;35:*.avi=01;35:*.fli=01;35:*.flv=01;35:*.gl=01;35:*.dl=01;35:*.xcf=01;35:*.xwd=01;35:*.yuv=01;35:*.cgm=01;35:*.emf=01;35:*.ogv=01;35:*.ogx=01;35:*.aac=00;36:*.au=00;36:*.flac=00;36:*.m4a=00;36:*.mid=00;36:*.midi=00;36:*.mka=00;36:*.mp3=00;36:*.mpc=00;36:*.ogg=00;36:*.ra=00;36:*.wav=00;36:*.oga=00;36:*.opus=00;36:*.spx=00;36:*.xspf=00;36:'), ('ROS_ROOT', '/opt/ros/humble'), ('AMENT_PREFIX_PATH', '/opt/ros/humble/install'), ('DEBIAN_FRONTEND', 'noninteractive'), ('GST_PLUGIN_PATH', '/root/Workspaces/rosgsthumble_ws/install/gst_bridge/lib/gst_bridge/'), ('SHELL', '/bin/bash'), ('PWD', '/root/Workspaces/rosgsthumble_ws/build/gst_msgs'), ('PYTHONPATH', '/root/Workspaces/rosgsthumble_ws/install/xacro/lib/python3.6/site-packages:/root/Workspaces/rosgsthumble_ws/install/realsense2_camera_msgs/lib/python3.6/site-packages:/root/Workspaces/rosgsthumble_ws/install/image_geometry/lib/python3.6/site-packages:/root/Workspaces/rosgsthumble_ws/install/gst_msgs/lib/python3.6/site-packages:/root/Workspaces/rosgsthumble_ws/install/diagnostic_common_diagnostics/lib/python3.6/site-packages:/root/Workspaces/rosgsthumble_ws/install/diagnostic_updater/lib/python3.6/site-packages:/root/Workspaces/rosgsthumble_ws/install/cv_bridge/lib/python3.6/site-packages:/root/Workspaces/rosgsthumble_ws/install/audio_msgs/lib/python3.6/site-packages:/opt/ros/humble/install/lib/python3.6/site-packages'), ('NVIDIA_VISIBLE_DEVICES', 'all'), ('COLCON', '1'), ('CMAKE_PREFIX_PATH', '/opt/ros/humble/install')]), 'shell': False}
[0.729277] (-) TimerEvent: {}
[0.830757] (-) TimerEvent: {}
[0.922339] (audio_msgs) StdoutLine: {'line': b'[  6%] Built target ament_cmake_python_symlink_audio_msgs\n'}
[0.925154] (audio_msgs) StdoutLine: {'line': b'[  9%] Built target audio_msgs__rosidl_generator_c\n'}
[0.930962] (-) TimerEvent: {}
[0.934695] (audio_msgs) StdoutLine: {'line': b'[ 12%] Built target audio_msgs__cpp\n'}
[0.994349] (cv_bridge) StdoutLine: {'line': b'[  0%] Built target ament_cmake_python_symlink_cv_bridge\n'}
[1.001685] (cv_bridge) StdoutLine: {'line': b'[ 25%] Built target gtest_main\n'}
[1.002681] (cv_bridge) StdoutLine: {'line': b'[ 25%] Built target gtest\n'}
[1.030410] (audio_msgs) StdoutLine: {'line': b'[ 22%] Built target audio_msgs__rosidl_typesupport_c\n'}
[1.031231] (-) TimerEvent: {}
[1.042448] (cv_bridge) StdoutLine: {'line': b'[ 43%] Built target cv_bridge\n'}
[1.046117] (diagnostic_updater) StdoutLine: {'line': b'[ 30%] Built target gtest_main\n'}
[1.049729] (diagnostic_updater) StdoutLine: {'line': b'[ 40%] Built target gtest\n'}
[1.077406] (audio_msgs) StdoutLine: {'line': b'[ 32%] Built target audio_msgs__rosidl_typesupport_introspection_c\n'}
[1.131487] (-) TimerEvent: {}
[1.147358] (audio_msgs) StdoutLine: {'line': b'[ 41%] Built target audio_msgs__rosidl_typesupport_fastrtps_c\n'}
[1.182755] (diagnostic_updater) StdoutLine: {'line': b'[ 50%] Built target ament_cmake_python_symlink_diagnostic_updater\n'}
[1.185164] (diagnostic_updater) StdoutLine: {'line': b'[ 60%] Built target example\n'}
[1.196480] (gst_msgs) StdoutLine: {'line': b'[  0%] Built target ament_cmake_python_symlink_gst_msgs\n'}
[1.203959] (gst_msgs) StdoutLine: {'line': b'[ 11%] Built target gst_msgs__rosidl_generator_c\n'}
[1.229694] (gst_msgs) StdoutLine: {'line': b'[ 12%] Built target gst_msgs__cpp\n'}
[1.232832] (-) TimerEvent: {}
[1.268556] (audio_msgs) StdoutLine: {'line': b'[ 51%] Built target audio_msgs__rosidl_typesupport_introspection_cpp\n'}
[1.271050] (cv_bridge) StdoutLine: {'line': b'[ 81%] Built target cv_bridge-utest\n'}
[1.289340] (diagnostic_updater) StdoutLine: {'line': b'[ 80%] Built target diagnostic_updater_test\n'}
[1.301550] (audio_msgs) StdoutLine: {'line': b'[ 61%] Built target audio_msgs__rosidl_typesupport_cpp\n'}
[1.333040] (-) TimerEvent: {}
[1.344210] (diagnostic_updater) StdoutLine: {'line': b'[100%] Built target diagnostic_status_wrapper_test\n'}
[1.355129] (audio_msgs) StdoutLine: {'line': b'[ 70%] Built target audio_msgs__rosidl_typesupport_fastrtps_cpp\n'}
[1.395602] (gst_msgs) StdoutLine: {'line': b'[ 24%] Built target gst_msgs__rosidl_typesupport_fastrtps_c\n'}
[1.433226] (-) TimerEvent: {}
[1.458498] (gst_msgs) StdoutLine: {'line': b'[ 35%] Built target gst_msgs__rosidl_typesupport_introspection_c\n'}
[1.479263] (gst_msgs) StdoutLine: {'line': b'[ 46%] Built target gst_msgs__rosidl_typesupport_c\n'}
[1.533420] (-) TimerEvent: {}
[1.541731] (cv_bridge) StdoutLine: {'line': b'[100%] Built target cv_bridge_boost\n'}
[1.549993] (audio_msgs) StdoutLine: {'line': b'[ 70%] Built target audio_msgs\n'}
[1.633617] (-) TimerEvent: {}
[1.734929] (-) TimerEvent: {}
[1.762525] (audio_msgs) StdoutLine: {'line': b'[ 74%] Built target audio_msgs__py\n'}
[1.768627] (gst_msgs) StdoutLine: {'line': b'[ 59%] Built target gst_msgs__rosidl_typesupport_introspection_cpp\n'}
[1.772239] (gst_msgs) StdoutLine: {'line': b'[ 69%] Built target gst_msgs__rosidl_typesupport_cpp\n'}
[1.835107] (-) TimerEvent: {}
[1.838799] (gst_msgs) StdoutLine: {'line': b'[ 81%] Built target gst_msgs__rosidl_typesupport_fastrtps_cpp\n'}
[1.916455] (audio_msgs) StdoutLine: {'line': b'[ 80%] Built target audio_msgs__rosidl_generator_py\n'}
[1.935302] (-) TimerEvent: {}
[2.001976] (gst_msgs) StdoutLine: {'line': b'[ 81%] Built target gst_msgs\n'}
[2.035472] (-) TimerEvent: {}
[2.131814] (audio_msgs) StdoutLine: {'line': b'[ 96%] Built target audio_msgs__rosidl_typesupport_fastrtps_c__pyext\n'}
[2.132717] (audio_msgs) StdoutLine: {'line': b'[ 96%] Built target audio_msgs__rosidl_typesupport_introspection_c__pyext\n'}
[2.135618] (-) TimerEvent: {}
[2.139335] (audio_msgs) StdoutLine: {'line': b'[100%] Built target audio_msgs__rosidl_typesupport_c__pyext\n'}
[2.190042] (gst_msgs) StdoutLine: {'line': b'[ 82%] Built target gst_msgs__py\n'}
[2.235804] (-) TimerEvent: {}
[2.338527] (-) TimerEvent: {}
[2.375728] (gst_msgs) StdoutLine: {'line': b'[ 92%] Built target gst_msgs__rosidl_generator_py\n'}
[2.438705] (-) TimerEvent: {}
[2.541749] (-) TimerEvent: {}
[2.555844] (gst_msgs) StdoutLine: {'line': b'[ 94%] Built target gst_msgs__rosidl_typesupport_fastrtps_c__pyext\n'}
[2.564120] (gst_msgs) StdoutLine: {'line': b'[ 97%] Built target gst_msgs__rosidl_typesupport_c__pyext\n'}
[2.571304] (gst_msgs) StdoutLine: {'line': b'[100%] Built target gst_msgs__rosidl_typesupport_introspection_c__pyext\n'}
[2.642153] (-) TimerEvent: {}
[2.744851] (-) TimerEvent: {}
[2.845984] (-) TimerEvent: {}
[2.947228] (-) TimerEvent: {}
[3.008363] (cv_bridge) StdoutLine: {'line': b'running egg_info\n'}
[3.012468] (cv_bridge) StdoutLine: {'line': b'writing cv_bridge.egg-info/PKG-INFO\n'}
[3.016783] (cv_bridge) StdoutLine: {'line': b'writing dependency_links to cv_bridge.egg-info/dependency_links.txt\n'}
[3.018996] (cv_bridge) StdoutLine: {'line': b'writing top-level names to cv_bridge.egg-info/top_level.txt\n'}
[3.026987] (cv_bridge) StdoutLine: {'line': b"reading manifest file 'cv_bridge.egg-info/SOURCES.txt'\n"}
[3.032457] (cv_bridge) StdoutLine: {'line': b"writing manifest file 'cv_bridge.egg-info/SOURCES.txt'\n"}
[3.047428] (-) TimerEvent: {}
[3.148666] (-) TimerEvent: {}
[3.152378] (cv_bridge) StdoutLine: {'line': b'[100%] Built target ament_cmake_python_build_cv_bridge_egg\n'}
[3.184128] (audio_msgs) StdoutLine: {'line': b'running egg_info\n'}
[3.188843] (audio_msgs) StdoutLine: {'line': b'writing audio_msgs.egg-info/PKG-INFO\n'}
[3.192539] (audio_msgs) StdoutLine: {'line': b'writing dependency_links to audio_msgs.egg-info/dependency_links.txt\n'}
[3.196412] (audio_msgs) StdoutLine: {'line': b'writing top-level names to audio_msgs.egg-info/top_level.txt\n'}
[3.199265] (gst_msgs) StdoutLine: {'line': b'running egg_info\n'}
[3.201131] (gst_msgs) StdoutLine: {'line': b'writing gst_msgs.egg-info/PKG-INFO\n'}
[3.202998] (gst_msgs) StdoutLine: {'line': b'writing dependency_links to gst_msgs.egg-info/dependency_links.txt\n'}
[3.211214] (gst_msgs) StdoutLine: {'line': b'writing top-level names to gst_msgs.egg-info/top_level.txt\n'}
[3.213172] (audio_msgs) StdoutLine: {'line': b"reading manifest file 'audio_msgs.egg-info/SOURCES.txt'\n"}
[3.215322] (audio_msgs) StdoutLine: {'line': b"writing manifest file 'audio_msgs.egg-info/SOURCES.txt'\n"}
[3.217814] (gst_msgs) StdoutLine: {'line': b"reading manifest file 'gst_msgs.egg-info/SOURCES.txt'\n"}
[3.220218] (gst_msgs) StdoutLine: {'line': b"writing manifest file 'gst_msgs.egg-info/SOURCES.txt'\n"}
[3.243270] (cv_bridge) CommandEnded: {'returncode': 0}
[3.248917] (-) TimerEvent: {}
[3.332063] (audio_msgs) StdoutLine: {'line': b'[100%] Built target ament_cmake_python_build_audio_msgs_egg\n'}
[3.340242] (gst_msgs) StdoutLine: {'line': b'[100%] Built target ament_cmake_python_build_gst_msgs_egg\n'}
[3.349112] (-) TimerEvent: {}
[3.400768] (gst_msgs) CommandEnded: {'returncode': 0}
[3.416843] (audio_msgs) CommandEnded: {'returncode': 0}
[3.449401] (-) TimerEvent: {}
[3.551532] (-) TimerEvent: {}
[3.572658] (cv_bridge) JobProgress: {'identifier': 'cv_bridge', 'progress': 'install'}
[3.651754] (-) TimerEvent: {}
[3.753790] (-) TimerEvent: {}
[3.810531] (cv_bridge) Command: {'cmd': ['/usr/local/bin/cmake', '--install', '/root/Workspaces/rosgsthumble_ws/build/cv_bridge'], 'cwd': '/root/Workspaces/rosgsthumble_ws/build/cv_bridge', 'env': OrderedDict([('OPENBLAS_CORETYPE', 'ARMV8'), ('PYTHONIOENCODING', 'utf-8'), ('HOSTNAME', 'nano'), ('LD_LIBRARY_PATH', '/root/Workspaces/rosgsthumble_ws/install/realsense2_camera/lib:/root/Workspaces/rosgsthumble_ws/install/realsense2_camera_msgs/lib:/root/Workspaces/rosgsthumble_ws/install/image_geometry/lib:/root/Workspaces/rosgsthumble_ws/install/gst_pipeline_plugins/lib:/root/Workspaces/rosgsthumble_ws/install/gst_pipeline/lib:/root/Workspaces/rosgsthumble_ws/install/gst_msgs/lib:/root/Workspaces/rosgsthumble_ws/install/gst_bridge/lib:/root/Workspaces/rosgsthumble_ws/install/diagnostic_updater/lib:/root/Workspaces/rosgsthumble_ws/install/cv_bridge/lib:/root/Workspaces/rosgsthumble_ws/install/audio_msgs/lib:/opt/ros/humble/install/opt/rviz_ogre_vendor/lib:/opt/ros/humble/install/lib:/usr/local/cuda-10.2/targets/aarch64-linux/lib:'), ('SHLVL', '1'), ('OLDPWD', '/root/Workspaces'), ('HOME', '/root'), ('ROS_PYTHON_VERSION', '3'), ('COLCON_PREFIX_PATH', '/opt/ros/humble/install:/root/Workspaces/rosgsthumble_ws/install'), ('ROS_DISTRO', 'humble'), ('PULSE_SERVER', 'unix:/run/user/1000/pulse/native'), ('_', '/usr/bin/colcon'), ('ROS_VERSION', '2'), ('NVIDIA_DRIVER_CAPABILITIES', 'compute,utility,graphics'), ('PKG_CONFIG_PATH', '/opt/ros/humble/install/lib/aarch64-linux-gnu/pkgconfig:/opt/ros/humble/install/lib/pkgconfig'), ('TERM', 'xterm'), ('ROS_LOCALHOST_ONLY', '0'), ('PATH', '/root/Workspaces/rosgsthumble_ws/install/xacro/bin:/opt/ros/humble/install/bin:/usr/local/cuda-10.2/bin:/usr/local/cuda/bin:/usr/local/sbin:/usr/local/bin:/usr/sbin:/usr/bin:/sbin:/bin'), ('XDG_RUNTIME_DIR', '/run/user/1000'), ('DISPLAY', ''), ('LANG', 'en_US.UTF-8'), ('RMW_IMPLEMENTATION', 'rmw_cyclonedds_cpp'), ('LS_COLORS', 'rs=0:di=01;34:ln=01;36:mh=00:pi=40;33:so=01;35:do=01;35:bd=40;33;01:cd=40;33;01:or=40;31;01:mi=00:su=37;41:sg=30;43:ca=30;41:tw=30;42:ow=34;42:st=37;44:ex=01;32:*.tar=01;31:*.tgz=01;31:*.arc=01;31:*.arj=01;31:*.taz=01;31:*.lha=01;31:*.lz4=01;31:*.lzh=01;31:*.lzma=01;31:*.tlz=01;31:*.txz=01;31:*.tzo=01;31:*.t7z=01;31:*.zip=01;31:*.z=01;31:*.Z=01;31:*.dz=01;31:*.gz=01;31:*.lrz=01;31:*.lz=01;31:*.lzo=01;31:*.xz=01;31:*.zst=01;31:*.tzst=01;31:*.bz2=01;31:*.bz=01;31:*.tbz=01;31:*.tbz2=01;31:*.tz=01;31:*.deb=01;31:*.rpm=01;31:*.jar=01;31:*.war=01;31:*.ear=01;31:*.sar=01;31:*.rar=01;31:*.alz=01;31:*.ace=01;31:*.zoo=01;31:*.cpio=01;31:*.7z=01;31:*.rz=01;31:*.cab=01;31:*.wim=01;31:*.swm=01;31:*.dwm=01;31:*.esd=01;31:*.jpg=01;35:*.jpeg=01;35:*.mjpg=01;35:*.mjpeg=01;35:*.gif=01;35:*.bmp=01;35:*.pbm=01;35:*.pgm=01;35:*.ppm=01;35:*.tga=01;35:*.xbm=01;35:*.xpm=01;35:*.tif=01;35:*.tiff=01;35:*.png=01;35:*.svg=01;35:*.svgz=01;35:*.mng=01;35:*.pcx=01;35:*.mov=01;35:*.mpg=01;35:*.mpeg=01;35:*.m2v=01;35:*.mkv=01;35:*.webm=01;35:*.ogm=01;35:*.mp4=01;35:*.m4v=01;35:*.mp4v=01;35:*.vob=01;35:*.qt=01;35:*.nuv=01;35:*.wmv=01;35:*.asf=01;35:*.rm=01;35:*.rmvb=01;35:*.flc=01;35:*.avi=01;35:*.fli=01;35:*.flv=01;35:*.gl=01;35:*.dl=01;35:*.xcf=01;35:*.xwd=01;35:*.yuv=01;35:*.cgm=01;35:*.emf=01;35:*.ogv=01;35:*.ogx=01;35:*.aac=00;36:*.au=00;36:*.flac=00;36:*.m4a=00;36:*.mid=00;36:*.midi=00;36:*.mka=00;36:*.mp3=00;36:*.mpc=00;36:*.ogg=00;36:*.ra=00;36:*.wav=00;36:*.oga=00;36:*.opus=00;36:*.spx=00;36:*.xspf=00;36:'), ('ROS_ROOT', '/opt/ros/humble'), ('AMENT_PREFIX_PATH', '/opt/ros/humble/install'), ('DEBIAN_FRONTEND', 'noninteractive'), ('GST_PLUGIN_PATH', '/root/Workspaces/rosgsthumble_ws/install/gst_bridge/lib/gst_bridge/'), ('SHELL', '/bin/bash'), ('PWD', '/root/Workspaces/rosgsthumble_ws/build/cv_bridge'), ('PYTHONPATH', '/root/Workspaces/rosgsthumble_ws/install/xacro/lib/python3.6/site-packages:/root/Workspaces/rosgsthumble_ws/install/realsense2_camera_msgs/lib/python3.6/site-packages:/root/Workspaces/rosgsthumble_ws/install/image_geometry/lib/python3.6/site-packages:/root/Workspaces/rosgsthumble_ws/install/gst_msgs/lib/python3.6/site-packages:/root/Workspaces/rosgsthumble_ws/install/diagnostic_common_diagnostics/lib/python3.6/site-packages:/root/Workspaces/rosgsthumble_ws/install/diagnostic_updater/lib/python3.6/site-packages:/root/Workspaces/rosgsthumble_ws/install/cv_bridge/lib/python3.6/site-packages:/root/Workspaces/rosgsthumble_ws/install/audio_msgs/lib/python3.6/site-packages:/opt/ros/humble/install/lib/python3.6/site-packages'), ('NVIDIA_VISIBLE_DEVICES', 'all'), ('COLCON', '1'), ('CMAKE_PREFIX_PATH', '/opt/ros/humble/install')]), 'shell': False}
[3.845145] (diagnostic_updater) StdoutLine: {'line': b'running egg_info\n'}
[3.849622] (diagnostic_updater) StdoutLine: {'line': b'writing diagnostic_updater.egg-info/PKG-INFO\n'}
[3.853342] (diagnostic_updater) StdoutLine: {'line': b'writing dependency_links to diagnostic_updater.egg-info/dependency_links.txt\n'}
[3.854131] (-) TimerEvent: {}
[3.855518] (diagnostic_updater) StdoutLine: {'line': b'writing top-level names to diagnostic_updater.egg-info/top_level.txt\n'}
[3.867590] (diagnostic_updater) StdoutLine: {'line': b"reading manifest file 'diagnostic_updater.egg-info/SOURCES.txt'\n"}
[3.873285] (diagnostic_updater) StdoutLine: {'line': b"writing manifest file 'diagnostic_updater.egg-info/SOURCES.txt'\n"}
[3.933250] (audio_msgs) JobProgress: {'identifier': 'audio_msgs', 'progress': 'install'}
[3.934177] (audio_msgs) Command: {'cmd': ['/usr/local/bin/cmake', '--install', '/root/Workspaces/rosgsthumble_ws/build/audio_msgs'], 'cwd': '/root/Workspaces/rosgsthumble_ws/build/audio_msgs', 'env': OrderedDict([('OPENBLAS_CORETYPE', 'ARMV8'), ('PYTHONIOENCODING', 'utf-8'), ('HOSTNAME', 'nano'), ('LD_LIBRARY_PATH', '/root/Workspaces/rosgsthumble_ws/install/realsense2_camera/lib:/root/Workspaces/rosgsthumble_ws/install/realsense2_camera_msgs/lib:/root/Workspaces/rosgsthumble_ws/install/image_geometry/lib:/root/Workspaces/rosgsthumble_ws/install/gst_pipeline_plugins/lib:/root/Workspaces/rosgsthumble_ws/install/gst_pipeline/lib:/root/Workspaces/rosgsthumble_ws/install/gst_msgs/lib:/root/Workspaces/rosgsthumble_ws/install/gst_bridge/lib:/root/Workspaces/rosgsthumble_ws/install/diagnostic_updater/lib:/root/Workspaces/rosgsthumble_ws/install/cv_bridge/lib:/root/Workspaces/rosgsthumble_ws/install/audio_msgs/lib:/opt/ros/humble/install/opt/rviz_ogre_vendor/lib:/opt/ros/humble/install/lib:/usr/local/cuda-10.2/targets/aarch64-linux/lib:'), ('SHLVL', '1'), ('OLDPWD', '/root/Workspaces'), ('HOME', '/root'), ('ROS_PYTHON_VERSION', '3'), ('COLCON_PREFIX_PATH', '/opt/ros/humble/install:/root/Workspaces/rosgsthumble_ws/install'), ('ROS_DISTRO', 'humble'), ('PULSE_SERVER', 'unix:/run/user/1000/pulse/native'), ('_', '/usr/bin/colcon'), ('ROS_VERSION', '2'), ('NVIDIA_DRIVER_CAPABILITIES', 'compute,utility,graphics'), ('PKG_CONFIG_PATH', '/opt/ros/humble/install/lib/aarch64-linux-gnu/pkgconfig:/opt/ros/humble/install/lib/pkgconfig'), ('TERM', 'xterm'), ('ROS_LOCALHOST_ONLY', '0'), ('PATH', '/root/Workspaces/rosgsthumble_ws/install/xacro/bin:/opt/ros/humble/install/bin:/usr/local/cuda-10.2/bin:/usr/local/cuda/bin:/usr/local/sbin:/usr/local/bin:/usr/sbin:/usr/bin:/sbin:/bin'), ('XDG_RUNTIME_DIR', '/run/user/1000'), ('DISPLAY', ''), ('LANG', 'en_US.UTF-8'), ('RMW_IMPLEMENTATION', 'rmw_cyclonedds_cpp'), ('LS_COLORS', 'rs=0:di=01;34:ln=01;36:mh=00:pi=40;33:so=01;35:do=01;35:bd=40;33;01:cd=40;33;01:or=40;31;01:mi=00:su=37;41:sg=30;43:ca=30;41:tw=30;42:ow=34;42:st=37;44:ex=01;32:*.tar=01;31:*.tgz=01;31:*.arc=01;31:*.arj=01;31:*.taz=01;31:*.lha=01;31:*.lz4=01;31:*.lzh=01;31:*.lzma=01;31:*.tlz=01;31:*.txz=01;31:*.tzo=01;31:*.t7z=01;31:*.zip=01;31:*.z=01;31:*.Z=01;31:*.dz=01;31:*.gz=01;31:*.lrz=01;31:*.lz=01;31:*.lzo=01;31:*.xz=01;31:*.zst=01;31:*.tzst=01;31:*.bz2=01;31:*.bz=01;31:*.tbz=01;31:*.tbz2=01;31:*.tz=01;31:*.deb=01;31:*.rpm=01;31:*.jar=01;31:*.war=01;31:*.ear=01;31:*.sar=01;31:*.rar=01;31:*.alz=01;31:*.ace=01;31:*.zoo=01;31:*.cpio=01;31:*.7z=01;31:*.rz=01;31:*.cab=01;31:*.wim=01;31:*.swm=01;31:*.dwm=01;31:*.esd=01;31:*.jpg=01;35:*.jpeg=01;35:*.mjpg=01;35:*.mjpeg=01;35:*.gif=01;35:*.bmp=01;35:*.pbm=01;35:*.pgm=01;35:*.ppm=01;35:*.tga=01;35:*.xbm=01;35:*.xpm=01;35:*.tif=01;35:*.tiff=01;35:*.png=01;35:*.svg=01;35:*.svgz=01;35:*.mng=01;35:*.pcx=01;35:*.mov=01;35:*.mpg=01;35:*.mpeg=01;35:*.m2v=01;35:*.mkv=01;35:*.webm=01;35:*.ogm=01;35:*.mp4=01;35:*.m4v=01;35:*.mp4v=01;35:*.vob=01;35:*.qt=01;35:*.nuv=01;35:*.wmv=01;35:*.asf=01;35:*.rm=01;35:*.rmvb=01;35:*.flc=01;35:*.avi=01;35:*.fli=01;35:*.flv=01;35:*.gl=01;35:*.dl=01;35:*.xcf=01;35:*.xwd=01;35:*.yuv=01;35:*.cgm=01;35:*.emf=01;35:*.ogv=01;35:*.ogx=01;35:*.aac=00;36:*.au=00;36:*.flac=00;36:*.m4a=00;36:*.mid=00;36:*.midi=00;36:*.mka=00;36:*.mp3=00;36:*.mpc=00;36:*.ogg=00;36:*.ra=00;36:*.wav=00;36:*.oga=00;36:*.opus=00;36:*.spx=00;36:*.xspf=00;36:'), ('ROS_ROOT', '/opt/ros/humble'), ('AMENT_PREFIX_PATH', '/opt/ros/humble/install'), ('DEBIAN_FRONTEND', 'noninteractive'), ('GST_PLUGIN_PATH', '/root/Workspaces/rosgsthumble_ws/install/gst_bridge/lib/gst_bridge/'), ('SHELL', '/bin/bash'), ('PWD', '/root/Workspaces/rosgsthumble_ws/build/audio_msgs'), ('PYTHONPATH', '/root/Workspaces/rosgsthumble_ws/install/xacro/lib/python3.6/site-packages:/root/Workspaces/rosgsthumble_ws/install/realsense2_camera_msgs/lib/python3.6/site-packages:/root/Workspaces/rosgsthumble_ws/install/image_geometry/lib/python3.6/site-packages:/root/Workspaces/rosgsthumble_ws/install/gst_msgs/lib/python3.6/site-packages:/root/Workspaces/rosgsthumble_ws/install/diagnostic_common_diagnostics/lib/python3.6/site-packages:/root/Workspaces/rosgsthumble_ws/install/diagnostic_updater/lib/python3.6/site-packages:/root/Workspaces/rosgsthumble_ws/install/cv_bridge/lib/python3.6/site-packages:/root/Workspaces/rosgsthumble_ws/install/audio_msgs/lib/python3.6/site-packages:/opt/ros/humble/install/lib/python3.6/site-packages'), ('NVIDIA_VISIBLE_DEVICES', 'all'), ('COLCON', '1'), ('CMAKE_PREFIX_PATH', '/opt/ros/humble/install')]), 'shell': False}
[3.954366] (-) TimerEvent: {}
[3.994797] (diagnostic_updater) StdoutLine: {'line': b'[100%] Built target ament_cmake_python_build_diagnostic_updater_egg\n'}
[4.041869] (cv_bridge) StdoutLine: {'line': b'-- Install configuration: ""\n'}
[4.044648] (cv_bridge) StdoutLine: {'line': b'-- Execute custom install script\n'}
[4.049141] (cv_bridge) StdoutLine: {'line': b'-- Up-to-date symlink: /root/Workspaces/rosgsthumble_ws/install/cv_bridge/share/cv_bridge/environment/pythonpath.sh\n'}
[4.058208] (-) TimerEvent: {}
[4.061003] (diagnostic_updater) CommandEnded: {'returncode': 0}
[4.064733] (cv_bridge) StdoutLine: {'line': b'-- Up-to-date symlink: /root/Workspaces/rosgsthumble_ws/install/cv_bridge/share/cv_bridge/environment/pythonpath.dsv\n'}
[4.065814] (cv_bridge) StdoutLine: {'line': b'-- Up-to-date symlink: /root/Workspaces/rosgsthumble_ws/install/cv_bridge/lib/python3.6/site-packages/cv_bridge-3.2.1-py3.6.egg-info/PKG-INFO\n'}
[4.066747] (cv_bridge) StdoutLine: {'line': b'-- Up-to-date symlink: /root/Workspaces/rosgsthumble_ws/install/cv_bridge/lib/python3.6/site-packages/cv_bridge-3.2.1-py3.6.egg-info/SOURCES.txt\n'}
[4.067320] (cv_bridge) StdoutLine: {'line': b'-- Up-to-date symlink: /root/Workspaces/rosgsthumble_ws/install/cv_bridge/lib/python3.6/site-packages/cv_bridge-3.2.1-py3.6.egg-info/dependency_links.txt\n'}
[4.067875] (cv_bridge) StdoutLine: {'line': b'-- Up-to-date symlink: /root/Workspaces/rosgsthumble_ws/install/cv_bridge/lib/python3.6/site-packages/cv_bridge-3.2.1-py3.6.egg-info/top_level.txt\n'}
[4.074332] (cv_bridge) StdoutLine: {'line': b'-- Up-to-date symlink: /root/Workspaces/rosgsthumble_ws/install/cv_bridge/lib/python3.6/site-packages/cv_bridge/__init__.py\n'}
[4.075637] (cv_bridge) StdoutLine: {'line': b'-- Up-to-date symlink: /root/Workspaces/rosgsthumble_ws/install/cv_bridge/lib/python3.6/site-packages/cv_bridge/core.py\n'}
[4.076218] (cv_bridge) StdoutLine: {'line': b'-- Up-to-date symlink: /root/Workspaces/rosgsthumble_ws/install/cv_bridge/include/cv_bridge/cv_bridge/cv_bridge_export.h\n'}
[4.076740] (cv_bridge) StdoutLine: {'line': b'-- Up-to-date symlink: /root/Workspaces/rosgsthumble_ws/install/cv_bridge/lib/python3.6/site-packages/cv_bridge/boost//cv_bridge_boost.so\n'}
[4.077233] (cv_bridge) StdoutLine: {'line': b'-- Up-to-date symlink: /root/Workspaces/rosgsthumble_ws/install/cv_bridge/include/cv_bridge/cv_bridge/cv_bridge.h\n'}
[4.077794] (cv_bridge) StdoutLine: {'line': b'-- Up-to-date symlink: /root/Workspaces/rosgsthumble_ws/install/cv_bridge/include/cv_bridge/cv_bridge/rgb_colors.h\n'}
[4.079883] (cv_bridge) StdoutLine: {'line': b'-- Up-to-date symlink: /root/Workspaces/rosgsthumble_ws/install/cv_bridge/lib/libcv_bridge.so\n'}
[4.082772] (cv_bridge) StdoutLine: {'line': b'-- Up-to-date symlink: /root/Workspaces/rosgsthumble_ws/install/cv_bridge/share/ament_index/resource_index/package_run_dependencies/cv_bridge\n'}
[4.085713] (cv_bridge) StdoutLine: {'line': b'-- Up-to-date symlink: /root/Workspaces/rosgsthumble_ws/install/cv_bridge/share/ament_index/resource_index/parent_prefix_path/cv_bridge\n'}
[4.088504] (cv_bridge) StdoutLine: {'line': b'-- Up-to-date symlink: /root/Workspaces/rosgsthumble_ws/install/cv_bridge/share/cv_bridge/environment/ament_prefix_path.sh\n'}
[4.091097] (cv_bridge) StdoutLine: {'line': b'-- Up-to-date symlink: /root/Workspaces/rosgsthumble_ws/install/cv_bridge/share/cv_bridge/environment/ament_prefix_path.dsv\n'}
[4.093516] (cv_bridge) StdoutLine: {'line': b'-- Up-to-date symlink: /root/Workspaces/rosgsthumble_ws/install/cv_bridge/share/cv_bridge/environment/path.sh\n'}
[4.095979] (cv_bridge) StdoutLine: {'line': b'-- Up-to-date symlink: /root/Workspaces/rosgsthumble_ws/install/cv_bridge/share/cv_bridge/environment/path.dsv\n'}
[4.098408] (cv_bridge) StdoutLine: {'line': b'-- Up-to-date symlink: /root/Workspaces/rosgsthumble_ws/install/cv_bridge/share/cv_bridge/local_setup.bash\n'}
[4.101115] (cv_bridge) StdoutLine: {'line': b'-- Up-to-date symlink: /root/Workspaces/rosgsthumble_ws/install/cv_bridge/share/cv_bridge/local_setup.sh\n'}
[4.103550] (cv_bridge) StdoutLine: {'line': b'-- Up-to-date symlink: /root/Workspaces/rosgsthumble_ws/install/cv_bridge/share/cv_bridge/local_setup.zsh\n'}
[4.105970] (cv_bridge) StdoutLine: {'line': b'-- Up-to-date symlink: /root/Workspaces/rosgsthumble_ws/install/cv_bridge/share/cv_bridge/local_setup.dsv\n'}
[4.107733] (cv_bridge) StdoutLine: {'line': b'-- Symlinking: /root/Workspaces/rosgsthumble_ws/install/cv_bridge/share/cv_bridge/package.dsv\n'}
[4.128817] (cv_bridge) StdoutLine: {'line': b'-- Up-to-date symlink: /root/Workspaces/rosgsthumble_ws/install/cv_bridge/share/ament_index/resource_index/packages/cv_bridge\n'}
[4.131505] (cv_bridge) StdoutLine: {'line': b'-- Up-to-date symlink: /root/Workspaces/rosgsthumble_ws/install/cv_bridge/share/cv_bridge/cmake/cv_bridge-extras.cmake\n'}
[4.133683] (cv_bridge) StdoutLine: {'line': b'-- Up-to-date symlink: /root/Workspaces/rosgsthumble_ws/install/cv_bridge/share/cv_bridge/cmake/ament_cmake_export_dependencies-extras.cmake\n'}
[4.135880] (cv_bridge) StdoutLine: {'line': b'-- Up-to-date symlink: /root/Workspaces/rosgsthumble_ws/install/cv_bridge/share/cv_bridge/cmake/ament_cmake_export_targets-extras.cmake\n'}
[4.138352] (cv_bridge) StdoutLine: {'line': b'-- Up-to-date symlink: /root/Workspaces/rosgsthumble_ws/install/cv_bridge/share/cv_bridge/cmake/cv_bridgeConfig.cmake\n'}
[4.140896] (cv_bridge) StdoutLine: {'line': b'-- Up-to-date symlink: /root/Workspaces/rosgsthumble_ws/install/cv_bridge/share/cv_bridge/cmake/cv_bridgeConfig-version.cmake\n'}
[4.142869] (cv_bridge) StdoutLine: {'line': b'-- Up-to-date symlink: /root/Workspaces/rosgsthumble_ws/install/cv_bridge/share/cv_bridge/package.xml\n'}
[4.150867] (audio_msgs) StdoutLine: {'line': b'-- Install configuration: ""\n'}
[4.156601] (audio_msgs) StdoutLine: {'line': b'-- Execute custom install script\n'}
[4.158315] (-) TimerEvent: {}
[4.160685] (audio_msgs) StdoutLine: {'line': b'-- Up-to-date symlink: /root/Workspaces/rosgsthumble_ws/install/audio_msgs/share/ament_index/resource_index/rosidl_interfaces/audio_msgs\n'}
[4.166447] (audio_msgs) StdoutLine: {'line': b'-- Up-to-date symlink: /root/Workspaces/rosgsthumble_ws/install/audio_msgs/include/audio_msgs/audio_msgs/msg/audio.h\n'}
[4.170356] (audio_msgs) StdoutLine: {'line': b'-- Up-to-date symlink: /root/Workspaces/rosgsthumble_ws/install/audio_msgs/include/audio_msgs/audio_msgs/msg/detail/audio__functions.h\n'}
[4.172631] (audio_msgs) StdoutLine: {'line': b'-- Up-to-date symlink: /root/Workspaces/rosgsthumble_ws/install/audio_msgs/include/audio_msgs/audio_msgs/msg/detail/audio__struct.h\n'}
[4.175235] (audio_msgs) StdoutLine: {'line': b'-- Up-to-date symlink: /root/Workspaces/rosgsthumble_ws/install/audio_msgs/include/audio_msgs/audio_msgs/msg/detail/audio__type_support.h\n'}
[4.178028] (audio_msgs) StdoutLine: {'line': b'-- Up-to-date symlink: /root/Workspaces/rosgsthumble_ws/install/audio_msgs/include/audio_msgs/audio_msgs/msg/rosidl_generator_c__visibility_control.h\n'}
[4.180510] (audio_msgs) StdoutLine: {'line': b'-- Up-to-date symlink: /root/Workspaces/rosgsthumble_ws/install/audio_msgs/share/audio_msgs/environment/library_path.sh\n'}
[4.182726] (audio_msgs) StdoutLine: {'line': b'-- Up-to-date symlink: /root/Workspaces/rosgsthumble_ws/install/audio_msgs/share/audio_msgs/environment/library_path.dsv\n'}
[4.185721] (audio_msgs) StdoutLine: {'line': b'-- Up-to-date symlink: /root/Workspaces/rosgsthumble_ws/install/audio_msgs/include/audio_msgs/audio_msgs/msg/detail/audio__rosidl_typesupport_fastrtps_c.h\n'}
[4.188509] (audio_msgs) StdoutLine: {'line': b'-- Up-to-date symlink: /root/Workspaces/rosgsthumble_ws/install/audio_msgs/include/audio_msgs/audio_msgs/msg/rosidl_typesupport_fastrtps_c__visibility_control.h\n'}
[4.192024] (audio_msgs) StdoutLine: {'line': b'-- Up-to-date symlink: /root/Workspaces/rosgsthumble_ws/install/audio_msgs/include/audio_msgs/audio_msgs/msg/audio.hpp\n'}
[4.194576] (audio_msgs) StdoutLine: {'line': b'-- Up-to-date symlink: /root/Workspaces/rosgsthumble_ws/install/audio_msgs/include/audio_msgs/audio_msgs/msg/detail/audio__builder.hpp\n'}
[4.197055] (audio_msgs) StdoutLine: {'line': b'-- Up-to-date symlink: /root/Workspaces/rosgsthumble_ws/install/audio_msgs/include/audio_msgs/audio_msgs/msg/detail/audio__struct.hpp\n'}
[4.199473] (audio_msgs) StdoutLine: {'line': b'-- Up-to-date symlink: /root/Workspaces/rosgsthumble_ws/install/audio_msgs/include/audio_msgs/audio_msgs/msg/detail/audio__traits.hpp\n'}
[4.203777] (audio_msgs) StdoutLine: {'line': b'-- Up-to-date symlink: /root/Workspaces/rosgsthumble_ws/install/audio_msgs/include/audio_msgs/audio_msgs/msg/detail/audio__rosidl_typesupport_fastrtps_cpp.hpp\n'}
[4.206346] (audio_msgs) StdoutLine: {'line': b'-- Up-to-date symlink: /root/Workspaces/rosgsthumble_ws/install/audio_msgs/include/audio_msgs/audio_msgs/msg/rosidl_typesupport_fastrtps_cpp__visibility_control.h\n'}
[4.210246] (audio_msgs) StdoutLine: {'line': b'-- Up-to-date symlink: /root/Workspaces/rosgsthumble_ws/install/audio_msgs/include/audio_msgs/audio_msgs/msg/detail/audio__rosidl_typesupport_introspection_c.h\n'}
[4.212715] (audio_msgs) StdoutLine: {'line': b'-- Up-to-date symlink: /root/Workspaces/rosgsthumble_ws/install/audio_msgs/include/audio_msgs/audio_msgs/msg/rosidl_typesupport_introspection_c__visibility_control.h\n'}
[4.216134] (audio_msgs) StdoutLine: {'line': b'-- Up-to-date symlink: /root/Workspaces/rosgsthumble_ws/install/audio_msgs/include/audio_msgs/audio_msgs/msg/detail/audio__rosidl_typesupport_introspection_cpp.hpp\n'}
[4.218947] (audio_msgs) StdoutLine: {'line': b'-- Up-to-date symlink: /root/Workspaces/rosgsthumble_ws/install/audio_msgs/share/audio_msgs/environment/pythonpath.sh\n'}
[4.221211] (audio_msgs) StdoutLine: {'line': b'-- Up-to-date symlink: /root/Workspaces/rosgsthumble_ws/install/audio_msgs/share/audio_msgs/environment/pythonpath.dsv\n'}
[4.224280] (audio_msgs) StdoutLine: {'line': b'-- Up-to-date symlink: /root/Workspaces/rosgsthumble_ws/install/audio_msgs/lib/python3.6/site-packages/audio_msgs-0.0.0-py3.6.egg-info/PKG-INFO\n'}
[4.226852] (audio_msgs) StdoutLine: {'line': b'-- Up-to-date symlink: /root/Workspaces/rosgsthumble_ws/install/audio_msgs/lib/python3.6/site-packages/audio_msgs-0.0.0-py3.6.egg-info/SOURCES.txt\n'}
[4.230720] (audio_msgs) StdoutLine: {'line': b'-- Up-to-date symlink: /root/Workspaces/rosgsthumble_ws/install/audio_msgs/lib/python3.6/site-packages/audio_msgs-0.0.0-py3.6.egg-info/dependency_links.txt\n'}
[4.233304] (audio_msgs) StdoutLine: {'line': b'-- Up-to-date symlink: /root/Workspaces/rosgsthumble_ws/install/audio_msgs/lib/python3.6/site-packages/audio_msgs-0.0.0-py3.6.egg-info/top_level.txt\n'}
[4.239870] (audio_msgs) StdoutLine: {'line': b'-- Up-to-date symlink: /root/Workspaces/rosgsthumble_ws/install/audio_msgs/lib/python3.6/site-packages/audio_msgs/__init__.py\n'}
[4.243753] (audio_msgs) StdoutLine: {'line': b'-- Up-to-date symlink: /root/Workspaces/rosgsthumble_ws/install/audio_msgs/lib/python3.6/site-packages/audio_msgs/_audio_msgs_s.ep.rosidl_typesupport_c.c\n'}
[4.246564] (audio_msgs) StdoutLine: {'line': b'-- Up-to-date symlink: /root/Workspaces/rosgsthumble_ws/install/audio_msgs/lib/python3.6/site-packages/audio_msgs/_audio_msgs_s.ep.rosidl_typesupport_fastrtps_c.c\n'}
[4.249073] (audio_msgs) StdoutLine: {'line': b'-- Up-to-date symlink: /root/Workspaces/rosgsthumble_ws/install/audio_msgs/lib/python3.6/site-packages/audio_msgs/_audio_msgs_s.ep.rosidl_typesupport_introspection_c.c\n'}
[4.251856] (audio_msgs) StdoutLine: {'line': b'-- Up-to-date symlink: /root/Workspaces/rosgsthumble_ws/install/audio_msgs/lib/python3.6/site-packages/audio_msgs/audio_msgs_s__rosidl_typesupport_c.cpython-36m-aarch64-linux-gnu.so\n'}
[4.254570] (audio_msgs) StdoutLine: {'line': b'-- Up-to-date symlink: /root/Workspaces/rosgsthumble_ws/install/audio_msgs/lib/python3.6/site-packages/audio_msgs/audio_msgs_s__rosidl_typesupport_fastrtps_c.cpython-36m-aarch64-linux-gnu.so\n'}
[4.257096] (audio_msgs) StdoutLine: {'line': b'-- Up-to-date symlink: /root/Workspaces/rosgsthumble_ws/install/audio_msgs/lib/python3.6/site-packages/audio_msgs/audio_msgs_s__rosidl_typesupport_introspection_c.cpython-36m-aarch64-linux-gnu.so\n'}
[4.258457] (-) TimerEvent: {}
[4.260467] (audio_msgs) StdoutLine: {'line': b'-- Up-to-date symlink: /root/Workspaces/rosgsthumble_ws/install/audio_msgs/lib/python3.6/site-packages/audio_msgs/libaudio_msgs__rosidl_generator_py.so\n'}
[4.261759] (audio_msgs) StdoutLine: {'line': b'-- Up-to-date symlink: /root/Workspaces/rosgsthumble_ws/install/audio_msgs/lib/python3.6/site-packages/audio_msgs/msg/__init__.py\n'}
[4.263601] (audio_msgs) StdoutLine: {'line': b'-- Up-to-date symlink: /root/Workspaces/rosgsthumble_ws/install/audio_msgs/lib/python3.6/site-packages/audio_msgs/msg/_audio.py\n'}
[4.264757] (audio_msgs) StdoutLine: {'line': b'-- Up-to-date symlink: /root/Workspaces/rosgsthumble_ws/install/audio_msgs/lib/python3.6/site-packages/audio_msgs/msg/_audio_s.c\n'}
[4.266418] (audio_msgs) StdoutLine: {'line': b'-- Up-to-date symlink: /root/Workspaces/rosgsthumble_ws/install/audio_msgs/lib/python3.6/site-packages/audio_msgs/audio_msgs_s__rosidl_typesupport_fastrtps_c.cpython-36m-aarch64-linux-gnu.so\n'}
[4.267781] (audio_msgs) StdoutLine: {'line': b'-- Up-to-date symlink: /root/Workspaces/rosgsthumble_ws/install/audio_msgs/lib/python3.6/site-packages/audio_msgs/audio_msgs_s__rosidl_typesupport_introspection_c.cpython-36m-aarch64-linux-gnu.so\n'}
[4.269278] (audio_msgs) StdoutLine: {'line': b'-- Up-to-date symlink: /root/Workspaces/rosgsthumble_ws/install/audio_msgs/lib/python3.6/site-packages/audio_msgs/audio_msgs_s__rosidl_typesupport_c.cpython-36m-aarch64-linux-gnu.so\n'}
[4.271066] (audio_msgs) StdoutLine: {'line': b'-- Up-to-date symlink: /root/Workspaces/rosgsthumble_ws/install/audio_msgs/share/audio_msgs/msg/Audio.idl\n'}
[4.272501] (audio_msgs) StdoutLine: {'line': b'-- Up-to-date symlink: /root/Workspaces/rosgsthumble_ws/install/audio_msgs/share/audio_msgs/msg/Audio.msg\n'}
[4.274264] (audio_msgs) StdoutLine: {'line': b'-- Up-to-date symlink: /root/Workspaces/rosgsthumble_ws/install/audio_msgs/share/ament_index/resource_index/package_run_dependencies/audio_msgs\n'}
[4.275428] (audio_msgs) StdoutLine: {'line': b'-- Up-to-date symlink: /root/Workspaces/rosgsthumble_ws/install/audio_msgs/share/ament_index/resource_index/parent_prefix_path/audio_msgs\n'}
[4.282044] (audio_msgs) StdoutLine: {'line': b'-- Up-to-date symlink: /root/Workspaces/rosgsthumble_ws/install/audio_msgs/share/audio_msgs/environment/ament_prefix_path.sh\n'}
[4.284717] (audio_msgs) StdoutLine: {'line': b'-- Up-to-date symlink: /root/Workspaces/rosgsthumble_ws/install/audio_msgs/share/audio_msgs/environment/ament_prefix_path.dsv\n'}
[4.287465] (audio_msgs) StdoutLine: {'line': b'-- Up-to-date symlink: /root/Workspaces/rosgsthumble_ws/install/audio_msgs/share/audio_msgs/environment/path.sh\n'}
[4.288319] (audio_msgs) StdoutLine: {'line': b'-- Up-to-date symlink: /root/Workspaces/rosgsthumble_ws/install/audio_msgs/share/audio_msgs/environment/path.dsv\n'}
[4.288890] (audio_msgs) StdoutLine: {'line': b'-- Up-to-date symlink: /root/Workspaces/rosgsthumble_ws/install/audio_msgs/share/audio_msgs/local_setup.bash\n'}
[4.289391] (audio_msgs) StdoutLine: {'line': b'-- Up-to-date symlink: /root/Workspaces/rosgsthumble_ws/install/audio_msgs/share/audio_msgs/local_setup.sh\n'}
[4.290016] (audio_msgs) StdoutLine: {'line': b'-- Up-to-date symlink: /root/Workspaces/rosgsthumble_ws/install/audio_msgs/share/audio_msgs/local_setup.zsh\n'}
[4.290581] (audio_msgs) StdoutLine: {'line': b'-- Up-to-date symlink: /root/Workspaces/rosgsthumble_ws/install/audio_msgs/share/audio_msgs/local_setup.dsv\n'}
[4.291056] (audio_msgs) StdoutLine: {'line': b'-- Symlinking: /root/Workspaces/rosgsthumble_ws/install/audio_msgs/share/audio_msgs/package.dsv\n'}
[4.307901] (audio_msgs) StdoutLine: {'line': b'-- Up-to-date symlink: /root/Workspaces/rosgsthumble_ws/install/audio_msgs/share/ament_index/resource_index/packages/audio_msgs\n'}
[4.309370] (audio_msgs) StdoutLine: {'line': b'-- Up-to-date symlink: /root/Workspaces/rosgsthumble_ws/install/audio_msgs/share/audio_msgs/cmake/rosidl_cmake-extras.cmake\n'}
[4.311255] (audio_msgs) StdoutLine: {'line': b'-- Up-to-date symlink: /root/Workspaces/rosgsthumble_ws/install/audio_msgs/share/audio_msgs/cmake/ament_cmake_export_dependencies-extras.cmake\n'}
[4.312872] (audio_msgs) StdoutLine: {'line': b'-- Up-to-date symlink: /root/Workspaces/rosgsthumble_ws/install/audio_msgs/share/audio_msgs/cmake/ament_cmake_export_include_directories-extras.cmake\n'}
[4.315207] (audio_msgs) StdoutLine: {'line': b'-- Up-to-date symlink: /root/Workspaces/rosgsthumble_ws/install/audio_msgs/share/audio_msgs/cmake/ament_cmake_export_libraries-extras.cmake\n'}
[4.316832] (audio_msgs) StdoutLine: {'line': b'-- Up-to-date symlink: /root/Workspaces/rosgsthumble_ws/install/audio_msgs/share/audio_msgs/cmake/ament_cmake_export_targets-extras.cmake\n'}
[4.320016] (audio_msgs) StdoutLine: {'line': b'-- Up-to-date symlink: /root/Workspaces/rosgsthumble_ws/install/audio_msgs/share/audio_msgs/cmake/rosidl_cmake_export_typesupport_targets-extras.cmake\n'}
[4.321142] (audio_msgs) StdoutLine: {'line': b'-- Up-to-date symlink: /root/Workspaces/rosgsthumble_ws/install/audio_msgs/share/audio_msgs/cmake/rosidl_cmake_export_typesupport_libraries-extras.cmake\n'}
[4.322481] (audio_msgs) StdoutLine: {'line': b'-- Up-to-date symlink: /root/Workspaces/rosgsthumble_ws/install/audio_msgs/share/audio_msgs/cmake/audio_msgsConfig.cmake\n'}
[4.324155] (audio_msgs) StdoutLine: {'line': b'-- Up-to-date symlink: /root/Workspaces/rosgsthumble_ws/install/audio_msgs/share/audio_msgs/cmake/audio_msgsConfig-version.cmake\n'}
[4.325094] (audio_msgs) StdoutLine: {'line': b'-- Up-to-date symlink: /root/Workspaces/rosgsthumble_ws/install/audio_msgs/share/audio_msgs/package.xml\n'}
[4.325980] (audio_msgs) StdoutLine: {'line': b'-- Up-to-date: /root/Workspaces/rosgsthumble_ws/install/audio_msgs/lib/libaudio_msgs__rosidl_generator_c.so\n'}
[4.327436] (audio_msgs) StdoutLine: {'line': b'-- Up-to-date: /root/Workspaces/rosgsthumble_ws/install/audio_msgs/lib/libaudio_msgs__rosidl_typesupport_fastrtps_c.so\n'}
[4.329079] (audio_msgs) StdoutLine: {'line': b'-- Up-to-date: /root/Workspaces/rosgsthumble_ws/install/audio_msgs/lib/libaudio_msgs__rosidl_typesupport_fastrtps_cpp.so\n'}
[4.330890] (audio_msgs) StdoutLine: {'line': b'-- Up-to-date: /root/Workspaces/rosgsthumble_ws/install/audio_msgs/lib/libaudio_msgs__rosidl_typesupport_introspection_c.so\n'}
[4.332284] (audio_msgs) StdoutLine: {'line': b'-- Up-to-date: /root/Workspaces/rosgsthumble_ws/install/audio_msgs/lib/libaudio_msgs__rosidl_typesupport_c.so\n'}
[4.333744] (audio_msgs) StdoutLine: {'line': b'-- Up-to-date: /root/Workspaces/rosgsthumble_ws/install/audio_msgs/lib/libaudio_msgs__rosidl_typesupport_introspection_cpp.so\n'}
[4.335341] (audio_msgs) StdoutLine: {'line': b'-- Up-to-date: /root/Workspaces/rosgsthumble_ws/install/audio_msgs/lib/libaudio_msgs__rosidl_typesupport_cpp.so\n'}
[4.341260] (cv_bridge) StdoutLine: {'line': b"Listing '/root/Workspaces/rosgsthumble_ws/install/cv_bridge/lib/python3.6/site-packages/cv_bridge'...\n"}
[4.342640] (cv_bridge) StdoutLine: {'line': b"Listing '/root/Workspaces/rosgsthumble_ws/install/cv_bridge/lib/python3.6/site-packages/cv_bridge/boost'...\n"}
[4.358957] (-) TimerEvent: {}
[4.369426] (cv_bridge) StdoutLine: {'line': b'-- Up-to-date: /root/Workspaces/rosgsthumble_ws/install/cv_bridge/share/cv_bridge/cmake/export_cv_bridgeExport.cmake\n'}
[4.371520] (cv_bridge) StdoutLine: {'line': b'-- Up-to-date: /root/Workspaces/rosgsthumble_ws/install/cv_bridge/share/cv_bridge/cmake/export_cv_bridgeExport-noconfig.cmake\n'}
[4.404867] (cv_bridge) CommandEnded: {'returncode': 0}
[4.460911] (-) TimerEvent: {}
[4.541561] (audio_msgs) StdoutLine: {'line': b"Listing '/root/Workspaces/rosgsthumble_ws/install/audio_msgs/lib/python3.6/site-packages/audio_msgs'...\n"}
[4.547864] (audio_msgs) StdoutLine: {'line': b"Listing '/root/Workspaces/rosgsthumble_ws/install/audio_msgs/lib/python3.6/site-packages/audio_msgs/msg'...\n"}
[4.566859] (-) TimerEvent: {}
[4.578405] (audio_msgs) StdoutLine: {'line': b'-- Up-to-date: /root/Workspaces/rosgsthumble_ws/install/audio_msgs/lib/libaudio_msgs__rosidl_generator_py.so\n'}
[4.596593] (audio_msgs) StdoutLine: {'line': b'-- Up-to-date: /root/Workspaces/rosgsthumble_ws/install/audio_msgs/share/audio_msgs/cmake/export_audio_msgs__rosidl_generator_cExport.cmake\n'}
[4.608604] (audio_msgs) StdoutLine: {'line': b'-- Up-to-date: /root/Workspaces/rosgsthumble_ws/install/audio_msgs/share/audio_msgs/cmake/export_audio_msgs__rosidl_generator_cExport-noconfig.cmake\n'}
[4.610216] (audio_msgs) StdoutLine: {'line': b'-- Up-to-date: /root/Workspaces/rosgsthumble_ws/install/audio_msgs/share/audio_msgs/cmake/export_audio_msgs__rosidl_typesupport_fastrtps_cExport.cmake\n'}
[4.611201] (audio_msgs) StdoutLine: {'line': b'-- Up-to-date: /root/Workspaces/rosgsthumble_ws/install/audio_msgs/share/audio_msgs/cmake/export_audio_msgs__rosidl_typesupport_fastrtps_cExport-noconfig.cmake\n'}
[4.612963] (audio_msgs) StdoutLine: {'line': b'-- Up-to-date: /root/Workspaces/rosgsthumble_ws/install/audio_msgs/share/audio_msgs/cmake/export_audio_msgs__rosidl_generator_cppExport.cmake\n'}
[4.614395] (audio_msgs) StdoutLine: {'line': b'-- Up-to-date: /root/Workspaces/rosgsthumble_ws/install/audio_msgs/share/audio_msgs/cmake/export_audio_msgs__rosidl_typesupport_fastrtps_cppExport.cmake\n'}
[4.615353] (audio_msgs) StdoutLine: {'line': b'-- Up-to-date: /root/Workspaces/rosgsthumble_ws/install/audio_msgs/share/audio_msgs/cmake/export_audio_msgs__rosidl_typesupport_fastrtps_cppExport-noconfig.cmake\n'}
[4.617072] (audio_msgs) StdoutLine: {'line': b'-- Up-to-date: /root/Workspaces/rosgsthumble_ws/install/audio_msgs/share/audio_msgs/cmake/audio_msgs__rosidl_typesupport_introspection_cExport.cmake\n'}
[4.618746] (audio_msgs) StdoutLine: {'line': b'-- Up-to-date: /root/Workspaces/rosgsthumble_ws/install/audio_msgs/share/audio_msgs/cmake/audio_msgs__rosidl_typesupport_introspection_cExport-noconfig.cmake\n'}
[4.619616] (audio_msgs) StdoutLine: {'line': b'-- Up-to-date: /root/Workspaces/rosgsthumble_ws/install/audio_msgs/share/audio_msgs/cmake/audio_msgs__rosidl_typesupport_cExport.cmake\n'}
[4.621199] (audio_msgs) StdoutLine: {'line': b'-- Up-to-date: /root/Workspaces/rosgsthumble_ws/install/audio_msgs/share/audio_msgs/cmake/audio_msgs__rosidl_typesupport_cExport-noconfig.cmake\n'}
[4.623426] (audio_msgs) StdoutLine: {'line': b'-- Up-to-date: /root/Workspaces/rosgsthumble_ws/install/audio_msgs/share/audio_msgs/cmake/audio_msgs__rosidl_typesupport_introspection_cppExport.cmake\n'}
[4.644781] (audio_msgs) StdoutLine: {'line': b'-- Up-to-date: /root/Workspaces/rosgsthumble_ws/install/audio_msgs/share/audio_msgs/cmake/audio_msgs__rosidl_typesupport_introspection_cppExport-noconfig.cmake\n'}
[4.663038] (audio_msgs) StdoutLine: {'line': b'-- Up-to-date: /root/Workspaces/rosgsthumble_ws/install/audio_msgs/share/audio_msgs/cmake/audio_msgs__rosidl_typesupport_cppExport.cmake\n'}
[4.664001] (audio_msgs) StdoutLine: {'line': b'-- Up-to-date: /root/Workspaces/rosgsthumble_ws/install/audio_msgs/share/audio_msgs/cmake/audio_msgs__rosidl_typesupport_cppExport-noconfig.cmake\n'}
[4.665073] (audio_msgs) StdoutLine: {'line': b'-- Up-to-date: /root/Workspaces/rosgsthumble_ws/install/audio_msgs/share/audio_msgs/cmake/export_audio_msgs__rosidl_generator_pyExport.cmake\n'}
[4.665651] (audio_msgs) StdoutLine: {'line': b'-- Up-to-date: /root/Workspaces/rosgsthumble_ws/install/audio_msgs/share/audio_msgs/cmake/export_audio_msgs__rosidl_generator_pyExport-noconfig.cmake\n'}
[4.667066] (-) TimerEvent: {}
[4.748005] (audio_msgs) CommandEnded: {'returncode': 0}
[4.770480] (-) TimerEvent: {}
[4.891835] (-) TimerEvent: {}
[5.008371] (-) TimerEvent: {}
[5.025758] (gst_msgs) JobProgress: {'identifier': 'gst_msgs', 'progress': 'install'}
[5.027909] (gst_msgs) Command: {'cmd': ['/usr/local/bin/cmake', '--install', '/root/Workspaces/rosgsthumble_ws/build/gst_msgs'], 'cwd': '/root/Workspaces/rosgsthumble_ws/build/gst_msgs', 'env': OrderedDict([('OPENBLAS_CORETYPE', 'ARMV8'), ('PYTHONIOENCODING', 'utf-8'), ('HOSTNAME', 'nano'), ('LD_LIBRARY_PATH', '/root/Workspaces/rosgsthumble_ws/install/realsense2_camera/lib:/root/Workspaces/rosgsthumble_ws/install/realsense2_camera_msgs/lib:/root/Workspaces/rosgsthumble_ws/install/image_geometry/lib:/root/Workspaces/rosgsthumble_ws/install/gst_pipeline_plugins/lib:/root/Workspaces/rosgsthumble_ws/install/gst_pipeline/lib:/root/Workspaces/rosgsthumble_ws/install/gst_msgs/lib:/root/Workspaces/rosgsthumble_ws/install/gst_bridge/lib:/root/Workspaces/rosgsthumble_ws/install/diagnostic_updater/lib:/root/Workspaces/rosgsthumble_ws/install/cv_bridge/lib:/root/Workspaces/rosgsthumble_ws/install/audio_msgs/lib:/opt/ros/humble/install/opt/rviz_ogre_vendor/lib:/opt/ros/humble/install/lib:/usr/local/cuda-10.2/targets/aarch64-linux/lib:'), ('SHLVL', '1'), ('OLDPWD', '/root/Workspaces'), ('HOME', '/root'), ('ROS_PYTHON_VERSION', '3'), ('COLCON_PREFIX_PATH', '/opt/ros/humble/install:/root/Workspaces/rosgsthumble_ws/install'), ('ROS_DISTRO', 'humble'), ('PULSE_SERVER', 'unix:/run/user/1000/pulse/native'), ('_', '/usr/bin/colcon'), ('ROS_VERSION', '2'), ('NVIDIA_DRIVER_CAPABILITIES', 'compute,utility,graphics'), ('PKG_CONFIG_PATH', '/opt/ros/humble/install/lib/aarch64-linux-gnu/pkgconfig:/opt/ros/humble/install/lib/pkgconfig'), ('TERM', 'xterm'), ('ROS_LOCALHOST_ONLY', '0'), ('PATH', '/root/Workspaces/rosgsthumble_ws/install/xacro/bin:/opt/ros/humble/install/bin:/usr/local/cuda-10.2/bin:/usr/local/cuda/bin:/usr/local/sbin:/usr/local/bin:/usr/sbin:/usr/bin:/sbin:/bin'), ('XDG_RUNTIME_DIR', '/run/user/1000'), ('DISPLAY', ''), ('LANG', 'en_US.UTF-8'), ('RMW_IMPLEMENTATION', 'rmw_cyclonedds_cpp'), ('LS_COLORS', 'rs=0:di=01;34:ln=01;36:mh=00:pi=40;33:so=01;35:do=01;35:bd=40;33;01:cd=40;33;01:or=40;31;01:mi=00:su=37;41:sg=30;43:ca=30;41:tw=30;42:ow=34;42:st=37;44:ex=01;32:*.tar=01;31:*.tgz=01;31:*.arc=01;31:*.arj=01;31:*.taz=01;31:*.lha=01;31:*.lz4=01;31:*.lzh=01;31:*.lzma=01;31:*.tlz=01;31:*.txz=01;31:*.tzo=01;31:*.t7z=01;31:*.zip=01;31:*.z=01;31:*.Z=01;31:*.dz=01;31:*.gz=01;31:*.lrz=01;31:*.lz=01;31:*.lzo=01;31:*.xz=01;31:*.zst=01;31:*.tzst=01;31:*.bz2=01;31:*.bz=01;31:*.tbz=01;31:*.tbz2=01;31:*.tz=01;31:*.deb=01;31:*.rpm=01;31:*.jar=01;31:*.war=01;31:*.ear=01;31:*.sar=01;31:*.rar=01;31:*.alz=01;31:*.ace=01;31:*.zoo=01;31:*.cpio=01;31:*.7z=01;31:*.rz=01;31:*.cab=01;31:*.wim=01;31:*.swm=01;31:*.dwm=01;31:*.esd=01;31:*.jpg=01;35:*.jpeg=01;35:*.mjpg=01;35:*.mjpeg=01;35:*.gif=01;35:*.bmp=01;35:*.pbm=01;35:*.pgm=01;35:*.ppm=01;35:*.tga=01;35:*.xbm=01;35:*.xpm=01;35:*.tif=01;35:*.tiff=01;35:*.png=01;35:*.svg=01;35:*.svgz=01;35:*.mng=01;35:*.pcx=01;35:*.mov=01;35:*.mpg=01;35:*.mpeg=01;35:*.m2v=01;35:*.mkv=01;35:*.webm=01;35:*.ogm=01;35:*.mp4=01;35:*.m4v=01;35:*.mp4v=01;35:*.vob=01;35:*.qt=01;35:*.nuv=01;35:*.wmv=01;35:*.asf=01;35:*.rm=01;35:*.rmvb=01;35:*.flc=01;35:*.avi=01;35:*.fli=01;35:*.flv=01;35:*.gl=01;35:*.dl=01;35:*.xcf=01;35:*.xwd=01;35:*.yuv=01;35:*.cgm=01;35:*.emf=01;35:*.ogv=01;35:*.ogx=01;35:*.aac=00;36:*.au=00;36:*.flac=00;36:*.m4a=00;36:*.mid=00;36:*.midi=00;36:*.mka=00;36:*.mp3=00;36:*.mpc=00;36:*.ogg=00;36:*.ra=00;36:*.wav=00;36:*.oga=00;36:*.opus=00;36:*.spx=00;36:*.xspf=00;36:'), ('ROS_ROOT', '/opt/ros/humble'), ('AMENT_PREFIX_PATH', '/opt/ros/humble/install'), ('DEBIAN_FRONTEND', 'noninteractive'), ('GST_PLUGIN_PATH', '/root/Workspaces/rosgsthumble_ws/install/gst_bridge/lib/gst_bridge/'), ('SHELL', '/bin/bash'), ('PWD', '/root/Workspaces/rosgsthumble_ws/build/gst_msgs'), ('PYTHONPATH', '/root/Workspaces/rosgsthumble_ws/install/xacro/lib/python3.6/site-packages:/root/Workspaces/rosgsthumble_ws/install/realsense2_camera_msgs/lib/python3.6/site-packages:/root/Workspaces/rosgsthumble_ws/install/image_geometry/lib/python3.6/site-packages:/root/Workspaces/rosgsthumble_ws/install/gst_msgs/lib/python3.6/site-packages:/root/Workspaces/rosgsthumble_ws/install/diagnostic_common_diagnostics/lib/python3.6/site-packages:/root/Workspaces/rosgsthumble_ws/install/diagnostic_updater/lib/python3.6/site-packages:/root/Workspaces/rosgsthumble_ws/install/cv_bridge/lib/python3.6/site-packages:/root/Workspaces/rosgsthumble_ws/install/audio_msgs/lib/python3.6/site-packages:/opt/ros/humble/install/lib/python3.6/site-packages'), ('NVIDIA_VISIBLE_DEVICES', 'all'), ('COLCON', '1'), ('CMAKE_PREFIX_PATH', '/opt/ros/humble/install')]), 'shell': False}
[5.038881] (diagnostic_updater) JobProgress: {'identifier': 'diagnostic_updater', 'progress': 'install'}
[5.040904] (diagnostic_updater) Command: {'cmd': ['/usr/local/bin/cmake', '--install', '/root/Workspaces/rosgsthumble_ws/build/diagnostic_updater'], 'cwd': '/root/Workspaces/rosgsthumble_ws/build/diagnostic_updater', 'env': OrderedDict([('OPENBLAS_CORETYPE', 'ARMV8'), ('PYTHONIOENCODING', 'utf-8'), ('HOSTNAME', 'nano'), ('LD_LIBRARY_PATH', '/root/Workspaces/rosgsthumble_ws/install/realsense2_camera/lib:/root/Workspaces/rosgsthumble_ws/install/realsense2_camera_msgs/lib:/root/Workspaces/rosgsthumble_ws/install/image_geometry/lib:/root/Workspaces/rosgsthumble_ws/install/gst_pipeline_plugins/lib:/root/Workspaces/rosgsthumble_ws/install/gst_pipeline/lib:/root/Workspaces/rosgsthumble_ws/install/gst_msgs/lib:/root/Workspaces/rosgsthumble_ws/install/gst_bridge/lib:/root/Workspaces/rosgsthumble_ws/install/diagnostic_updater/lib:/root/Workspaces/rosgsthumble_ws/install/cv_bridge/lib:/root/Workspaces/rosgsthumble_ws/install/audio_msgs/lib:/opt/ros/humble/install/opt/rviz_ogre_vendor/lib:/opt/ros/humble/install/lib:/usr/local/cuda-10.2/targets/aarch64-linux/lib:'), ('SHLVL', '1'), ('OLDPWD', '/root/Workspaces'), ('HOME', '/root'), ('ROS_PYTHON_VERSION', '3'), ('COLCON_PREFIX_PATH', '/opt/ros/humble/install:/root/Workspaces/rosgsthumble_ws/install'), ('ROS_DISTRO', 'humble'), ('PULSE_SERVER', 'unix:/run/user/1000/pulse/native'), ('_', '/usr/bin/colcon'), ('ROS_VERSION', '2'), ('NVIDIA_DRIVER_CAPABILITIES', 'compute,utility,graphics'), ('PKG_CONFIG_PATH', '/opt/ros/humble/install/lib/aarch64-linux-gnu/pkgconfig:/opt/ros/humble/install/lib/pkgconfig'), ('TERM', 'xterm'), ('ROS_LOCALHOST_ONLY', '0'), ('PATH', '/root/Workspaces/rosgsthumble_ws/install/xacro/bin:/opt/ros/humble/install/bin:/usr/local/cuda-10.2/bin:/usr/local/cuda/bin:/usr/local/sbin:/usr/local/bin:/usr/sbin:/usr/bin:/sbin:/bin'), ('XDG_RUNTIME_DIR', '/run/user/1000'), ('DISPLAY', ''), ('LANG', 'en_US.UTF-8'), ('RMW_IMPLEMENTATION', 'rmw_cyclonedds_cpp'), ('LS_COLORS', 'rs=0:di=01;34:ln=01;36:mh=00:pi=40;33:so=01;35:do=01;35:bd=40;33;01:cd=40;33;01:or=40;31;01:mi=00:su=37;41:sg=30;43:ca=30;41:tw=30;42:ow=34;42:st=37;44:ex=01;32:*.tar=01;31:*.tgz=01;31:*.arc=01;31:*.arj=01;31:*.taz=01;31:*.lha=01;31:*.lz4=01;31:*.lzh=01;31:*.lzma=01;31:*.tlz=01;31:*.txz=01;31:*.tzo=01;31:*.t7z=01;31:*.zip=01;31:*.z=01;31:*.Z=01;31:*.dz=01;31:*.gz=01;31:*.lrz=01;31:*.lz=01;31:*.lzo=01;31:*.xz=01;31:*.zst=01;31:*.tzst=01;31:*.bz2=01;31:*.bz=01;31:*.tbz=01;31:*.tbz2=01;31:*.tz=01;31:*.deb=01;31:*.rpm=01;31:*.jar=01;31:*.war=01;31:*.ear=01;31:*.sar=01;31:*.rar=01;31:*.alz=01;31:*.ace=01;31:*.zoo=01;31:*.cpio=01;31:*.7z=01;31:*.rz=01;31:*.cab=01;31:*.wim=01;31:*.swm=01;31:*.dwm=01;31:*.esd=01;31:*.jpg=01;35:*.jpeg=01;35:*.mjpg=01;35:*.mjpeg=01;35:*.gif=01;35:*.bmp=01;35:*.pbm=01;35:*.pgm=01;35:*.ppm=01;35:*.tga=01;35:*.xbm=01;35:*.xpm=01;35:*.tif=01;35:*.tiff=01;35:*.png=01;35:*.svg=01;35:*.svgz=01;35:*.mng=01;35:*.pcx=01;35:*.mov=01;35:*.mpg=01;35:*.mpeg=01;35:*.m2v=01;35:*.mkv=01;35:*.webm=01;35:*.ogm=01;35:*.mp4=01;35:*.m4v=01;35:*.mp4v=01;35:*.vob=01;35:*.qt=01;35:*.nuv=01;35:*.wmv=01;35:*.asf=01;35:*.rm=01;35:*.rmvb=01;35:*.flc=01;35:*.avi=01;35:*.fli=01;35:*.flv=01;35:*.gl=01;35:*.dl=01;35:*.xcf=01;35:*.xwd=01;35:*.yuv=01;35:*.cgm=01;35:*.emf=01;35:*.ogv=01;35:*.ogx=01;35:*.aac=00;36:*.au=00;36:*.flac=00;36:*.m4a=00;36:*.mid=00;36:*.midi=00;36:*.mka=00;36:*.mp3=00;36:*.mpc=00;36:*.ogg=00;36:*.ra=00;36:*.wav=00;36:*.oga=00;36:*.opus=00;36:*.spx=00;36:*.xspf=00;36:'), ('ROS_ROOT', '/opt/ros/humble'), ('AMENT_PREFIX_PATH', '/opt/ros/humble/install'), ('DEBIAN_FRONTEND', 'noninteractive'), ('GST_PLUGIN_PATH', '/root/Workspaces/rosgsthumble_ws/install/gst_bridge/lib/gst_bridge/'), ('SHELL', '/bin/bash'), ('PWD', '/root/Workspaces/rosgsthumble_ws/build/diagnostic_updater'), ('PYTHONPATH', '/root/Workspaces/rosgsthumble_ws/install/xacro/lib/python3.6/site-packages:/root/Workspaces/rosgsthumble_ws/install/realsense2_camera_msgs/lib/python3.6/site-packages:/root/Workspaces/rosgsthumble_ws/install/image_geometry/lib/python3.6/site-packages:/root/Workspaces/rosgsthumble_ws/install/gst_msgs/lib/python3.6/site-packages:/root/Workspaces/rosgsthumble_ws/install/diagnostic_common_diagnostics/lib/python3.6/site-packages:/root/Workspaces/rosgsthumble_ws/install/diagnostic_updater/lib/python3.6/site-packages:/root/Workspaces/rosgsthumble_ws/install/cv_bridge/lib/python3.6/site-packages:/root/Workspaces/rosgsthumble_ws/install/audio_msgs/lib/python3.6/site-packages:/opt/ros/humble/install/lib/python3.6/site-packages'), ('NVIDIA_VISIBLE_DEVICES', 'all'), ('COLCON', '1'), ('CMAKE_PREFIX_PATH', '/opt/ros/humble/install')]), 'shell': False}
[5.113782] (-) TimerEvent: {}
[5.216312] (-) TimerEvent: {}
[5.240606] (gst_msgs) StdoutLine: {'line': b'-- Install configuration: ""\n'}
[5.260188] (gst_msgs) StdoutLine: {'line': b'-- Execute custom install script\n'}
[5.260869] (gst_msgs) StdoutLine: {'line': b'-- Up-to-date symlink: /root/Workspaces/rosgsthumble_ws/install/gst_msgs/share/ament_index/resource_index/rosidl_interfaces/gst_msgs\n'}
[5.261432] (diagnostic_updater) StdoutLine: {'line': b'-- Install configuration: ""\n'}
[5.262016] (gst_msgs) StdoutLine: {'line': b'-- Up-to-date symlink: /root/Workspaces/rosgsthumble_ws/install/gst_msgs/include/gst_msgs/gst_msgs/msg/buffer_event.h\n'}
[5.262577] (gst_msgs) StdoutLine: {'line': b'-- Up-to-date symlink: /root/Workspaces/rosgsthumble_ws/install/gst_msgs/include/gst_msgs/gst_msgs/msg/clock_observation.h\n'}
[5.263090] (gst_msgs) StdoutLine: {'line': b'-- Up-to-date symlink: /root/Workspaces/rosgsthumble_ws/install/gst_msgs/include/gst_msgs/gst_msgs/msg/detail/buffer_event__functions.h\n'}
[5.263711] (gst_msgs) StdoutLine: {'line': b'-- Up-to-date symlink: /root/Workspaces/rosgsthumble_ws/install/gst_msgs/include/gst_msgs/gst_msgs/msg/detail/buffer_event__struct.h\n'}
[5.264447] (gst_msgs) StdoutLine: {'line': b'-- Up-to-date symlink: /root/Workspaces/rosgsthumble_ws/install/gst_msgs/include/gst_msgs/gst_msgs/msg/detail/buffer_event__type_support.h\n'}
[5.264999] (gst_msgs) StdoutLine: {'line': b'-- Up-to-date symlink: /root/Workspaces/rosgsthumble_ws/install/gst_msgs/include/gst_msgs/gst_msgs/msg/detail/clock_observation__functions.h\n'}
[5.265483] (gst_msgs) StdoutLine: {'line': b'-- Up-to-date symlink: /root/Workspaces/rosgsthumble_ws/install/gst_msgs/include/gst_msgs/gst_msgs/msg/detail/clock_observation__struct.h\n'}
[5.266109] (gst_msgs) StdoutLine: {'line': b'-- Up-to-date symlink: /root/Workspaces/rosgsthumble_ws/install/gst_msgs/include/gst_msgs/gst_msgs/msg/detail/clock_observation__type_support.h\n'}
[5.267200] (gst_msgs) StdoutLine: {'line': b'-- Up-to-date symlink: /root/Workspaces/rosgsthumble_ws/install/gst_msgs/include/gst_msgs/gst_msgs/msg/detail/frame_gate__functions.h\n'}
[5.267787] (gst_msgs) StdoutLine: {'line': b'-- Up-to-date symlink: /root/Workspaces/rosgsthumble_ws/install/gst_msgs/include/gst_msgs/gst_msgs/msg/detail/frame_gate__struct.h\n'}
[5.268266] (gst_msgs) StdoutLine: {'line': b'-- Up-to-date symlink: /root/Workspaces/rosgsthumble_ws/install/gst_msgs/include/gst_msgs/gst_msgs/msg/detail/frame_gate__type_support.h\n'}
[5.268759] (gst_msgs) StdoutLine: {'line': b'-- Up-to-date symlink: /root/Workspaces/rosgsthumble_ws/install/gst_msgs/include/gst_msgs/gst_msgs/msg/detail/meta_mark__functions.h\n'}
[5.269610] (diagnostic_updater) StdoutLine: {'line': b'-- Execute custom install script\n'}
[5.287671] (diagnostic_updater) StdoutLine: {'line': b'-- Up-to-date symlink: /root/Workspaces/rosgsthumble_ws/install/diagnostic_updater/share/diagnostic_updater/environment/pythonpath.sh\n'}
[5.292119] (diagnostic_updater) StdoutLine: {'line': b'-- Up-to-date symlink: /root/Workspaces/rosgsthumble_ws/install/diagnostic_updater/share/diagnostic_updater/environment/pythonpath.dsv\n'}
[5.292911] (diagnostic_updater) StdoutLine: {'line': b'-- Up-to-date symlink: /root/Workspaces/rosgsthumble_ws/install/diagnostic_updater/lib/python3.6/site-packages/diagnostic_updater-4.0.6-py3.6.egg-info/PKG-INFO\n'}
[5.293680] (diagnostic_updater) StdoutLine: {'line': b'-- Up-to-date symlink: /root/Workspaces/rosgsthumble_ws/install/diagnostic_updater/lib/python3.6/site-packages/diagnostic_updater-4.0.6-py3.6.egg-info/SOURCES.txt\n'}
[5.296578] (diagnostic_updater) StdoutLine: {'line': b'-- Up-to-date symlink: /root/Workspaces/rosgsthumble_ws/install/diagnostic_updater/lib/python3.6/site-packages/diagnostic_updater-4.0.6-py3.6.egg-info/dependency_links.txt\n'}
[5.297946] (diagnostic_updater) StdoutLine: {'line': b'-- Up-to-date symlink: /root/Workspaces/rosgsthumble_ws/install/diagnostic_updater/lib/python3.6/site-packages/diagnostic_updater-4.0.6-py3.6.egg-info/top_level.txt\n'}
[5.298638] (gst_msgs) StdoutLine: {'line': b'-- Up-to-date symlink: /root/Workspaces/rosgsthumble_ws/install/gst_msgs/include/gst_msgs/gst_msgs/msg/detail/meta_mark__struct.h\n'}
[5.299213] (gst_msgs) StdoutLine: {'line': b'-- Up-to-date symlink: /root/Workspaces/rosgsthumble_ws/install/gst_msgs/include/gst_msgs/gst_msgs/msg/detail/meta_mark__type_support.h\n'}
[5.299841] (gst_msgs) StdoutLine: {'line': b'-- Up-to-date symlink: /root/Workspaces/rosgsthumble_ws/install/gst_msgs/include/gst_msgs/gst_msgs/msg/detail/multifilesink_event__functions.h\n'}
[5.300741] (gst_msgs) StdoutLine: {'line': b'-- Up-to-date symlink: /root/Workspaces/rosgsthumble_ws/install/gst_msgs/include/gst_msgs/gst_msgs/msg/detail/multifilesink_event__struct.h\n'}
[5.302215] (gst_msgs) StdoutLine: {'line': b'-- Up-to-date symlink: /root/Workspaces/rosgsthumble_ws/install/gst_msgs/include/gst_msgs/gst_msgs/msg/detail/multifilesink_event__type_support.h\n'}
[5.302930] (gst_msgs) StdoutLine: {'line': b'-- Up-to-date symlink: /root/Workspaces/rosgsthumble_ws/install/gst_msgs/include/gst_msgs/gst_msgs/msg/detail/webrtc_ice__functions.h\n'}
[5.303552] (gst_msgs) StdoutLine: {'line': b'-- Up-to-date symlink: /root/Workspaces/rosgsthumble_ws/install/gst_msgs/include/gst_msgs/gst_msgs/msg/detail/webrtc_ice__struct.h\n'}
[5.305815] (gst_msgs) StdoutLine: {'line': b'-- Up-to-date symlink: /root/Workspaces/rosgsthumble_ws/install/gst_msgs/include/gst_msgs/gst_msgs/msg/detail/webrtc_ice__type_support.h\n'}
[5.308103] (gst_msgs) StdoutLine: {'line': b'-- Up-to-date symlink: /root/Workspaces/rosgsthumble_ws/install/gst_msgs/include/gst_msgs/gst_msgs/msg/frame_gate.h\n'}
[5.309065] (gst_msgs) StdoutLine: {'line': b'-- Up-to-date symlink: /root/Workspaces/rosgsthumble_ws/install/gst_msgs/include/gst_msgs/gst_msgs/msg/meta_mark.h\n'}
[5.309752] (gst_msgs) StdoutLine: {'line': b'-- Up-to-date symlink: /root/Workspaces/rosgsthumble_ws/install/gst_msgs/include/gst_msgs/gst_msgs/msg/multifilesink_event.h\n'}
[5.310600] (gst_msgs) StdoutLine: {'line': b'-- Up-to-date symlink: /root/Workspaces/rosgsthumble_ws/install/gst_msgs/include/gst_msgs/gst_msgs/msg/rosidl_generator_c__visibility_control.h\n'}
[5.311331] (gst_msgs) StdoutLine: {'line': b'-- Up-to-date symlink: /root/Workspaces/rosgsthumble_ws/install/gst_msgs/include/gst_msgs/gst_msgs/msg/webrtc_ice.h\n'}
[5.312366] (gst_msgs) StdoutLine: {'line': b'-- Up-to-date symlink: /root/Workspaces/rosgsthumble_ws/install/gst_msgs/include/gst_msgs/gst_msgs/srv/detail/seek__functions.h\n'}
[5.316139] (gst_msgs) StdoutLine: {'line': b'-- Up-to-date symlink: /root/Workspaces/rosgsthumble_ws/install/gst_msgs/include/gst_msgs/gst_msgs/srv/detail/seek__struct.h\n'}
[5.317055] (-) TimerEvent: {}
[5.319453] (gst_msgs) StdoutLine: {'line': b'-- Up-to-date symlink: /root/Workspaces/rosgsthumble_ws/install/gst_msgs/include/gst_msgs/gst_msgs/srv/detail/seek__type_support.h\n'}
[5.320199] (gst_msgs) StdoutLine: {'line': b'-- Up-to-date symlink: /root/Workspaces/rosgsthumble_ws/install/gst_msgs/include/gst_msgs/gst_msgs/srv/seek.h\n'}
[5.324097] (gst_msgs) StdoutLine: {'line': b'-- Up-to-date symlink: /root/Workspaces/rosgsthumble_ws/install/gst_msgs/share/gst_msgs/environment/library_path.sh\n'}
[5.330371] (gst_msgs) StdoutLine: {'line': b'-- Up-to-date symlink: /root/Workspaces/rosgsthumble_ws/install/gst_msgs/share/gst_msgs/environment/library_path.dsv\n'}
[5.330954] (diagnostic_updater) StdoutLine: {'line': b'-- Up-to-date symlink: /root/Workspaces/rosgsthumble_ws/install/diagnostic_updater/lib/python3.6/site-packages/diagnostic_updater/__init__.py\n'}
[5.331489] (gst_msgs) StdoutLine: {'line': b'-- Up-to-date symlink: /root/Workspaces/rosgsthumble_ws/install/gst_msgs/include/gst_msgs/gst_msgs/msg/detail/buffer_event__rosidl_typesupport_fastrtps_c.h\n'}
[5.332001] (gst_msgs) StdoutLine: {'line': b'-- Up-to-date symlink: /root/Workspaces/rosgsthumble_ws/install/gst_msgs/include/gst_msgs/gst_msgs/msg/detail/clock_observation__rosidl_typesupport_fastrtps_c.h\n'}
[5.332547] (gst_msgs) StdoutLine: {'line': b'-- Up-to-date symlink: /root/Workspaces/rosgsthumble_ws/install/gst_msgs/include/gst_msgs/gst_msgs/msg/detail/frame_gate__rosidl_typesupport_fastrtps_c.h\n'}
[5.333109] (gst_msgs) StdoutLine: {'line': b'-- Up-to-date symlink: /root/Workspaces/rosgsthumble_ws/install/gst_msgs/include/gst_msgs/gst_msgs/msg/detail/meta_mark__rosidl_typesupport_fastrtps_c.h\n'}
[5.334180] (gst_msgs) StdoutLine: {'line': b'-- Up-to-date symlink: /root/Workspaces/rosgsthumble_ws/install/gst_msgs/include/gst_msgs/gst_msgs/msg/detail/multifilesink_event__rosidl_typesupport_fastrtps_c.h\n'}
[5.334835] (diagnostic_updater) StdoutLine: {'line': b'-- Up-to-date symlink: /root/Workspaces/rosgsthumble_ws/install/diagnostic_updater/lib/python3.6/site-packages/diagnostic_updater/_diagnostic_status_wrapper.py\n'}
[5.335624] (diagnostic_updater) StdoutLine: {'line': b'-- Up-to-date symlink: /root/Workspaces/rosgsthumble_ws/install/diagnostic_updater/lib/python3.6/site-packages/diagnostic_updater/_diagnostic_updater.py\n'}
[5.336223] (diagnostic_updater) StdoutLine: {'line': b'-- Up-to-date symlink: /root/Workspaces/rosgsthumble_ws/install/diagnostic_updater/lib/python3.6/site-packages/diagnostic_updater/_publisher.py\n'}
[5.336765] (diagnostic_updater) StdoutLine: {'line': b'-- Up-to-date symlink: /root/Workspaces/rosgsthumble_ws/install/diagnostic_updater/lib/python3.6/site-packages/diagnostic_updater/_update_functions.py\n'}
[5.337301] (diagnostic_updater) StdoutLine: {'line': b'-- Up-to-date symlink: /root/Workspaces/rosgsthumble_ws/install/diagnostic_updater/lib/python3.6/site-packages/diagnostic_updater/example.py\n'}
[5.338030] (gst_msgs) StdoutLine: {'line': b'-- Up-to-date symlink: /root/Workspaces/rosgsthumble_ws/install/gst_msgs/include/gst_msgs/gst_msgs/msg/detail/webrtc_ice__rosidl_typesupport_fastrtps_c.h\n'}
[5.338913] (gst_msgs) StdoutLine: {'line': b'-- Up-to-date symlink: /root/Workspaces/rosgsthumble_ws/install/gst_msgs/include/gst_msgs/gst_msgs/msg/rosidl_typesupport_fastrtps_c__visibility_control.h\n'}
[5.356836] (gst_msgs) StdoutLine: {'line': b'-- Up-to-date symlink: /root/Workspaces/rosgsthumble_ws/install/gst_msgs/include/gst_msgs/gst_msgs/srv/detail/seek__rosidl_typesupport_fastrtps_c.h\n'}
[5.357736] (gst_msgs) StdoutLine: {'line': b'-- Up-to-date symlink: /root/Workspaces/rosgsthumble_ws/install/gst_msgs/include/gst_msgs/gst_msgs/msg/buffer_event.hpp\n'}
[5.358604] (diagnostic_updater) StdoutLine: {'line': b'-- Up-to-date symlink: /root/Workspaces/rosgsthumble_ws/install/diagnostic_updater/lib/diagnostic_updater/example.py\n'}
[5.359334] (diagnostic_updater) StdoutLine: {'line': b'-- Up-to-date symlink: /root/Workspaces/rosgsthumble_ws/install/diagnostic_updater/lib/diagnostic_updater/example\n'}
[5.366231] (diagnostic_updater) StdoutLine: {'line': b'-- Up-to-date symlink: /root/Workspaces/rosgsthumble_ws/install/diagnostic_updater/include/diagnostic_updater/diagnostic_status_wrapper.hpp\n'}
[5.373096] (diagnostic_updater) StdoutLine: {'line': b'-- Up-to-date symlink: /root/Workspaces/rosgsthumble_ws/install/diagnostic_updater/include/diagnostic_updater/diagnostic_updater.hpp\n'}
[5.386417] (diagnostic_updater) StdoutLine: {'line': b'-- Up-to-date symlink: /root/Workspaces/rosgsthumble_ws/install/diagnostic_updater/include/diagnostic_updater/publisher.hpp\n'}
[5.387034] (diagnostic_updater) StdoutLine: {'line': b'-- Up-to-date symlink: /root/Workspaces/rosgsthumble_ws/install/diagnostic_updater/include/diagnostic_updater/update_functions.hpp\n'}
[5.387576] (gst_msgs) StdoutLine: {'line': b'-- Up-to-date symlink: /root/Workspaces/rosgsthumble_ws/install/gst_msgs/include/gst_msgs/gst_msgs/msg/clock_observation.hpp\n'}
[5.388079] (gst_msgs) StdoutLine: {'line': b'-- Up-to-date symlink: /root/Workspaces/rosgsthumble_ws/install/gst_msgs/include/gst_msgs/gst_msgs/msg/detail/buffer_event__builder.hpp\n'}
[5.388582] (gst_msgs) StdoutLine: {'line': b'-- Up-to-date symlink: /root/Workspaces/rosgsthumble_ws/install/gst_msgs/include/gst_msgs/gst_msgs/msg/detail/buffer_event__struct.hpp\n'}
[5.389090] (gst_msgs) StdoutLine: {'line': b'-- Up-to-date symlink: /root/Workspaces/rosgsthumble_ws/install/gst_msgs/include/gst_msgs/gst_msgs/msg/detail/buffer_event__traits.hpp\n'}
[5.389564] (gst_msgs) StdoutLine: {'line': b'-- Up-to-date symlink: /root/Workspaces/rosgsthumble_ws/install/gst_msgs/include/gst_msgs/gst_msgs/msg/detail/clock_observation__builder.hpp\n'}
[5.390169] (gst_msgs) StdoutLine: {'line': b'-- Up-to-date symlink: /root/Workspaces/rosgsthumble_ws/install/gst_msgs/include/gst_msgs/gst_msgs/msg/detail/clock_observation__struct.hpp\n'}
[5.390686] (gst_msgs) StdoutLine: {'line': b'-- Up-to-date symlink: /root/Workspaces/rosgsthumble_ws/install/gst_msgs/include/gst_msgs/gst_msgs/msg/detail/clock_observation__traits.hpp\n'}
[5.391622] (gst_msgs) StdoutLine: {'line': b'-- Up-to-date symlink: /root/Workspaces/rosgsthumble_ws/install/gst_msgs/include/gst_msgs/gst_msgs/msg/detail/frame_gate__builder.hpp\n'}
[5.392183] (gst_msgs) StdoutLine: {'line': b'-- Up-to-date symlink: /root/Workspaces/rosgsthumble_ws/install/gst_msgs/include/gst_msgs/gst_msgs/msg/detail/frame_gate__struct.hpp\n'}
[5.392701] (gst_msgs) StdoutLine: {'line': b'-- Up-to-date symlink: /root/Workspaces/rosgsthumble_ws/install/gst_msgs/include/gst_msgs/gst_msgs/msg/detail/frame_gate__traits.hpp\n'}
[5.393194] (gst_msgs) StdoutLine: {'line': b'-- Up-to-date symlink: /root/Workspaces/rosgsthumble_ws/install/gst_msgs/include/gst_msgs/gst_msgs/msg/detail/meta_mark__builder.hpp\n'}
[5.393744] (gst_msgs) StdoutLine: {'line': b'-- Up-to-date symlink: /root/Workspaces/rosgsthumble_ws/install/gst_msgs/include/gst_msgs/gst_msgs/msg/detail/meta_mark__struct.hpp\n'}
[5.394474] (diagnostic_updater) StdoutLine: {'line': b'-- Up-to-date symlink: /root/Workspaces/rosgsthumble_ws/install/diagnostic_updater/share/diagnostic_updater/environment/library_path.sh\n'}
[5.395297] (diagnostic_updater) StdoutLine: {'line': b'-- Up-to-date symlink: /root/Workspaces/rosgsthumble_ws/install/diagnostic_updater/share/diagnostic_updater/environment/library_path.dsv\n'}
[5.395811] (gst_msgs) StdoutLine: {'line': b'-- Up-to-date symlink: /root/Workspaces/rosgsthumble_ws/install/gst_msgs/include/gst_msgs/gst_msgs/msg/detail/meta_mark__traits.hpp\n'}
[5.396385] (diagnostic_updater) StdoutLine: {'line': b'-- Up-to-date symlink: /root/Workspaces/rosgsthumble_ws/install/diagnostic_updater/share/ament_index/resource_index/package_run_dependencies/diagnostic_updater\n'}
[5.407257] (diagnostic_updater) StdoutLine: {'line': b'-- Up-to-date symlink: /root/Workspaces/rosgsthumble_ws/install/diagnostic_updater/share/ament_index/resource_index/parent_prefix_path/diagnostic_updater\n'}
[5.407897] (gst_msgs) StdoutLine: {'line': b'-- Up-to-date symlink: /root/Workspaces/rosgsthumble_ws/install/gst_msgs/include/gst_msgs/gst_msgs/msg/detail/multifilesink_event__builder.hpp\n'}
[5.409919] (diagnostic_updater) StdoutLine: {'line': b'-- Up-to-date symlink: /root/Workspaces/rosgsthumble_ws/install/diagnostic_updater/share/diagnostic_updater/environment/ament_prefix_path.sh\n'}
[5.410524] (gst_msgs) StdoutLine: {'line': b'-- Up-to-date symlink: /root/Workspaces/rosgsthumble_ws/install/gst_msgs/include/gst_msgs/gst_msgs/msg/detail/multifilesink_event__struct.hpp\n'}
[5.411067] (gst_msgs) StdoutLine: {'line': b'-- Up-to-date symlink: /root/Workspaces/rosgsthumble_ws/install/gst_msgs/include/gst_msgs/gst_msgs/msg/detail/multifilesink_event__traits.hpp\n'}
[5.411572] (gst_msgs) StdoutLine: {'line': b'-- Up-to-date symlink: /root/Workspaces/rosgsthumble_ws/install/gst_msgs/include/gst_msgs/gst_msgs/msg/detail/webrtc_ice__builder.hpp\n'}
[5.412135] (gst_msgs) StdoutLine: {'line': b'-- Up-to-date symlink: /root/Workspaces/rosgsthumble_ws/install/gst_msgs/include/gst_msgs/gst_msgs/msg/detail/webrtc_ice__struct.hpp\n'}
[5.412655] (gst_msgs) StdoutLine: {'line': b'-- Up-to-date symlink: /root/Workspaces/rosgsthumble_ws/install/gst_msgs/include/gst_msgs/gst_msgs/msg/detail/webrtc_ice__traits.hpp\n'}
[5.413209] (gst_msgs) StdoutLine: {'line': b'-- Up-to-date symlink: /root/Workspaces/rosgsthumble_ws/install/gst_msgs/include/gst_msgs/gst_msgs/msg/frame_gate.hpp\n'}
[5.413753] (gst_msgs) StdoutLine: {'line': b'-- Up-to-date symlink: /root/Workspaces/rosgsthumble_ws/install/gst_msgs/include/gst_msgs/gst_msgs/msg/meta_mark.hpp\n'}
[5.414402] (gst_msgs) StdoutLine: {'line': b'-- Up-to-date symlink: /root/Workspaces/rosgsthumble_ws/install/gst_msgs/include/gst_msgs/gst_msgs/msg/multifilesink_event.hpp\n'}
[5.414982] (diagnostic_updater) StdoutLine: {'line': b'-- Up-to-date symlink: /root/Workspaces/rosgsthumble_ws/install/diagnostic_updater/share/diagnostic_updater/environment/ament_prefix_path.dsv\n'}
[5.415590] (gst_msgs) StdoutLine: {'line': b'-- Up-to-date symlink: /root/Workspaces/rosgsthumble_ws/install/gst_msgs/include/gst_msgs/gst_msgs/msg/webrtc_ice.hpp\n'}
[5.416133] (gst_msgs) StdoutLine: {'line': b'-- Up-to-date symlink: /root/Workspaces/rosgsthumble_ws/install/gst_msgs/include/gst_msgs/gst_msgs/srv/detail/seek__builder.hpp\n'}
[5.416658] (diagnostic_updater) StdoutLine: {'line': b'-- Up-to-date symlink: /root/Workspaces/rosgsthumble_ws/install/diagnostic_updater/share/diagnostic_updater/environment/path.sh\n'}
[5.417234] (-) TimerEvent: {}
[5.417937] (diagnostic_updater) StdoutLine: {'line': b'-- Up-to-date symlink: /root/Workspaces/rosgsthumble_ws/install/diagnostic_updater/share/diagnostic_updater/environment/path.dsv\n'}
[5.426946] (gst_msgs) StdoutLine: {'line': b'-- Up-to-date symlink: /root/Workspaces/rosgsthumble_ws/install/gst_msgs/include/gst_msgs/gst_msgs/srv/detail/seek__struct.hpp\n'}
[5.427553] (gst_msgs) StdoutLine: {'line': b'-- Up-to-date symlink: /root/Workspaces/rosgsthumble_ws/install/gst_msgs/include/gst_msgs/gst_msgs/srv/detail/seek__traits.hpp\n'}
[5.428890] (gst_msgs) StdoutLine: {'line': b'-- Up-to-date symlink: /root/Workspaces/rosgsthumble_ws/install/gst_msgs/include/gst_msgs/gst_msgs/srv/seek.hpp\n'}
[5.429491] (diagnostic_updater) StdoutLine: {'line': b'-- Up-to-date symlink: /root/Workspaces/rosgsthumble_ws/install/diagnostic_updater/share/diagnostic_updater/local_setup.bash\n'}
[5.430175] (diagnostic_updater) StdoutLine: {'line': b'-- Up-to-date symlink: /root/Workspaces/rosgsthumble_ws/install/diagnostic_updater/share/diagnostic_updater/local_setup.sh\n'}
[5.430744] (gst_msgs) StdoutLine: {'line': b'-- Up-to-date symlink: /root/Workspaces/rosgsthumble_ws/install/gst_msgs/include/gst_msgs/gst_msgs/msg/detail/buffer_event__rosidl_typesupport_fastrtps_cpp.hpp\n'}
[5.431375] (gst_msgs) StdoutLine: {'line': b'-- Up-to-date symlink: /root/Workspaces/rosgsthumble_ws/install/gst_msgs/include/gst_msgs/gst_msgs/msg/detail/clock_observation__rosidl_typesupport_fastrtps_cpp.hpp\n'}
[5.432046] (gst_msgs) StdoutLine: {'line': b'-- Up-to-date symlink: /root/Workspaces/rosgsthumble_ws/install/gst_msgs/include/gst_msgs/gst_msgs/msg/detail/frame_gate__rosidl_typesupport_fastrtps_cpp.hpp\n'}
[5.432699] (diagnostic_updater) StdoutLine: {'line': b'-- Up-to-date symlink: /root/Workspaces/rosgsthumble_ws/install/diagnostic_updater/share/diagnostic_updater/local_setup.zsh\n'}
[5.433443] (gst_msgs) StdoutLine: {'line': b'-- Up-to-date symlink: /root/Workspaces/rosgsthumble_ws/install/gst_msgs/include/gst_msgs/gst_msgs/msg/detail/meta_mark__rosidl_typesupport_fastrtps_cpp.hpp\n'}
[5.439416] (gst_msgs) StdoutLine: {'line': b'-- Up-to-date symlink: /root/Workspaces/rosgsthumble_ws/install/gst_msgs/include/gst_msgs/gst_msgs/msg/detail/multifilesink_event__rosidl_typesupport_fastrtps_cpp.hpp\n'}
[5.440033] (diagnostic_updater) StdoutLine: {'line': b'-- Up-to-date symlink: /root/Workspaces/rosgsthumble_ws/install/diagnostic_updater/share/diagnostic_updater/local_setup.dsv\n'}
[5.440576] (diagnostic_updater) StdoutLine: {'line': b'-- Symlinking: /root/Workspaces/rosgsthumble_ws/install/diagnostic_updater/share/diagnostic_updater/package.dsv\n'}
[5.441145] (gst_msgs) StdoutLine: {'line': b'-- Up-to-date symlink: /root/Workspaces/rosgsthumble_ws/install/gst_msgs/include/gst_msgs/gst_msgs/msg/detail/webrtc_ice__rosidl_typesupport_fastrtps_cpp.hpp\n'}
[5.441702] (gst_msgs) StdoutLine: {'line': b'-- Up-to-date symlink: /root/Workspaces/rosgsthumble_ws/install/gst_msgs/include/gst_msgs/gst_msgs/msg/rosidl_typesupport_fastrtps_cpp__visibility_control.h\n'}
[5.443728] (gst_msgs) StdoutLine: {'line': b'-- Up-to-date symlink: /root/Workspaces/rosgsthumble_ws/install/gst_msgs/include/gst_msgs/gst_msgs/srv/detail/seek__rosidl_typesupport_fastrtps_cpp.hpp\n'}
[5.444380] (gst_msgs) StdoutLine: {'line': b'-- Up-to-date symlink: /root/Workspaces/rosgsthumble_ws/install/gst_msgs/include/gst_msgs/gst_msgs/msg/detail/buffer_event__rosidl_typesupport_introspection_c.h\n'}
[5.444944] (gst_msgs) StdoutLine: {'line': b'-- Up-to-date symlink: /root/Workspaces/rosgsthumble_ws/install/gst_msgs/include/gst_msgs/gst_msgs/msg/detail/clock_observation__rosidl_typesupport_introspection_c.h\n'}
[5.445478] (gst_msgs) StdoutLine: {'line': b'-- Up-to-date symlink: /root/Workspaces/rosgsthumble_ws/install/gst_msgs/include/gst_msgs/gst_msgs/msg/detail/frame_gate__rosidl_typesupport_introspection_c.h\n'}
[5.446075] (gst_msgs) StdoutLine: {'line': b'-- Up-to-date symlink: /root/Workspaces/rosgsthumble_ws/install/gst_msgs/include/gst_msgs/gst_msgs/msg/detail/meta_mark__rosidl_typesupport_introspection_c.h\n'}
[5.446660] (gst_msgs) StdoutLine: {'line': b'-- Up-to-date symlink: /root/Workspaces/rosgsthumble_ws/install/gst_msgs/include/gst_msgs/gst_msgs/msg/detail/multifilesink_event__rosidl_typesupport_introspection_c.h\n'}
[5.447238] (gst_msgs) StdoutLine: {'line': b'-- Up-to-date symlink: /root/Workspaces/rosgsthumble_ws/install/gst_msgs/include/gst_msgs/gst_msgs/msg/detail/webrtc_ice__rosidl_typesupport_introspection_c.h\n'}
[5.447863] (gst_msgs) StdoutLine: {'line': b'-- Up-to-date symlink: /root/Workspaces/rosgsthumble_ws/install/gst_msgs/include/gst_msgs/gst_msgs/msg/rosidl_typesupport_introspection_c__visibility_control.h\n'}
[5.448493] (gst_msgs) StdoutLine: {'line': b'-- Up-to-date symlink: /root/Workspaces/rosgsthumble_ws/install/gst_msgs/include/gst_msgs/gst_msgs/srv/detail/seek__rosidl_typesupport_introspection_c.h\n'}
[5.449072] (gst_msgs) StdoutLine: {'line': b'-- Up-to-date symlink: /root/Workspaces/rosgsthumble_ws/install/gst_msgs/include/gst_msgs/gst_msgs/msg/detail/buffer_event__rosidl_typesupport_introspection_cpp.hpp\n'}
[5.449617] (gst_msgs) StdoutLine: {'line': b'-- Up-to-date symlink: /root/Workspaces/rosgsthumble_ws/install/gst_msgs/include/gst_msgs/gst_msgs/msg/detail/clock_observation__rosidl_typesupport_introspection_cpp.hpp\n'}
[5.450241] (gst_msgs) StdoutLine: {'line': b'-- Up-to-date symlink: /root/Workspaces/rosgsthumble_ws/install/gst_msgs/include/gst_msgs/gst_msgs/msg/detail/frame_gate__rosidl_typesupport_introspection_cpp.hpp\n'}
[5.450940] (gst_msgs) StdoutLine: {'line': b'-- Up-to-date symlink: /root/Workspaces/rosgsthumble_ws/install/gst_msgs/include/gst_msgs/gst_msgs/msg/detail/meta_mark__rosidl_typesupport_introspection_cpp.hpp\n'}
[5.464686] (gst_msgs) StdoutLine: {'line': b'-- Up-to-date symlink: /root/Workspaces/rosgsthumble_ws/install/gst_msgs/include/gst_msgs/gst_msgs/msg/detail/multifilesink_event__rosidl_typesupport_introspection_cpp.hpp\n'}
[5.466639] (gst_msgs) StdoutLine: {'line': b'-- Up-to-date symlink: /root/Workspaces/rosgsthumble_ws/install/gst_msgs/include/gst_msgs/gst_msgs/msg/detail/webrtc_ice__rosidl_typesupport_introspection_cpp.hpp\n'}
[5.468508] (gst_msgs) StdoutLine: {'line': b'-- Up-to-date symlink: /root/Workspaces/rosgsthumble_ws/install/gst_msgs/include/gst_msgs/gst_msgs/srv/detail/seek__rosidl_typesupport_introspection_cpp.hpp\n'}
[5.470398] (diagnostic_updater) StdoutLine: {'line': b'-- Up-to-date symlink: /root/Workspaces/rosgsthumble_ws/install/diagnostic_updater/share/ament_index/resource_index/packages/diagnostic_updater\n'}
[5.472318] (diagnostic_updater) StdoutLine: {'line': b'-- Up-to-date symlink: /root/Workspaces/rosgsthumble_ws/install/diagnostic_updater/share/diagnostic_updater/cmake/ament_cmake_export_targets-extras.cmake\n'}
[5.474422] (diagnostic_updater) StdoutLine: {'line': b'-- Up-to-date symlink: /root/Workspaces/rosgsthumble_ws/install/diagnostic_updater/share/diagnostic_updater/cmake/ament_cmake_export_include_directories-extras.cmake\n'}
[5.476455] (diagnostic_updater) StdoutLine: {'line': b'-- Up-to-date symlink: /root/Workspaces/rosgsthumble_ws/install/diagnostic_updater/share/diagnostic_updater/cmake/ament_cmake_export_dependencies-extras.cmake\n'}
[5.478456] (diagnostic_updater) StdoutLine: {'line': b'-- Up-to-date symlink: /root/Workspaces/rosgsthumble_ws/install/diagnostic_updater/share/diagnostic_updater/cmake/diagnostic_updaterConfig.cmake\n'}
[5.480392] (diagnostic_updater) StdoutLine: {'line': b'-- Up-to-date symlink: /root/Workspaces/rosgsthumble_ws/install/diagnostic_updater/share/diagnostic_updater/cmake/diagnostic_updaterConfig-version.cmake\n'}
[5.482283] (gst_msgs) StdoutLine: {'line': b'-- Up-to-date symlink: /root/Workspaces/rosgsthumble_ws/install/gst_msgs/share/gst_msgs/environment/pythonpath.sh\n'}
[5.484036] (gst_msgs) StdoutLine: {'line': b'-- Up-to-date symlink: /root/Workspaces/rosgsthumble_ws/install/gst_msgs/share/gst_msgs/environment/pythonpath.dsv\n'}
[5.500470] (gst_msgs) StdoutLine: {'line': b'-- Up-to-date symlink: /root/Workspaces/rosgsthumble_ws/install/gst_msgs/lib/python3.6/site-packages/gst_msgs-0.0.0-py3.6.egg-info/PKG-INFO\n'}
[5.501076] (gst_msgs) StdoutLine: {'line': b'-- Up-to-date symlink: /root/Workspaces/rosgsthumble_ws/install/gst_msgs/lib/python3.6/site-packages/gst_msgs-0.0.0-py3.6.egg-info/SOURCES.txt\n'}
[5.501618] (gst_msgs) StdoutLine: {'line': b'-- Up-to-date symlink: /root/Workspaces/rosgsthumble_ws/install/gst_msgs/lib/python3.6/site-packages/gst_msgs-0.0.0-py3.6.egg-info/dependency_links.txt\n'}
[5.502198] (gst_msgs) StdoutLine: {'line': b'-- Up-to-date symlink: /root/Workspaces/rosgsthumble_ws/install/gst_msgs/lib/python3.6/site-packages/gst_msgs-0.0.0-py3.6.egg-info/top_level.txt\n'}
[5.502741] (gst_msgs) StdoutLine: {'line': b'-- Up-to-date symlink: /root/Workspaces/rosgsthumble_ws/install/gst_msgs/lib/python3.6/site-packages/gst_msgs/__init__.py\n'}
[5.503265] (gst_msgs) StdoutLine: {'line': b'-- Up-to-date symlink: /root/Workspaces/rosgsthumble_ws/install/gst_msgs/lib/python3.6/site-packages/gst_msgs/_gst_msgs_s.ep.rosidl_typesupport_c.c\n'}
[5.503765] (gst_msgs) StdoutLine: {'line': b'-- Up-to-date symlink: /root/Workspaces/rosgsthumble_ws/install/gst_msgs/lib/python3.6/site-packages/gst_msgs/_gst_msgs_s.ep.rosidl_typesupport_fastrtps_c.c\n'}
[5.504256] (diagnostic_updater) StdoutLine: {'line': b'-- Up-to-date symlink: /root/Workspaces/rosgsthumble_ws/install/diagnostic_updater/share/diagnostic_updater/package.xml\n'}
[5.504768] (gst_msgs) StdoutLine: {'line': b'-- Up-to-date symlink: /root/Workspaces/rosgsthumble_ws/install/gst_msgs/lib/python3.6/site-packages/gst_msgs/_gst_msgs_s.ep.rosidl_typesupport_introspection_c.c\n'}
[5.505285] (gst_msgs) StdoutLine: {'line': b'-- Up-to-date symlink: /root/Workspaces/rosgsthumble_ws/install/gst_msgs/lib/python3.6/site-packages/gst_msgs/gst_msgs_s__rosidl_typesupport_c.cpython-36m-aarch64-linux-gnu.so\n'}
[5.505770] (gst_msgs) StdoutLine: {'line': b'-- Up-to-date symlink: /root/Workspaces/rosgsthumble_ws/install/gst_msgs/lib/python3.6/site-packages/gst_msgs/gst_msgs_s__rosidl_typesupport_fastrtps_c.cpython-36m-aarch64-linux-gnu.so\n'}
[5.506344] (gst_msgs) StdoutLine: {'line': b'-- Up-to-date symlink: /root/Workspaces/rosgsthumble_ws/install/gst_msgs/lib/python3.6/site-packages/gst_msgs/gst_msgs_s__rosidl_typesupport_introspection_c.cpython-36m-aarch64-linux-gnu.so\n'}
[5.506884] (gst_msgs) StdoutLine: {'line': b'-- Up-to-date symlink: /root/Workspaces/rosgsthumble_ws/install/gst_msgs/lib/python3.6/site-packages/gst_msgs/libgst_msgs__rosidl_generator_py.so\n'}
[5.507366] (gst_msgs) StdoutLine: {'line': b'-- Up-to-date symlink: /root/Workspaces/rosgsthumble_ws/install/gst_msgs/lib/python3.6/site-packages/gst_msgs/msg/__init__.py\n'}
[5.507846] (gst_msgs) StdoutLine: {'line': b'-- Up-to-date symlink: /root/Workspaces/rosgsthumble_ws/install/gst_msgs/lib/python3.6/site-packages/gst_msgs/msg/_buffer_event.py\n'}
[5.508365] (gst_msgs) StdoutLine: {'line': b'-- Up-to-date symlink: /root/Workspaces/rosgsthumble_ws/install/gst_msgs/lib/python3.6/site-packages/gst_msgs/msg/_buffer_event_s.c\n'}
[5.508872] (gst_msgs) StdoutLine: {'line': b'-- Up-to-date symlink: /root/Workspaces/rosgsthumble_ws/install/gst_msgs/lib/python3.6/site-packages/gst_msgs/msg/_clock_observation.py\n'}
[5.509339] (gst_msgs) StdoutLine: {'line': b'-- Up-to-date symlink: /root/Workspaces/rosgsthumble_ws/install/gst_msgs/lib/python3.6/site-packages/gst_msgs/msg/_clock_observation_s.c\n'}
[5.509962] (gst_msgs) StdoutLine: {'line': b'-- Up-to-date symlink: /root/Workspaces/rosgsthumble_ws/install/gst_msgs/lib/python3.6/site-packages/gst_msgs/msg/_frame_gate.py\n'}
[5.510609] (gst_msgs) StdoutLine: {'line': b'-- Up-to-date symlink: /root/Workspaces/rosgsthumble_ws/install/gst_msgs/lib/python3.6/site-packages/gst_msgs/msg/_frame_gate_s.c\n'}
[5.511163] (gst_msgs) StdoutLine: {'line': b'-- Up-to-date symlink: /root/Workspaces/rosgsthumble_ws/install/gst_msgs/lib/python3.6/site-packages/gst_msgs/msg/_meta_mark.py\n'}
[5.511696] (gst_msgs) StdoutLine: {'line': b'-- Up-to-date symlink: /root/Workspaces/rosgsthumble_ws/install/gst_msgs/lib/python3.6/site-packages/gst_msgs/msg/_meta_mark_s.c\n'}
[5.512174] (gst_msgs) StdoutLine: {'line': b'-- Up-to-date symlink: /root/Workspaces/rosgsthumble_ws/install/gst_msgs/lib/python3.6/site-packages/gst_msgs/msg/_multifilesink_event.py\n'}
[5.512673] (gst_msgs) StdoutLine: {'line': b'-- Up-to-date symlink: /root/Workspaces/rosgsthumble_ws/install/gst_msgs/lib/python3.6/site-packages/gst_msgs/msg/_multifilesink_event_s.c\n'}
[5.513162] (gst_msgs) StdoutLine: {'line': b'-- Up-to-date symlink: /root/Workspaces/rosgsthumble_ws/install/gst_msgs/lib/python3.6/site-packages/gst_msgs/msg/_webrtc_ice.py\n'}
[5.513636] (gst_msgs) StdoutLine: {'line': b'-- Up-to-date symlink: /root/Workspaces/rosgsthumble_ws/install/gst_msgs/lib/python3.6/site-packages/gst_msgs/msg/_webrtc_ice_s.c\n'}
[5.514177] (gst_msgs) StdoutLine: {'line': b'-- Up-to-date symlink: /root/Workspaces/rosgsthumble_ws/install/gst_msgs/lib/python3.6/site-packages/gst_msgs/srv/__init__.py\n'}
[5.514652] (gst_msgs) StdoutLine: {'line': b'-- Up-to-date symlink: /root/Workspaces/rosgsthumble_ws/install/gst_msgs/lib/python3.6/site-packages/gst_msgs/srv/_seek.py\n'}
[5.515124] (gst_msgs) StdoutLine: {'line': b'-- Up-to-date symlink: /root/Workspaces/rosgsthumble_ws/install/gst_msgs/lib/python3.6/site-packages/gst_msgs/srv/_seek_s.c\n'}
[5.515638] (gst_msgs) StdoutLine: {'line': b'-- Up-to-date symlink: /root/Workspaces/rosgsthumble_ws/install/gst_msgs/lib/python3.6/site-packages/gst_msgs/gst_msgs_s__rosidl_typesupport_fastrtps_c.cpython-36m-aarch64-linux-gnu.so\n'}
[5.516132] (gst_msgs) StdoutLine: {'line': b'-- Up-to-date symlink: /root/Workspaces/rosgsthumble_ws/install/gst_msgs/lib/python3.6/site-packages/gst_msgs/gst_msgs_s__rosidl_typesupport_introspection_c.cpython-36m-aarch64-linux-gnu.so\n'}
[5.516614] (gst_msgs) StdoutLine: {'line': b'-- Up-to-date symlink: /root/Workspaces/rosgsthumble_ws/install/gst_msgs/lib/python3.6/site-packages/gst_msgs/gst_msgs_s__rosidl_typesupport_c.cpython-36m-aarch64-linux-gnu.so\n'}
[5.517095] (gst_msgs) StdoutLine: {'line': b'-- Up-to-date symlink: /root/Workspaces/rosgsthumble_ws/install/gst_msgs/share/gst_msgs/msg/FrameGate.idl\n'}
[5.517551] (-) TimerEvent: {}
[5.535277] (gst_msgs) StdoutLine: {'line': b'-- Up-to-date symlink: /root/Workspaces/rosgsthumble_ws/install/gst_msgs/share/gst_msgs/msg/WebrtcIce.idl\n'}
[5.536104] (gst_msgs) StdoutLine: {'line': b'-- Up-to-date symlink: /root/Workspaces/rosgsthumble_ws/install/gst_msgs/share/gst_msgs/msg/BufferEvent.idl\n'}
[5.536730] (gst_msgs) StdoutLine: {'line': b'-- Up-to-date symlink: /root/Workspaces/rosgsthumble_ws/install/gst_msgs/share/gst_msgs/msg/ClockObservation.idl\n'}
[5.537331] (gst_msgs) StdoutLine: {'line': b'-- Up-to-date symlink: /root/Workspaces/rosgsthumble_ws/install/gst_msgs/share/gst_msgs/msg/MultifilesinkEvent.idl\n'}
[5.538019] (gst_msgs) StdoutLine: {'line': b'-- Up-to-date symlink: /root/Workspaces/rosgsthumble_ws/install/gst_msgs/share/gst_msgs/msg/MetaMark.idl\n'}
[5.538672] (gst_msgs) StdoutLine: {'line': b'-- Up-to-date symlink: /root/Workspaces/rosgsthumble_ws/install/gst_msgs/share/gst_msgs/srv/Seek.idl\n'}
[5.539283] (gst_msgs) StdoutLine: {'line': b'-- Up-to-date symlink: /root/Workspaces/rosgsthumble_ws/install/gst_msgs/share/gst_msgs/msg/FrameGate.msg\n'}
[5.540023] (gst_msgs) StdoutLine: {'line': b'-- Up-to-date symlink: /root/Workspaces/rosgsthumble_ws/install/gst_msgs/share/gst_msgs/msg/WebrtcIce.msg\n'}
[5.540586] (gst_msgs) StdoutLine: {'line': b'-- Up-to-date symlink: /root/Workspaces/rosgsthumble_ws/install/gst_msgs/share/gst_msgs/msg/BufferEvent.msg\n'}
[5.541083] (gst_msgs) StdoutLine: {'line': b'-- Up-to-date symlink: /root/Workspaces/rosgsthumble_ws/install/gst_msgs/share/gst_msgs/msg/ClockObservation.msg\n'}
[5.541607] (gst_msgs) StdoutLine: {'line': b'-- Up-to-date symlink: /root/Workspaces/rosgsthumble_ws/install/gst_msgs/share/gst_msgs/msg/MultifilesinkEvent.msg\n'}
[5.543614] (gst_msgs) StdoutLine: {'line': b'-- Up-to-date symlink: /root/Workspaces/rosgsthumble_ws/install/gst_msgs/share/gst_msgs/msg/MetaMark.msg\n'}
[5.544707] (gst_msgs) StdoutLine: {'line': b'-- Up-to-date symlink: /root/Workspaces/rosgsthumble_ws/install/gst_msgs/share/gst_msgs/srv/Seek.srv\n'}
[5.545617] (gst_msgs) StdoutLine: {'line': b'-- Up-to-date symlink: /root/Workspaces/rosgsthumble_ws/install/gst_msgs/share/gst_msgs/srv/Seek_Request.msg\n'}
[5.546812] (gst_msgs) StdoutLine: {'line': b'-- Up-to-date symlink: /root/Workspaces/rosgsthumble_ws/install/gst_msgs/share/gst_msgs/srv/Seek_Response.msg\n'}
[5.548824] (gst_msgs) StdoutLine: {'line': b'-- Up-to-date symlink: /root/Workspaces/rosgsthumble_ws/install/gst_msgs/share/ament_index/resource_index/package_run_dependencies/gst_msgs\n'}
[5.549768] (gst_msgs) StdoutLine: {'line': b'-- Up-to-date symlink: /root/Workspaces/rosgsthumble_ws/install/gst_msgs/share/ament_index/resource_index/parent_prefix_path/gst_msgs\n'}
[5.550675] (gst_msgs) StdoutLine: {'line': b'-- Up-to-date symlink: /root/Workspaces/rosgsthumble_ws/install/gst_msgs/share/gst_msgs/environment/ament_prefix_path.sh\n'}
[5.551368] (gst_msgs) StdoutLine: {'line': b'-- Up-to-date symlink: /root/Workspaces/rosgsthumble_ws/install/gst_msgs/share/gst_msgs/environment/ament_prefix_path.dsv\n'}
[5.551989] (gst_msgs) StdoutLine: {'line': b'-- Up-to-date symlink: /root/Workspaces/rosgsthumble_ws/install/gst_msgs/share/gst_msgs/environment/path.sh\n'}
[5.552595] (gst_msgs) StdoutLine: {'line': b'-- Up-to-date symlink: /root/Workspaces/rosgsthumble_ws/install/gst_msgs/share/gst_msgs/environment/path.dsv\n'}
[5.553221] (gst_msgs) StdoutLine: {'line': b'-- Up-to-date symlink: /root/Workspaces/rosgsthumble_ws/install/gst_msgs/share/gst_msgs/local_setup.bash\n'}
[5.553905] (gst_msgs) StdoutLine: {'line': b'-- Up-to-date symlink: /root/Workspaces/rosgsthumble_ws/install/gst_msgs/share/gst_msgs/local_setup.sh\n'}
[5.554589] (gst_msgs) StdoutLine: {'line': b'-- Up-to-date symlink: /root/Workspaces/rosgsthumble_ws/install/gst_msgs/share/gst_msgs/local_setup.zsh\n'}
[5.555251] (gst_msgs) StdoutLine: {'line': b'-- Up-to-date symlink: /root/Workspaces/rosgsthumble_ws/install/gst_msgs/share/gst_msgs/local_setup.dsv\n'}
[5.555895] (gst_msgs) StdoutLine: {'line': b'-- Symlinking: /root/Workspaces/rosgsthumble_ws/install/gst_msgs/share/gst_msgs/package.dsv\n'}
[5.556527] (gst_msgs) StdoutLine: {'line': b'-- Up-to-date symlink: /root/Workspaces/rosgsthumble_ws/install/gst_msgs/share/ament_index/resource_index/packages/gst_msgs\n'}
[5.557133] (gst_msgs) StdoutLine: {'line': b'-- Up-to-date symlink: /root/Workspaces/rosgsthumble_ws/install/gst_msgs/share/gst_msgs/cmake/rosidl_cmake-extras.cmake\n'}
[5.557734] (gst_msgs) StdoutLine: {'line': b'-- Up-to-date symlink: /root/Workspaces/rosgsthumble_ws/install/gst_msgs/share/gst_msgs/cmake/ament_cmake_export_dependencies-extras.cmake\n'}
[5.570878] (gst_msgs) StdoutLine: {'line': b'-- Up-to-date symlink: /root/Workspaces/rosgsthumble_ws/install/gst_msgs/share/gst_msgs/cmake/ament_cmake_export_include_directories-extras.cmake\n'}
[5.571709] (gst_msgs) StdoutLine: {'line': b'-- Up-to-date symlink: /root/Workspaces/rosgsthumble_ws/install/gst_msgs/share/gst_msgs/cmake/ament_cmake_export_libraries-extras.cmake\n'}
[5.572423] (gst_msgs) StdoutLine: {'line': b'-- Up-to-date symlink: /root/Workspaces/rosgsthumble_ws/install/gst_msgs/share/gst_msgs/cmake/ament_cmake_export_targets-extras.cmake\n'}
[5.573080] (gst_msgs) StdoutLine: {'line': b'-- Up-to-date symlink: /root/Workspaces/rosgsthumble_ws/install/gst_msgs/share/gst_msgs/cmake/rosidl_cmake_export_typesupport_targets-extras.cmake\n'}
[5.573717] (gst_msgs) StdoutLine: {'line': b'-- Up-to-date symlink: /root/Workspaces/rosgsthumble_ws/install/gst_msgs/share/gst_msgs/cmake/rosidl_cmake_export_typesupport_libraries-extras.cmake\n'}
[5.595129] (gst_msgs) StdoutLine: {'line': b'-- Up-to-date symlink: /root/Workspaces/rosgsthumble_ws/install/gst_msgs/share/gst_msgs/cmake/gst_msgsConfig.cmake\n'}
[5.612739] (gst_msgs) StdoutLine: {'line': b'-- Up-to-date symlink: /root/Workspaces/rosgsthumble_ws/install/gst_msgs/share/gst_msgs/cmake/gst_msgsConfig-version.cmake\n'}
[5.622076] (-) TimerEvent: {}
[5.625508] (gst_msgs) StdoutLine: {'line': b'-- Up-to-date symlink: /root/Workspaces/rosgsthumble_ws/install/gst_msgs/share/gst_msgs/package.xml\n'}
[5.626552] (gst_msgs) StdoutLine: {'line': b'-- Up-to-date: /root/Workspaces/rosgsthumble_ws/install/gst_msgs/lib/libgst_msgs__rosidl_generator_c.so\n'}
[5.627835] (gst_msgs) StdoutLine: {'line': b'-- Up-to-date: /root/Workspaces/rosgsthumble_ws/install/gst_msgs/lib/libgst_msgs__rosidl_typesupport_fastrtps_c.so\n'}
[5.631119] (gst_msgs) StdoutLine: {'line': b'-- Up-to-date: /root/Workspaces/rosgsthumble_ws/install/gst_msgs/lib/libgst_msgs__rosidl_typesupport_fastrtps_cpp.so\n'}
[5.638211] (gst_msgs) StdoutLine: {'line': b'-- Up-to-date: /root/Workspaces/rosgsthumble_ws/install/gst_msgs/lib/libgst_msgs__rosidl_typesupport_introspection_c.so\n'}
[5.640843] (gst_msgs) StdoutLine: {'line': b'-- Up-to-date: /root/Workspaces/rosgsthumble_ws/install/gst_msgs/lib/libgst_msgs__rosidl_typesupport_c.so\n'}
[5.642364] (gst_msgs) StdoutLine: {'line': b'-- Up-to-date: /root/Workspaces/rosgsthumble_ws/install/gst_msgs/lib/libgst_msgs__rosidl_typesupport_introspection_cpp.so\n'}
[5.643109] (gst_msgs) StdoutLine: {'line': b'-- Up-to-date: /root/Workspaces/rosgsthumble_ws/install/gst_msgs/lib/libgst_msgs__rosidl_typesupport_cpp.so\n'}
[5.644450] (diagnostic_updater) StdoutLine: {'line': b"Listing '/root/Workspaces/rosgsthumble_ws/install/diagnostic_updater/lib/python3.6/site-packages/diagnostic_updater'...\n"}
[5.645257] (diagnostic_updater) StdoutLine: {'line': b'-- Up-to-date: /root/Workspaces/rosgsthumble_ws/install/diagnostic_updater/share/diagnostic_updater/cmake/diagnostic_updaterTargetsExport.cmake\n'}
[5.646378] (cv_bridge) JobEnded: {'identifier': 'cv_bridge', 'rc': 0}
[5.651282] (realsense2_camera_msgs) JobStarted: {'identifier': 'realsense2_camera_msgs'}
[5.671732] (gst_msgs) StdoutLine: {'line': b"Listing '/root/Workspaces/rosgsthumble_ws/install/gst_msgs/lib/python3.6/site-packages/gst_msgs'...\n"}
[5.699279] (gst_msgs) StdoutLine: {'line': b"Listing '/root/Workspaces/rosgsthumble_ws/install/gst_msgs/lib/python3.6/site-packages/gst_msgs/msg'...\n"}
[5.711412] (gst_msgs) StdoutLine: {'line': b"Listing '/root/Workspaces/rosgsthumble_ws/install/gst_msgs/lib/python3.6/site-packages/gst_msgs/srv'...\n"}
[5.712317] (gst_msgs) StdoutLine: {'line': b'-- Up-to-date: /root/Workspaces/rosgsthumble_ws/install/gst_msgs/lib/libgst_msgs__rosidl_generator_py.so\n'}
[5.718255] (gst_msgs) StdoutLine: {'line': b'-- Up-to-date: /root/Workspaces/rosgsthumble_ws/install/gst_msgs/share/gst_msgs/cmake/export_gst_msgs__rosidl_generator_cExport.cmake\n'}
[5.729990] (-) TimerEvent: {}
[5.730511] (gst_msgs) StdoutLine: {'line': b'-- Up-to-date: /root/Workspaces/rosgsthumble_ws/install/gst_msgs/share/gst_msgs/cmake/export_gst_msgs__rosidl_generator_cExport-noconfig.cmake\n'}
[5.731508] (gst_msgs) StdoutLine: {'line': b'-- Up-to-date: /root/Workspaces/rosgsthumble_ws/install/gst_msgs/share/gst_msgs/cmake/export_gst_msgs__rosidl_typesupport_fastrtps_cExport.cmake\n'}
[5.732465] (gst_msgs) StdoutLine: {'line': b'-- Up-to-date: /root/Workspaces/rosgsthumble_ws/install/gst_msgs/share/gst_msgs/cmake/export_gst_msgs__rosidl_typesupport_fastrtps_cExport-noconfig.cmake\n'}
[5.732977] (gst_msgs) StdoutLine: {'line': b'-- Up-to-date: /root/Workspaces/rosgsthumble_ws/install/gst_msgs/share/gst_msgs/cmake/export_gst_msgs__rosidl_generator_cppExport.cmake\n'}
[5.733460] (gst_msgs) StdoutLine: {'line': b'-- Up-to-date: /root/Workspaces/rosgsthumble_ws/install/gst_msgs/share/gst_msgs/cmake/export_gst_msgs__rosidl_typesupport_fastrtps_cppExport.cmake\n'}
[5.734011] (gst_msgs) StdoutLine: {'line': b'-- Up-to-date: /root/Workspaces/rosgsthumble_ws/install/gst_msgs/share/gst_msgs/cmake/export_gst_msgs__rosidl_typesupport_fastrtps_cppExport-noconfig.cmake\n'}
[5.734644] (gst_msgs) StdoutLine: {'line': b'-- Up-to-date: /root/Workspaces/rosgsthumble_ws/install/gst_msgs/share/gst_msgs/cmake/gst_msgs__rosidl_typesupport_introspection_cExport.cmake\n'}
[5.735473] (gst_msgs) StdoutLine: {'line': b'-- Up-to-date: /root/Workspaces/rosgsthumble_ws/install/gst_msgs/share/gst_msgs/cmake/gst_msgs__rosidl_typesupport_introspection_cExport-noconfig.cmake\n'}
[5.736076] (gst_msgs) StdoutLine: {'line': b'-- Up-to-date: /root/Workspaces/rosgsthumble_ws/install/gst_msgs/share/gst_msgs/cmake/gst_msgs__rosidl_typesupport_cExport.cmake\n'}
[5.736606] (gst_msgs) StdoutLine: {'line': b'-- Up-to-date: /root/Workspaces/rosgsthumble_ws/install/gst_msgs/share/gst_msgs/cmake/gst_msgs__rosidl_typesupport_cExport-noconfig.cmake\n'}
[5.737179] (gst_msgs) StdoutLine: {'line': b'-- Up-to-date: /root/Workspaces/rosgsthumble_ws/install/gst_msgs/share/gst_msgs/cmake/gst_msgs__rosidl_typesupport_introspection_cppExport.cmake\n'}
[5.737685] (gst_msgs) StdoutLine: {'line': b'-- Up-to-date: /root/Workspaces/rosgsthumble_ws/install/gst_msgs/share/gst_msgs/cmake/gst_msgs__rosidl_typesupport_introspection_cppExport-noconfig.cmake\n'}
[5.740703] (gst_msgs) StdoutLine: {'line': b'-- Up-to-date: /root/Workspaces/rosgsthumble_ws/install/gst_msgs/share/gst_msgs/cmake/gst_msgs__rosidl_typesupport_cppExport.cmake\n'}
[5.741405] (gst_msgs) StdoutLine: {'line': b'-- Up-to-date: /root/Workspaces/rosgsthumble_ws/install/gst_msgs/share/gst_msgs/cmake/gst_msgs__rosidl_typesupport_cppExport-noconfig.cmake\n'}
[5.742042] (gst_msgs) StdoutLine: {'line': b'-- Up-to-date: /root/Workspaces/rosgsthumble_ws/install/gst_msgs/share/gst_msgs/cmake/export_gst_msgs__rosidl_generator_pyExport.cmake\n'}
[5.742612] (gst_msgs) StdoutLine: {'line': b'-- Up-to-date: /root/Workspaces/rosgsthumble_ws/install/gst_msgs/share/gst_msgs/cmake/export_gst_msgs__rosidl_generator_pyExport-noconfig.cmake\n'}
[5.818774] (diagnostic_updater) CommandEnded: {'returncode': 0}
[5.840986] (-) TimerEvent: {}
[5.962248] (-) TimerEvent: {}
[6.084182] (-) TimerEvent: {}
[6.199694] (-) TimerEvent: {}
[6.319078] (-) TimerEvent: {}
[6.352119] (audio_msgs) JobEnded: {'identifier': 'audio_msgs', 'rc': 0}
[6.356827] (gst_bridge) JobStarted: {'identifier': 'gst_bridge'}
[6.419243] (-) TimerEvent: {}
[6.494810] (gst_msgs) CommandEnded: {'returncode': 0}
[6.524459] (-) TimerEvent: {}
[6.645925] (-) TimerEvent: {}
[6.752140] (-) TimerEvent: {}
[6.767384] (realsense2_camera_msgs) JobProgress: {'identifier': 'realsense2_camera_msgs', 'progress': 'cmake'}
[6.770645] (realsense2_camera_msgs) JobProgress: {'identifier': 'realsense2_camera_msgs', 'progress': 'build'}
[6.771963] (realsense2_camera_msgs) Command: {'cmd': ['/usr/local/bin/cmake', '--build', '/root/Workspaces/rosgsthumble_ws/build/realsense2_camera_msgs', '--', '-j4', '-l4'], 'cwd': '/root/Workspaces/rosgsthumble_ws/build/realsense2_camera_msgs', 'env': OrderedDict([('OPENBLAS_CORETYPE', 'ARMV8'), ('PYTHONIOENCODING', 'utf-8'), ('HOSTNAME', 'nano'), ('LD_LIBRARY_PATH', '/root/Workspaces/rosgsthumble_ws/install/realsense2_camera/lib:/root/Workspaces/rosgsthumble_ws/install/realsense2_camera_msgs/lib:/root/Workspaces/rosgsthumble_ws/install/image_geometry/lib:/root/Workspaces/rosgsthumble_ws/install/gst_pipeline_plugins/lib:/root/Workspaces/rosgsthumble_ws/install/gst_pipeline/lib:/root/Workspaces/rosgsthumble_ws/install/gst_msgs/lib:/root/Workspaces/rosgsthumble_ws/install/gst_bridge/lib:/root/Workspaces/rosgsthumble_ws/install/diagnostic_updater/lib:/root/Workspaces/rosgsthumble_ws/install/cv_bridge/lib:/root/Workspaces/rosgsthumble_ws/install/audio_msgs/lib:/opt/ros/humble/install/opt/rviz_ogre_vendor/lib:/opt/ros/humble/install/lib:/usr/local/cuda-10.2/targets/aarch64-linux/lib:'), ('SHLVL', '1'), ('OLDPWD', '/root/Workspaces'), ('HOME', '/root'), ('ROS_PYTHON_VERSION', '3'), ('COLCON_PREFIX_PATH', '/opt/ros/humble/install:/root/Workspaces/rosgsthumble_ws/install'), ('ROS_DISTRO', 'humble'), ('PULSE_SERVER', 'unix:/run/user/1000/pulse/native'), ('_', '/usr/bin/colcon'), ('ROS_VERSION', '2'), ('NVIDIA_DRIVER_CAPABILITIES', 'compute,utility,graphics'), ('PKG_CONFIG_PATH', '/opt/ros/humble/install/lib/aarch64-linux-gnu/pkgconfig:/opt/ros/humble/install/lib/pkgconfig'), ('TERM', 'xterm'), ('ROS_LOCALHOST_ONLY', '0'), ('PATH', '/root/Workspaces/rosgsthumble_ws/install/xacro/bin:/opt/ros/humble/install/bin:/usr/local/cuda-10.2/bin:/usr/local/cuda/bin:/usr/local/sbin:/usr/local/bin:/usr/sbin:/usr/bin:/sbin:/bin'), ('XDG_RUNTIME_DIR', '/run/user/1000'), ('DISPLAY', ''), ('LANG', 'en_US.UTF-8'), ('RMW_IMPLEMENTATION', 'rmw_cyclonedds_cpp'), ('LS_COLORS', 'rs=0:di=01;34:ln=01;36:mh=00:pi=40;33:so=01;35:do=01;35:bd=40;33;01:cd=40;33;01:or=40;31;01:mi=00:su=37;41:sg=30;43:ca=30;41:tw=30;42:ow=34;42:st=37;44:ex=01;32:*.tar=01;31:*.tgz=01;31:*.arc=01;31:*.arj=01;31:*.taz=01;31:*.lha=01;31:*.lz4=01;31:*.lzh=01;31:*.lzma=01;31:*.tlz=01;31:*.txz=01;31:*.tzo=01;31:*.t7z=01;31:*.zip=01;31:*.z=01;31:*.Z=01;31:*.dz=01;31:*.gz=01;31:*.lrz=01;31:*.lz=01;31:*.lzo=01;31:*.xz=01;31:*.zst=01;31:*.tzst=01;31:*.bz2=01;31:*.bz=01;31:*.tbz=01;31:*.tbz2=01;31:*.tz=01;31:*.deb=01;31:*.rpm=01;31:*.jar=01;31:*.war=01;31:*.ear=01;31:*.sar=01;31:*.rar=01;31:*.alz=01;31:*.ace=01;31:*.zoo=01;31:*.cpio=01;31:*.7z=01;31:*.rz=01;31:*.cab=01;31:*.wim=01;31:*.swm=01;31:*.dwm=01;31:*.esd=01;31:*.jpg=01;35:*.jpeg=01;35:*.mjpg=01;35:*.mjpeg=01;35:*.gif=01;35:*.bmp=01;35:*.pbm=01;35:*.pgm=01;35:*.ppm=01;35:*.tga=01;35:*.xbm=01;35:*.xpm=01;35:*.tif=01;35:*.tiff=01;35:*.png=01;35:*.svg=01;35:*.svgz=01;35:*.mng=01;35:*.pcx=01;35:*.mov=01;35:*.mpg=01;35:*.mpeg=01;35:*.m2v=01;35:*.mkv=01;35:*.webm=01;35:*.ogm=01;35:*.mp4=01;35:*.m4v=01;35:*.mp4v=01;35:*.vob=01;35:*.qt=01;35:*.nuv=01;35:*.wmv=01;35:*.asf=01;35:*.rm=01;35:*.rmvb=01;35:*.flc=01;35:*.avi=01;35:*.fli=01;35:*.flv=01;35:*.gl=01;35:*.dl=01;35:*.xcf=01;35:*.xwd=01;35:*.yuv=01;35:*.cgm=01;35:*.emf=01;35:*.ogv=01;35:*.ogx=01;35:*.aac=00;36:*.au=00;36:*.flac=00;36:*.m4a=00;36:*.mid=00;36:*.midi=00;36:*.mka=00;36:*.mp3=00;36:*.mpc=00;36:*.ogg=00;36:*.ra=00;36:*.wav=00;36:*.oga=00;36:*.opus=00;36:*.spx=00;36:*.xspf=00;36:'), ('ROS_ROOT', '/opt/ros/humble'), ('AMENT_PREFIX_PATH', '/opt/ros/humble/install'), ('DEBIAN_FRONTEND', 'noninteractive'), ('GST_PLUGIN_PATH', '/root/Workspaces/rosgsthumble_ws/install/gst_bridge/lib/gst_bridge/'), ('SHELL', '/bin/bash'), ('PWD', '/root/Workspaces/rosgsthumble_ws/build/realsense2_camera_msgs'), ('PYTHONPATH', '/root/Workspaces/rosgsthumble_ws/install/xacro/lib/python3.6/site-packages:/root/Workspaces/rosgsthumble_ws/install/realsense2_camera_msgs/lib/python3.6/site-packages:/root/Workspaces/rosgsthumble_ws/install/image_geometry/lib/python3.6/site-packages:/root/Workspaces/rosgsthumble_ws/install/gst_msgs/lib/python3.6/site-packages:/root/Workspaces/rosgsthumble_ws/install/diagnostic_common_diagnostics/lib/python3.6/site-packages:/root/Workspaces/rosgsthumble_ws/install/diagnostic_updater/lib/python3.6/site-packages:/root/Workspaces/rosgsthumble_ws/install/cv_bridge/lib/python3.6/site-packages:/root/Workspaces/rosgsthumble_ws/install/audio_msgs/lib/python3.6/site-packages:/opt/ros/humble/install/lib/python3.6/site-packages'), ('NVIDIA_VISIBLE_DEVICES', 'all'), ('COLCON', '1'), ('CMAKE_PREFIX_PATH', '/opt/ros/humble/install')]), 'shell': False}
[6.857238] (-) TimerEvent: {}
[6.980219] (-) TimerEvent: {}
[7.070791] (diagnostic_updater) JobEnded: {'identifier': 'diagnostic_updater', 'rc': 0}
[7.077564] (realsense2_camera_msgs) StdoutLine: {'line': b'[  1%] Built target realsense2_camera_msgs__cpp\n'}
[7.093270] (image_geometry) JobStarted: {'identifier': 'image_geometry'}
[7.093700] (-) TimerEvent: {}
[7.094449] (realsense2_camera_msgs) StdoutLine: {'line': b'[ 12%] Built target realsense2_camera_msgs__rosidl_generator_c\n'}
[7.099829] (realsense2_camera_msgs) StdoutLine: {'line': b'[ 12%] Built target ament_cmake_python_symlink_realsense2_camera_msgs\n'}
[7.158379] (realsense2_camera_msgs) StdoutLine: {'line': b'[ 23%] Built target realsense2_camera_msgs__rosidl_typesupport_cpp\n'}
[7.179334] (realsense2_camera_msgs) StdoutLine: {'line': b'[ 34%] Built target realsense2_camera_msgs__rosidl_typesupport_introspection_cpp\n'}
[7.184653] (realsense2_camera_msgs) StdoutLine: {'line': b'[ 46%] Built target realsense2_camera_msgs__rosidl_typesupport_fastrtps_cpp\n'}
[7.194021] (-) TimerEvent: {}
[7.221138] (realsense2_camera_msgs) StdoutLine: {'line': b'[ 57%] Built target realsense2_camera_msgs__rosidl_typesupport_fastrtps_c\n'}
[7.248602] (realsense2_camera_msgs) StdoutLine: {'line': b'[ 68%] Built target realsense2_camera_msgs__rosidl_typesupport_introspection_c\n'}
[7.252121] (realsense2_camera_msgs) StdoutLine: {'line': b'[ 79%] Built target realsense2_camera_msgs__rosidl_typesupport_c\n'}
[7.275273] (gst_bridge) JobProgress: {'identifier': 'gst_bridge', 'progress': 'cmake'}
[7.291504] (gst_bridge) JobProgress: {'identifier': 'gst_bridge', 'progress': 'build'}
[7.292717] (realsense2_camera_msgs) StdoutLine: {'line': b'[ 79%] Built target realsense2_camera_msgs\n'}
[7.294616] (-) TimerEvent: {}
[7.297911] (gst_bridge) Command: {'cmd': ['/usr/local/bin/cmake', '--build', '/root/Workspaces/rosgsthumble_ws/build/gst_bridge', '--', '-j4', '-l4'], 'cwd': '/root/Workspaces/rosgsthumble_ws/build/gst_bridge', 'env': OrderedDict([('OPENBLAS_CORETYPE', 'ARMV8'), ('PYTHONIOENCODING', 'utf-8'), ('HOSTNAME', 'nano'), ('LD_LIBRARY_PATH', '/root/Workspaces/rosgsthumble_ws/install/audio_msgs/lib:/root/Workspaces/rosgsthumble_ws/install/realsense2_camera/lib:/root/Workspaces/rosgsthumble_ws/install/realsense2_camera_msgs/lib:/root/Workspaces/rosgsthumble_ws/install/image_geometry/lib:/root/Workspaces/rosgsthumble_ws/install/gst_pipeline_plugins/lib:/root/Workspaces/rosgsthumble_ws/install/gst_pipeline/lib:/root/Workspaces/rosgsthumble_ws/install/gst_msgs/lib:/root/Workspaces/rosgsthumble_ws/install/gst_bridge/lib:/root/Workspaces/rosgsthumble_ws/install/diagnostic_updater/lib:/root/Workspaces/rosgsthumble_ws/install/cv_bridge/lib:/opt/ros/humble/install/opt/rviz_ogre_vendor/lib:/opt/ros/humble/install/lib:/usr/local/cuda-10.2/targets/aarch64-linux/lib'), ('SHLVL', '1'), ('OLDPWD', '/root/Workspaces'), ('HOME', '/root'), ('ROS_PYTHON_VERSION', '3'), ('COLCON_PREFIX_PATH', '/opt/ros/humble/install:/root/Workspaces/rosgsthumble_ws/install'), ('ROS_DISTRO', 'humble'), ('PULSE_SERVER', 'unix:/run/user/1000/pulse/native'), ('_', '/usr/bin/colcon'), ('ROS_VERSION', '2'), ('NVIDIA_DRIVER_CAPABILITIES', 'compute,utility,graphics'), ('PKG_CONFIG_PATH', '/opt/ros/humble/install/lib/aarch64-linux-gnu/pkgconfig:/opt/ros/humble/install/lib/pkgconfig'), ('TERM', 'xterm'), ('ROS_LOCALHOST_ONLY', '0'), ('PATH', '/root/Workspaces/rosgsthumble_ws/install/xacro/bin:/opt/ros/humble/install/bin:/usr/local/cuda-10.2/bin:/usr/local/cuda/bin:/usr/local/sbin:/usr/local/bin:/usr/sbin:/usr/bin:/sbin:/bin'), ('XDG_RUNTIME_DIR', '/run/user/1000'), ('DISPLAY', ''), ('LANG', 'en_US.UTF-8'), ('RMW_IMPLEMENTATION', 'rmw_cyclonedds_cpp'), ('LS_COLORS', 'rs=0:di=01;34:ln=01;36:mh=00:pi=40;33:so=01;35:do=01;35:bd=40;33;01:cd=40;33;01:or=40;31;01:mi=00:su=37;41:sg=30;43:ca=30;41:tw=30;42:ow=34;42:st=37;44:ex=01;32:*.tar=01;31:*.tgz=01;31:*.arc=01;31:*.arj=01;31:*.taz=01;31:*.lha=01;31:*.lz4=01;31:*.lzh=01;31:*.lzma=01;31:*.tlz=01;31:*.txz=01;31:*.tzo=01;31:*.t7z=01;31:*.zip=01;31:*.z=01;31:*.Z=01;31:*.dz=01;31:*.gz=01;31:*.lrz=01;31:*.lz=01;31:*.lzo=01;31:*.xz=01;31:*.zst=01;31:*.tzst=01;31:*.bz2=01;31:*.bz=01;31:*.tbz=01;31:*.tbz2=01;31:*.tz=01;31:*.deb=01;31:*.rpm=01;31:*.jar=01;31:*.war=01;31:*.ear=01;31:*.sar=01;31:*.rar=01;31:*.alz=01;31:*.ace=01;31:*.zoo=01;31:*.cpio=01;31:*.7z=01;31:*.rz=01;31:*.cab=01;31:*.wim=01;31:*.swm=01;31:*.dwm=01;31:*.esd=01;31:*.jpg=01;35:*.jpeg=01;35:*.mjpg=01;35:*.mjpeg=01;35:*.gif=01;35:*.bmp=01;35:*.pbm=01;35:*.pgm=01;35:*.ppm=01;35:*.tga=01;35:*.xbm=01;35:*.xpm=01;35:*.tif=01;35:*.tiff=01;35:*.png=01;35:*.svg=01;35:*.svgz=01;35:*.mng=01;35:*.pcx=01;35:*.mov=01;35:*.mpg=01;35:*.mpeg=01;35:*.m2v=01;35:*.mkv=01;35:*.webm=01;35:*.ogm=01;35:*.mp4=01;35:*.m4v=01;35:*.mp4v=01;35:*.vob=01;35:*.qt=01;35:*.nuv=01;35:*.wmv=01;35:*.asf=01;35:*.rm=01;35:*.rmvb=01;35:*.flc=01;35:*.avi=01;35:*.fli=01;35:*.flv=01;35:*.gl=01;35:*.dl=01;35:*.xcf=01;35:*.xwd=01;35:*.yuv=01;35:*.cgm=01;35:*.emf=01;35:*.ogv=01;35:*.ogx=01;35:*.aac=00;36:*.au=00;36:*.flac=00;36:*.m4a=00;36:*.mid=00;36:*.midi=00;36:*.mka=00;36:*.mp3=00;36:*.mpc=00;36:*.ogg=00;36:*.ra=00;36:*.wav=00;36:*.oga=00;36:*.opus=00;36:*.spx=00;36:*.xspf=00;36:'), ('ROS_ROOT', '/opt/ros/humble'), ('AMENT_PREFIX_PATH', '/root/Workspaces/rosgsthumble_ws/install/audio_msgs:/opt/ros/humble/install'), ('DEBIAN_FRONTEND', 'noninteractive'), ('GST_PLUGIN_PATH', '/root/Workspaces/rosgsthumble_ws/install/gst_bridge/lib/gst_bridge/'), ('SHELL', '/bin/bash'), ('PWD', '/root/Workspaces/rosgsthumble_ws/build/gst_bridge'), ('PYTHONPATH', '/root/Workspaces/rosgsthumble_ws/install/audio_msgs/lib/python3.6/site-packages:/root/Workspaces/rosgsthumble_ws/install/xacro/lib/python3.6/site-packages:/root/Workspaces/rosgsthumble_ws/install/realsense2_camera_msgs/lib/python3.6/site-packages:/root/Workspaces/rosgsthumble_ws/install/image_geometry/lib/python3.6/site-packages:/root/Workspaces/rosgsthumble_ws/install/gst_msgs/lib/python3.6/site-packages:/root/Workspaces/rosgsthumble_ws/install/diagnostic_common_diagnostics/lib/python3.6/site-packages:/root/Workspaces/rosgsthumble_ws/install/diagnostic_updater/lib/python3.6/site-packages:/root/Workspaces/rosgsthumble_ws/install/cv_bridge/lib/python3.6/site-packages:/opt/ros/humble/install/lib/python3.6/site-packages'), ('NVIDIA_VISIBLE_DEVICES', 'all'), ('COLCON', '1'), ('CMAKE_PREFIX_PATH', '/root/Workspaces/rosgsthumble_ws/install/audio_msgs:/opt/ros/humble/install')]), 'shell': False}
[7.322103] (image_geometry) JobProgress: {'identifier': 'image_geometry', 'progress': 'cmake'}
[7.327109] (image_geometry) JobProgress: {'identifier': 'image_geometry', 'progress': 'build'}
[7.333642] (image_geometry) Command: {'cmd': ['/usr/local/bin/cmake', '--build', '/root/Workspaces/rosgsthumble_ws/build/image_geometry', '--', '-j4', '-l4'], 'cwd': '/root/Workspaces/rosgsthumble_ws/build/image_geometry', 'env': OrderedDict([('OPENBLAS_CORETYPE', 'ARMV8'), ('PYTHONIOENCODING', 'utf-8'), ('HOSTNAME', 'nano'), ('LD_LIBRARY_PATH', '/root/Workspaces/rosgsthumble_ws/install/realsense2_camera/lib:/root/Workspaces/rosgsthumble_ws/install/realsense2_camera_msgs/lib:/root/Workspaces/rosgsthumble_ws/install/image_geometry/lib:/root/Workspaces/rosgsthumble_ws/install/gst_pipeline_plugins/lib:/root/Workspaces/rosgsthumble_ws/install/gst_pipeline/lib:/root/Workspaces/rosgsthumble_ws/install/gst_msgs/lib:/root/Workspaces/rosgsthumble_ws/install/gst_bridge/lib:/root/Workspaces/rosgsthumble_ws/install/diagnostic_updater/lib:/root/Workspaces/rosgsthumble_ws/install/cv_bridge/lib:/root/Workspaces/rosgsthumble_ws/install/audio_msgs/lib:/opt/ros/humble/install/opt/rviz_ogre_vendor/lib:/opt/ros/humble/install/lib:/usr/local/cuda-10.2/targets/aarch64-linux/lib:'), ('SHLVL', '1'), ('OLDPWD', '/root/Workspaces'), ('HOME', '/root'), ('ROS_PYTHON_VERSION', '3'), ('COLCON_PREFIX_PATH', '/opt/ros/humble/install:/root/Workspaces/rosgsthumble_ws/install'), ('ROS_DISTRO', 'humble'), ('PULSE_SERVER', 'unix:/run/user/1000/pulse/native'), ('_', '/usr/bin/colcon'), ('ROS_VERSION', '2'), ('NVIDIA_DRIVER_CAPABILITIES', 'compute,utility,graphics'), ('PKG_CONFIG_PATH', '/opt/ros/humble/install/lib/aarch64-linux-gnu/pkgconfig:/opt/ros/humble/install/lib/pkgconfig'), ('TERM', 'xterm'), ('ROS_LOCALHOST_ONLY', '0'), ('PATH', '/root/Workspaces/rosgsthumble_ws/install/xacro/bin:/opt/ros/humble/install/bin:/usr/local/cuda-10.2/bin:/usr/local/cuda/bin:/usr/local/sbin:/usr/local/bin:/usr/sbin:/usr/bin:/sbin:/bin'), ('XDG_RUNTIME_DIR', '/run/user/1000'), ('DISPLAY', ''), ('LANG', 'en_US.UTF-8'), ('RMW_IMPLEMENTATION', 'rmw_cyclonedds_cpp'), ('LS_COLORS', 'rs=0:di=01;34:ln=01;36:mh=00:pi=40;33:so=01;35:do=01;35:bd=40;33;01:cd=40;33;01:or=40;31;01:mi=00:su=37;41:sg=30;43:ca=30;41:tw=30;42:ow=34;42:st=37;44:ex=01;32:*.tar=01;31:*.tgz=01;31:*.arc=01;31:*.arj=01;31:*.taz=01;31:*.lha=01;31:*.lz4=01;31:*.lzh=01;31:*.lzma=01;31:*.tlz=01;31:*.txz=01;31:*.tzo=01;31:*.t7z=01;31:*.zip=01;31:*.z=01;31:*.Z=01;31:*.dz=01;31:*.gz=01;31:*.lrz=01;31:*.lz=01;31:*.lzo=01;31:*.xz=01;31:*.zst=01;31:*.tzst=01;31:*.bz2=01;31:*.bz=01;31:*.tbz=01;31:*.tbz2=01;31:*.tz=01;31:*.deb=01;31:*.rpm=01;31:*.jar=01;31:*.war=01;31:*.ear=01;31:*.sar=01;31:*.rar=01;31:*.alz=01;31:*.ace=01;31:*.zoo=01;31:*.cpio=01;31:*.7z=01;31:*.rz=01;31:*.cab=01;31:*.wim=01;31:*.swm=01;31:*.dwm=01;31:*.esd=01;31:*.jpg=01;35:*.jpeg=01;35:*.mjpg=01;35:*.mjpeg=01;35:*.gif=01;35:*.bmp=01;35:*.pbm=01;35:*.pgm=01;35:*.ppm=01;35:*.tga=01;35:*.xbm=01;35:*.xpm=01;35:*.tif=01;35:*.tiff=01;35:*.png=01;35:*.svg=01;35:*.svgz=01;35:*.mng=01;35:*.pcx=01;35:*.mov=01;35:*.mpg=01;35:*.mpeg=01;35:*.m2v=01;35:*.mkv=01;35:*.webm=01;35:*.ogm=01;35:*.mp4=01;35:*.m4v=01;35:*.mp4v=01;35:*.vob=01;35:*.qt=01;35:*.nuv=01;35:*.wmv=01;35:*.asf=01;35:*.rm=01;35:*.rmvb=01;35:*.flc=01;35:*.avi=01;35:*.fli=01;35:*.flv=01;35:*.gl=01;35:*.dl=01;35:*.xcf=01;35:*.xwd=01;35:*.yuv=01;35:*.cgm=01;35:*.emf=01;35:*.ogv=01;35:*.ogx=01;35:*.aac=00;36:*.au=00;36:*.flac=00;36:*.m4a=00;36:*.mid=00;36:*.midi=00;36:*.mka=00;36:*.mp3=00;36:*.mpc=00;36:*.ogg=00;36:*.ra=00;36:*.wav=00;36:*.oga=00;36:*.opus=00;36:*.spx=00;36:*.xspf=00;36:'), ('ROS_ROOT', '/opt/ros/humble'), ('AMENT_PREFIX_PATH', '/opt/ros/humble/install'), ('DEBIAN_FRONTEND', 'noninteractive'), ('GST_PLUGIN_PATH', '/root/Workspaces/rosgsthumble_ws/install/gst_bridge/lib/gst_bridge/'), ('SHELL', '/bin/bash'), ('PWD', '/root/Workspaces/rosgsthumble_ws/build/image_geometry'), ('PYTHONPATH', '/root/Workspaces/rosgsthumble_ws/install/xacro/lib/python3.6/site-packages:/root/Workspaces/rosgsthumble_ws/install/realsense2_camera_msgs/lib/python3.6/site-packages:/root/Workspaces/rosgsthumble_ws/install/image_geometry/lib/python3.6/site-packages:/root/Workspaces/rosgsthumble_ws/install/gst_msgs/lib/python3.6/site-packages:/root/Workspaces/rosgsthumble_ws/install/diagnostic_common_diagnostics/lib/python3.6/site-packages:/root/Workspaces/rosgsthumble_ws/install/diagnostic_updater/lib/python3.6/site-packages:/root/Workspaces/rosgsthumble_ws/install/cv_bridge/lib/python3.6/site-packages:/root/Workspaces/rosgsthumble_ws/install/audio_msgs/lib/python3.6/site-packages:/opt/ros/humble/install/lib/python3.6/site-packages'), ('NVIDIA_VISIBLE_DEVICES', 'all'), ('COLCON', '1'), ('CMAKE_PREFIX_PATH', '/opt/ros/humble/install')]), 'shell': False}
[7.370774] (realsense2_camera_msgs) StdoutLine: {'line': b'[ 80%] Built target realsense2_camera_msgs__py\n'}
[7.394808] (-) TimerEvent: {}
[7.469645] (realsense2_camera_msgs) StdoutLine: {'line': b'[ 90%] Built target realsense2_camera_msgs__rosidl_generator_py\n'}
[7.494989] (-) TimerEvent: {}
[7.593554] (realsense2_camera_msgs) StdoutLine: {'line': b'[ 93%] Built target realsense2_camera_msgs__rosidl_typesupport_c__pyext\n'}
[7.595844] (-) TimerEvent: {}
[7.601647] (realsense2_camera_msgs) StdoutLine: {'line': b'[ 96%] Built target realsense2_camera_msgs__rosidl_typesupport_fastrtps_c__pyext\n'}
[7.625265] (realsense2_camera_msgs) StdoutLine: {'line': b'[100%] Built target realsense2_camera_msgs__rosidl_typesupport_introspection_c__pyext\n'}
[7.696293] (-) TimerEvent: {}
[7.710510] (image_geometry) StdoutLine: {'line': b'[ 22%] Built target gtest\n'}
[7.729438] (image_geometry) StdoutLine: {'line': b'[ 33%] Built target ament_cmake_python_symlink_image_geometry\n'}
[7.732824] (image_geometry) StdoutLine: {'line': b'[ 44%] Built target gtest_main\n'}
[7.750907] (image_geometry) StdoutLine: {'line': b'[ 77%] Built target image_geometry\n'}
[7.796503] (-) TimerEvent: {}
[7.806932] (gst_bridge) StdoutLine: {'line': b'[ 38%] Built target gst_bridge\n'}
[7.821246] (image_geometry) StdoutLine: {'line': b'[100%] Built target image_geometry-utest\n'}
[7.896690] (-) TimerEvent: {}
[7.984865] (gst_bridge) StdoutLine: {'line': b'[100%] Built target rosgstbridge\n'}
[7.996871] (-) TimerEvent: {}
[8.032384] (gst_bridge) CommandEnded: {'returncode': 0}
[8.097300] (-) TimerEvent: {}
[8.204464] (-) TimerEvent: {}
[8.312575] (-) TimerEvent: {}
[8.420145] (-) TimerEvent: {}
[8.503081] (gst_msgs) JobEnded: {'identifier': 'gst_msgs', 'rc': 0}
[8.540933] (-) TimerEvent: {}
[8.550787] (xacro) JobStarted: {'identifier': 'xacro'}
[8.641198] (-) TimerEvent: {}
[8.662063] (gst_bridge) JobProgress: {'identifier': 'gst_bridge', 'progress': 'install'}
[8.666807] (gst_bridge) Command: {'cmd': ['/usr/local/bin/cmake', '--install', '/root/Workspaces/rosgsthumble_ws/build/gst_bridge'], 'cwd': '/root/Workspaces/rosgsthumble_ws/build/gst_bridge', 'env': OrderedDict([('OPENBLAS_CORETYPE', 'ARMV8'), ('PYTHONIOENCODING', 'utf-8'), ('HOSTNAME', 'nano'), ('LD_LIBRARY_PATH', '/root/Workspaces/rosgsthumble_ws/install/audio_msgs/lib:/root/Workspaces/rosgsthumble_ws/install/realsense2_camera/lib:/root/Workspaces/rosgsthumble_ws/install/realsense2_camera_msgs/lib:/root/Workspaces/rosgsthumble_ws/install/image_geometry/lib:/root/Workspaces/rosgsthumble_ws/install/gst_pipeline_plugins/lib:/root/Workspaces/rosgsthumble_ws/install/gst_pipeline/lib:/root/Workspaces/rosgsthumble_ws/install/gst_msgs/lib:/root/Workspaces/rosgsthumble_ws/install/gst_bridge/lib:/root/Workspaces/rosgsthumble_ws/install/diagnostic_updater/lib:/root/Workspaces/rosgsthumble_ws/install/cv_bridge/lib:/opt/ros/humble/install/opt/rviz_ogre_vendor/lib:/opt/ros/humble/install/lib:/usr/local/cuda-10.2/targets/aarch64-linux/lib'), ('SHLVL', '1'), ('OLDPWD', '/root/Workspaces'), ('HOME', '/root'), ('ROS_PYTHON_VERSION', '3'), ('COLCON_PREFIX_PATH', '/opt/ros/humble/install:/root/Workspaces/rosgsthumble_ws/install'), ('ROS_DISTRO', 'humble'), ('PULSE_SERVER', 'unix:/run/user/1000/pulse/native'), ('_', '/usr/bin/colcon'), ('ROS_VERSION', '2'), ('NVIDIA_DRIVER_CAPABILITIES', 'compute,utility,graphics'), ('PKG_CONFIG_PATH', '/opt/ros/humble/install/lib/aarch64-linux-gnu/pkgconfig:/opt/ros/humble/install/lib/pkgconfig'), ('TERM', 'xterm'), ('ROS_LOCALHOST_ONLY', '0'), ('PATH', '/root/Workspaces/rosgsthumble_ws/install/xacro/bin:/opt/ros/humble/install/bin:/usr/local/cuda-10.2/bin:/usr/local/cuda/bin:/usr/local/sbin:/usr/local/bin:/usr/sbin:/usr/bin:/sbin:/bin'), ('XDG_RUNTIME_DIR', '/run/user/1000'), ('DISPLAY', ''), ('LANG', 'en_US.UTF-8'), ('RMW_IMPLEMENTATION', 'rmw_cyclonedds_cpp'), ('LS_COLORS', 'rs=0:di=01;34:ln=01;36:mh=00:pi=40;33:so=01;35:do=01;35:bd=40;33;01:cd=40;33;01:or=40;31;01:mi=00:su=37;41:sg=30;43:ca=30;41:tw=30;42:ow=34;42:st=37;44:ex=01;32:*.tar=01;31:*.tgz=01;31:*.arc=01;31:*.arj=01;31:*.taz=01;31:*.lha=01;31:*.lz4=01;31:*.lzh=01;31:*.lzma=01;31:*.tlz=01;31:*.txz=01;31:*.tzo=01;31:*.t7z=01;31:*.zip=01;31:*.z=01;31:*.Z=01;31:*.dz=01;31:*.gz=01;31:*.lrz=01;31:*.lz=01;31:*.lzo=01;31:*.xz=01;31:*.zst=01;31:*.tzst=01;31:*.bz2=01;31:*.bz=01;31:*.tbz=01;31:*.tbz2=01;31:*.tz=01;31:*.deb=01;31:*.rpm=01;31:*.jar=01;31:*.war=01;31:*.ear=01;31:*.sar=01;31:*.rar=01;31:*.alz=01;31:*.ace=01;31:*.zoo=01;31:*.cpio=01;31:*.7z=01;31:*.rz=01;31:*.cab=01;31:*.wim=01;31:*.swm=01;31:*.dwm=01;31:*.esd=01;31:*.jpg=01;35:*.jpeg=01;35:*.mjpg=01;35:*.mjpeg=01;35:*.gif=01;35:*.bmp=01;35:*.pbm=01;35:*.pgm=01;35:*.ppm=01;35:*.tga=01;35:*.xbm=01;35:*.xpm=01;35:*.tif=01;35:*.tiff=01;35:*.png=01;35:*.svg=01;35:*.svgz=01;35:*.mng=01;35:*.pcx=01;35:*.mov=01;35:*.mpg=01;35:*.mpeg=01;35:*.m2v=01;35:*.mkv=01;35:*.webm=01;35:*.ogm=01;35:*.mp4=01;35:*.m4v=01;35:*.mp4v=01;35:*.vob=01;35:*.qt=01;35:*.nuv=01;35:*.wmv=01;35:*.asf=01;35:*.rm=01;35:*.rmvb=01;35:*.flc=01;35:*.avi=01;35:*.fli=01;35:*.flv=01;35:*.gl=01;35:*.dl=01;35:*.xcf=01;35:*.xwd=01;35:*.yuv=01;35:*.cgm=01;35:*.emf=01;35:*.ogv=01;35:*.ogx=01;35:*.aac=00;36:*.au=00;36:*.flac=00;36:*.m4a=00;36:*.mid=00;36:*.midi=00;36:*.mka=00;36:*.mp3=00;36:*.mpc=00;36:*.ogg=00;36:*.ra=00;36:*.wav=00;36:*.oga=00;36:*.opus=00;36:*.spx=00;36:*.xspf=00;36:'), ('ROS_ROOT', '/opt/ros/humble'), ('AMENT_PREFIX_PATH', '/root/Workspaces/rosgsthumble_ws/install/audio_msgs:/opt/ros/humble/install'), ('DEBIAN_FRONTEND', 'noninteractive'), ('GST_PLUGIN_PATH', '/root/Workspaces/rosgsthumble_ws/install/gst_bridge/lib/gst_bridge/'), ('SHELL', '/bin/bash'), ('PWD', '/root/Workspaces/rosgsthumble_ws/build/gst_bridge'), ('PYTHONPATH', '/root/Workspaces/rosgsthumble_ws/install/audio_msgs/lib/python3.6/site-packages:/root/Workspaces/rosgsthumble_ws/install/xacro/lib/python3.6/site-packages:/root/Workspaces/rosgsthumble_ws/install/realsense2_camera_msgs/lib/python3.6/site-packages:/root/Workspaces/rosgsthumble_ws/install/image_geometry/lib/python3.6/site-packages:/root/Workspaces/rosgsthumble_ws/install/gst_msgs/lib/python3.6/site-packages:/root/Workspaces/rosgsthumble_ws/install/diagnostic_common_diagnostics/lib/python3.6/site-packages:/root/Workspaces/rosgsthumble_ws/install/diagnostic_updater/lib/python3.6/site-packages:/root/Workspaces/rosgsthumble_ws/install/cv_bridge/lib/python3.6/site-packages:/opt/ros/humble/install/lib/python3.6/site-packages'), ('NVIDIA_VISIBLE_DEVICES', 'all'), ('COLCON', '1'), ('CMAKE_PREFIX_PATH', '/root/Workspaces/rosgsthumble_ws/install/audio_msgs:/opt/ros/humble/install')]), 'shell': False}
[8.690722] (xacro) JobProgress: {'identifier': 'xacro', 'progress': 'cmake'}
[8.695727] (xacro) JobProgress: {'identifier': 'xacro', 'progress': 'build'}
[8.696968] (xacro) Command: {'cmd': ['/usr/local/bin/cmake', '--build', '/root/Workspaces/rosgsthumble_ws/build/xacro', '--', '-j4', '-l4'], 'cwd': '/root/Workspaces/rosgsthumble_ws/build/xacro', 'env': OrderedDict([('OPENBLAS_CORETYPE', 'ARMV8'), ('PYTHONIOENCODING', 'utf-8'), ('HOSTNAME', 'nano'), ('LD_LIBRARY_PATH', '/root/Workspaces/rosgsthumble_ws/install/realsense2_camera/lib:/root/Workspaces/rosgsthumble_ws/install/realsense2_camera_msgs/lib:/root/Workspaces/rosgsthumble_ws/install/image_geometry/lib:/root/Workspaces/rosgsthumble_ws/install/gst_pipeline_plugins/lib:/root/Workspaces/rosgsthumble_ws/install/gst_pipeline/lib:/root/Workspaces/rosgsthumble_ws/install/gst_msgs/lib:/root/Workspaces/rosgsthumble_ws/install/gst_bridge/lib:/root/Workspaces/rosgsthumble_ws/install/diagnostic_updater/lib:/root/Workspaces/rosgsthumble_ws/install/cv_bridge/lib:/root/Workspaces/rosgsthumble_ws/install/audio_msgs/lib:/opt/ros/humble/install/opt/rviz_ogre_vendor/lib:/opt/ros/humble/install/lib:/usr/local/cuda-10.2/targets/aarch64-linux/lib:'), ('SHLVL', '1'), ('OLDPWD', '/root/Workspaces'), ('HOME', '/root'), ('ROS_PYTHON_VERSION', '3'), ('COLCON_PREFIX_PATH', '/opt/ros/humble/install:/root/Workspaces/rosgsthumble_ws/install'), ('ROS_DISTRO', 'humble'), ('PULSE_SERVER', 'unix:/run/user/1000/pulse/native'), ('_', '/usr/bin/colcon'), ('ROS_VERSION', '2'), ('NVIDIA_DRIVER_CAPABILITIES', 'compute,utility,graphics'), ('PKG_CONFIG_PATH', '/opt/ros/humble/install/lib/aarch64-linux-gnu/pkgconfig:/opt/ros/humble/install/lib/pkgconfig'), ('TERM', 'xterm'), ('ROS_LOCALHOST_ONLY', '0'), ('PATH', '/root/Workspaces/rosgsthumble_ws/install/xacro/bin:/opt/ros/humble/install/bin:/usr/local/cuda-10.2/bin:/usr/local/cuda/bin:/usr/local/sbin:/usr/local/bin:/usr/sbin:/usr/bin:/sbin:/bin'), ('XDG_RUNTIME_DIR', '/run/user/1000'), ('DISPLAY', ''), ('LANG', 'en_US.UTF-8'), ('RMW_IMPLEMENTATION', 'rmw_cyclonedds_cpp'), ('LS_COLORS', 'rs=0:di=01;34:ln=01;36:mh=00:pi=40;33:so=01;35:do=01;35:bd=40;33;01:cd=40;33;01:or=40;31;01:mi=00:su=37;41:sg=30;43:ca=30;41:tw=30;42:ow=34;42:st=37;44:ex=01;32:*.tar=01;31:*.tgz=01;31:*.arc=01;31:*.arj=01;31:*.taz=01;31:*.lha=01;31:*.lz4=01;31:*.lzh=01;31:*.lzma=01;31:*.tlz=01;31:*.txz=01;31:*.tzo=01;31:*.t7z=01;31:*.zip=01;31:*.z=01;31:*.Z=01;31:*.dz=01;31:*.gz=01;31:*.lrz=01;31:*.lz=01;31:*.lzo=01;31:*.xz=01;31:*.zst=01;31:*.tzst=01;31:*.bz2=01;31:*.bz=01;31:*.tbz=01;31:*.tbz2=01;31:*.tz=01;31:*.deb=01;31:*.rpm=01;31:*.jar=01;31:*.war=01;31:*.ear=01;31:*.sar=01;31:*.rar=01;31:*.alz=01;31:*.ace=01;31:*.zoo=01;31:*.cpio=01;31:*.7z=01;31:*.rz=01;31:*.cab=01;31:*.wim=01;31:*.swm=01;31:*.dwm=01;31:*.esd=01;31:*.jpg=01;35:*.jpeg=01;35:*.mjpg=01;35:*.mjpeg=01;35:*.gif=01;35:*.bmp=01;35:*.pbm=01;35:*.pgm=01;35:*.ppm=01;35:*.tga=01;35:*.xbm=01;35:*.xpm=01;35:*.tif=01;35:*.tiff=01;35:*.png=01;35:*.svg=01;35:*.svgz=01;35:*.mng=01;35:*.pcx=01;35:*.mov=01;35:*.mpg=01;35:*.mpeg=01;35:*.m2v=01;35:*.mkv=01;35:*.webm=01;35:*.ogm=01;35:*.mp4=01;35:*.m4v=01;35:*.mp4v=01;35:*.vob=01;35:*.qt=01;35:*.nuv=01;35:*.wmv=01;35:*.asf=01;35:*.rm=01;35:*.rmvb=01;35:*.flc=01;35:*.avi=01;35:*.fli=01;35:*.flv=01;35:*.gl=01;35:*.dl=01;35:*.xcf=01;35:*.xwd=01;35:*.yuv=01;35:*.cgm=01;35:*.emf=01;35:*.ogv=01;35:*.ogx=01;35:*.aac=00;36:*.au=00;36:*.flac=00;36:*.m4a=00;36:*.mid=00;36:*.midi=00;36:*.mka=00;36:*.mp3=00;36:*.mpc=00;36:*.ogg=00;36:*.ra=00;36:*.wav=00;36:*.oga=00;36:*.opus=00;36:*.spx=00;36:*.xspf=00;36:'), ('ROS_ROOT', '/opt/ros/humble'), ('AMENT_PREFIX_PATH', '/opt/ros/humble/install'), ('DEBIAN_FRONTEND', 'noninteractive'), ('GST_PLUGIN_PATH', '/root/Workspaces/rosgsthumble_ws/install/gst_bridge/lib/gst_bridge/'), ('SHELL', '/bin/bash'), ('PWD', '/root/Workspaces/rosgsthumble_ws/build/xacro'), ('PYTHONPATH', '/root/Workspaces/rosgsthumble_ws/install/xacro/lib/python3.6/site-packages:/root/Workspaces/rosgsthumble_ws/install/realsense2_camera_msgs/lib/python3.6/site-packages:/root/Workspaces/rosgsthumble_ws/install/image_geometry/lib/python3.6/site-packages:/root/Workspaces/rosgsthumble_ws/install/gst_msgs/lib/python3.6/site-packages:/root/Workspaces/rosgsthumble_ws/install/diagnostic_common_diagnostics/lib/python3.6/site-packages:/root/Workspaces/rosgsthumble_ws/install/diagnostic_updater/lib/python3.6/site-packages:/root/Workspaces/rosgsthumble_ws/install/cv_bridge/lib/python3.6/site-packages:/root/Workspaces/rosgsthumble_ws/install/audio_msgs/lib/python3.6/site-packages:/opt/ros/humble/install/lib/python3.6/site-packages'), ('NVIDIA_VISIBLE_DEVICES', 'all'), ('COLCON', '1'), ('CMAKE_PREFIX_PATH', '/opt/ros/humble/install')]), 'shell': False}
[8.741479] (-) TimerEvent: {}
[8.844285] (-) TimerEvent: {}
[8.873525] (gst_bridge) StdoutLine: {'line': b'-- Install configuration: "RelWithDebInfo"\n'}
[8.878990] (gst_bridge) StdoutLine: {'line': b'-- Execute custom install script\n'}
[8.882902] (gst_bridge) StdoutLine: {'line': b'-- Up-to-date symlink: /root/Workspaces/rosgsthumble_ws/install/gst_bridge/share/gst_bridge/environment/register_plugin.dsv\n'}
[8.886824] (gst_bridge) StdoutLine: {'line': b'-- Up-to-date symlink: /root/Workspaces/rosgsthumble_ws/install/gst_bridge/share/gst_bridge/environment/library_path.sh\n'}
[8.893895] (gst_bridge) StdoutLine: {'line': b'-- Up-to-date symlink: /root/Workspaces/rosgsthumble_ws/install/gst_bridge/share/gst_bridge/environment/library_path.dsv\n'}
[8.899829] (gst_bridge) StdoutLine: {'line': b'-- Up-to-date symlink: /root/Workspaces/rosgsthumble_ws/install/gst_bridge/include/gst_bridge/gst_bridge.h\n'}
[8.903496] (gst_bridge) StdoutLine: {'line': b'-- Up-to-date symlink: /root/Workspaces/rosgsthumble_ws/install/gst_bridge/include/gst_bridge/rosaudiosink.h\n'}
[8.907144] (gst_bridge) StdoutLine: {'line': b'-- Up-to-date symlink: /root/Workspaces/rosgsthumble_ws/install/gst_bridge/include/gst_bridge/rosaudiosrc.h\n'}
[8.920740] (gst_bridge) StdoutLine: {'line': b'-- Up-to-date symlink: /root/Workspaces/rosgsthumble_ws/install/gst_bridge/include/gst_bridge/rosbaseiface.h\n'}
[8.923726] (gst_bridge) StdoutLine: {'line': b'-- Up-to-date symlink: /root/Workspaces/rosgsthumble_ws/install/gst_bridge/include/gst_bridge/rosbasesink.h\n'}
[8.926857] (gst_bridge) StdoutLine: {'line': b'-- Up-to-date symlink: /root/Workspaces/rosgsthumble_ws/install/gst_bridge/include/gst_bridge/rosbasesrc.h\n'}
[8.930660] (gst_bridge) StdoutLine: {'line': b'-- Up-to-date symlink: /root/Workspaces/rosgsthumble_ws/install/gst_bridge/include/gst_bridge/rosimagesink.h\n'}
[8.934454] (gst_bridge) StdoutLine: {'line': b'-- Up-to-date symlink: /root/Workspaces/rosgsthumble_ws/install/gst_bridge/include/gst_bridge/rosimagesrc.h\n'}
[8.938201] (gst_bridge) StdoutLine: {'line': b'-- Up-to-date symlink: /root/Workspaces/rosgsthumble_ws/install/gst_bridge/include/gst_bridge/rostextsink.h\n'}
[8.941663] (gst_bridge) StdoutLine: {'line': b'-- Up-to-date symlink: /root/Workspaces/rosgsthumble_ws/install/gst_bridge/include/gst_bridge/rostextsrc.h\n'}
[8.944432] (-) TimerEvent: {}
[8.951445] (gst_bridge) StdoutLine: {'line': b'-- Up-to-date symlink: /root/Workspaces/rosgsthumble_ws/install/gst_bridge/lib/gst_bridge/librosgstbridge.so\n'}
[8.956169] (gst_bridge) StdoutLine: {'line': b'-- Up-to-date symlink: /root/Workspaces/rosgsthumble_ws/install/gst_bridge/share/ament_index/resource_index/package_run_dependencies/gst_bridge\n'}
[8.959703] (gst_bridge) StdoutLine: {'line': b'-- Up-to-date symlink: /root/Workspaces/rosgsthumble_ws/install/gst_bridge/share/ament_index/resource_index/parent_prefix_path/gst_bridge\n'}
[8.962159] (gst_bridge) StdoutLine: {'line': b'-- Up-to-date symlink: /root/Workspaces/rosgsthumble_ws/install/gst_bridge/share/gst_bridge/environment/ament_prefix_path.sh\n'}
[8.964337] (gst_bridge) StdoutLine: {'line': b'-- Up-to-date symlink: /root/Workspaces/rosgsthumble_ws/install/gst_bridge/share/gst_bridge/environment/ament_prefix_path.dsv\n'}
[8.966539] (gst_bridge) StdoutLine: {'line': b'-- Up-to-date symlink: /root/Workspaces/rosgsthumble_ws/install/gst_bridge/share/gst_bridge/environment/path.sh\n'}
[8.968583] (gst_bridge) StdoutLine: {'line': b'-- Up-to-date symlink: /root/Workspaces/rosgsthumble_ws/install/gst_bridge/share/gst_bridge/environment/path.dsv\n'}
[8.970778] (gst_bridge) StdoutLine: {'line': b'-- Up-to-date symlink: /root/Workspaces/rosgsthumble_ws/install/gst_bridge/share/gst_bridge/local_setup.bash\n'}
[8.973200] (gst_bridge) StdoutLine: {'line': b'-- Up-to-date symlink: /root/Workspaces/rosgsthumble_ws/install/gst_bridge/share/gst_bridge/local_setup.sh\n'}
[8.974921] (gst_bridge) StdoutLine: {'line': b'-- Up-to-date symlink: /root/Workspaces/rosgsthumble_ws/install/gst_bridge/share/gst_bridge/local_setup.zsh\n'}
[8.976447] (gst_bridge) StdoutLine: {'line': b'-- Up-to-date symlink: /root/Workspaces/rosgsthumble_ws/install/gst_bridge/share/gst_bridge/local_setup.dsv\n'}
[8.977967] (gst_bridge) StdoutLine: {'line': b'-- Symlinking: /root/Workspaces/rosgsthumble_ws/install/gst_bridge/share/gst_bridge/package.dsv\n'}
[8.992163] (gst_bridge) StdoutLine: {'line': b'-- Up-to-date symlink: /root/Workspaces/rosgsthumble_ws/install/gst_bridge/share/ament_index/resource_index/packages/gst_bridge\n'}
[8.994499] (gst_bridge) StdoutLine: {'line': b'-- Up-to-date symlink: /root/Workspaces/rosgsthumble_ws/install/gst_bridge/share/gst_bridge/cmake/ament_cmake_export_include_directories-extras.cmake\n'}
[8.997298] (gst_bridge) StdoutLine: {'line': b'-- Up-to-date symlink: /root/Workspaces/rosgsthumble_ws/install/gst_bridge/share/gst_bridge/cmake/ament_cmake_export_libraries-extras.cmake\n'}
[8.999711] (gst_bridge) StdoutLine: {'line': b'-- Up-to-date symlink: /root/Workspaces/rosgsthumble_ws/install/gst_bridge/share/gst_bridge/cmake/ament_cmake_export_dependencies-extras.cmake\n'}
[9.002309] (gst_bridge) StdoutLine: {'line': b'-- Up-to-date symlink: /root/Workspaces/rosgsthumble_ws/install/gst_bridge/share/gst_bridge/cmake/gst_bridgeConfig.cmake\n'}
[9.004480] (gst_bridge) StdoutLine: {'line': b'-- Up-to-date symlink: /root/Workspaces/rosgsthumble_ws/install/gst_bridge/share/gst_bridge/cmake/gst_bridgeConfig-version.cmake\n'}
[9.007131] (gst_bridge) StdoutLine: {'line': b'-- Up-to-date symlink: /root/Workspaces/rosgsthumble_ws/install/gst_bridge/share/gst_bridge/package.xml\n'}
[9.009093] (gst_bridge) StdoutLine: {'line': b'-- Up-to-date: /root/Workspaces/rosgsthumble_ws/install/gst_bridge/lib/libgst_bridge.so\n'}
[9.041427] (gst_bridge) CommandEnded: {'returncode': 0}
[9.060847] (-) TimerEvent: {}
[9.081228] (xacro) StdoutLine: {'line': b'Built target ament_cmake_python_symlink_xacro_setup\n'}
[9.109452] (xacro) StdoutLine: {'line': b'Built target ament_cmake_python_symlink_xacro\n'}
[9.110296] (realsense2_camera_msgs) StdoutLine: {'line': b'running egg_info\n'}
[9.127797] (realsense2_camera_msgs) StdoutLine: {'line': b'writing realsense2_camera_msgs.egg-info/PKG-INFO\n'}
[9.129338] (realsense2_camera_msgs) StdoutLine: {'line': b'writing dependency_links to realsense2_camera_msgs.egg-info/dependency_links.txt\n'}
[9.129928] (realsense2_camera_msgs) StdoutLine: {'line': b'writing top-level names to realsense2_camera_msgs.egg-info/top_level.txt\n'}
[9.130562] (realsense2_camera_msgs) StdoutLine: {'line': b"reading manifest file 'realsense2_camera_msgs.egg-info/SOURCES.txt'\n"}
[9.133115] (realsense2_camera_msgs) StdoutLine: {'line': b"writing manifest file 'realsense2_camera_msgs.egg-info/SOURCES.txt'\n"}
[9.166162] (-) TimerEvent: {}
[9.272719] (-) TimerEvent: {}
[9.274921] (realsense2_camera_msgs) StdoutLine: {'line': b'[100%] Built target ament_cmake_python_build_realsense2_camera_msgs_egg\n'}
[9.373065] (-) TimerEvent: {}
[9.385059] (realsense2_camera_msgs) CommandEnded: {'returncode': 0}
[9.473228] (-) TimerEvent: {}
[9.574224] (-) TimerEvent: {}
[9.659398] (image_geometry) StdoutLine: {'line': b'running egg_info\n'}
[9.663309] (image_geometry) StdoutLine: {'line': b'writing image_geometry.egg-info/PKG-INFO\n'}
[9.666264] (image_geometry) StdoutLine: {'line': b'writing dependency_links to image_geometry.egg-info/dependency_links.txt\n'}
[9.668955] (image_geometry) StdoutLine: {'line': b'writing top-level names to image_geometry.egg-info/top_level.txt\n'}
[9.674387] (-) TimerEvent: {}
[9.683125] (image_geometry) StdoutLine: {'line': b"reading manifest file 'image_geometry.egg-info/SOURCES.txt'\n"}
[9.692233] (image_geometry) StdoutLine: {'line': b"writing manifest file 'image_geometry.egg-info/SOURCES.txt'\n"}
[9.774581] (-) TimerEvent: {}
[9.811179] (image_geometry) StdoutLine: {'line': b'[100%] Built target ament_cmake_python_build_image_geometry_egg\n'}
[9.870809] (image_geometry) CommandEnded: {'returncode': 0}
[9.877878] (-) TimerEvent: {}
[9.981454] (-) TimerEvent: {}
[10.082730] (-) TimerEvent: {}
[10.190696] (-) TimerEvent: {}
[10.293300] (-) TimerEvent: {}
[10.400900] (-) TimerEvent: {}
[10.442117] (gst_bridge) JobEnded: {'identifier': 'gst_bridge', 'rc': 0}
[10.448341] (diagnostic_common_diagnostics) JobStarted: {'identifier': 'diagnostic_common_diagnostics'}
[10.506171] (-) TimerEvent: {}
[10.607449] (image_geometry) JobProgress: {'identifier': 'image_geometry', 'progress': 'install'}
[10.608970] (-) TimerEvent: {}
[10.611253] (image_geometry) Command: {'cmd': ['/usr/local/bin/cmake', '--install', '/root/Workspaces/rosgsthumble_ws/build/image_geometry'], 'cwd': '/root/Workspaces/rosgsthumble_ws/build/image_geometry', 'env': OrderedDict([('OPENBLAS_CORETYPE', 'ARMV8'), ('PYTHONIOENCODING', 'utf-8'), ('HOSTNAME', 'nano'), ('LD_LIBRARY_PATH', '/root/Workspaces/rosgsthumble_ws/install/realsense2_camera/lib:/root/Workspaces/rosgsthumble_ws/install/realsense2_camera_msgs/lib:/root/Workspaces/rosgsthumble_ws/install/image_geometry/lib:/root/Workspaces/rosgsthumble_ws/install/gst_pipeline_plugins/lib:/root/Workspaces/rosgsthumble_ws/install/gst_pipeline/lib:/root/Workspaces/rosgsthumble_ws/install/gst_msgs/lib:/root/Workspaces/rosgsthumble_ws/install/gst_bridge/lib:/root/Workspaces/rosgsthumble_ws/install/diagnostic_updater/lib:/root/Workspaces/rosgsthumble_ws/install/cv_bridge/lib:/root/Workspaces/rosgsthumble_ws/install/audio_msgs/lib:/opt/ros/humble/install/opt/rviz_ogre_vendor/lib:/opt/ros/humble/install/lib:/usr/local/cuda-10.2/targets/aarch64-linux/lib:'), ('SHLVL', '1'), ('OLDPWD', '/root/Workspaces'), ('HOME', '/root'), ('ROS_PYTHON_VERSION', '3'), ('COLCON_PREFIX_PATH', '/opt/ros/humble/install:/root/Workspaces/rosgsthumble_ws/install'), ('ROS_DISTRO', 'humble'), ('PULSE_SERVER', 'unix:/run/user/1000/pulse/native'), ('_', '/usr/bin/colcon'), ('ROS_VERSION', '2'), ('NVIDIA_DRIVER_CAPABILITIES', 'compute,utility,graphics'), ('PKG_CONFIG_PATH', '/opt/ros/humble/install/lib/aarch64-linux-gnu/pkgconfig:/opt/ros/humble/install/lib/pkgconfig'), ('TERM', 'xterm'), ('ROS_LOCALHOST_ONLY', '0'), ('PATH', '/root/Workspaces/rosgsthumble_ws/install/xacro/bin:/opt/ros/humble/install/bin:/usr/local/cuda-10.2/bin:/usr/local/cuda/bin:/usr/local/sbin:/usr/local/bin:/usr/sbin:/usr/bin:/sbin:/bin'), ('XDG_RUNTIME_DIR', '/run/user/1000'), ('DISPLAY', ''), ('LANG', 'en_US.UTF-8'), ('RMW_IMPLEMENTATION', 'rmw_cyclonedds_cpp'), ('LS_COLORS', 'rs=0:di=01;34:ln=01;36:mh=00:pi=40;33:so=01;35:do=01;35:bd=40;33;01:cd=40;33;01:or=40;31;01:mi=00:su=37;41:sg=30;43:ca=30;41:tw=30;42:ow=34;42:st=37;44:ex=01;32:*.tar=01;31:*.tgz=01;31:*.arc=01;31:*.arj=01;31:*.taz=01;31:*.lha=01;31:*.lz4=01;31:*.lzh=01;31:*.lzma=01;31:*.tlz=01;31:*.txz=01;31:*.tzo=01;31:*.t7z=01;31:*.zip=01;31:*.z=01;31:*.Z=01;31:*.dz=01;31:*.gz=01;31:*.lrz=01;31:*.lz=01;31:*.lzo=01;31:*.xz=01;31:*.zst=01;31:*.tzst=01;31:*.bz2=01;31:*.bz=01;31:*.tbz=01;31:*.tbz2=01;31:*.tz=01;31:*.deb=01;31:*.rpm=01;31:*.jar=01;31:*.war=01;31:*.ear=01;31:*.sar=01;31:*.rar=01;31:*.alz=01;31:*.ace=01;31:*.zoo=01;31:*.cpio=01;31:*.7z=01;31:*.rz=01;31:*.cab=01;31:*.wim=01;31:*.swm=01;31:*.dwm=01;31:*.esd=01;31:*.jpg=01;35:*.jpeg=01;35:*.mjpg=01;35:*.mjpeg=01;35:*.gif=01;35:*.bmp=01;35:*.pbm=01;35:*.pgm=01;35:*.ppm=01;35:*.tga=01;35:*.xbm=01;35:*.xpm=01;35:*.tif=01;35:*.tiff=01;35:*.png=01;35:*.svg=01;35:*.svgz=01;35:*.mng=01;35:*.pcx=01;35:*.mov=01;35:*.mpg=01;35:*.mpeg=01;35:*.m2v=01;35:*.mkv=01;35:*.webm=01;35:*.ogm=01;35:*.mp4=01;35:*.m4v=01;35:*.mp4v=01;35:*.vob=01;35:*.qt=01;35:*.nuv=01;35:*.wmv=01;35:*.asf=01;35:*.rm=01;35:*.rmvb=01;35:*.flc=01;35:*.avi=01;35:*.fli=01;35:*.flv=01;35:*.gl=01;35:*.dl=01;35:*.xcf=01;35:*.xwd=01;35:*.yuv=01;35:*.cgm=01;35:*.emf=01;35:*.ogv=01;35:*.ogx=01;35:*.aac=00;36:*.au=00;36:*.flac=00;36:*.m4a=00;36:*.mid=00;36:*.midi=00;36:*.mka=00;36:*.mp3=00;36:*.mpc=00;36:*.ogg=00;36:*.ra=00;36:*.wav=00;36:*.oga=00;36:*.opus=00;36:*.spx=00;36:*.xspf=00;36:'), ('ROS_ROOT', '/opt/ros/humble'), ('AMENT_PREFIX_PATH', '/opt/ros/humble/install'), ('DEBIAN_FRONTEND', 'noninteractive'), ('GST_PLUGIN_PATH', '/root/Workspaces/rosgsthumble_ws/install/gst_bridge/lib/gst_bridge/'), ('SHELL', '/bin/bash'), ('PWD', '/root/Workspaces/rosgsthumble_ws/build/image_geometry'), ('PYTHONPATH', '/root/Workspaces/rosgsthumble_ws/install/xacro/lib/python3.6/site-packages:/root/Workspaces/rosgsthumble_ws/install/realsense2_camera_msgs/lib/python3.6/site-packages:/root/Workspaces/rosgsthumble_ws/install/image_geometry/lib/python3.6/site-packages:/root/Workspaces/rosgsthumble_ws/install/gst_msgs/lib/python3.6/site-packages:/root/Workspaces/rosgsthumble_ws/install/diagnostic_common_diagnostics/lib/python3.6/site-packages:/root/Workspaces/rosgsthumble_ws/install/diagnostic_updater/lib/python3.6/site-packages:/root/Workspaces/rosgsthumble_ws/install/cv_bridge/lib/python3.6/site-packages:/root/Workspaces/rosgsthumble_ws/install/audio_msgs/lib/python3.6/site-packages:/opt/ros/humble/install/lib/python3.6/site-packages'), ('NVIDIA_VISIBLE_DEVICES', 'all'), ('COLCON', '1'), ('CMAKE_PREFIX_PATH', '/opt/ros/humble/install')]), 'shell': False}
[10.633959] (realsense2_camera_msgs) JobProgress: {'identifier': 'realsense2_camera_msgs', 'progress': 'install'}
[10.635970] (realsense2_camera_msgs) Command: {'cmd': ['/usr/local/bin/cmake', '--install', '/root/Workspaces/rosgsthumble_ws/build/realsense2_camera_msgs'], 'cwd': '/root/Workspaces/rosgsthumble_ws/build/realsense2_camera_msgs', 'env': OrderedDict([('OPENBLAS_CORETYPE', 'ARMV8'), ('PYTHONIOENCODING', 'utf-8'), ('HOSTNAME', 'nano'), ('LD_LIBRARY_PATH', '/root/Workspaces/rosgsthumble_ws/install/realsense2_camera/lib:/root/Workspaces/rosgsthumble_ws/install/realsense2_camera_msgs/lib:/root/Workspaces/rosgsthumble_ws/install/image_geometry/lib:/root/Workspaces/rosgsthumble_ws/install/gst_pipeline_plugins/lib:/root/Workspaces/rosgsthumble_ws/install/gst_pipeline/lib:/root/Workspaces/rosgsthumble_ws/install/gst_msgs/lib:/root/Workspaces/rosgsthumble_ws/install/gst_bridge/lib:/root/Workspaces/rosgsthumble_ws/install/diagnostic_updater/lib:/root/Workspaces/rosgsthumble_ws/install/cv_bridge/lib:/root/Workspaces/rosgsthumble_ws/install/audio_msgs/lib:/opt/ros/humble/install/opt/rviz_ogre_vendor/lib:/opt/ros/humble/install/lib:/usr/local/cuda-10.2/targets/aarch64-linux/lib:'), ('SHLVL', '1'), ('OLDPWD', '/root/Workspaces'), ('HOME', '/root'), ('ROS_PYTHON_VERSION', '3'), ('COLCON_PREFIX_PATH', '/opt/ros/humble/install:/root/Workspaces/rosgsthumble_ws/install'), ('ROS_DISTRO', 'humble'), ('PULSE_SERVER', 'unix:/run/user/1000/pulse/native'), ('_', '/usr/bin/colcon'), ('ROS_VERSION', '2'), ('NVIDIA_DRIVER_CAPABILITIES', 'compute,utility,graphics'), ('PKG_CONFIG_PATH', '/opt/ros/humble/install/lib/aarch64-linux-gnu/pkgconfig:/opt/ros/humble/install/lib/pkgconfig'), ('TERM', 'xterm'), ('ROS_LOCALHOST_ONLY', '0'), ('PATH', '/root/Workspaces/rosgsthumble_ws/install/xacro/bin:/opt/ros/humble/install/bin:/usr/local/cuda-10.2/bin:/usr/local/cuda/bin:/usr/local/sbin:/usr/local/bin:/usr/sbin:/usr/bin:/sbin:/bin'), ('XDG_RUNTIME_DIR', '/run/user/1000'), ('DISPLAY', ''), ('LANG', 'en_US.UTF-8'), ('RMW_IMPLEMENTATION', 'rmw_cyclonedds_cpp'), ('LS_COLORS', 'rs=0:di=01;34:ln=01;36:mh=00:pi=40;33:so=01;35:do=01;35:bd=40;33;01:cd=40;33;01:or=40;31;01:mi=00:su=37;41:sg=30;43:ca=30;41:tw=30;42:ow=34;42:st=37;44:ex=01;32:*.tar=01;31:*.tgz=01;31:*.arc=01;31:*.arj=01;31:*.taz=01;31:*.lha=01;31:*.lz4=01;31:*.lzh=01;31:*.lzma=01;31:*.tlz=01;31:*.txz=01;31:*.tzo=01;31:*.t7z=01;31:*.zip=01;31:*.z=01;31:*.Z=01;31:*.dz=01;31:*.gz=01;31:*.lrz=01;31:*.lz=01;31:*.lzo=01;31:*.xz=01;31:*.zst=01;31:*.tzst=01;31:*.bz2=01;31:*.bz=01;31:*.tbz=01;31:*.tbz2=01;31:*.tz=01;31:*.deb=01;31:*.rpm=01;31:*.jar=01;31:*.war=01;31:*.ear=01;31:*.sar=01;31:*.rar=01;31:*.alz=01;31:*.ace=01;31:*.zoo=01;31:*.cpio=01;31:*.7z=01;31:*.rz=01;31:*.cab=01;31:*.wim=01;31:*.swm=01;31:*.dwm=01;31:*.esd=01;31:*.jpg=01;35:*.jpeg=01;35:*.mjpg=01;35:*.mjpeg=01;35:*.gif=01;35:*.bmp=01;35:*.pbm=01;35:*.pgm=01;35:*.ppm=01;35:*.tga=01;35:*.xbm=01;35:*.xpm=01;35:*.tif=01;35:*.tiff=01;35:*.png=01;35:*.svg=01;35:*.svgz=01;35:*.mng=01;35:*.pcx=01;35:*.mov=01;35:*.mpg=01;35:*.mpeg=01;35:*.m2v=01;35:*.mkv=01;35:*.webm=01;35:*.ogm=01;35:*.mp4=01;35:*.m4v=01;35:*.mp4v=01;35:*.vob=01;35:*.qt=01;35:*.nuv=01;35:*.wmv=01;35:*.asf=01;35:*.rm=01;35:*.rmvb=01;35:*.flc=01;35:*.avi=01;35:*.fli=01;35:*.flv=01;35:*.gl=01;35:*.dl=01;35:*.xcf=01;35:*.xwd=01;35:*.yuv=01;35:*.cgm=01;35:*.emf=01;35:*.ogv=01;35:*.ogx=01;35:*.aac=00;36:*.au=00;36:*.flac=00;36:*.m4a=00;36:*.mid=00;36:*.midi=00;36:*.mka=00;36:*.mp3=00;36:*.mpc=00;36:*.ogg=00;36:*.ra=00;36:*.wav=00;36:*.oga=00;36:*.opus=00;36:*.spx=00;36:*.xspf=00;36:'), ('ROS_ROOT', '/opt/ros/humble'), ('AMENT_PREFIX_PATH', '/opt/ros/humble/install'), ('DEBIAN_FRONTEND', 'noninteractive'), ('GST_PLUGIN_PATH', '/root/Workspaces/rosgsthumble_ws/install/gst_bridge/lib/gst_bridge/'), ('SHELL', '/bin/bash'), ('PWD', '/root/Workspaces/rosgsthumble_ws/build/realsense2_camera_msgs'), ('PYTHONPATH', '/root/Workspaces/rosgsthumble_ws/install/xacro/lib/python3.6/site-packages:/root/Workspaces/rosgsthumble_ws/install/realsense2_camera_msgs/lib/python3.6/site-packages:/root/Workspaces/rosgsthumble_ws/install/image_geometry/lib/python3.6/site-packages:/root/Workspaces/rosgsthumble_ws/install/gst_msgs/lib/python3.6/site-packages:/root/Workspaces/rosgsthumble_ws/install/diagnostic_common_diagnostics/lib/python3.6/site-packages:/root/Workspaces/rosgsthumble_ws/install/diagnostic_updater/lib/python3.6/site-packages:/root/Workspaces/rosgsthumble_ws/install/cv_bridge/lib/python3.6/site-packages:/root/Workspaces/rosgsthumble_ws/install/audio_msgs/lib/python3.6/site-packages:/opt/ros/humble/install/lib/python3.6/site-packages'), ('NVIDIA_VISIBLE_DEVICES', 'all'), ('COLCON', '1'), ('CMAKE_PREFIX_PATH', '/opt/ros/humble/install')]), 'shell': False}
[10.662825] (diagnostic_common_diagnostics) JobProgress: {'identifier': 'diagnostic_common_diagnostics', 'progress': 'cmake'}
[10.667819] (diagnostic_common_diagnostics) JobProgress: {'identifier': 'diagnostic_common_diagnostics', 'progress': 'build'}
[10.671126] (diagnostic_common_diagnostics) Command: {'cmd': ['/usr/local/bin/cmake', '--build', '/root/Workspaces/rosgsthumble_ws/build/diagnostic_common_diagnostics', '--', '-j4', '-l4'], 'cwd': '/root/Workspaces/rosgsthumble_ws/build/diagnostic_common_diagnostics', 'env': OrderedDict([('OPENBLAS_CORETYPE', 'ARMV8'), ('PYTHONIOENCODING', 'utf-8'), ('HOSTNAME', 'nano'), ('LD_LIBRARY_PATH', '/root/Workspaces/rosgsthumble_ws/install/realsense2_camera/lib:/root/Workspaces/rosgsthumble_ws/install/realsense2_camera_msgs/lib:/root/Workspaces/rosgsthumble_ws/install/image_geometry/lib:/root/Workspaces/rosgsthumble_ws/install/gst_pipeline_plugins/lib:/root/Workspaces/rosgsthumble_ws/install/gst_pipeline/lib:/root/Workspaces/rosgsthumble_ws/install/gst_msgs/lib:/root/Workspaces/rosgsthumble_ws/install/gst_bridge/lib:/root/Workspaces/rosgsthumble_ws/install/diagnostic_updater/lib:/root/Workspaces/rosgsthumble_ws/install/cv_bridge/lib:/root/Workspaces/rosgsthumble_ws/install/audio_msgs/lib:/opt/ros/humble/install/opt/rviz_ogre_vendor/lib:/opt/ros/humble/install/lib:/usr/local/cuda-10.2/targets/aarch64-linux/lib:'), ('SHLVL', '1'), ('OLDPWD', '/root/Workspaces'), ('HOME', '/root'), ('ROS_PYTHON_VERSION', '3'), ('COLCON_PREFIX_PATH', '/opt/ros/humble/install:/root/Workspaces/rosgsthumble_ws/install'), ('ROS_DISTRO', 'humble'), ('PULSE_SERVER', 'unix:/run/user/1000/pulse/native'), ('_', '/usr/bin/colcon'), ('ROS_VERSION', '2'), ('NVIDIA_DRIVER_CAPABILITIES', 'compute,utility,graphics'), ('PKG_CONFIG_PATH', '/opt/ros/humble/install/lib/aarch64-linux-gnu/pkgconfig:/opt/ros/humble/install/lib/pkgconfig'), ('TERM', 'xterm'), ('ROS_LOCALHOST_ONLY', '0'), ('PATH', '/root/Workspaces/rosgsthumble_ws/install/xacro/bin:/opt/ros/humble/install/bin:/usr/local/cuda-10.2/bin:/usr/local/cuda/bin:/usr/local/sbin:/usr/local/bin:/usr/sbin:/usr/bin:/sbin:/bin'), ('XDG_RUNTIME_DIR', '/run/user/1000'), ('DISPLAY', ''), ('LANG', 'en_US.UTF-8'), ('RMW_IMPLEMENTATION', 'rmw_cyclonedds_cpp'), ('LS_COLORS', 'rs=0:di=01;34:ln=01;36:mh=00:pi=40;33:so=01;35:do=01;35:bd=40;33;01:cd=40;33;01:or=40;31;01:mi=00:su=37;41:sg=30;43:ca=30;41:tw=30;42:ow=34;42:st=37;44:ex=01;32:*.tar=01;31:*.tgz=01;31:*.arc=01;31:*.arj=01;31:*.taz=01;31:*.lha=01;31:*.lz4=01;31:*.lzh=01;31:*.lzma=01;31:*.tlz=01;31:*.txz=01;31:*.tzo=01;31:*.t7z=01;31:*.zip=01;31:*.z=01;31:*.Z=01;31:*.dz=01;31:*.gz=01;31:*.lrz=01;31:*.lz=01;31:*.lzo=01;31:*.xz=01;31:*.zst=01;31:*.tzst=01;31:*.bz2=01;31:*.bz=01;31:*.tbz=01;31:*.tbz2=01;31:*.tz=01;31:*.deb=01;31:*.rpm=01;31:*.jar=01;31:*.war=01;31:*.ear=01;31:*.sar=01;31:*.rar=01;31:*.alz=01;31:*.ace=01;31:*.zoo=01;31:*.cpio=01;31:*.7z=01;31:*.rz=01;31:*.cab=01;31:*.wim=01;31:*.swm=01;31:*.dwm=01;31:*.esd=01;31:*.jpg=01;35:*.jpeg=01;35:*.mjpg=01;35:*.mjpeg=01;35:*.gif=01;35:*.bmp=01;35:*.pbm=01;35:*.pgm=01;35:*.ppm=01;35:*.tga=01;35:*.xbm=01;35:*.xpm=01;35:*.tif=01;35:*.tiff=01;35:*.png=01;35:*.svg=01;35:*.svgz=01;35:*.mng=01;35:*.pcx=01;35:*.mov=01;35:*.mpg=01;35:*.mpeg=01;35:*.m2v=01;35:*.mkv=01;35:*.webm=01;35:*.ogm=01;35:*.mp4=01;35:*.m4v=01;35:*.mp4v=01;35:*.vob=01;35:*.qt=01;35:*.nuv=01;35:*.wmv=01;35:*.asf=01;35:*.rm=01;35:*.rmvb=01;35:*.flc=01;35:*.avi=01;35:*.fli=01;35:*.flv=01;35:*.gl=01;35:*.dl=01;35:*.xcf=01;35:*.xwd=01;35:*.yuv=01;35:*.cgm=01;35:*.emf=01;35:*.ogv=01;35:*.ogx=01;35:*.aac=00;36:*.au=00;36:*.flac=00;36:*.m4a=00;36:*.mid=00;36:*.midi=00;36:*.mka=00;36:*.mp3=00;36:*.mpc=00;36:*.ogg=00;36:*.ra=00;36:*.wav=00;36:*.oga=00;36:*.opus=00;36:*.spx=00;36:*.xspf=00;36:'), ('ROS_ROOT', '/opt/ros/humble'), ('AMENT_PREFIX_PATH', '/root/Workspaces/rosgsthumble_ws/install/diagnostic_updater:/opt/ros/humble/install'), ('DEBIAN_FRONTEND', 'noninteractive'), ('GST_PLUGIN_PATH', '/root/Workspaces/rosgsthumble_ws/install/gst_bridge/lib/gst_bridge/'), ('SHELL', '/bin/bash'), ('PWD', '/root/Workspaces/rosgsthumble_ws/build/diagnostic_common_diagnostics'), ('PYTHONPATH', '/root/Workspaces/rosgsthumble_ws/install/diagnostic_updater/lib/python3.6/site-packages:/root/Workspaces/rosgsthumble_ws/install/xacro/lib/python3.6/site-packages:/root/Workspaces/rosgsthumble_ws/install/realsense2_camera_msgs/lib/python3.6/site-packages:/root/Workspaces/rosgsthumble_ws/install/image_geometry/lib/python3.6/site-packages:/root/Workspaces/rosgsthumble_ws/install/gst_msgs/lib/python3.6/site-packages:/root/Workspaces/rosgsthumble_ws/install/diagnostic_common_diagnostics/lib/python3.6/site-packages:/root/Workspaces/rosgsthumble_ws/install/cv_bridge/lib/python3.6/site-packages:/root/Workspaces/rosgsthumble_ws/install/audio_msgs/lib/python3.6/site-packages:/opt/ros/humble/install/lib/python3.6/site-packages'), ('NVIDIA_VISIBLE_DEVICES', 'all'), ('COLCON', '1'), ('CMAKE_PREFIX_PATH', '/root/Workspaces/rosgsthumble_ws/install/diagnostic_updater:/opt/ros/humble/install')]), 'shell': False}
[10.709253] (-) TimerEvent: {}
[10.812166] (-) TimerEvent: {}
[10.873112] (realsense2_camera_msgs) StdoutLine: {'line': b'-- Install configuration: ""\n'}
[10.876715] (image_geometry) StdoutLine: {'line': b'-- Install configuration: ""\n'}
[10.878137] (realsense2_camera_msgs) StdoutLine: {'line': b'-- Execute custom install script\n'}
[10.892737] (realsense2_camera_msgs) StdoutLine: {'line': b'-- Up-to-date symlink: /root/Workspaces/rosgsthumble_ws/install/realsense2_camera_msgs/share/ament_index/resource_index/rosidl_interfaces/realsense2_camera_msgs\n'}
[10.895242] (image_geometry) StdoutLine: {'line': b'-- Execute custom install script\n'}
[10.899459] (image_geometry) StdoutLine: {'line': b'-- Up-to-date symlink: /root/Workspaces/rosgsthumble_ws/install/image_geometry/share/image_geometry/environment/pythonpath.sh\n'}
[10.902657] (image_geometry) StdoutLine: {'line': b'-- Up-to-date symlink: /root/Workspaces/rosgsthumble_ws/install/image_geometry/share/image_geometry/environment/pythonpath.dsv\n'}
[10.905677] (realsense2_camera_msgs) StdoutLine: {'line': b'-- Up-to-date symlink: /root/Workspaces/rosgsthumble_ws/install/realsense2_camera_msgs/include/realsense2_camera_msgs/realsense2_camera_msgs/msg/detail/extrinsics__functions.h\n'}
[10.908493] (realsense2_camera_msgs) StdoutLine: {'line': b'-- Up-to-date symlink: /root/Workspaces/rosgsthumble_ws/install/realsense2_camera_msgs/include/realsense2_camera_msgs/realsense2_camera_msgs/msg/detail/extrinsics__struct.h\n'}
[10.910125] (image_geometry) StdoutLine: {'line': b'-- Up-to-date symlink: /root/Workspaces/rosgsthumble_ws/install/image_geometry/lib/python3.6/site-packages/image_geometry-3.2.1-py3.6.egg-info/PKG-INFO\n'}
[10.912302] (-) TimerEvent: {}
[10.913221] (realsense2_camera_msgs) StdoutLine: {'line': b'-- Up-to-date symlink: /root/Workspaces/rosgsthumble_ws/install/realsense2_camera_msgs/include/realsense2_camera_msgs/realsense2_camera_msgs/msg/detail/extrinsics__type_support.h\n'}
[10.916430] (image_geometry) StdoutLine: {'line': b'-- Up-to-date symlink: /root/Workspaces/rosgsthumble_ws/install/image_geometry/lib/python3.6/site-packages/image_geometry-3.2.1-py3.6.egg-info/SOURCES.txt\n'}
[10.919623] (realsense2_camera_msgs) StdoutLine: {'line': b'-- Up-to-date symlink: /root/Workspaces/rosgsthumble_ws/install/realsense2_camera_msgs/include/realsense2_camera_msgs/realsense2_camera_msgs/msg/detail/imu_info__functions.h\n'}
[10.922629] (image_geometry) StdoutLine: {'line': b'-- Up-to-date symlink: /root/Workspaces/rosgsthumble_ws/install/image_geometry/lib/python3.6/site-packages/image_geometry-3.2.1-py3.6.egg-info/dependency_links.txt\n'}
[10.924665] (realsense2_camera_msgs) StdoutLine: {'line': b'-- Up-to-date symlink: /root/Workspaces/rosgsthumble_ws/install/realsense2_camera_msgs/include/realsense2_camera_msgs/realsense2_camera_msgs/msg/detail/imu_info__struct.h\n'}
[10.927017] (image_geometry) StdoutLine: {'line': b'-- Up-to-date symlink: /root/Workspaces/rosgsthumble_ws/install/image_geometry/lib/python3.6/site-packages/image_geometry-3.2.1-py3.6.egg-info/top_level.txt\n'}
[10.929618] (realsense2_camera_msgs) StdoutLine: {'line': b'-- Up-to-date symlink: /root/Workspaces/rosgsthumble_ws/install/realsense2_camera_msgs/include/realsense2_camera_msgs/realsense2_camera_msgs/msg/detail/imu_info__type_support.h\n'}
[10.932621] (realsense2_camera_msgs) StdoutLine: {'line': b'-- Up-to-date symlink: /root/Workspaces/rosgsthumble_ws/install/realsense2_camera_msgs/include/realsense2_camera_msgs/realsense2_camera_msgs/msg/detail/metadata__functions.h\n'}
[10.935081] (image_geometry) StdoutLine: {'line': b'-- Up-to-date symlink: /root/Workspaces/rosgsthumble_ws/install/image_geometry/lib/python3.6/site-packages/image_geometry/__init__.py\n'}
[10.937956] (realsense2_camera_msgs) StdoutLine: {'line': b'-- Up-to-date symlink: /root/Workspaces/rosgsthumble_ws/install/realsense2_camera_msgs/include/realsense2_camera_msgs/realsense2_camera_msgs/msg/detail/metadata__struct.h\n'}
[10.940910] (image_geometry) StdoutLine: {'line': b'-- Up-to-date symlink: /root/Workspaces/rosgsthumble_ws/install/image_geometry/lib/python3.6/site-packages/image_geometry/cameramodels.py\n'}
[10.943318] (realsense2_camera_msgs) StdoutLine: {'line': b'-- Up-to-date symlink: /root/Workspaces/rosgsthumble_ws/install/realsense2_camera_msgs/include/realsense2_camera_msgs/realsense2_camera_msgs/msg/detail/metadata__type_support.h\n'}
[10.945297] (realsense2_camera_msgs) StdoutLine: {'line': b'-- Up-to-date symlink: /root/Workspaces/rosgsthumble_ws/install/realsense2_camera_msgs/include/realsense2_camera_msgs/realsense2_camera_msgs/msg/detail/rgbd__functions.h\n'}
[10.947216] (realsense2_camera_msgs) StdoutLine: {'line': b'-- Up-to-date symlink: /root/Workspaces/rosgsthumble_ws/install/realsense2_camera_msgs/include/realsense2_camera_msgs/realsense2_camera_msgs/msg/detail/rgbd__struct.h\n'}
[10.949039] (image_geometry) StdoutLine: {'line': b'-- Up-to-date symlink: /root/Workspaces/rosgsthumble_ws/install/image_geometry/include/image_geometry/image_geometry/pinhole_camera_model.h\n'}
[10.951093] (realsense2_camera_msgs) StdoutLine: {'line': b'-- Up-to-date symlink: /root/Workspaces/rosgsthumble_ws/install/realsense2_camera_msgs/include/realsense2_camera_msgs/realsense2_camera_msgs/msg/detail/rgbd__type_support.h\n'}
[10.953818] (image_geometry) StdoutLine: {'line': b'-- Up-to-date symlink: /root/Workspaces/rosgsthumble_ws/install/image_geometry/include/image_geometry/image_geometry/stereo_camera_model.h\n'}
[10.956798] (realsense2_camera_msgs) StdoutLine: {'line': b'-- Up-to-date symlink: /root/Workspaces/rosgsthumble_ws/install/realsense2_camera_msgs/include/realsense2_camera_msgs/realsense2_camera_msgs/msg/extrinsics.h\n'}
[10.959422] (image_geometry) StdoutLine: {'line': b'-- Up-to-date symlink: /root/Workspaces/rosgsthumble_ws/install/image_geometry/include/image_geometry/image_geometry/visibility_control.hpp\n'}
[10.961181] (realsense2_camera_msgs) StdoutLine: {'line': b'-- Up-to-date symlink: /root/Workspaces/rosgsthumble_ws/install/realsense2_camera_msgs/include/realsense2_camera_msgs/realsense2_camera_msgs/msg/imu_info.h\n'}
[10.962982] (image_geometry) StdoutLine: {'line': b'-- Up-to-date symlink: /root/Workspaces/rosgsthumble_ws/install/image_geometry/share/ament_index/resource_index/package_run_dependencies/image_geometry\n'}
[10.964748] (realsense2_camera_msgs) StdoutLine: {'line': b'-- Up-to-date symlink: /root/Workspaces/rosgsthumble_ws/install/realsense2_camera_msgs/include/realsense2_camera_msgs/realsense2_camera_msgs/msg/metadata.h\n'}
[10.966759] (image_geometry) StdoutLine: {'line': b'-- Up-to-date symlink: /root/Workspaces/rosgsthumble_ws/install/image_geometry/share/ament_index/resource_index/parent_prefix_path/image_geometry\n'}
[10.970036] (realsense2_camera_msgs) StdoutLine: {'line': b'-- Up-to-date symlink: /root/Workspaces/rosgsthumble_ws/install/realsense2_camera_msgs/include/realsense2_camera_msgs/realsense2_camera_msgs/msg/rgbd.h\n'}
[10.972947] (image_geometry) StdoutLine: {'line': b'-- Up-to-date symlink: /root/Workspaces/rosgsthumble_ws/install/image_geometry/share/image_geometry/environment/ament_prefix_path.sh\n'}
[10.976620] (image_geometry) StdoutLine: {'line': b'-- Up-to-date symlink: /root/Workspaces/rosgsthumble_ws/install/image_geometry/share/image_geometry/environment/ament_prefix_path.dsv\n'}
[10.983348] (realsense2_camera_msgs) StdoutLine: {'line': b'-- Up-to-date symlink: /root/Workspaces/rosgsthumble_ws/install/realsense2_camera_msgs/include/realsense2_camera_msgs/realsense2_camera_msgs/msg/rosidl_generator_c__visibility_control.h\n'}
[10.985420] (image_geometry) StdoutLine: {'line': b'-- Up-to-date symlink: /root/Workspaces/rosgsthumble_ws/install/image_geometry/share/image_geometry/environment/path.sh\n'}
[10.990681] (realsense2_camera_msgs) StdoutLine: {'line': b'-- Up-to-date symlink: /root/Workspaces/rosgsthumble_ws/install/realsense2_camera_msgs/include/realsense2_camera_msgs/realsense2_camera_msgs/srv/detail/device_info__functions.h\n'}
[10.992747] (image_geometry) StdoutLine: {'line': b'-- Up-to-date symlink: /root/Workspaces/rosgsthumble_ws/install/image_geometry/share/image_geometry/environment/path.dsv\n'}
[10.994913] (realsense2_camera_msgs) StdoutLine: {'line': b'-- Up-to-date symlink: /root/Workspaces/rosgsthumble_ws/install/realsense2_camera_msgs/include/realsense2_camera_msgs/realsense2_camera_msgs/srv/detail/device_info__struct.h\n'}
[10.997164] (image_geometry) StdoutLine: {'line': b'-- Up-to-date symlink: /root/Workspaces/rosgsthumble_ws/install/image_geometry/share/image_geometry/local_setup.bash\n'}
[11.001196] (realsense2_camera_msgs) StdoutLine: {'line': b'-- Up-to-date symlink: /root/Workspaces/rosgsthumble_ws/install/realsense2_camera_msgs/include/realsense2_camera_msgs/realsense2_camera_msgs/srv/detail/device_info__type_support.h\n'}
[11.004697] (image_geometry) StdoutLine: {'line': b'-- Up-to-date symlink: /root/Workspaces/rosgsthumble_ws/install/image_geometry/share/image_geometry/local_setup.sh\n'}
[11.008410] (realsense2_camera_msgs) StdoutLine: {'line': b'-- Up-to-date symlink: /root/Workspaces/rosgsthumble_ws/install/realsense2_camera_msgs/include/realsense2_camera_msgs/realsense2_camera_msgs/srv/device_info.h\n'}
[11.010776] (image_geometry) StdoutLine: {'line': b'-- Up-to-date symlink: /root/Workspaces/rosgsthumble_ws/install/image_geometry/share/image_geometry/local_setup.zsh\n'}
[11.013814] (-) TimerEvent: {}
[11.016780] (realsense2_camera_msgs) StdoutLine: {'line': b'-- Up-to-date symlink: /root/Workspaces/rosgsthumble_ws/install/realsense2_camera_msgs/share/realsense2_camera_msgs/environment/library_path.sh\n'}
[11.019412] (image_geometry) StdoutLine: {'line': b'-- Up-to-date symlink: /root/Workspaces/rosgsthumble_ws/install/image_geometry/share/image_geometry/local_setup.dsv\n'}
[11.022046] (realsense2_camera_msgs) StdoutLine: {'line': b'-- Up-to-date symlink: /root/Workspaces/rosgsthumble_ws/install/realsense2_camera_msgs/share/realsense2_camera_msgs/environment/library_path.dsv\n'}
[11.024679] (image_geometry) StdoutLine: {'line': b'-- Symlinking: /root/Workspaces/rosgsthumble_ws/install/image_geometry/share/image_geometry/package.dsv\n'}
[11.026934] (realsense2_camera_msgs) StdoutLine: {'line': b'-- Up-to-date symlink: /root/Workspaces/rosgsthumble_ws/install/realsense2_camera_msgs/include/realsense2_camera_msgs/realsense2_camera_msgs/msg/detail/extrinsics__rosidl_typesupport_fastrtps_c.h\n'}
[11.029205] (realsense2_camera_msgs) StdoutLine: {'line': b'-- Up-to-date symlink: /root/Workspaces/rosgsthumble_ws/install/realsense2_camera_msgs/include/realsense2_camera_msgs/realsense2_camera_msgs/msg/detail/imu_info__rosidl_typesupport_fastrtps_c.h\n'}
[11.033018] (realsense2_camera_msgs) StdoutLine: {'line': b'-- Up-to-date symlink: /root/Workspaces/rosgsthumble_ws/install/realsense2_camera_msgs/include/realsense2_camera_msgs/realsense2_camera_msgs/msg/detail/metadata__rosidl_typesupport_fastrtps_c.h\n'}
[11.037121] (realsense2_camera_msgs) StdoutLine: {'line': b'-- Up-to-date symlink: /root/Workspaces/rosgsthumble_ws/install/realsense2_camera_msgs/include/realsense2_camera_msgs/realsense2_camera_msgs/msg/detail/rgbd__rosidl_typesupport_fastrtps_c.h\n'}
[11.041306] (realsense2_camera_msgs) StdoutLine: {'line': b'-- Up-to-date symlink: /root/Workspaces/rosgsthumble_ws/install/realsense2_camera_msgs/include/realsense2_camera_msgs/realsense2_camera_msgs/msg/rosidl_typesupport_fastrtps_c__visibility_control.h\n'}
[11.043903] (realsense2_camera_msgs) StdoutLine: {'line': b'-- Up-to-date symlink: /root/Workspaces/rosgsthumble_ws/install/realsense2_camera_msgs/include/realsense2_camera_msgs/realsense2_camera_msgs/srv/detail/device_info__rosidl_typesupport_fastrtps_c.h\n'}
[11.048150] (realsense2_camera_msgs) StdoutLine: {'line': b'-- Up-to-date symlink: /root/Workspaces/rosgsthumble_ws/install/realsense2_camera_msgs/include/realsense2_camera_msgs/realsense2_camera_msgs/msg/detail/extrinsics__rosidl_typesupport_introspection_c.h\n'}
[11.050158] (realsense2_camera_msgs) StdoutLine: {'line': b'-- Up-to-date symlink: /root/Workspaces/rosgsthumble_ws/install/realsense2_camera_msgs/include/realsense2_camera_msgs/realsense2_camera_msgs/msg/detail/imu_info__rosidl_typesupport_introspection_c.h\n'}
[11.052095] (realsense2_camera_msgs) StdoutLine: {'line': b'-- Up-to-date symlink: /root/Workspaces/rosgsthumble_ws/install/realsense2_camera_msgs/include/realsense2_camera_msgs/realsense2_camera_msgs/msg/detail/metadata__rosidl_typesupport_introspection_c.h\n'}
[11.054042] (realsense2_camera_msgs) StdoutLine: {'line': b'-- Up-to-date symlink: /root/Workspaces/rosgsthumble_ws/install/realsense2_camera_msgs/include/realsense2_camera_msgs/realsense2_camera_msgs/msg/detail/rgbd__rosidl_typesupport_introspection_c.h\n'}
[11.055964] (realsense2_camera_msgs) StdoutLine: {'line': b'-- Up-to-date symlink: /root/Workspaces/rosgsthumble_ws/install/realsense2_camera_msgs/include/realsense2_camera_msgs/realsense2_camera_msgs/msg/rosidl_typesupport_introspection_c__visibility_control.h\n'}
[11.058016] (realsense2_camera_msgs) StdoutLine: {'line': b'-- Up-to-date symlink: /root/Workspaces/rosgsthumble_ws/install/realsense2_camera_msgs/include/realsense2_camera_msgs/realsense2_camera_msgs/srv/detail/device_info__rosidl_typesupport_introspection_c.h\n'}
[11.060214] (image_geometry) StdoutLine: {'line': b'-- Up-to-date symlink: /root/Workspaces/rosgsthumble_ws/install/image_geometry/share/ament_index/resource_index/packages/image_geometry\n'}
[11.062461] (realsense2_camera_msgs) StdoutLine: {'line': b'-- Up-to-date symlink: /root/Workspaces/rosgsthumble_ws/install/realsense2_camera_msgs/include/realsense2_camera_msgs/realsense2_camera_msgs/msg/detail/extrinsics__builder.hpp\n'}
[11.064404] (realsense2_camera_msgs) StdoutLine: {'line': b'-- Up-to-date symlink: /root/Workspaces/rosgsthumble_ws/install/realsense2_camera_msgs/include/realsense2_camera_msgs/realsense2_camera_msgs/msg/detail/extrinsics__struct.hpp\n'}
[11.066663] (realsense2_camera_msgs) StdoutLine: {'line': b'-- Up-to-date symlink: /root/Workspaces/rosgsthumble_ws/install/realsense2_camera_msgs/include/realsense2_camera_msgs/realsense2_camera_msgs/msg/detail/extrinsics__traits.hpp\n'}
[11.068630] (image_geometry) StdoutLine: {'line': b'-- Up-to-date symlink: /root/Workspaces/rosgsthumble_ws/install/image_geometry/share/image_geometry/cmake/ament_cmake_export_targets-extras.cmake\n'}
[11.070542] (image_geometry) StdoutLine: {'line': b'-- Up-to-date symlink: /root/Workspaces/rosgsthumble_ws/install/image_geometry/share/image_geometry/cmake/ament_cmake_export_dependencies-extras.cmake\n'}
[11.072384] (image_geometry) StdoutLine: {'line': b'-- Up-to-date symlink: /root/Workspaces/rosgsthumble_ws/install/image_geometry/share/image_geometry/cmake/image_geometryConfig.cmake\n'}
[11.074274] (image_geometry) StdoutLine: {'line': b'-- Up-to-date symlink: /root/Workspaces/rosgsthumble_ws/install/image_geometry/share/image_geometry/cmake/image_geometryConfig-version.cmake\n'}
[11.076384] (realsense2_camera_msgs) StdoutLine: {'line': b'-- Up-to-date symlink: /root/Workspaces/rosgsthumble_ws/install/realsense2_camera_msgs/include/realsense2_camera_msgs/realsense2_camera_msgs/msg/detail/imu_info__builder.hpp\n'}
[11.078793] (image_geometry) StdoutLine: {'line': b'-- Up-to-date symlink: /root/Workspaces/rosgsthumble_ws/install/image_geometry/share/image_geometry/package.xml\n'}
[11.080846] (realsense2_camera_msgs) StdoutLine: {'line': b'-- Up-to-date symlink: /root/Workspaces/rosgsthumble_ws/install/realsense2_camera_msgs/include/realsense2_camera_msgs/realsense2_camera_msgs/msg/detail/imu_info__struct.hpp\n'}
[11.085607] (realsense2_camera_msgs) StdoutLine: {'line': b'-- Up-to-date symlink: /root/Workspaces/rosgsthumble_ws/install/realsense2_camera_msgs/include/realsense2_camera_msgs/realsense2_camera_msgs/msg/detail/imu_info__traits.hpp\n'}
[11.087609] (realsense2_camera_msgs) StdoutLine: {'line': b'-- Up-to-date symlink: /root/Workspaces/rosgsthumble_ws/install/realsense2_camera_msgs/include/realsense2_camera_msgs/realsense2_camera_msgs/msg/detail/metadata__builder.hpp\n'}
[11.089397] (realsense2_camera_msgs) StdoutLine: {'line': b'-- Up-to-date symlink: /root/Workspaces/rosgsthumble_ws/install/realsense2_camera_msgs/include/realsense2_camera_msgs/realsense2_camera_msgs/msg/detail/metadata__struct.hpp\n'}
[11.094409] (realsense2_camera_msgs) StdoutLine: {'line': b'-- Up-to-date symlink: /root/Workspaces/rosgsthumble_ws/install/realsense2_camera_msgs/include/realsense2_camera_msgs/realsense2_camera_msgs/msg/detail/metadata__traits.hpp\n'}
[11.096932] (realsense2_camera_msgs) StdoutLine: {'line': b'-- Up-to-date symlink: /root/Workspaces/rosgsthumble_ws/install/realsense2_camera_msgs/include/realsense2_camera_msgs/realsense2_camera_msgs/msg/detail/rgbd__builder.hpp\n'}
[11.099446] (realsense2_camera_msgs) StdoutLine: {'line': b'-- Up-to-date symlink: /root/Workspaces/rosgsthumble_ws/install/realsense2_camera_msgs/include/realsense2_camera_msgs/realsense2_camera_msgs/msg/detail/rgbd__struct.hpp\n'}
[11.101608] (realsense2_camera_msgs) StdoutLine: {'line': b'-- Up-to-date symlink: /root/Workspaces/rosgsthumble_ws/install/realsense2_camera_msgs/include/realsense2_camera_msgs/realsense2_camera_msgs/msg/detail/rgbd__traits.hpp\n'}
[11.103752] (realsense2_camera_msgs) StdoutLine: {'line': b'-- Up-to-date symlink: /root/Workspaces/rosgsthumble_ws/install/realsense2_camera_msgs/include/realsense2_camera_msgs/realsense2_camera_msgs/msg/extrinsics.hpp\n'}
[11.106685] (realsense2_camera_msgs) StdoutLine: {'line': b'-- Up-to-date symlink: /root/Workspaces/rosgsthumble_ws/install/realsense2_camera_msgs/include/realsense2_camera_msgs/realsense2_camera_msgs/msg/imu_info.hpp\n'}
[11.110683] (realsense2_camera_msgs) StdoutLine: {'line': b'-- Up-to-date symlink: /root/Workspaces/rosgsthumble_ws/install/realsense2_camera_msgs/include/realsense2_camera_msgs/realsense2_camera_msgs/msg/metadata.hpp\n'}
[11.118236] (-) TimerEvent: {}
[11.119145] (realsense2_camera_msgs) StdoutLine: {'line': b'-- Up-to-date symlink: /root/Workspaces/rosgsthumble_ws/install/realsense2_camera_msgs/include/realsense2_camera_msgs/realsense2_camera_msgs/msg/rgbd.hpp\n'}
[11.121377] (realsense2_camera_msgs) StdoutLine: {'line': b'-- Up-to-date symlink: /root/Workspaces/rosgsthumble_ws/install/realsense2_camera_msgs/include/realsense2_camera_msgs/realsense2_camera_msgs/srv/detail/device_info__builder.hpp\n'}
[11.123619] (realsense2_camera_msgs) StdoutLine: {'line': b'-- Up-to-date symlink: /root/Workspaces/rosgsthumble_ws/install/realsense2_camera_msgs/include/realsense2_camera_msgs/realsense2_camera_msgs/srv/detail/device_info__struct.hpp\n'}
[11.125579] (realsense2_camera_msgs) StdoutLine: {'line': b'-- Up-to-date symlink: /root/Workspaces/rosgsthumble_ws/install/realsense2_camera_msgs/include/realsense2_camera_msgs/realsense2_camera_msgs/srv/detail/device_info__traits.hpp\n'}
[11.127481] (realsense2_camera_msgs) StdoutLine: {'line': b'-- Up-to-date symlink: /root/Workspaces/rosgsthumble_ws/install/realsense2_camera_msgs/include/realsense2_camera_msgs/realsense2_camera_msgs/srv/device_info.hpp\n'}
[11.131154] (realsense2_camera_msgs) StdoutLine: {'line': b'-- Up-to-date symlink: /root/Workspaces/rosgsthumble_ws/install/realsense2_camera_msgs/include/realsense2_camera_msgs/realsense2_camera_msgs/msg/detail/extrinsics__rosidl_typesupport_fastrtps_cpp.hpp\n'}
[11.133042] (realsense2_camera_msgs) StdoutLine: {'line': b'-- Up-to-date symlink: /root/Workspaces/rosgsthumble_ws/install/realsense2_camera_msgs/include/realsense2_camera_msgs/realsense2_camera_msgs/msg/detail/imu_info__rosidl_typesupport_fastrtps_cpp.hpp\n'}
[11.134908] (realsense2_camera_msgs) StdoutLine: {'line': b'-- Up-to-date symlink: /root/Workspaces/rosgsthumble_ws/install/realsense2_camera_msgs/include/realsense2_camera_msgs/realsense2_camera_msgs/msg/detail/metadata__rosidl_typesupport_fastrtps_cpp.hpp\n'}
[11.136752] (realsense2_camera_msgs) StdoutLine: {'line': b'-- Up-to-date symlink: /root/Workspaces/rosgsthumble_ws/install/realsense2_camera_msgs/include/realsense2_camera_msgs/realsense2_camera_msgs/msg/detail/rgbd__rosidl_typesupport_fastrtps_cpp.hpp\n'}
[11.139121] (realsense2_camera_msgs) StdoutLine: {'line': b'-- Up-to-date symlink: /root/Workspaces/rosgsthumble_ws/install/realsense2_camera_msgs/include/realsense2_camera_msgs/realsense2_camera_msgs/msg/rosidl_typesupport_fastrtps_cpp__visibility_control.h\n'}
[11.141576] (realsense2_camera_msgs) StdoutLine: {'line': b'-- Up-to-date symlink: /root/Workspaces/rosgsthumble_ws/install/realsense2_camera_msgs/include/realsense2_camera_msgs/realsense2_camera_msgs/srv/detail/device_info__rosidl_typesupport_fastrtps_cpp.hpp\n'}
[11.144138] (realsense2_camera_msgs) StdoutLine: {'line': b'-- Up-to-date symlink: /root/Workspaces/rosgsthumble_ws/install/realsense2_camera_msgs/include/realsense2_camera_msgs/realsense2_camera_msgs/msg/detail/extrinsics__rosidl_typesupport_introspection_cpp.hpp\n'}
[11.146337] (realsense2_camera_msgs) StdoutLine: {'line': b'-- Up-to-date symlink: /root/Workspaces/rosgsthumble_ws/install/realsense2_camera_msgs/include/realsense2_camera_msgs/realsense2_camera_msgs/msg/detail/imu_info__rosidl_typesupport_introspection_cpp.hpp\n'}
[11.148814] (realsense2_camera_msgs) StdoutLine: {'line': b'-- Up-to-date symlink: /root/Workspaces/rosgsthumble_ws/install/realsense2_camera_msgs/include/realsense2_camera_msgs/realsense2_camera_msgs/msg/detail/metadata__rosidl_typesupport_introspection_cpp.hpp\n'}
[11.151322] (realsense2_camera_msgs) StdoutLine: {'line': b'-- Up-to-date symlink: /root/Workspaces/rosgsthumble_ws/install/realsense2_camera_msgs/include/realsense2_camera_msgs/realsense2_camera_msgs/msg/detail/rgbd__rosidl_typesupport_introspection_cpp.hpp\n'}
[11.153683] (realsense2_camera_msgs) StdoutLine: {'line': b'-- Up-to-date symlink: /root/Workspaces/rosgsthumble_ws/install/realsense2_camera_msgs/include/realsense2_camera_msgs/realsense2_camera_msgs/srv/detail/device_info__rosidl_typesupport_introspection_cpp.hpp\n'}
[11.155852] (realsense2_camera_msgs) StdoutLine: {'line': b'-- Up-to-date symlink: /root/Workspaces/rosgsthumble_ws/install/realsense2_camera_msgs/share/realsense2_camera_msgs/environment/pythonpath.sh\n'}
[11.158040] (realsense2_camera_msgs) StdoutLine: {'line': b'-- Up-to-date symlink: /root/Workspaces/rosgsthumble_ws/install/realsense2_camera_msgs/share/realsense2_camera_msgs/environment/pythonpath.dsv\n'}
[11.160494] (realsense2_camera_msgs) StdoutLine: {'line': b'-- Up-to-date symlink: /root/Workspaces/rosgsthumble_ws/install/realsense2_camera_msgs/lib/python3.6/site-packages/realsense2_camera_msgs-4.55.1-py3.6.egg-info/PKG-INFO\n'}
[11.162622] (realsense2_camera_msgs) StdoutLine: {'line': b'-- Up-to-date symlink: /root/Workspaces/rosgsthumble_ws/install/realsense2_camera_msgs/lib/python3.6/site-packages/realsense2_camera_msgs-4.55.1-py3.6.egg-info/SOURCES.txt\n'}
[11.164815] (realsense2_camera_msgs) StdoutLine: {'line': b'-- Up-to-date symlink: /root/Workspaces/rosgsthumble_ws/install/realsense2_camera_msgs/lib/python3.6/site-packages/realsense2_camera_msgs-4.55.1-py3.6.egg-info/dependency_links.txt\n'}
[11.168813] (realsense2_camera_msgs) StdoutLine: {'line': b'-- Up-to-date symlink: /root/Workspaces/rosgsthumble_ws/install/realsense2_camera_msgs/lib/python3.6/site-packages/realsense2_camera_msgs-4.55.1-py3.6.egg-info/top_level.txt\n'}
[11.171105] (realsense2_camera_msgs) StdoutLine: {'line': b'-- Up-to-date symlink: /root/Workspaces/rosgsthumble_ws/install/realsense2_camera_msgs/lib/python3.6/site-packages/realsense2_camera_msgs/__init__.py\n'}
[11.173038] (realsense2_camera_msgs) StdoutLine: {'line': b'-- Up-to-date symlink: /root/Workspaces/rosgsthumble_ws/install/realsense2_camera_msgs/lib/python3.6/site-packages/realsense2_camera_msgs/_realsense2_camera_msgs_s.ep.rosidl_typesupport_c.c\n'}
[11.174946] (realsense2_camera_msgs) StdoutLine: {'line': b'-- Up-to-date symlink: /root/Workspaces/rosgsthumble_ws/install/realsense2_camera_msgs/lib/python3.6/site-packages/realsense2_camera_msgs/_realsense2_camera_msgs_s.ep.rosidl_typesupport_fastrtps_c.c\n'}
[11.176874] (realsense2_camera_msgs) StdoutLine: {'line': b'-- Up-to-date symlink: /root/Workspaces/rosgsthumble_ws/install/realsense2_camera_msgs/lib/python3.6/site-packages/realsense2_camera_msgs/_realsense2_camera_msgs_s.ep.rosidl_typesupport_introspection_c.c\n'}
[11.179297] (realsense2_camera_msgs) StdoutLine: {'line': b'-- Up-to-date symlink: /root/Workspaces/rosgsthumble_ws/install/realsense2_camera_msgs/lib/python3.6/site-packages/realsense2_camera_msgs/librealsense2_camera_msgs__rosidl_generator_py.so\n'}
[11.181498] (realsense2_camera_msgs) StdoutLine: {'line': b'-- Up-to-date symlink: /root/Workspaces/rosgsthumble_ws/install/realsense2_camera_msgs/lib/python3.6/site-packages/realsense2_camera_msgs/msg/__init__.py\n'}
[11.183690] (realsense2_camera_msgs) StdoutLine: {'line': b'-- Up-to-date symlink: /root/Workspaces/rosgsthumble_ws/install/realsense2_camera_msgs/lib/python3.6/site-packages/realsense2_camera_msgs/msg/_extrinsics.py\n'}
[11.185650] (realsense2_camera_msgs) StdoutLine: {'line': b'-- Up-to-date symlink: /root/Workspaces/rosgsthumble_ws/install/realsense2_camera_msgs/lib/python3.6/site-packages/realsense2_camera_msgs/msg/_extrinsics_s.c\n'}
[11.187870] (realsense2_camera_msgs) StdoutLine: {'line': b'-- Up-to-date symlink: /root/Workspaces/rosgsthumble_ws/install/realsense2_camera_msgs/lib/python3.6/site-packages/realsense2_camera_msgs/msg/_imu_info.py\n'}
[11.191302] (realsense2_camera_msgs) StdoutLine: {'line': b'-- Up-to-date symlink: /root/Workspaces/rosgsthumble_ws/install/realsense2_camera_msgs/lib/python3.6/site-packages/realsense2_camera_msgs/msg/_imu_info_s.c\n'}
[11.191871] (realsense2_camera_msgs) StdoutLine: {'line': b'-- Up-to-date symlink: /root/Workspaces/rosgsthumble_ws/install/realsense2_camera_msgs/lib/python3.6/site-packages/realsense2_camera_msgs/msg/_metadata.py\n'}
[11.192383] (realsense2_camera_msgs) StdoutLine: {'line': b'-- Up-to-date symlink: /root/Workspaces/rosgsthumble_ws/install/realsense2_camera_msgs/lib/python3.6/site-packages/realsense2_camera_msgs/msg/_metadata_s.c\n'}
[11.192946] (realsense2_camera_msgs) StdoutLine: {'line': b'-- Up-to-date symlink: /root/Workspaces/rosgsthumble_ws/install/realsense2_camera_msgs/lib/python3.6/site-packages/realsense2_camera_msgs/msg/_rgbd.py\n'}
[11.193440] (realsense2_camera_msgs) StdoutLine: {'line': b'-- Up-to-date symlink: /root/Workspaces/rosgsthumble_ws/install/realsense2_camera_msgs/lib/python3.6/site-packages/realsense2_camera_msgs/msg/_rgbd_s.c\n'}
[11.193996] (realsense2_camera_msgs) StdoutLine: {'line': b'-- Up-to-date symlink: /root/Workspaces/rosgsthumble_ws/install/realsense2_camera_msgs/lib/python3.6/site-packages/realsense2_camera_msgs/realsense2_camera_msgs_s__rosidl_typesupport_c.cpython-36m-aarch64-linux-gnu.so\n'}
[11.194606] (realsense2_camera_msgs) StdoutLine: {'line': b'-- Up-to-date symlink: /root/Workspaces/rosgsthumble_ws/install/realsense2_camera_msgs/lib/python3.6/site-packages/realsense2_camera_msgs/realsense2_camera_msgs_s__rosidl_typesupport_fastrtps_c.cpython-36m-aarch64-linux-gnu.so\n'}
[11.195249] (realsense2_camera_msgs) StdoutLine: {'line': b'-- Up-to-date symlink: /root/Workspaces/rosgsthumble_ws/install/realsense2_camera_msgs/lib/python3.6/site-packages/realsense2_camera_msgs/realsense2_camera_msgs_s__rosidl_typesupport_introspection_c.cpython-36m-aarch64-linux-gnu.so\n'}
[11.195903] (realsense2_camera_msgs) StdoutLine: {'line': b'-- Up-to-date symlink: /root/Workspaces/rosgsthumble_ws/install/realsense2_camera_msgs/lib/python3.6/site-packages/realsense2_camera_msgs/srv/__init__.py\n'}
[11.196530] (realsense2_camera_msgs) StdoutLine: {'line': b'-- Up-to-date symlink: /root/Workspaces/rosgsthumble_ws/install/realsense2_camera_msgs/lib/python3.6/site-packages/realsense2_camera_msgs/srv/_device_info.py\n'}
[11.197141] (realsense2_camera_msgs) StdoutLine: {'line': b'-- Up-to-date symlink: /root/Workspaces/rosgsthumble_ws/install/realsense2_camera_msgs/lib/python3.6/site-packages/realsense2_camera_msgs/srv/_device_info_s.c\n'}
[11.197692] (realsense2_camera_msgs) StdoutLine: {'line': b'-- Up-to-date symlink: /root/Workspaces/rosgsthumble_ws/install/realsense2_camera_msgs/lib/python3.6/site-packages/realsense2_camera_msgs/realsense2_camera_msgs_s__rosidl_typesupport_fastrtps_c.cpython-36m-aarch64-linux-gnu.so\n'}
[11.202332] (realsense2_camera_msgs) StdoutLine: {'line': b'-- Up-to-date symlink: /root/Workspaces/rosgsthumble_ws/install/realsense2_camera_msgs/lib/python3.6/site-packages/realsense2_camera_msgs/realsense2_camera_msgs_s__rosidl_typesupport_introspection_c.cpython-36m-aarch64-linux-gnu.so\n'}
[11.210351] (realsense2_camera_msgs) StdoutLine: {'line': b'-- Up-to-date symlink: /root/Workspaces/rosgsthumble_ws/install/realsense2_camera_msgs/lib/python3.6/site-packages/realsense2_camera_msgs/realsense2_camera_msgs_s__rosidl_typesupport_c.cpython-36m-aarch64-linux-gnu.so\n'}
[11.212488] (realsense2_camera_msgs) StdoutLine: {'line': b'-- Up-to-date symlink: /root/Workspaces/rosgsthumble_ws/install/realsense2_camera_msgs/share/realsense2_camera_msgs/msg/IMUInfo.idl\n'}
[11.213112] (realsense2_camera_msgs) StdoutLine: {'line': b'-- Up-to-date symlink: /root/Workspaces/rosgsthumble_ws/install/realsense2_camera_msgs/share/realsense2_camera_msgs/msg/Extrinsics.idl\n'}
[11.213694] (realsense2_camera_msgs) StdoutLine: {'line': b'-- Up-to-date symlink: /root/Workspaces/rosgsthumble_ws/install/realsense2_camera_msgs/share/realsense2_camera_msgs/msg/Metadata.idl\n'}
[11.214297] (realsense2_camera_msgs) StdoutLine: {'line': b'-- Up-to-date symlink: /root/Workspaces/rosgsthumble_ws/install/realsense2_camera_msgs/share/realsense2_camera_msgs/msg/RGBD.idl\n'}
[11.214836] (realsense2_camera_msgs) StdoutLine: {'line': b'-- Up-to-date symlink: /root/Workspaces/rosgsthumble_ws/install/realsense2_camera_msgs/share/realsense2_camera_msgs/srv/DeviceInfo.idl\n'}
[11.215321] (realsense2_camera_msgs) StdoutLine: {'line': b'-- Up-to-date symlink: /root/Workspaces/rosgsthumble_ws/install/realsense2_camera_msgs/share/realsense2_camera_msgs/msg/IMUInfo.msg\n'}
[11.215849] (realsense2_camera_msgs) StdoutLine: {'line': b'-- Up-to-date symlink: /root/Workspaces/rosgsthumble_ws/install/realsense2_camera_msgs/share/realsense2_camera_msgs/msg/Extrinsics.msg\n'}
[11.216374] (realsense2_camera_msgs) StdoutLine: {'line': b'-- Up-to-date symlink: /root/Workspaces/rosgsthumble_ws/install/realsense2_camera_msgs/share/realsense2_camera_msgs/msg/Metadata.msg\n'}
[11.216859] (realsense2_camera_msgs) StdoutLine: {'line': b'-- Up-to-date symlink: /root/Workspaces/rosgsthumble_ws/install/realsense2_camera_msgs/share/realsense2_camera_msgs/msg/RGBD.msg\n'}
[11.217343] (realsense2_camera_msgs) StdoutLine: {'line': b'-- Up-to-date symlink: /root/Workspaces/rosgsthumble_ws/install/realsense2_camera_msgs/share/realsense2_camera_msgs/srv/DeviceInfo.srv\n'}
[11.217892] (realsense2_camera_msgs) StdoutLine: {'line': b'-- Up-to-date symlink: /root/Workspaces/rosgsthumble_ws/install/realsense2_camera_msgs/share/realsense2_camera_msgs/srv/DeviceInfo_Request.msg\n'}
[11.218440] (-) TimerEvent: {}
[11.220416] (realsense2_camera_msgs) StdoutLine: {'line': b'-- Up-to-date symlink: /root/Workspaces/rosgsthumble_ws/install/realsense2_camera_msgs/share/realsense2_camera_msgs/srv/DeviceInfo_Response.msg\n'}
[11.228451] (realsense2_camera_msgs) StdoutLine: {'line': b'-- Up-to-date symlink: /root/Workspaces/rosgsthumble_ws/install/realsense2_camera_msgs/share/ament_index/resource_index/package_run_dependencies/realsense2_camera_msgs\n'}
[11.233126] (realsense2_camera_msgs) StdoutLine: {'line': b'-- Up-to-date symlink: /root/Workspaces/rosgsthumble_ws/install/realsense2_camera_msgs/share/ament_index/resource_index/parent_prefix_path/realsense2_camera_msgs\n'}
[11.235424] (realsense2_camera_msgs) StdoutLine: {'line': b'-- Up-to-date symlink: /root/Workspaces/rosgsthumble_ws/install/realsense2_camera_msgs/share/realsense2_camera_msgs/environment/ament_prefix_path.sh\n'}
[11.237383] (realsense2_camera_msgs) StdoutLine: {'line': b'-- Up-to-date symlink: /root/Workspaces/rosgsthumble_ws/install/realsense2_camera_msgs/share/realsense2_camera_msgs/environment/ament_prefix_path.dsv\n'}
[11.239444] (realsense2_camera_msgs) StdoutLine: {'line': b'-- Up-to-date symlink: /root/Workspaces/rosgsthumble_ws/install/realsense2_camera_msgs/share/realsense2_camera_msgs/environment/path.sh\n'}
[11.241326] (realsense2_camera_msgs) StdoutLine: {'line': b'-- Up-to-date symlink: /root/Workspaces/rosgsthumble_ws/install/realsense2_camera_msgs/share/realsense2_camera_msgs/environment/path.dsv\n'}
[11.243381] (realsense2_camera_msgs) StdoutLine: {'line': b'-- Up-to-date symlink: /root/Workspaces/rosgsthumble_ws/install/realsense2_camera_msgs/share/realsense2_camera_msgs/local_setup.bash\n'}
[11.245362] (xacro) StdoutLine: {'line': b'running install_scripts\n'}
[11.247229] (realsense2_camera_msgs) StdoutLine: {'line': b'-- Up-to-date symlink: /root/Workspaces/rosgsthumble_ws/install/realsense2_camera_msgs/share/realsense2_camera_msgs/local_setup.sh\n'}
[11.249155] (realsense2_camera_msgs) StdoutLine: {'line': b'-- Up-to-date symlink: /root/Workspaces/rosgsthumble_ws/install/realsense2_camera_msgs/share/realsense2_camera_msgs/local_setup.zsh\n'}
[11.251112] (realsense2_camera_msgs) StdoutLine: {'line': b'-- Up-to-date symlink: /root/Workspaces/rosgsthumble_ws/install/realsense2_camera_msgs/share/realsense2_camera_msgs/local_setup.dsv\n'}
[11.252965] (realsense2_camera_msgs) StdoutLine: {'line': b'-- Symlinking: /root/Workspaces/rosgsthumble_ws/install/realsense2_camera_msgs/share/realsense2_camera_msgs/package.dsv\n'}
[11.255007] (xacro) StderrLine: {'line': b'/usr/local/lib/python3.6/dist-packages/setuptools/command/install.py:37: SetuptoolsDeprecationWarning: setup.py install is deprecated. Use build and pip and other standards-based tools.\n'}
[11.256892] (xacro) StderrLine: {'line': b'  setuptools.SetuptoolsDeprecationWarning,\n'}
[11.269030] (realsense2_camera_msgs) StdoutLine: {'line': b'-- Up-to-date symlink: /root/Workspaces/rosgsthumble_ws/install/realsense2_camera_msgs/share/ament_index/resource_index/packages/realsense2_camera_msgs\n'}
[11.271657] (realsense2_camera_msgs) StdoutLine: {'line': b'-- Up-to-date symlink: /root/Workspaces/rosgsthumble_ws/install/realsense2_camera_msgs/share/realsense2_camera_msgs/cmake/rosidl_cmake-extras.cmake\n'}
[11.274503] (realsense2_camera_msgs) StdoutLine: {'line': b'-- Up-to-date symlink: /root/Workspaces/rosgsthumble_ws/install/realsense2_camera_msgs/share/realsense2_camera_msgs/cmake/ament_cmake_export_dependencies-extras.cmake\n'}
[11.277492] (realsense2_camera_msgs) StdoutLine: {'line': b'-- Up-to-date symlink: /root/Workspaces/rosgsthumble_ws/install/realsense2_camera_msgs/share/realsense2_camera_msgs/cmake/ament_cmake_export_include_directories-extras.cmake\n'}
[11.279711] (realsense2_camera_msgs) StdoutLine: {'line': b'-- Up-to-date symlink: /root/Workspaces/rosgsthumble_ws/install/realsense2_camera_msgs/share/realsense2_camera_msgs/cmake/ament_cmake_export_libraries-extras.cmake\n'}
[11.282969] (realsense2_camera_msgs) StdoutLine: {'line': b'-- Up-to-date symlink: /root/Workspaces/rosgsthumble_ws/install/realsense2_camera_msgs/share/realsense2_camera_msgs/cmake/ament_cmake_export_targets-extras.cmake\n'}
[11.285418] (realsense2_camera_msgs) StdoutLine: {'line': b'-- Up-to-date symlink: /root/Workspaces/rosgsthumble_ws/install/realsense2_camera_msgs/share/realsense2_camera_msgs/cmake/rosidl_cmake_export_typesupport_targets-extras.cmake\n'}
[11.287488] (realsense2_camera_msgs) StdoutLine: {'line': b'-- Up-to-date symlink: /root/Workspaces/rosgsthumble_ws/install/realsense2_camera_msgs/share/realsense2_camera_msgs/cmake/rosidl_cmake_export_typesupport_libraries-extras.cmake\n'}
[11.289473] (realsense2_camera_msgs) StdoutLine: {'line': b'-- Up-to-date symlink: /root/Workspaces/rosgsthumble_ws/install/realsense2_camera_msgs/share/realsense2_camera_msgs/cmake/realsense2_camera_msgsConfig.cmake\n'}
[11.292449] (realsense2_camera_msgs) StdoutLine: {'line': b'-- Up-to-date symlink: /root/Workspaces/rosgsthumble_ws/install/realsense2_camera_msgs/share/realsense2_camera_msgs/cmake/realsense2_camera_msgsConfig-version.cmake\n'}
[11.299137] (realsense2_camera_msgs) StdoutLine: {'line': b'-- Up-to-date symlink: /root/Workspaces/rosgsthumble_ws/install/realsense2_camera_msgs/share/realsense2_camera_msgs/package.xml\n'}
[11.302907] (realsense2_camera_msgs) StdoutLine: {'line': b'-- Up-to-date: /root/Workspaces/rosgsthumble_ws/install/realsense2_camera_msgs/lib/librealsense2_camera_msgs__rosidl_generator_c.so\n'}
[11.306564] (realsense2_camera_msgs) StdoutLine: {'line': b'-- Up-to-date: /root/Workspaces/rosgsthumble_ws/install/realsense2_camera_msgs/lib/librealsense2_camera_msgs__rosidl_typesupport_fastrtps_c.so\n'}
[11.308998] (realsense2_camera_msgs) StdoutLine: {'line': b'-- Up-to-date: /root/Workspaces/rosgsthumble_ws/install/realsense2_camera_msgs/lib/librealsense2_camera_msgs__rosidl_typesupport_introspection_c.so\n'}
[11.311182] (diagnostic_common_diagnostics) StdoutLine: {'line': b'Built target ament_cmake_python_symlink_diagnostic_common_diagnostics\n'}
[11.313220] (realsense2_camera_msgs) StdoutLine: {'line': b'-- Up-to-date: /root/Workspaces/rosgsthumble_ws/install/realsense2_camera_msgs/lib/librealsense2_camera_msgs__rosidl_typesupport_c.so\n'}
[11.317725] (xacro) StdoutLine: {'line': b'running egg_info\n'}
[11.322928] (-) TimerEvent: {}
[11.323843] (realsense2_camera_msgs) StdoutLine: {'line': b'-- Up-to-date: /root/Workspaces/rosgsthumble_ws/install/realsense2_camera_msgs/lib/librealsense2_camera_msgs__rosidl_typesupport_fastrtps_cpp.so\n'}
[11.327619] (xacro) StdoutLine: {'line': b'writing xacro.egg-info/PKG-INFO\n'}
[11.329397] (xacro) StdoutLine: {'line': b'writing dependency_links to xacro.egg-info/dependency_links.txt\n'}
[11.331176] (realsense2_camera_msgs) StdoutLine: {'line': b'-- Up-to-date: /root/Workspaces/rosgsthumble_ws/install/realsense2_camera_msgs/lib/librealsense2_camera_msgs__rosidl_typesupport_introspection_cpp.so\n'}
[11.332995] (xacro) StdoutLine: {'line': b'writing entry points to xacro.egg-info/entry_points.txt\n'}
[11.334892] (xacro) StdoutLine: {'line': b'writing top-level names to xacro.egg-info/top_level.txt\n'}
[11.336606] (realsense2_camera_msgs) StdoutLine: {'line': b'-- Up-to-date: /root/Workspaces/rosgsthumble_ws/install/realsense2_camera_msgs/lib/librealsense2_camera_msgs__rosidl_typesupport_cpp.so\n'}
[11.338642] (xacro) StdoutLine: {'line': b"reading manifest file 'xacro.egg-info/SOURCES.txt'\n"}
[11.346020] (xacro) StdoutLine: {'line': b'running egg_info\n'}
[11.346891] (xacro) StdoutLine: {'line': b"writing manifest file 'xacro.egg-info/SOURCES.txt'\n"}
[11.354015] (xacro) StdoutLine: {'line': b'writing xacro.egg-info/PKG-INFO\n'}
[11.354848] (xacro) StdoutLine: {'line': b'writing dependency_links to xacro.egg-info/dependency_links.txt\n'}
[11.355425] (xacro) StdoutLine: {'line': b'writing entry points to xacro.egg-info/entry_points.txt\n'}
[11.355946] (xacro) StdoutLine: {'line': b'writing top-level names to xacro.egg-info/top_level.txt\n'}
[11.361708] (xacro) StdoutLine: {'line': b"reading manifest file 'xacro.egg-info/SOURCES.txt'\n"}
[11.368198] (xacro) StdoutLine: {'line': b"writing manifest file 'xacro.egg-info/SOURCES.txt'\n"}
[11.376538] (image_geometry) StdoutLine: {'line': b"Listing '/root/Workspaces/rosgsthumble_ws/install/image_geometry/lib/python3.6/site-packages/image_geometry'...\n"}
[11.378667] (xacro) StdoutLine: {'line': b'Installing xacro script to scripts\n'}
[11.410179] (image_geometry) StdoutLine: {'line': b'-- Up-to-date: /root/Workspaces/rosgsthumble_ws/install/image_geometry/lib/libimage_geometry.so\n'}
[11.413822] (image_geometry) StdoutLine: {'line': b'-- Up-to-date: /root/Workspaces/rosgsthumble_ws/install/image_geometry/share/image_geometry/cmake/export_image_geometryExport.cmake\n'}
[11.415483] (image_geometry) StdoutLine: {'line': b'-- Up-to-date: /root/Workspaces/rosgsthumble_ws/install/image_geometry/share/image_geometry/cmake/export_image_geometryExport-noconfig.cmake\n'}
[11.426061] (-) TimerEvent: {}
[11.470978] (image_geometry) CommandEnded: {'returncode': 0}
[11.531389] (-) TimerEvent: {}
[11.559963] (xacro) StdoutLine: {'line': b'Built target ament_cmake_python_build_xacro_scripts\n'}
[11.562102] (xacro) StdoutLine: {'line': b'Built target ament_cmake_python_build_xacro_egg\n'}
[11.583325] (realsense2_camera_msgs) StdoutLine: {'line': b"Listing '/root/Workspaces/rosgsthumble_ws/install/realsense2_camera_msgs/lib/python3.6/site-packages/realsense2_camera_msgs'...\n"}
[11.584307] (realsense2_camera_msgs) StdoutLine: {'line': b"Listing '/root/Workspaces/rosgsthumble_ws/install/realsense2_camera_msgs/lib/python3.6/site-packages/realsense2_camera_msgs/msg'...\n"}
[11.585006] (realsense2_camera_msgs) StdoutLine: {'line': b"Listing '/root/Workspaces/rosgsthumble_ws/install/realsense2_camera_msgs/lib/python3.6/site-packages/realsense2_camera_msgs/srv'...\n"}
[11.613754] (realsense2_camera_msgs) StdoutLine: {'line': b'-- Up-to-date: /root/Workspaces/rosgsthumble_ws/install/realsense2_camera_msgs/lib/librealsense2_camera_msgs__rosidl_generator_py.so\n'}
[11.650973] (-) TimerEvent: {}
[11.652791] (realsense2_camera_msgs) StdoutLine: {'line': b'-- Up-to-date: /root/Workspaces/rosgsthumble_ws/install/realsense2_camera_msgs/share/realsense2_camera_msgs/cmake/export_realsense2_camera_msgs__rosidl_generator_cExport.cmake\n'}
[11.654501] (realsense2_camera_msgs) StdoutLine: {'line': b'-- Up-to-date: /root/Workspaces/rosgsthumble_ws/install/realsense2_camera_msgs/share/realsense2_camera_msgs/cmake/export_realsense2_camera_msgs__rosidl_generator_cExport-noconfig.cmake\n'}
[11.655267] (realsense2_camera_msgs) StdoutLine: {'line': b'-- Up-to-date: /root/Workspaces/rosgsthumble_ws/install/realsense2_camera_msgs/share/realsense2_camera_msgs/cmake/export_realsense2_camera_msgs__rosidl_typesupport_fastrtps_cExport.cmake\n'}
[11.655985] (realsense2_camera_msgs) StdoutLine: {'line': b'-- Up-to-date: /root/Workspaces/rosgsthumble_ws/install/realsense2_camera_msgs/share/realsense2_camera_msgs/cmake/export_realsense2_camera_msgs__rosidl_typesupport_fastrtps_cExport-noconfig.cmake\n'}
[11.656536] (realsense2_camera_msgs) StdoutLine: {'line': b'-- Up-to-date: /root/Workspaces/rosgsthumble_ws/install/realsense2_camera_msgs/share/realsense2_camera_msgs/cmake/realsense2_camera_msgs__rosidl_typesupport_introspection_cExport.cmake\n'}
[11.657059] (realsense2_camera_msgs) StdoutLine: {'line': b'-- Up-to-date: /root/Workspaces/rosgsthumble_ws/install/realsense2_camera_msgs/share/realsense2_camera_msgs/cmake/realsense2_camera_msgs__rosidl_typesupport_introspection_cExport-noconfig.cmake\n'}
[11.658709] (realsense2_camera_msgs) StdoutLine: {'line': b'-- Up-to-date: /root/Workspaces/rosgsthumble_ws/install/realsense2_camera_msgs/share/realsense2_camera_msgs/cmake/realsense2_camera_msgs__rosidl_typesupport_cExport.cmake\n'}
[11.659913] (realsense2_camera_msgs) StdoutLine: {'line': b'-- Up-to-date: /root/Workspaces/rosgsthumble_ws/install/realsense2_camera_msgs/share/realsense2_camera_msgs/cmake/realsense2_camera_msgs__rosidl_typesupport_cExport-noconfig.cmake\n'}
[11.660597] (realsense2_camera_msgs) StdoutLine: {'line': b'-- Up-to-date: /root/Workspaces/rosgsthumble_ws/install/realsense2_camera_msgs/share/realsense2_camera_msgs/cmake/export_realsense2_camera_msgs__rosidl_generator_cppExport.cmake\n'}
[11.661610] (realsense2_camera_msgs) StdoutLine: {'line': b'-- Up-to-date: /root/Workspaces/rosgsthumble_ws/install/realsense2_camera_msgs/share/realsense2_camera_msgs/cmake/export_realsense2_camera_msgs__rosidl_typesupport_fastrtps_cppExport.cmake\n'}
[11.662809] (realsense2_camera_msgs) StdoutLine: {'line': b'-- Up-to-date: /root/Workspaces/rosgsthumble_ws/install/realsense2_camera_msgs/share/realsense2_camera_msgs/cmake/export_realsense2_camera_msgs__rosidl_typesupport_fastrtps_cppExport-noconfig.cmake\n'}
[11.664106] (realsense2_camera_msgs) StdoutLine: {'line': b'-- Up-to-date: /root/Workspaces/rosgsthumble_ws/install/realsense2_camera_msgs/share/realsense2_camera_msgs/cmake/realsense2_camera_msgs__rosidl_typesupport_introspection_cppExport.cmake\n'}
[11.664756] (realsense2_camera_msgs) StdoutLine: {'line': b'-- Up-to-date: /root/Workspaces/rosgsthumble_ws/install/realsense2_camera_msgs/share/realsense2_camera_msgs/cmake/realsense2_camera_msgs__rosidl_typesupport_introspection_cppExport-noconfig.cmake\n'}
[11.667521] (realsense2_camera_msgs) StdoutLine: {'line': b'-- Up-to-date: /root/Workspaces/rosgsthumble_ws/install/realsense2_camera_msgs/share/realsense2_camera_msgs/cmake/realsense2_camera_msgs__rosidl_typesupport_cppExport.cmake\n'}
[11.668673] (realsense2_camera_msgs) StdoutLine: {'line': b'-- Up-to-date: /root/Workspaces/rosgsthumble_ws/install/realsense2_camera_msgs/share/realsense2_camera_msgs/cmake/realsense2_camera_msgs__rosidl_typesupport_cppExport-noconfig.cmake\n'}
[11.674622] (realsense2_camera_msgs) StdoutLine: {'line': b'-- Up-to-date: /root/Workspaces/rosgsthumble_ws/install/realsense2_camera_msgs/share/realsense2_camera_msgs/cmake/export_realsense2_camera_msgs__rosidl_generator_pyExport.cmake\n'}
[11.695870] (realsense2_camera_msgs) StdoutLine: {'line': b'-- Up-to-date: /root/Workspaces/rosgsthumble_ws/install/realsense2_camera_msgs/share/realsense2_camera_msgs/cmake/export_realsense2_camera_msgs__rosidl_generator_pyExport-noconfig.cmake\n'}
[11.756276] (-) TimerEvent: {}
[11.839507] (xacro) CommandEnded: {'returncode': 0}
[11.857085] (realsense2_camera_msgs) CommandEnded: {'returncode': 0}
[11.865930] (-) TimerEvent: {}
[11.982031] (-) TimerEvent: {}
[12.088844] (-) TimerEvent: {}
[12.194937] (-) TimerEvent: {}
[12.318857] (-) TimerEvent: {}
[12.440687] (-) TimerEvent: {}
[12.507450] (image_geometry) JobEnded: {'identifier': 'image_geometry', 'rc': 0}
[12.520184] (xacro) JobProgress: {'identifier': 'xacro', 'progress': 'install'}
[12.520779] (xacro) Command: {'cmd': ['/usr/local/bin/cmake', '--install', '/root/Workspaces/rosgsthumble_ws/build/xacro'], 'cwd': '/root/Workspaces/rosgsthumble_ws/build/xacro', 'env': OrderedDict([('OPENBLAS_CORETYPE', 'ARMV8'), ('PYTHONIOENCODING', 'utf-8'), ('HOSTNAME', 'nano'), ('LD_LIBRARY_PATH', '/root/Workspaces/rosgsthumble_ws/install/realsense2_camera/lib:/root/Workspaces/rosgsthumble_ws/install/realsense2_camera_msgs/lib:/root/Workspaces/rosgsthumble_ws/install/image_geometry/lib:/root/Workspaces/rosgsthumble_ws/install/gst_pipeline_plugins/lib:/root/Workspaces/rosgsthumble_ws/install/gst_pipeline/lib:/root/Workspaces/rosgsthumble_ws/install/gst_msgs/lib:/root/Workspaces/rosgsthumble_ws/install/gst_bridge/lib:/root/Workspaces/rosgsthumble_ws/install/diagnostic_updater/lib:/root/Workspaces/rosgsthumble_ws/install/cv_bridge/lib:/root/Workspaces/rosgsthumble_ws/install/audio_msgs/lib:/opt/ros/humble/install/opt/rviz_ogre_vendor/lib:/opt/ros/humble/install/lib:/usr/local/cuda-10.2/targets/aarch64-linux/lib:'), ('SHLVL', '1'), ('OLDPWD', '/root/Workspaces'), ('HOME', '/root'), ('ROS_PYTHON_VERSION', '3'), ('COLCON_PREFIX_PATH', '/opt/ros/humble/install:/root/Workspaces/rosgsthumble_ws/install'), ('ROS_DISTRO', 'humble'), ('PULSE_SERVER', 'unix:/run/user/1000/pulse/native'), ('_', '/usr/bin/colcon'), ('ROS_VERSION', '2'), ('NVIDIA_DRIVER_CAPABILITIES', 'compute,utility,graphics'), ('PKG_CONFIG_PATH', '/opt/ros/humble/install/lib/aarch64-linux-gnu/pkgconfig:/opt/ros/humble/install/lib/pkgconfig'), ('TERM', 'xterm'), ('ROS_LOCALHOST_ONLY', '0'), ('PATH', '/root/Workspaces/rosgsthumble_ws/install/xacro/bin:/opt/ros/humble/install/bin:/usr/local/cuda-10.2/bin:/usr/local/cuda/bin:/usr/local/sbin:/usr/local/bin:/usr/sbin:/usr/bin:/sbin:/bin'), ('XDG_RUNTIME_DIR', '/run/user/1000'), ('DISPLAY', ''), ('LANG', 'en_US.UTF-8'), ('RMW_IMPLEMENTATION', 'rmw_cyclonedds_cpp'), ('LS_COLORS', 'rs=0:di=01;34:ln=01;36:mh=00:pi=40;33:so=01;35:do=01;35:bd=40;33;01:cd=40;33;01:or=40;31;01:mi=00:su=37;41:sg=30;43:ca=30;41:tw=30;42:ow=34;42:st=37;44:ex=01;32:*.tar=01;31:*.tgz=01;31:*.arc=01;31:*.arj=01;31:*.taz=01;31:*.lha=01;31:*.lz4=01;31:*.lzh=01;31:*.lzma=01;31:*.tlz=01;31:*.txz=01;31:*.tzo=01;31:*.t7z=01;31:*.zip=01;31:*.z=01;31:*.Z=01;31:*.dz=01;31:*.gz=01;31:*.lrz=01;31:*.lz=01;31:*.lzo=01;31:*.xz=01;31:*.zst=01;31:*.tzst=01;31:*.bz2=01;31:*.bz=01;31:*.tbz=01;31:*.tbz2=01;31:*.tz=01;31:*.deb=01;31:*.rpm=01;31:*.jar=01;31:*.war=01;31:*.ear=01;31:*.sar=01;31:*.rar=01;31:*.alz=01;31:*.ace=01;31:*.zoo=01;31:*.cpio=01;31:*.7z=01;31:*.rz=01;31:*.cab=01;31:*.wim=01;31:*.swm=01;31:*.dwm=01;31:*.esd=01;31:*.jpg=01;35:*.jpeg=01;35:*.mjpg=01;35:*.mjpeg=01;35:*.gif=01;35:*.bmp=01;35:*.pbm=01;35:*.pgm=01;35:*.ppm=01;35:*.tga=01;35:*.xbm=01;35:*.xpm=01;35:*.tif=01;35:*.tiff=01;35:*.png=01;35:*.svg=01;35:*.svgz=01;35:*.mng=01;35:*.pcx=01;35:*.mov=01;35:*.mpg=01;35:*.mpeg=01;35:*.m2v=01;35:*.mkv=01;35:*.webm=01;35:*.ogm=01;35:*.mp4=01;35:*.m4v=01;35:*.mp4v=01;35:*.vob=01;35:*.qt=01;35:*.nuv=01;35:*.wmv=01;35:*.asf=01;35:*.rm=01;35:*.rmvb=01;35:*.flc=01;35:*.avi=01;35:*.fli=01;35:*.flv=01;35:*.gl=01;35:*.dl=01;35:*.xcf=01;35:*.xwd=01;35:*.yuv=01;35:*.cgm=01;35:*.emf=01;35:*.ogv=01;35:*.ogx=01;35:*.aac=00;36:*.au=00;36:*.flac=00;36:*.m4a=00;36:*.mid=00;36:*.midi=00;36:*.mka=00;36:*.mp3=00;36:*.mpc=00;36:*.ogg=00;36:*.ra=00;36:*.wav=00;36:*.oga=00;36:*.opus=00;36:*.spx=00;36:*.xspf=00;36:'), ('ROS_ROOT', '/opt/ros/humble'), ('AMENT_PREFIX_PATH', '/opt/ros/humble/install'), ('DEBIAN_FRONTEND', 'noninteractive'), ('GST_PLUGIN_PATH', '/root/Workspaces/rosgsthumble_ws/install/gst_bridge/lib/gst_bridge/'), ('SHELL', '/bin/bash'), ('PWD', '/root/Workspaces/rosgsthumble_ws/build/xacro'), ('PYTHONPATH', '/root/Workspaces/rosgsthumble_ws/install/xacro/lib/python3.6/site-packages:/root/Workspaces/rosgsthumble_ws/install/realsense2_camera_msgs/lib/python3.6/site-packages:/root/Workspaces/rosgsthumble_ws/install/image_geometry/lib/python3.6/site-packages:/root/Workspaces/rosgsthumble_ws/install/gst_msgs/lib/python3.6/site-packages:/root/Workspaces/rosgsthumble_ws/install/diagnostic_common_diagnostics/lib/python3.6/site-packages:/root/Workspaces/rosgsthumble_ws/install/diagnostic_updater/lib/python3.6/site-packages:/root/Workspaces/rosgsthumble_ws/install/cv_bridge/lib/python3.6/site-packages:/root/Workspaces/rosgsthumble_ws/install/audio_msgs/lib/python3.6/site-packages:/opt/ros/humble/install/lib/python3.6/site-packages'), ('NVIDIA_VISIBLE_DEVICES', 'all'), ('COLCON', '1'), ('CMAKE_PREFIX_PATH', '/opt/ros/humble/install')]), 'shell': False}
[12.527908] (gst_pipeline) JobStarted: {'identifier': 'gst_pipeline'}
[12.545999] (-) TimerEvent: {}
[12.652343] (-) TimerEvent: {}
[12.719728] (xacro) StdoutLine: {'line': b'-- Install configuration: ""\n'}
[12.723475] (xacro) StdoutLine: {'line': b'-- Execute custom install script\n'}
[12.726547] (xacro) StdoutLine: {'line': b'-- Up-to-date symlink: /root/Workspaces/rosgsthumble_ws/install/xacro/share/xacro/environment/completion.bash\n'}
[12.728772] (xacro) StdoutLine: {'line': b'-- Up-to-date symlink: /root/Workspaces/rosgsthumble_ws/install/xacro/share/xacro/environment/pythonpath.sh\n'}
[12.731834] (xacro) StdoutLine: {'line': b'-- Up-to-date symlink: /root/Workspaces/rosgsthumble_ws/install/xacro/share/xacro/environment/pythonpath.dsv\n'}
[12.734062] (xacro) StdoutLine: {'line': b'-- Up-to-date symlink: /root/Workspaces/rosgsthumble_ws/install/xacro/lib/python3.6/site-packages/xacro-2.1.1-py3.6.egg-info/PKG-INFO\n'}
[12.736506] (xacro) StdoutLine: {'line': b'-- Up-to-date symlink: /root/Workspaces/rosgsthumble_ws/install/xacro/lib/python3.6/site-packages/xacro-2.1.1-py3.6.egg-info/SOURCES.txt\n'}
[12.738148] (xacro) StdoutLine: {'line': b'-- Up-to-date symlink: /root/Workspaces/rosgsthumble_ws/install/xacro/lib/python3.6/site-packages/xacro-2.1.1-py3.6.egg-info/dependency_links.txt\n'}
[12.738985] (xacro) StdoutLine: {'line': b'-- Up-to-date symlink: /root/Workspaces/rosgsthumble_ws/install/xacro/lib/python3.6/site-packages/xacro-2.1.1-py3.6.egg-info/entry_points.txt\n'}
[12.740620] (xacro) StdoutLine: {'line': b'-- Up-to-date symlink: /root/Workspaces/rosgsthumble_ws/install/xacro/lib/python3.6/site-packages/xacro-2.1.1-py3.6.egg-info/top_level.txt\n'}
[12.742152] (xacro) StdoutLine: {'line': b'-- Up-to-date symlink: /root/Workspaces/rosgsthumble_ws/install/xacro/lib/xacro//xacro\n'}
[12.745280] (xacro) StdoutLine: {'line': b'-- Up-to-date symlink: /root/Workspaces/rosgsthumble_ws/install/xacro/lib/python3.6/site-packages/xacro/__init__.py\n'}
[12.747162] (xacro) StdoutLine: {'line': b'-- Up-to-date symlink: /root/Workspaces/rosgsthumble_ws/install/xacro/lib/python3.6/site-packages/xacro/cli.py\n'}
[12.748796] (xacro) StdoutLine: {'line': b'-- Up-to-date symlink: /root/Workspaces/rosgsthumble_ws/install/xacro/lib/python3.6/site-packages/xacro/color.py\n'}
[12.754688] (xacro) StdoutLine: {'line': b'-- Up-to-date symlink: /root/Workspaces/rosgsthumble_ws/install/xacro/lib/python3.6/site-packages/xacro/substitution_args.py\n'}
[12.755474] (-) TimerEvent: {}
[12.756218] (xacro) StdoutLine: {'line': b'-- Up-to-date symlink: /root/Workspaces/rosgsthumble_ws/install/xacro/lib/python3.6/site-packages/xacro/xmlutils.py\n'}
[12.758439] (xacro) StdoutLine: {'line': b'-- Up-to-date symlink: /root/Workspaces/rosgsthumble_ws/install/xacro/share/ament_index/resource_index/package_run_dependencies/xacro\n'}
[12.762159] (gst_pipeline) JobProgress: {'identifier': 'gst_pipeline', 'progress': 'cmake'}
[12.762429] (xacro) StdoutLine: {'line': b'-- Up-to-date symlink: /root/Workspaces/rosgsthumble_ws/install/xacro/share/ament_index/resource_index/parent_prefix_path/xacro\n'}
[12.764331] (xacro) StdoutLine: {'line': b'-- Up-to-date symlink: /root/Workspaces/rosgsthumble_ws/install/xacro/share/xacro/environment/ament_prefix_path.sh\n'}
[12.774524] (gst_pipeline) Command: {'cmd': ['/usr/local/bin/cmake', '/root/Workspaces/rosgsthumble_ws/src/ros-gst-bridge/gst_pipeline', '-Wno-dev', '-DAMENT_CMAKE_SYMLINK_INSTALL=1', '-DCMAKE_INSTALL_PREFIX=/root/Workspaces/rosgsthumble_ws/install/gst_pipeline'], 'cwd': '/root/Workspaces/rosgsthumble_ws/build/gst_pipeline', 'env': OrderedDict([('OPENBLAS_CORETYPE', 'ARMV8'), ('PYTHONIOENCODING', 'utf-8'), ('HOSTNAME', 'nano'), ('LD_LIBRARY_PATH', '/root/Workspaces/rosgsthumble_ws/install/gst_bridge/lib:/root/Workspaces/rosgsthumble_ws/install/gst_msgs/lib:/root/Workspaces/rosgsthumble_ws/install/cv_bridge/lib:/root/Workspaces/rosgsthumble_ws/install/audio_msgs/lib:/root/Workspaces/rosgsthumble_ws/install/realsense2_camera/lib:/root/Workspaces/rosgsthumble_ws/install/realsense2_camera_msgs/lib:/root/Workspaces/rosgsthumble_ws/install/image_geometry/lib:/root/Workspaces/rosgsthumble_ws/install/gst_pipeline_plugins/lib:/root/Workspaces/rosgsthumble_ws/install/gst_pipeline/lib:/root/Workspaces/rosgsthumble_ws/install/diagnostic_updater/lib:/opt/ros/humble/install/opt/rviz_ogre_vendor/lib:/opt/ros/humble/install/lib:/usr/local/cuda-10.2/targets/aarch64-linux/lib'), ('SHLVL', '1'), ('OLDPWD', '/root/Workspaces'), ('HOME', '/root'), ('ROS_PYTHON_VERSION', '3'), ('COLCON_PREFIX_PATH', '/opt/ros/humble/install:/root/Workspaces/rosgsthumble_ws/install'), ('ROS_DISTRO', 'humble'), ('PULSE_SERVER', 'unix:/run/user/1000/pulse/native'), ('_', '/usr/bin/colcon'), ('ROS_VERSION', '2'), ('NVIDIA_DRIVER_CAPABILITIES', 'compute,utility,graphics'), ('PKG_CONFIG_PATH', '/opt/ros/humble/install/lib/aarch64-linux-gnu/pkgconfig:/opt/ros/humble/install/lib/pkgconfig'), ('TERM', 'xterm'), ('ROS_LOCALHOST_ONLY', '0'), ('PATH', '/root/Workspaces/rosgsthumble_ws/install/xacro/bin:/opt/ros/humble/install/bin:/usr/local/cuda-10.2/bin:/usr/local/cuda/bin:/usr/local/sbin:/usr/local/bin:/usr/sbin:/usr/bin:/sbin:/bin'), ('XDG_RUNTIME_DIR', '/run/user/1000'), ('DISPLAY', ''), ('LANG', 'en_US.UTF-8'), ('RMW_IMPLEMENTATION', 'rmw_cyclonedds_cpp'), ('LS_COLORS', 'rs=0:di=01;34:ln=01;36:mh=00:pi=40;33:so=01;35:do=01;35:bd=40;33;01:cd=40;33;01:or=40;31;01:mi=00:su=37;41:sg=30;43:ca=30;41:tw=30;42:ow=34;42:st=37;44:ex=01;32:*.tar=01;31:*.tgz=01;31:*.arc=01;31:*.arj=01;31:*.taz=01;31:*.lha=01;31:*.lz4=01;31:*.lzh=01;31:*.lzma=01;31:*.tlz=01;31:*.txz=01;31:*.tzo=01;31:*.t7z=01;31:*.zip=01;31:*.z=01;31:*.Z=01;31:*.dz=01;31:*.gz=01;31:*.lrz=01;31:*.lz=01;31:*.lzo=01;31:*.xz=01;31:*.zst=01;31:*.tzst=01;31:*.bz2=01;31:*.bz=01;31:*.tbz=01;31:*.tbz2=01;31:*.tz=01;31:*.deb=01;31:*.rpm=01;31:*.jar=01;31:*.war=01;31:*.ear=01;31:*.sar=01;31:*.rar=01;31:*.alz=01;31:*.ace=01;31:*.zoo=01;31:*.cpio=01;31:*.7z=01;31:*.rz=01;31:*.cab=01;31:*.wim=01;31:*.swm=01;31:*.dwm=01;31:*.esd=01;31:*.jpg=01;35:*.jpeg=01;35:*.mjpg=01;35:*.mjpeg=01;35:*.gif=01;35:*.bmp=01;35:*.pbm=01;35:*.pgm=01;35:*.ppm=01;35:*.tga=01;35:*.xbm=01;35:*.xpm=01;35:*.tif=01;35:*.tiff=01;35:*.png=01;35:*.svg=01;35:*.svgz=01;35:*.mng=01;35:*.pcx=01;35:*.mov=01;35:*.mpg=01;35:*.mpeg=01;35:*.m2v=01;35:*.mkv=01;35:*.webm=01;35:*.ogm=01;35:*.mp4=01;35:*.m4v=01;35:*.mp4v=01;35:*.vob=01;35:*.qt=01;35:*.nuv=01;35:*.wmv=01;35:*.asf=01;35:*.rm=01;35:*.rmvb=01;35:*.flc=01;35:*.avi=01;35:*.fli=01;35:*.flv=01;35:*.gl=01;35:*.dl=01;35:*.xcf=01;35:*.xwd=01;35:*.yuv=01;35:*.cgm=01;35:*.emf=01;35:*.ogv=01;35:*.ogx=01;35:*.aac=00;36:*.au=00;36:*.flac=00;36:*.m4a=00;36:*.mid=00;36:*.midi=00;36:*.mka=00;36:*.mp3=00;36:*.mpc=00;36:*.ogg=00;36:*.ra=00;36:*.wav=00;36:*.oga=00;36:*.opus=00;36:*.spx=00;36:*.xspf=00;36:'), ('ROS_ROOT', '/opt/ros/humble'), ('AMENT_PREFIX_PATH', '/root/Workspaces/rosgsthumble_ws/install/gst_bridge:/root/Workspaces/rosgsthumble_ws/install/gst_msgs:/root/Workspaces/rosgsthumble_ws/install/cv_bridge:/root/Workspaces/rosgsthumble_ws/install/audio_msgs:/opt/ros/humble/install'), ('DEBIAN_FRONTEND', 'noninteractive'), ('GST_PLUGIN_PATH', '/root/Workspaces/rosgsthumble_ws/install/gst_bridge/lib/gst_bridge/'), ('SHELL', '/bin/bash'), ('PWD', '/root/Workspaces/rosgsthumble_ws/build/gst_pipeline'), ('PYTHONPATH', '/root/Workspaces/rosgsthumble_ws/install/gst_msgs/lib/python3.6/site-packages:/root/Workspaces/rosgsthumble_ws/install/cv_bridge/lib/python3.6/site-packages:/root/Workspaces/rosgsthumble_ws/install/audio_msgs/lib/python3.6/site-packages:/root/Workspaces/rosgsthumble_ws/install/xacro/lib/python3.6/site-packages:/root/Workspaces/rosgsthumble_ws/install/realsense2_camera_msgs/lib/python3.6/site-packages:/root/Workspaces/rosgsthumble_ws/install/image_geometry/lib/python3.6/site-packages:/root/Workspaces/rosgsthumble_ws/install/diagnostic_common_diagnostics/lib/python3.6/site-packages:/root/Workspaces/rosgsthumble_ws/install/diagnostic_updater/lib/python3.6/site-packages:/opt/ros/humble/install/lib/python3.6/site-packages'), ('NVIDIA_VISIBLE_DEVICES', 'all'), ('COLCON', '1'), ('CMAKE_PREFIX_PATH', '/root/Workspaces/rosgsthumble_ws/install/gst_bridge:/root/Workspaces/rosgsthumble_ws/install/gst_msgs:/root/Workspaces/rosgsthumble_ws/install/cv_bridge:/root/Workspaces/rosgsthumble_ws/install/audio_msgs:/opt/ros/humble/install')]), 'shell': False}
[12.782357] (xacro) StdoutLine: {'line': b'-- Up-to-date symlink: /root/Workspaces/rosgsthumble_ws/install/xacro/share/xacro/environment/ament_prefix_path.dsv\n'}
[12.783263] (xacro) StdoutLine: {'line': b'-- Up-to-date symlink: /root/Workspaces/rosgsthumble_ws/install/xacro/share/xacro/environment/path.sh\n'}
[12.783854] (xacro) StdoutLine: {'line': b'-- Up-to-date symlink: /root/Workspaces/rosgsthumble_ws/install/xacro/share/xacro/environment/path.dsv\n'}
[12.784394] (xacro) StdoutLine: {'line': b'-- Up-to-date symlink: /root/Workspaces/rosgsthumble_ws/install/xacro/share/xacro/local_setup.bash\n'}
[12.784936] (xacro) StdoutLine: {'line': b'-- Up-to-date symlink: /root/Workspaces/rosgsthumble_ws/install/xacro/share/xacro/local_setup.sh\n'}
[12.785459] (xacro) StdoutLine: {'line': b'-- Up-to-date symlink: /root/Workspaces/rosgsthumble_ws/install/xacro/share/xacro/local_setup.zsh\n'}
[12.786169] (xacro) StdoutLine: {'line': b'-- Up-to-date symlink: /root/Workspaces/rosgsthumble_ws/install/xacro/share/xacro/local_setup.dsv\n'}
[12.786791] (xacro) StdoutLine: {'line': b'-- Symlinking: /root/Workspaces/rosgsthumble_ws/install/xacro/share/xacro/package.dsv\n'}
[12.805112] (xacro) StdoutLine: {'line': b'-- Up-to-date symlink: /root/Workspaces/rosgsthumble_ws/install/xacro/share/ament_index/resource_index/packages/xacro\n'}
[12.809115] (xacro) StdoutLine: {'line': b'-- Up-to-date symlink: /root/Workspaces/rosgsthumble_ws/install/xacro/share/xacro/cmake/xacro-extras.cmake\n'}
[12.812746] (xacro) StdoutLine: {'line': b'-- Up-to-date symlink: /root/Workspaces/rosgsthumble_ws/install/xacro/share/xacro/cmake/xacroConfig.cmake\n'}
[12.815765] (xacro) StdoutLine: {'line': b'-- Up-to-date symlink: /root/Workspaces/rosgsthumble_ws/install/xacro/share/xacro/cmake/xacroConfig-version.cmake\n'}
[12.817968] (xacro) StdoutLine: {'line': b'-- Up-to-date symlink: /root/Workspaces/rosgsthumble_ws/install/xacro/share/xacro/package.xml\n'}
[12.855652] (-) TimerEvent: {}
[12.957095] (-) TimerEvent: {}
[13.041480] (gst_pipeline) StdoutLine: {'line': b'-- Found ament_cmake: 1.3.5 (/opt/ros/humble/install/share/ament_cmake/cmake)\n'}
[13.042733] (xacro) StdoutLine: {'line': b"Listing '/root/Workspaces/rosgsthumble_ws/install/xacro/lib/python3.6/site-packages/xacro'...\n"}
[13.063570] (-) TimerEvent: {}
[13.066746] (xacro) StdoutLine: {'line': b'-- Up-to-date: /root/Workspaces/rosgsthumble_ws/install/xacro/bin/\n'}
[13.078484] (xacro) StdoutLine: {'line': b'-- Installing: /root/Workspaces/rosgsthumble_ws/install/xacro/bin//xacro\n'}
[13.167684] (-) TimerEvent: {}
[13.263410] (diagnostic_common_diagnostics) StdoutLine: {'line': b'running egg_info\n'}
[13.287021] (-) TimerEvent: {}
[13.298957] (diagnostic_common_diagnostics) StdoutLine: {'line': b'writing diagnostic_common_diagnostics.egg-info/PKG-INFO\n'}
[13.305627] (diagnostic_common_diagnostics) StdoutLine: {'line': b'writing dependency_links to diagnostic_common_diagnostics.egg-info/dependency_links.txt\n'}
[13.310651] (diagnostic_common_diagnostics) StdoutLine: {'line': b'writing top-level names to diagnostic_common_diagnostics.egg-info/top_level.txt\n'}
[13.315509] (diagnostic_common_diagnostics) StdoutLine: {'line': b"reading manifest file 'diagnostic_common_diagnostics.egg-info/SOURCES.txt'\n"}
[13.316853] (diagnostic_common_diagnostics) StdoutLine: {'line': b"writing manifest file 'diagnostic_common_diagnostics.egg-info/SOURCES.txt'\n"}
[13.317631] (realsense2_camera_msgs) JobEnded: {'identifier': 'realsense2_camera_msgs', 'rc': 0}
[13.321803] (realsense2_camera) JobStarted: {'identifier': 'realsense2_camera'}
[13.392311] (-) TimerEvent: {}
[13.400434] (diagnostic_common_diagnostics) StdoutLine: {'line': b'Built target ament_cmake_python_build_diagnostic_common_diagnostics_egg\n'}
[13.488614] (xacro) CommandEnded: {'returncode': 0}
[13.512162] (-) TimerEvent: {}
[13.634370] (-) TimerEvent: {}
[13.750542] (-) TimerEvent: {}
[13.824189] (diagnostic_common_diagnostics) CommandEnded: {'returncode': 0}
[13.846114] (realsense2_camera) JobProgress: {'identifier': 'realsense2_camera', 'progress': 'cmake'}
[13.850831] (-) TimerEvent: {}
[13.853637] (realsense2_camera) JobProgress: {'identifier': 'realsense2_camera', 'progress': 'build'}
[13.855852] (realsense2_camera) Command: {'cmd': ['/usr/local/bin/cmake', '--build', '/root/Workspaces/rosgsthumble_ws/build/realsense2_camera', '--', '-j4', '-l4'], 'cwd': '/root/Workspaces/rosgsthumble_ws/build/realsense2_camera', 'env': OrderedDict([('OPENBLAS_CORETYPE', 'ARMV8'), ('PYTHONIOENCODING', 'utf-8'), ('HOSTNAME', 'nano'), ('LD_LIBRARY_PATH', '/root/Workspaces/rosgsthumble_ws/install/realsense2_camera_msgs/lib:/root/Workspaces/rosgsthumble_ws/install/cv_bridge/lib:/root/Workspaces/rosgsthumble_ws/install/realsense2_camera/lib:/root/Workspaces/rosgsthumble_ws/install/image_geometry/lib:/root/Workspaces/rosgsthumble_ws/install/gst_pipeline_plugins/lib:/root/Workspaces/rosgsthumble_ws/install/gst_pipeline/lib:/root/Workspaces/rosgsthumble_ws/install/gst_msgs/lib:/root/Workspaces/rosgsthumble_ws/install/gst_bridge/lib:/root/Workspaces/rosgsthumble_ws/install/diagnostic_updater/lib:/root/Workspaces/rosgsthumble_ws/install/audio_msgs/lib:/opt/ros/humble/install/opt/rviz_ogre_vendor/lib:/opt/ros/humble/install/lib:/usr/local/cuda-10.2/targets/aarch64-linux/lib'), ('SHLVL', '1'), ('OLDPWD', '/root/Workspaces'), ('HOME', '/root'), ('ROS_PYTHON_VERSION', '3'), ('COLCON_PREFIX_PATH', '/opt/ros/humble/install:/root/Workspaces/rosgsthumble_ws/install'), ('ROS_DISTRO', 'humble'), ('PULSE_SERVER', 'unix:/run/user/1000/pulse/native'), ('_', '/usr/bin/colcon'), ('ROS_VERSION', '2'), ('NVIDIA_DRIVER_CAPABILITIES', 'compute,utility,graphics'), ('PKG_CONFIG_PATH', '/opt/ros/humble/install/lib/aarch64-linux-gnu/pkgconfig:/opt/ros/humble/install/lib/pkgconfig'), ('TERM', 'xterm'), ('ROS_LOCALHOST_ONLY', '0'), ('PATH', '/root/Workspaces/rosgsthumble_ws/install/xacro/bin:/opt/ros/humble/install/bin:/usr/local/cuda-10.2/bin:/usr/local/cuda/bin:/usr/local/sbin:/usr/local/bin:/usr/sbin:/usr/bin:/sbin:/bin'), ('XDG_RUNTIME_DIR', '/run/user/1000'), ('DISPLAY', ''), ('LANG', 'en_US.UTF-8'), ('RMW_IMPLEMENTATION', 'rmw_cyclonedds_cpp'), ('LS_COLORS', 'rs=0:di=01;34:ln=01;36:mh=00:pi=40;33:so=01;35:do=01;35:bd=40;33;01:cd=40;33;01:or=40;31;01:mi=00:su=37;41:sg=30;43:ca=30;41:tw=30;42:ow=34;42:st=37;44:ex=01;32:*.tar=01;31:*.tgz=01;31:*.arc=01;31:*.arj=01;31:*.taz=01;31:*.lha=01;31:*.lz4=01;31:*.lzh=01;31:*.lzma=01;31:*.tlz=01;31:*.txz=01;31:*.tzo=01;31:*.t7z=01;31:*.zip=01;31:*.z=01;31:*.Z=01;31:*.dz=01;31:*.gz=01;31:*.lrz=01;31:*.lz=01;31:*.lzo=01;31:*.xz=01;31:*.zst=01;31:*.tzst=01;31:*.bz2=01;31:*.bz=01;31:*.tbz=01;31:*.tbz2=01;31:*.tz=01;31:*.deb=01;31:*.rpm=01;31:*.jar=01;31:*.war=01;31:*.ear=01;31:*.sar=01;31:*.rar=01;31:*.alz=01;31:*.ace=01;31:*.zoo=01;31:*.cpio=01;31:*.7z=01;31:*.rz=01;31:*.cab=01;31:*.wim=01;31:*.swm=01;31:*.dwm=01;31:*.esd=01;31:*.jpg=01;35:*.jpeg=01;35:*.mjpg=01;35:*.mjpeg=01;35:*.gif=01;35:*.bmp=01;35:*.pbm=01;35:*.pgm=01;35:*.ppm=01;35:*.tga=01;35:*.xbm=01;35:*.xpm=01;35:*.tif=01;35:*.tiff=01;35:*.png=01;35:*.svg=01;35:*.svgz=01;35:*.mng=01;35:*.pcx=01;35:*.mov=01;35:*.mpg=01;35:*.mpeg=01;35:*.m2v=01;35:*.mkv=01;35:*.webm=01;35:*.ogm=01;35:*.mp4=01;35:*.m4v=01;35:*.mp4v=01;35:*.vob=01;35:*.qt=01;35:*.nuv=01;35:*.wmv=01;35:*.asf=01;35:*.rm=01;35:*.rmvb=01;35:*.flc=01;35:*.avi=01;35:*.fli=01;35:*.flv=01;35:*.gl=01;35:*.dl=01;35:*.xcf=01;35:*.xwd=01;35:*.yuv=01;35:*.cgm=01;35:*.emf=01;35:*.ogv=01;35:*.ogx=01;35:*.aac=00;36:*.au=00;36:*.flac=00;36:*.m4a=00;36:*.mid=00;36:*.midi=00;36:*.mka=00;36:*.mp3=00;36:*.mpc=00;36:*.ogg=00;36:*.ra=00;36:*.wav=00;36:*.oga=00;36:*.opus=00;36:*.spx=00;36:*.xspf=00;36:'), ('ROS_ROOT', '/opt/ros/humble'), ('AMENT_PREFIX_PATH', '/root/Workspaces/rosgsthumble_ws/install/realsense2_camera_msgs:/root/Workspaces/rosgsthumble_ws/install/diagnostic_updater:/root/Workspaces/rosgsthumble_ws/install/cv_bridge:/opt/ros/humble/install'), ('DEBIAN_FRONTEND', 'noninteractive'), ('GST_PLUGIN_PATH', '/root/Workspaces/rosgsthumble_ws/install/gst_bridge/lib/gst_bridge/'), ('SHELL', '/bin/bash'), ('PWD', '/root/Workspaces/rosgsthumble_ws/build/realsense2_camera'), ('PYTHONPATH', '/root/Workspaces/rosgsthumble_ws/install/realsense2_camera_msgs/lib/python3.6/site-packages:/root/Workspaces/rosgsthumble_ws/install/diagnostic_updater/lib/python3.6/site-packages:/root/Workspaces/rosgsthumble_ws/install/cv_bridge/lib/python3.6/site-packages:/root/Workspaces/rosgsthumble_ws/install/xacro/lib/python3.6/site-packages:/root/Workspaces/rosgsthumble_ws/install/image_geometry/lib/python3.6/site-packages:/root/Workspaces/rosgsthumble_ws/install/gst_msgs/lib/python3.6/site-packages:/root/Workspaces/rosgsthumble_ws/install/diagnostic_common_diagnostics/lib/python3.6/site-packages:/root/Workspaces/rosgsthumble_ws/install/audio_msgs/lib/python3.6/site-packages:/opt/ros/humble/install/lib/python3.6/site-packages'), ('NVIDIA_VISIBLE_DEVICES', 'all'), ('COLCON', '1'), ('CMAKE_PREFIX_PATH', '/root/Workspaces/rosgsthumble_ws/install/realsense2_camera_msgs:/root/Workspaces/rosgsthumble_ws/install/diagnostic_updater:/root/Workspaces/rosgsthumble_ws/install/cv_bridge:/opt/ros/humble/install')]), 'shell': False}
[13.951102] (-) TimerEvent: {}
[14.052478] (-) TimerEvent: {}
[14.158440] (-) TimerEvent: {}
[14.247862] (realsense2_camera) StdoutLine: {'line': b'[  9%] Built target gtest_main\n'}
[14.248874] (realsense2_camera) StdoutLine: {'line': b'[ 18%] Built target gtest\n'}
[14.263744] (-) TimerEvent: {}
[14.281208] (realsense2_camera) StdoutLine: {'line': b'[ 27%] Built target realsense2_camera_node\n'}
[14.302473] (realsense2_camera) StdoutLine: {'line': b'[ 36%] Built target gtest_template\n'}
[14.363745] (realsense2_camera) StdoutLine: {'line': b'[100%] Built target realsense2_camera\n'}
[14.367035] (-) TimerEvent: {}
[14.491343] (-) TimerEvent: {}
[14.519551] (xacro) JobEnded: {'identifier': 'xacro', 'rc': 0}
[14.547264] (realsense2_description) JobStarted: {'identifier': 'realsense2_description'}
[14.568888] (gst_pipeline) StdoutLine: {'line': b'-- Override CMake install command with custom implementation using symlinks instead of copying resources\n'}
[14.595787] (gst_pipeline) StdoutLine: {'line': b'-- Found rclcpp: 16.0.5 (/opt/ros/humble/install/share/rclcpp/cmake)\n'}
[14.599002] (-) TimerEvent: {}
[14.680882] (diagnostic_common_diagnostics) JobProgress: {'identifier': 'diagnostic_common_diagnostics', 'progress': 'install'}
[14.682269] (diagnostic_common_diagnostics) Command: {'cmd': ['/usr/local/bin/cmake', '--install', '/root/Workspaces/rosgsthumble_ws/build/diagnostic_common_diagnostics'], 'cwd': '/root/Workspaces/rosgsthumble_ws/build/diagnostic_common_diagnostics', 'env': OrderedDict([('OPENBLAS_CORETYPE', 'ARMV8'), ('PYTHONIOENCODING', 'utf-8'), ('HOSTNAME', 'nano'), ('LD_LIBRARY_PATH', '/root/Workspaces/rosgsthumble_ws/install/realsense2_camera/lib:/root/Workspaces/rosgsthumble_ws/install/realsense2_camera_msgs/lib:/root/Workspaces/rosgsthumble_ws/install/image_geometry/lib:/root/Workspaces/rosgsthumble_ws/install/gst_pipeline_plugins/lib:/root/Workspaces/rosgsthumble_ws/install/gst_pipeline/lib:/root/Workspaces/rosgsthumble_ws/install/gst_msgs/lib:/root/Workspaces/rosgsthumble_ws/install/gst_bridge/lib:/root/Workspaces/rosgsthumble_ws/install/diagnostic_updater/lib:/root/Workspaces/rosgsthumble_ws/install/cv_bridge/lib:/root/Workspaces/rosgsthumble_ws/install/audio_msgs/lib:/opt/ros/humble/install/opt/rviz_ogre_vendor/lib:/opt/ros/humble/install/lib:/usr/local/cuda-10.2/targets/aarch64-linux/lib:'), ('SHLVL', '1'), ('OLDPWD', '/root/Workspaces'), ('HOME', '/root'), ('ROS_PYTHON_VERSION', '3'), ('COLCON_PREFIX_PATH', '/opt/ros/humble/install:/root/Workspaces/rosgsthumble_ws/install'), ('ROS_DISTRO', 'humble'), ('PULSE_SERVER', 'unix:/run/user/1000/pulse/native'), ('_', '/usr/bin/colcon'), ('ROS_VERSION', '2'), ('NVIDIA_DRIVER_CAPABILITIES', 'compute,utility,graphics'), ('PKG_CONFIG_PATH', '/opt/ros/humble/install/lib/aarch64-linux-gnu/pkgconfig:/opt/ros/humble/install/lib/pkgconfig'), ('TERM', 'xterm'), ('ROS_LOCALHOST_ONLY', '0'), ('PATH', '/root/Workspaces/rosgsthumble_ws/install/xacro/bin:/opt/ros/humble/install/bin:/usr/local/cuda-10.2/bin:/usr/local/cuda/bin:/usr/local/sbin:/usr/local/bin:/usr/sbin:/usr/bin:/sbin:/bin'), ('XDG_RUNTIME_DIR', '/run/user/1000'), ('DISPLAY', ''), ('LANG', 'en_US.UTF-8'), ('RMW_IMPLEMENTATION', 'rmw_cyclonedds_cpp'), ('LS_COLORS', 'rs=0:di=01;34:ln=01;36:mh=00:pi=40;33:so=01;35:do=01;35:bd=40;33;01:cd=40;33;01:or=40;31;01:mi=00:su=37;41:sg=30;43:ca=30;41:tw=30;42:ow=34;42:st=37;44:ex=01;32:*.tar=01;31:*.tgz=01;31:*.arc=01;31:*.arj=01;31:*.taz=01;31:*.lha=01;31:*.lz4=01;31:*.lzh=01;31:*.lzma=01;31:*.tlz=01;31:*.txz=01;31:*.tzo=01;31:*.t7z=01;31:*.zip=01;31:*.z=01;31:*.Z=01;31:*.dz=01;31:*.gz=01;31:*.lrz=01;31:*.lz=01;31:*.lzo=01;31:*.xz=01;31:*.zst=01;31:*.tzst=01;31:*.bz2=01;31:*.bz=01;31:*.tbz=01;31:*.tbz2=01;31:*.tz=01;31:*.deb=01;31:*.rpm=01;31:*.jar=01;31:*.war=01;31:*.ear=01;31:*.sar=01;31:*.rar=01;31:*.alz=01;31:*.ace=01;31:*.zoo=01;31:*.cpio=01;31:*.7z=01;31:*.rz=01;31:*.cab=01;31:*.wim=01;31:*.swm=01;31:*.dwm=01;31:*.esd=01;31:*.jpg=01;35:*.jpeg=01;35:*.mjpg=01;35:*.mjpeg=01;35:*.gif=01;35:*.bmp=01;35:*.pbm=01;35:*.pgm=01;35:*.ppm=01;35:*.tga=01;35:*.xbm=01;35:*.xpm=01;35:*.tif=01;35:*.tiff=01;35:*.png=01;35:*.svg=01;35:*.svgz=01;35:*.mng=01;35:*.pcx=01;35:*.mov=01;35:*.mpg=01;35:*.mpeg=01;35:*.m2v=01;35:*.mkv=01;35:*.webm=01;35:*.ogm=01;35:*.mp4=01;35:*.m4v=01;35:*.mp4v=01;35:*.vob=01;35:*.qt=01;35:*.nuv=01;35:*.wmv=01;35:*.asf=01;35:*.rm=01;35:*.rmvb=01;35:*.flc=01;35:*.avi=01;35:*.fli=01;35:*.flv=01;35:*.gl=01;35:*.dl=01;35:*.xcf=01;35:*.xwd=01;35:*.yuv=01;35:*.cgm=01;35:*.emf=01;35:*.ogv=01;35:*.ogx=01;35:*.aac=00;36:*.au=00;36:*.flac=00;36:*.m4a=00;36:*.mid=00;36:*.midi=00;36:*.mka=00;36:*.mp3=00;36:*.mpc=00;36:*.ogg=00;36:*.ra=00;36:*.wav=00;36:*.oga=00;36:*.opus=00;36:*.spx=00;36:*.xspf=00;36:'), ('ROS_ROOT', '/opt/ros/humble'), ('AMENT_PREFIX_PATH', '/root/Workspaces/rosgsthumble_ws/install/diagnostic_updater:/opt/ros/humble/install'), ('DEBIAN_FRONTEND', 'noninteractive'), ('GST_PLUGIN_PATH', '/root/Workspaces/rosgsthumble_ws/install/gst_bridge/lib/gst_bridge/'), ('SHELL', '/bin/bash'), ('PWD', '/root/Workspaces/rosgsthumble_ws/build/diagnostic_common_diagnostics'), ('PYTHONPATH', '/root/Workspaces/rosgsthumble_ws/install/diagnostic_updater/lib/python3.6/site-packages:/root/Workspaces/rosgsthumble_ws/install/xacro/lib/python3.6/site-packages:/root/Workspaces/rosgsthumble_ws/install/realsense2_camera_msgs/lib/python3.6/site-packages:/root/Workspaces/rosgsthumble_ws/install/image_geometry/lib/python3.6/site-packages:/root/Workspaces/rosgsthumble_ws/install/gst_msgs/lib/python3.6/site-packages:/root/Workspaces/rosgsthumble_ws/install/diagnostic_common_diagnostics/lib/python3.6/site-packages:/root/Workspaces/rosgsthumble_ws/install/cv_bridge/lib/python3.6/site-packages:/root/Workspaces/rosgsthumble_ws/install/audio_msgs/lib/python3.6/site-packages:/opt/ros/humble/install/lib/python3.6/site-packages'), ('NVIDIA_VISIBLE_DEVICES', 'all'), ('COLCON', '1'), ('CMAKE_PREFIX_PATH', '/root/Workspaces/rosgsthumble_ws/install/diagnostic_updater:/opt/ros/humble/install')]), 'shell': False}
[14.699110] (realsense2_camera) CommandEnded: {'returncode': 0}
[14.709967] (-) TimerEvent: {}
[14.727435] (realsense2_description) JobProgress: {'identifier': 'realsense2_description', 'progress': 'cmake'}
[14.742345] (realsense2_description) JobProgress: {'identifier': 'realsense2_description', 'progress': 'build'}
[14.748533] (realsense2_description) Command: {'cmd': ['/usr/local/bin/cmake', '--build', '/root/Workspaces/rosgsthumble_ws/build/realsense2_description', '--', '-j4', '-l4'], 'cwd': '/root/Workspaces/rosgsthumble_ws/build/realsense2_description', 'env': OrderedDict([('OPENBLAS_CORETYPE', 'ARMV8'), ('PYTHONIOENCODING', 'utf-8'), ('HOSTNAME', 'nano'), ('LD_LIBRARY_PATH', '/root/Workspaces/rosgsthumble_ws/install/realsense2_camera_msgs/lib:/root/Workspaces/rosgsthumble_ws/install/realsense2_camera/lib:/root/Workspaces/rosgsthumble_ws/install/image_geometry/lib:/root/Workspaces/rosgsthumble_ws/install/gst_pipeline_plugins/lib:/root/Workspaces/rosgsthumble_ws/install/gst_pipeline/lib:/root/Workspaces/rosgsthumble_ws/install/gst_msgs/lib:/root/Workspaces/rosgsthumble_ws/install/gst_bridge/lib:/root/Workspaces/rosgsthumble_ws/install/diagnostic_updater/lib:/root/Workspaces/rosgsthumble_ws/install/cv_bridge/lib:/root/Workspaces/rosgsthumble_ws/install/audio_msgs/lib:/opt/ros/humble/install/opt/rviz_ogre_vendor/lib:/opt/ros/humble/install/lib:/usr/local/cuda-10.2/targets/aarch64-linux/lib'), ('SHLVL', '1'), ('OLDPWD', '/root/Workspaces'), ('HOME', '/root'), ('ROS_PYTHON_VERSION', '3'), ('COLCON_PREFIX_PATH', '/opt/ros/humble/install:/root/Workspaces/rosgsthumble_ws/install'), ('ROS_DISTRO', 'humble'), ('PULSE_SERVER', 'unix:/run/user/1000/pulse/native'), ('_', '/usr/bin/colcon'), ('ROS_VERSION', '2'), ('NVIDIA_DRIVER_CAPABILITIES', 'compute,utility,graphics'), ('PKG_CONFIG_PATH', '/opt/ros/humble/install/lib/aarch64-linux-gnu/pkgconfig:/opt/ros/humble/install/lib/pkgconfig'), ('TERM', 'xterm'), ('ROS_LOCALHOST_ONLY', '0'), ('PATH', '/root/Workspaces/rosgsthumble_ws/install/xacro/bin:/opt/ros/humble/install/bin:/usr/local/cuda-10.2/bin:/usr/local/cuda/bin:/usr/local/sbin:/usr/local/bin:/usr/sbin:/usr/bin:/sbin:/bin'), ('XDG_RUNTIME_DIR', '/run/user/1000'), ('DISPLAY', ''), ('LANG', 'en_US.UTF-8'), ('RMW_IMPLEMENTATION', 'rmw_cyclonedds_cpp'), ('LS_COLORS', 'rs=0:di=01;34:ln=01;36:mh=00:pi=40;33:so=01;35:do=01;35:bd=40;33;01:cd=40;33;01:or=40;31;01:mi=00:su=37;41:sg=30;43:ca=30;41:tw=30;42:ow=34;42:st=37;44:ex=01;32:*.tar=01;31:*.tgz=01;31:*.arc=01;31:*.arj=01;31:*.taz=01;31:*.lha=01;31:*.lz4=01;31:*.lzh=01;31:*.lzma=01;31:*.tlz=01;31:*.txz=01;31:*.tzo=01;31:*.t7z=01;31:*.zip=01;31:*.z=01;31:*.Z=01;31:*.dz=01;31:*.gz=01;31:*.lrz=01;31:*.lz=01;31:*.lzo=01;31:*.xz=01;31:*.zst=01;31:*.tzst=01;31:*.bz2=01;31:*.bz=01;31:*.tbz=01;31:*.tbz2=01;31:*.tz=01;31:*.deb=01;31:*.rpm=01;31:*.jar=01;31:*.war=01;31:*.ear=01;31:*.sar=01;31:*.rar=01;31:*.alz=01;31:*.ace=01;31:*.zoo=01;31:*.cpio=01;31:*.7z=01;31:*.rz=01;31:*.cab=01;31:*.wim=01;31:*.swm=01;31:*.dwm=01;31:*.esd=01;31:*.jpg=01;35:*.jpeg=01;35:*.mjpg=01;35:*.mjpeg=01;35:*.gif=01;35:*.bmp=01;35:*.pbm=01;35:*.pgm=01;35:*.ppm=01;35:*.tga=01;35:*.xbm=01;35:*.xpm=01;35:*.tif=01;35:*.tiff=01;35:*.png=01;35:*.svg=01;35:*.svgz=01;35:*.mng=01;35:*.pcx=01;35:*.mov=01;35:*.mpg=01;35:*.mpeg=01;35:*.m2v=01;35:*.mkv=01;35:*.webm=01;35:*.ogm=01;35:*.mp4=01;35:*.m4v=01;35:*.mp4v=01;35:*.vob=01;35:*.qt=01;35:*.nuv=01;35:*.wmv=01;35:*.asf=01;35:*.rm=01;35:*.rmvb=01;35:*.flc=01;35:*.avi=01;35:*.fli=01;35:*.flv=01;35:*.gl=01;35:*.dl=01;35:*.xcf=01;35:*.xwd=01;35:*.yuv=01;35:*.cgm=01;35:*.emf=01;35:*.ogv=01;35:*.ogx=01;35:*.aac=00;36:*.au=00;36:*.flac=00;36:*.m4a=00;36:*.mid=00;36:*.midi=00;36:*.mka=00;36:*.mp3=00;36:*.mpc=00;36:*.ogg=00;36:*.ra=00;36:*.wav=00;36:*.oga=00;36:*.opus=00;36:*.spx=00;36:*.xspf=00;36:'), ('ROS_ROOT', '/opt/ros/humble'), ('AMENT_PREFIX_PATH', '/root/Workspaces/rosgsthumble_ws/install/xacro:/root/Workspaces/rosgsthumble_ws/install/realsense2_camera_msgs:/opt/ros/humble/install'), ('DEBIAN_FRONTEND', 'noninteractive'), ('GST_PLUGIN_PATH', '/root/Workspaces/rosgsthumble_ws/install/gst_bridge/lib/gst_bridge/'), ('SHELL', '/bin/bash'), ('PWD', '/root/Workspaces/rosgsthumble_ws/build/realsense2_description'), ('PYTHONPATH', '/root/Workspaces/rosgsthumble_ws/install/xacro/lib/python3.6/site-packages:/root/Workspaces/rosgsthumble_ws/install/realsense2_camera_msgs/lib/python3.6/site-packages:/root/Workspaces/rosgsthumble_ws/install/image_geometry/lib/python3.6/site-packages:/root/Workspaces/rosgsthumble_ws/install/gst_msgs/lib/python3.6/site-packages:/root/Workspaces/rosgsthumble_ws/install/diagnostic_common_diagnostics/lib/python3.6/site-packages:/root/Workspaces/rosgsthumble_ws/install/diagnostic_updater/lib/python3.6/site-packages:/root/Workspaces/rosgsthumble_ws/install/cv_bridge/lib/python3.6/site-packages:/root/Workspaces/rosgsthumble_ws/install/audio_msgs/lib/python3.6/site-packages:/opt/ros/humble/install/lib/python3.6/site-packages'), ('NVIDIA_VISIBLE_DEVICES', 'all'), ('COLCON', '1'), ('CMAKE_PREFIX_PATH', '/root/Workspaces/rosgsthumble_ws/install/xacro:/root/Workspaces/rosgsthumble_ws/install/realsense2_camera_msgs:/opt/ros/humble/install')]), 'shell': False}
[14.793338] (gst_pipeline) StdoutLine: {'line': b'-- Found rosidl_generator_c: 3.1.5 (/opt/ros/humble/install/share/rosidl_generator_c/cmake)\n'}
[14.810046] (-) TimerEvent: {}
[14.816128] (gst_pipeline) StdoutLine: {'line': b'-- Found rosidl_adapter: 3.1.5 (/opt/ros/humble/install/share/rosidl_adapter/cmake)\n'}
[14.859336] (gst_pipeline) StdoutLine: {'line': b'-- Found rosidl_generator_cpp: 3.1.5 (/opt/ros/humble/install/share/rosidl_generator_cpp/cmake)\n'}
[14.894961] (diagnostic_common_diagnostics) StdoutLine: {'line': b'-- Install configuration: ""\n'}
[14.899354] (diagnostic_common_diagnostics) StdoutLine: {'line': b'-- Execute custom install script\n'}
[14.903835] (diagnostic_common_diagnostics) StdoutLine: {'line': b'-- Up-to-date symlink: /root/Workspaces/rosgsthumble_ws/install/diagnostic_common_diagnostics/share/diagnostic_common_diagnostics/environment/pythonpath.sh\n'}
[14.908433] (diagnostic_common_diagnostics) StdoutLine: {'line': b'-- Up-to-date symlink: /root/Workspaces/rosgsthumble_ws/install/diagnostic_common_diagnostics/share/diagnostic_common_diagnostics/environment/pythonpath.dsv\n'}
[14.910200] (-) TimerEvent: {}
[14.914902] (diagnostic_common_diagnostics) StdoutLine: {'line': b'-- Up-to-date symlink: /root/Workspaces/rosgsthumble_ws/install/diagnostic_common_diagnostics/lib/python3.6/site-packages/diagnostic_common_diagnostics-4.0.6-py3.6.egg-info/PKG-INFO\n'}
[14.920056] (diagnostic_common_diagnostics) StdoutLine: {'line': b'-- Up-to-date symlink: /root/Workspaces/rosgsthumble_ws/install/diagnostic_common_diagnostics/lib/python3.6/site-packages/diagnostic_common_diagnostics-4.0.6-py3.6.egg-info/SOURCES.txt\n'}
[14.924524] (diagnostic_common_diagnostics) StdoutLine: {'line': b'-- Up-to-date symlink: /root/Workspaces/rosgsthumble_ws/install/diagnostic_common_diagnostics/lib/python3.6/site-packages/diagnostic_common_diagnostics-4.0.6-py3.6.egg-info/dependency_links.txt\n'}
[14.932735] (diagnostic_common_diagnostics) StdoutLine: {'line': b'-- Up-to-date symlink: /root/Workspaces/rosgsthumble_ws/install/diagnostic_common_diagnostics/lib/python3.6/site-packages/diagnostic_common_diagnostics-4.0.6-py3.6.egg-info/top_level.txt\n'}
[14.937148] (diagnostic_common_diagnostics) StdoutLine: {'line': b'-- Up-to-date symlink: /root/Workspaces/rosgsthumble_ws/install/diagnostic_common_diagnostics/lib/python3.6/site-packages/diagnostic_common_diagnostics/__init__.py\n'}
[14.939609] (diagnostic_common_diagnostics) StdoutLine: {'line': b'-- Up-to-date symlink: /root/Workspaces/rosgsthumble_ws/install/diagnostic_common_diagnostics/lib/python3.6/site-packages/diagnostic_common_diagnostics/cpu_monitor.py\n'}
[14.941798] (diagnostic_common_diagnostics) StdoutLine: {'line': b'-- Up-to-date symlink: /root/Workspaces/rosgsthumble_ws/install/diagnostic_common_diagnostics/lib/python3.6/site-packages/diagnostic_common_diagnostics/hd_monitor.py\n'}
[14.944053] (diagnostic_common_diagnostics) StdoutLine: {'line': b'-- Up-to-date symlink: /root/Workspaces/rosgsthumble_ws/install/diagnostic_common_diagnostics/lib/python3.6/site-packages/diagnostic_common_diagnostics/ntp_monitor.py\n'}
[14.945101] (gst_pipeline) StdoutLine: {'line': b'-- Using all available rosidl_typesupport_c: rosidl_typesupport_fastrtps_c;rosidl_typesupport_introspection_c\n'}
[14.947089] (diagnostic_common_diagnostics) StdoutLine: {'line': b'-- Up-to-date symlink: /root/Workspaces/rosgsthumble_ws/install/diagnostic_common_diagnostics/lib/python3.6/site-packages/diagnostic_common_diagnostics/ram_monitor.py\n'}
[14.951373] (diagnostic_common_diagnostics) StdoutLine: {'line': b'-- Up-to-date symlink: /root/Workspaces/rosgsthumble_ws/install/diagnostic_common_diagnostics/lib/python3.6/site-packages/diagnostic_common_diagnostics/sensors_monitor.py\n'}
[14.956034] (diagnostic_common_diagnostics) StdoutLine: {'line': b'-- Up-to-date symlink: /root/Workspaces/rosgsthumble_ws/install/diagnostic_common_diagnostics/lib/diagnostic_common_diagnostics/cpu_monitor.py\n'}
[14.961086] (diagnostic_common_diagnostics) StdoutLine: {'line': b'-- Up-to-date symlink: /root/Workspaces/rosgsthumble_ws/install/diagnostic_common_diagnostics/lib/diagnostic_common_diagnostics/ntp_monitor.py\n'}
[14.966232] (diagnostic_common_diagnostics) StdoutLine: {'line': b'-- Up-to-date symlink: /root/Workspaces/rosgsthumble_ws/install/diagnostic_common_diagnostics/lib/diagnostic_common_diagnostics/ram_monitor.py\n'}
[14.971185] (diagnostic_common_diagnostics) StdoutLine: {'line': b'-- Up-to-date symlink: /root/Workspaces/rosgsthumble_ws/install/diagnostic_common_diagnostics/lib/diagnostic_common_diagnostics/sensors_monitor.py\n'}
[14.973596] (diagnostic_common_diagnostics) StdoutLine: {'line': b'-- Up-to-date symlink: /root/Workspaces/rosgsthumble_ws/install/diagnostic_common_diagnostics/lib/diagnostic_common_diagnostics/hd_monitor.py\n'}
[14.977416] (diagnostic_common_diagnostics) StdoutLine: {'line': b'-- Up-to-date symlink: /root/Workspaces/rosgsthumble_ws/install/diagnostic_common_diagnostics/share/ament_index/resource_index/package_run_dependencies/diagnostic_common_diagnostics\n'}
[14.980380] (diagnostic_common_diagnostics) StdoutLine: {'line': b'-- Up-to-date symlink: /root/Workspaces/rosgsthumble_ws/install/diagnostic_common_diagnostics/share/ament_index/resource_index/parent_prefix_path/diagnostic_common_diagnostics\n'}
[14.983837] (diagnostic_common_diagnostics) StdoutLine: {'line': b'-- Up-to-date symlink: /root/Workspaces/rosgsthumble_ws/install/diagnostic_common_diagnostics/share/diagnostic_common_diagnostics/environment/ament_prefix_path.sh\n'}
[14.987188] (diagnostic_common_diagnostics) StdoutLine: {'line': b'-- Up-to-date symlink: /root/Workspaces/rosgsthumble_ws/install/diagnostic_common_diagnostics/share/diagnostic_common_diagnostics/environment/ament_prefix_path.dsv\n'}
[14.989142] (diagnostic_common_diagnostics) StdoutLine: {'line': b'-- Up-to-date symlink: /root/Workspaces/rosgsthumble_ws/install/diagnostic_common_diagnostics/share/diagnostic_common_diagnostics/environment/path.sh\n'}
[14.991080] (diagnostic_common_diagnostics) StdoutLine: {'line': b'-- Up-to-date symlink: /root/Workspaces/rosgsthumble_ws/install/diagnostic_common_diagnostics/share/diagnostic_common_diagnostics/environment/path.dsv\n'}
[14.992911] (diagnostic_common_diagnostics) StdoutLine: {'line': b'-- Up-to-date symlink: /root/Workspaces/rosgsthumble_ws/install/diagnostic_common_diagnostics/share/diagnostic_common_diagnostics/local_setup.bash\n'}
[15.000869] (diagnostic_common_diagnostics) StdoutLine: {'line': b'-- Up-to-date symlink: /root/Workspaces/rosgsthumble_ws/install/diagnostic_common_diagnostics/share/diagnostic_common_diagnostics/local_setup.sh\n'}
[15.002481] (diagnostic_common_diagnostics) StdoutLine: {'line': b'-- Up-to-date symlink: /root/Workspaces/rosgsthumble_ws/install/diagnostic_common_diagnostics/share/diagnostic_common_diagnostics/local_setup.zsh\n'}
[15.004620] (diagnostic_common_diagnostics) StdoutLine: {'line': b'-- Up-to-date symlink: /root/Workspaces/rosgsthumble_ws/install/diagnostic_common_diagnostics/share/diagnostic_common_diagnostics/local_setup.dsv\n'}
[15.006753] (diagnostic_common_diagnostics) StdoutLine: {'line': b'-- Symlinking: /root/Workspaces/rosgsthumble_ws/install/diagnostic_common_diagnostics/share/diagnostic_common_diagnostics/package.dsv\n'}
[15.010377] (-) TimerEvent: {}
[15.026449] (diagnostic_common_diagnostics) StdoutLine: {'line': b'-- Up-to-date symlink: /root/Workspaces/rosgsthumble_ws/install/diagnostic_common_diagnostics/share/ament_index/resource_index/packages/diagnostic_common_diagnostics\n'}
[15.028059] (diagnostic_common_diagnostics) StdoutLine: {'line': b'-- Up-to-date symlink: /root/Workspaces/rosgsthumble_ws/install/diagnostic_common_diagnostics/share/diagnostic_common_diagnostics/cmake/diagnostic_common_diagnosticsConfig.cmake\n'}
[15.029332] (diagnostic_common_diagnostics) StdoutLine: {'line': b'-- Up-to-date symlink: /root/Workspaces/rosgsthumble_ws/install/diagnostic_common_diagnostics/share/diagnostic_common_diagnostics/cmake/diagnostic_common_diagnosticsConfig-version.cmake\n'}
[15.031171] (diagnostic_common_diagnostics) StdoutLine: {'line': b'-- Up-to-date symlink: /root/Workspaces/rosgsthumble_ws/install/diagnostic_common_diagnostics/share/diagnostic_common_diagnostics/package.xml\n'}
[15.055631] (realsense2_description) CommandEnded: {'returncode': 0}
[15.067542] (gst_pipeline) StdoutLine: {'line': b'-- Using all available rosidl_typesupport_cpp: rosidl_typesupport_fastrtps_cpp;rosidl_typesupport_introspection_cpp\n'}
[15.110542] (-) TimerEvent: {}
[15.212379] (-) TimerEvent: {}
[15.238838] (realsense2_camera) JobProgress: {'identifier': 'realsense2_camera', 'progress': 'install'}
[15.244949] (realsense2_camera) Command: {'cmd': ['/usr/local/bin/cmake', '--install', '/root/Workspaces/rosgsthumble_ws/build/realsense2_camera'], 'cwd': '/root/Workspaces/rosgsthumble_ws/build/realsense2_camera', 'env': OrderedDict([('OPENBLAS_CORETYPE', 'ARMV8'), ('PYTHONIOENCODING', 'utf-8'), ('HOSTNAME', 'nano'), ('LD_LIBRARY_PATH', '/root/Workspaces/rosgsthumble_ws/install/realsense2_camera_msgs/lib:/root/Workspaces/rosgsthumble_ws/install/cv_bridge/lib:/root/Workspaces/rosgsthumble_ws/install/realsense2_camera/lib:/root/Workspaces/rosgsthumble_ws/install/image_geometry/lib:/root/Workspaces/rosgsthumble_ws/install/gst_pipeline_plugins/lib:/root/Workspaces/rosgsthumble_ws/install/gst_pipeline/lib:/root/Workspaces/rosgsthumble_ws/install/gst_msgs/lib:/root/Workspaces/rosgsthumble_ws/install/gst_bridge/lib:/root/Workspaces/rosgsthumble_ws/install/diagnostic_updater/lib:/root/Workspaces/rosgsthumble_ws/install/audio_msgs/lib:/opt/ros/humble/install/opt/rviz_ogre_vendor/lib:/opt/ros/humble/install/lib:/usr/local/cuda-10.2/targets/aarch64-linux/lib'), ('SHLVL', '1'), ('OLDPWD', '/root/Workspaces'), ('HOME', '/root'), ('ROS_PYTHON_VERSION', '3'), ('COLCON_PREFIX_PATH', '/opt/ros/humble/install:/root/Workspaces/rosgsthumble_ws/install'), ('ROS_DISTRO', 'humble'), ('PULSE_SERVER', 'unix:/run/user/1000/pulse/native'), ('_', '/usr/bin/colcon'), ('ROS_VERSION', '2'), ('NVIDIA_DRIVER_CAPABILITIES', 'compute,utility,graphics'), ('PKG_CONFIG_PATH', '/opt/ros/humble/install/lib/aarch64-linux-gnu/pkgconfig:/opt/ros/humble/install/lib/pkgconfig'), ('TERM', 'xterm'), ('ROS_LOCALHOST_ONLY', '0'), ('PATH', '/root/Workspaces/rosgsthumble_ws/install/xacro/bin:/opt/ros/humble/install/bin:/usr/local/cuda-10.2/bin:/usr/local/cuda/bin:/usr/local/sbin:/usr/local/bin:/usr/sbin:/usr/bin:/sbin:/bin'), ('XDG_RUNTIME_DIR', '/run/user/1000'), ('DISPLAY', ''), ('LANG', 'en_US.UTF-8'), ('RMW_IMPLEMENTATION', 'rmw_cyclonedds_cpp'), ('LS_COLORS', 'rs=0:di=01;34:ln=01;36:mh=00:pi=40;33:so=01;35:do=01;35:bd=40;33;01:cd=40;33;01:or=40;31;01:mi=00:su=37;41:sg=30;43:ca=30;41:tw=30;42:ow=34;42:st=37;44:ex=01;32:*.tar=01;31:*.tgz=01;31:*.arc=01;31:*.arj=01;31:*.taz=01;31:*.lha=01;31:*.lz4=01;31:*.lzh=01;31:*.lzma=01;31:*.tlz=01;31:*.txz=01;31:*.tzo=01;31:*.t7z=01;31:*.zip=01;31:*.z=01;31:*.Z=01;31:*.dz=01;31:*.gz=01;31:*.lrz=01;31:*.lz=01;31:*.lzo=01;31:*.xz=01;31:*.zst=01;31:*.tzst=01;31:*.bz2=01;31:*.bz=01;31:*.tbz=01;31:*.tbz2=01;31:*.tz=01;31:*.deb=01;31:*.rpm=01;31:*.jar=01;31:*.war=01;31:*.ear=01;31:*.sar=01;31:*.rar=01;31:*.alz=01;31:*.ace=01;31:*.zoo=01;31:*.cpio=01;31:*.7z=01;31:*.rz=01;31:*.cab=01;31:*.wim=01;31:*.swm=01;31:*.dwm=01;31:*.esd=01;31:*.jpg=01;35:*.jpeg=01;35:*.mjpg=01;35:*.mjpeg=01;35:*.gif=01;35:*.bmp=01;35:*.pbm=01;35:*.pgm=01;35:*.ppm=01;35:*.tga=01;35:*.xbm=01;35:*.xpm=01;35:*.tif=01;35:*.tiff=01;35:*.png=01;35:*.svg=01;35:*.svgz=01;35:*.mng=01;35:*.pcx=01;35:*.mov=01;35:*.mpg=01;35:*.mpeg=01;35:*.m2v=01;35:*.mkv=01;35:*.webm=01;35:*.ogm=01;35:*.mp4=01;35:*.m4v=01;35:*.mp4v=01;35:*.vob=01;35:*.qt=01;35:*.nuv=01;35:*.wmv=01;35:*.asf=01;35:*.rm=01;35:*.rmvb=01;35:*.flc=01;35:*.avi=01;35:*.fli=01;35:*.flv=01;35:*.gl=01;35:*.dl=01;35:*.xcf=01;35:*.xwd=01;35:*.yuv=01;35:*.cgm=01;35:*.emf=01;35:*.ogv=01;35:*.ogx=01;35:*.aac=00;36:*.au=00;36:*.flac=00;36:*.m4a=00;36:*.mid=00;36:*.midi=00;36:*.mka=00;36:*.mp3=00;36:*.mpc=00;36:*.ogg=00;36:*.ra=00;36:*.wav=00;36:*.oga=00;36:*.opus=00;36:*.spx=00;36:*.xspf=00;36:'), ('ROS_ROOT', '/opt/ros/humble'), ('AMENT_PREFIX_PATH', '/root/Workspaces/rosgsthumble_ws/install/realsense2_camera_msgs:/root/Workspaces/rosgsthumble_ws/install/diagnostic_updater:/root/Workspaces/rosgsthumble_ws/install/cv_bridge:/opt/ros/humble/install'), ('DEBIAN_FRONTEND', 'noninteractive'), ('GST_PLUGIN_PATH', '/root/Workspaces/rosgsthumble_ws/install/gst_bridge/lib/gst_bridge/'), ('SHELL', '/bin/bash'), ('PWD', '/root/Workspaces/rosgsthumble_ws/build/realsense2_camera'), ('PYTHONPATH', '/root/Workspaces/rosgsthumble_ws/install/realsense2_camera_msgs/lib/python3.6/site-packages:/root/Workspaces/rosgsthumble_ws/install/diagnostic_updater/lib/python3.6/site-packages:/root/Workspaces/rosgsthumble_ws/install/cv_bridge/lib/python3.6/site-packages:/root/Workspaces/rosgsthumble_ws/install/xacro/lib/python3.6/site-packages:/root/Workspaces/rosgsthumble_ws/install/image_geometry/lib/python3.6/site-packages:/root/Workspaces/rosgsthumble_ws/install/gst_msgs/lib/python3.6/site-packages:/root/Workspaces/rosgsthumble_ws/install/diagnostic_common_diagnostics/lib/python3.6/site-packages:/root/Workspaces/rosgsthumble_ws/install/audio_msgs/lib/python3.6/site-packages:/opt/ros/humble/install/lib/python3.6/site-packages'), ('NVIDIA_VISIBLE_DEVICES', 'all'), ('COLCON', '1'), ('CMAKE_PREFIX_PATH', '/root/Workspaces/rosgsthumble_ws/install/realsense2_camera_msgs:/root/Workspaces/rosgsthumble_ws/install/diagnostic_updater:/root/Workspaces/rosgsthumble_ws/install/cv_bridge:/opt/ros/humble/install')]), 'shell': False}
[15.251318] (diagnostic_common_diagnostics) StdoutLine: {'line': b"Listing '/root/Workspaces/rosgsthumble_ws/install/diagnostic_common_diagnostics/lib/python3.6/site-packages/diagnostic_common_diagnostics'...\n"}
[15.293495] (diagnostic_common_diagnostics) CommandEnded: {'returncode': 0}
[15.317692] (-) TimerEvent: {}
[15.418836] (-) TimerEvent: {}
[15.462166] (realsense2_camera) StdoutLine: {'line': b'-- Install configuration: "Release"\n'}
[15.476024] (realsense2_camera) StdoutLine: {'line': b'-- Execute custom install script\n'}
[15.481760] (realsense2_camera) StdoutLine: {'line': b'-- Up-to-date symlink: /root/Workspaces/rosgsthumble_ws/install/realsense2_camera/lib/realsense2_camera/realsense2_camera_node\n'}
[15.486064] (realsense2_camera) StdoutLine: {'line': b'-- Up-to-date symlink: /root/Workspaces/rosgsthumble_ws/install/realsense2_camera/lib/librealsense2_camera.so\n'}
[15.486668] (realsense2_camera) StdoutLine: {'line': b'-- Up-to-date symlink: /root/Workspaces/rosgsthumble_ws/install/realsense2_camera/include/base_realsense_node.h\n'}
[15.487174] (realsense2_camera) StdoutLine: {'line': b'-- Up-to-date symlink: /root/Workspaces/rosgsthumble_ws/install/realsense2_camera/include/constants.h\n'}
[15.487687] (realsense2_camera) StdoutLine: {'line': b'-- Up-to-date symlink: /root/Workspaces/rosgsthumble_ws/install/realsense2_camera/include/dynamic_params.h\n'}
[15.488184] (realsense2_camera) StdoutLine: {'line': b'-- Up-to-date symlink: /root/Workspaces/rosgsthumble_ws/install/realsense2_camera/include/gl_window.h\n'}
[15.488676] (realsense2_camera) StdoutLine: {'line': b'-- Up-to-date symlink: /root/Workspaces/rosgsthumble_ws/install/realsense2_camera/include/image_publisher.h\n'}
[15.489166] (realsense2_camera) StdoutLine: {'line': b'-- Up-to-date symlink: /root/Workspaces/rosgsthumble_ws/install/realsense2_camera/include/named_filter.h\n'}
[15.489647] (realsense2_camera) StdoutLine: {'line': b'-- Up-to-date symlink: /root/Workspaces/rosgsthumble_ws/install/realsense2_camera/include/profile_manager.h\n'}
[15.490192] (realsense2_camera) StdoutLine: {'line': b'-- Up-to-date symlink: /root/Workspaces/rosgsthumble_ws/install/realsense2_camera/include/realsense_node_factory.h\n'}
[15.490670] (realsense2_camera) StdoutLine: {'line': b'-- Up-to-date symlink: /root/Workspaces/rosgsthumble_ws/install/realsense2_camera/include/ros_param_backend.h\n'}
[15.491129] (realsense2_camera) StdoutLine: {'line': b'-- Up-to-date symlink: /root/Workspaces/rosgsthumble_ws/install/realsense2_camera/include/ros_sensor.h\n'}
[15.491586] (realsense2_camera) StdoutLine: {'line': b'-- Up-to-date symlink: /root/Workspaces/rosgsthumble_ws/install/realsense2_camera/include/ros_utils.h\n'}
[15.492062] (realsense2_camera) StdoutLine: {'line': b'-- Up-to-date symlink: /root/Workspaces/rosgsthumble_ws/install/realsense2_camera/include/sensor_params.h\n'}
[15.492557] (realsense2_camera) StdoutLine: {'line': b'-- Up-to-date symlink: /root/Workspaces/rosgsthumble_ws/install/realsense2_camera/share/realsense2_camera/launch/default.rviz\n'}
[15.493024] (realsense2_camera) StdoutLine: {'line': b'-- Up-to-date symlink: /root/Workspaces/rosgsthumble_ws/install/realsense2_camera/share/realsense2_camera/launch/rs_intra_process_demo_launch.py\n'}
[15.493491] (realsense2_camera) StdoutLine: {'line': b'-- Up-to-date symlink: /root/Workspaces/rosgsthumble_ws/install/realsense2_camera/share/realsense2_camera/launch/rs_launch.py\n'}
[15.494081] (realsense2_camera) StdoutLine: {'line': b'-- Up-to-date symlink: /root/Workspaces/rosgsthumble_ws/install/realsense2_camera/share/realsense2_camera/launch/rs_multi_camera_launch.py\n'}
[15.494624] (realsense2_camera) StdoutLine: {'line': b'-- Up-to-date symlink: /root/Workspaces/rosgsthumble_ws/install/realsense2_camera/share/realsense2_camera/examples/align_depth/README.md\n'}
[15.495172] (realsense2_camera) StdoutLine: {'line': b'-- Up-to-date symlink: /root/Workspaces/rosgsthumble_ws/install/realsense2_camera/share/realsense2_camera/examples/align_depth/rs_align_depth_launch.py\n'}
[15.495695] (realsense2_camera) StdoutLine: {'line': b'-- Up-to-date symlink: /root/Workspaces/rosgsthumble_ws/install/realsense2_camera/share/realsense2_camera/examples/dual_camera/README.md\n'}
[15.501935] (realsense2_camera) StdoutLine: {'line': b'-- Up-to-date symlink: /root/Workspaces/rosgsthumble_ws/install/realsense2_camera/share/realsense2_camera/examples/dual_camera/rs_dual_camera_launch.py\n'}
[15.502609] (realsense2_camera) StdoutLine: {'line': b'-- Up-to-date symlink: /root/Workspaces/rosgsthumble_ws/install/realsense2_camera/share/realsense2_camera/examples/dual_camera/rviz/dual_camera_pointcloud.rviz\n'}
[15.503190] (realsense2_camera) StdoutLine: {'line': b'-- Up-to-date symlink: /root/Workspaces/rosgsthumble_ws/install/realsense2_camera/share/realsense2_camera/examples/launch_from_rosbag/README.md\n'}
[15.503736] (realsense2_camera) StdoutLine: {'line': b'-- Up-to-date symlink: /root/Workspaces/rosgsthumble_ws/install/realsense2_camera/share/realsense2_camera/examples/launch_from_rosbag/rs_launch_from_rosbag.py\n'}
[15.504309] (realsense2_camera) StdoutLine: {'line': b'-- Up-to-date symlink: /root/Workspaces/rosgsthumble_ws/install/realsense2_camera/share/realsense2_camera/examples/launch_params_from_file/README.md\n'}
[15.504877] (realsense2_camera) StdoutLine: {'line': b'-- Up-to-date symlink: /root/Workspaces/rosgsthumble_ws/install/realsense2_camera/share/realsense2_camera/examples/launch_params_from_file/config/config.yaml\n'}
[15.505438] (realsense2_camera) StdoutLine: {'line': b'-- Up-to-date symlink: /root/Workspaces/rosgsthumble_ws/install/realsense2_camera/share/realsense2_camera/examples/launch_params_from_file/rs_launch_get_params_from_yaml.py\n'}
[15.509897] (realsense2_camera) StdoutLine: {'line': b'-- Up-to-date symlink: /root/Workspaces/rosgsthumble_ws/install/realsense2_camera/share/realsense2_camera/examples/pointcloud/README.md\n'}
[15.510556] (realsense2_camera) StdoutLine: {'line': b'-- Up-to-date symlink: /root/Workspaces/rosgsthumble_ws/install/realsense2_camera/share/realsense2_camera/examples/pointcloud/rs_d405_pointcloud_launch.py\n'}
[15.511998] (realsense2_camera) StdoutLine: {'line': b'-- Up-to-date symlink: /root/Workspaces/rosgsthumble_ws/install/realsense2_camera/share/realsense2_camera/examples/pointcloud/rs_d455_pointcloud_launch.py\n'}
[15.512680] (realsense2_camera) StdoutLine: {'line': b'-- Up-to-date symlink: /root/Workspaces/rosgsthumble_ws/install/realsense2_camera/share/realsense2_camera/examples/pointcloud/rs_pointcloud_launch.py\n'}
[15.513209] (gst_pipeline) StdoutLine: {'line': b'-- Found rmw_implementation_cmake: 6.1.1 (/opt/ros/humble/install/share/rmw_implementation_cmake/cmake)\n'}
[15.513797] (realsense2_camera) StdoutLine: {'line': b'-- Up-to-date symlink: /root/Workspaces/rosgsthumble_ws/install/realsense2_camera/share/realsense2_camera/examples/pointcloud/rviz/pointcloud.rviz\n'}
[15.521158] (gst_pipeline) StdoutLine: {'line': b'-- Found rmw_cyclonedds_cpp: 1.3.4 (/opt/ros/humble/install/share/rmw_cyclonedds_cpp/cmake)\n'}
[15.544035] (-) TimerEvent: {}
[15.556954] (realsense2_camera) StdoutLine: {'line': b'-- Up-to-date symlink: /root/Workspaces/rosgsthumble_ws/install/realsense2_camera/share/realsense2_camera/examples/pointcloud/rviz/urdf_pointcloud.rviz\n'}
[15.558251] (realsense2_camera) StdoutLine: {'line': b'-- Up-to-date symlink: /root/Workspaces/rosgsthumble_ws/install/realsense2_camera/share/realsense2_camera/environment/library_path.sh\n'}
[15.560129] (realsense2_camera) StdoutLine: {'line': b'-- Up-to-date symlink: /root/Workspaces/rosgsthumble_ws/install/realsense2_camera/share/realsense2_camera/environment/library_path.dsv\n'}
[15.562652] (realsense2_camera) StdoutLine: {'line': b'-- Up-to-date symlink: /root/Workspaces/rosgsthumble_ws/install/realsense2_camera/share/ament_index/resource_index/package_run_dependencies/realsense2_camera\n'}
[15.565711] (realsense2_camera) StdoutLine: {'line': b'-- Up-to-date symlink: /root/Workspaces/rosgsthumble_ws/install/realsense2_camera/share/ament_index/resource_index/parent_prefix_path/realsense2_camera\n'}
[15.566860] (realsense2_camera) StdoutLine: {'line': b'-- Up-to-date symlink: /root/Workspaces/rosgsthumble_ws/install/realsense2_camera/share/realsense2_camera/environment/ament_prefix_path.sh\n'}
[15.568355] (realsense2_camera) StdoutLine: {'line': b'-- Up-to-date symlink: /root/Workspaces/rosgsthumble_ws/install/realsense2_camera/share/realsense2_camera/environment/ament_prefix_path.dsv\n'}
[15.569075] (realsense2_camera) StdoutLine: {'line': b'-- Up-to-date symlink: /root/Workspaces/rosgsthumble_ws/install/realsense2_camera/share/realsense2_camera/environment/path.sh\n'}
[15.570600] (realsense2_camera) StdoutLine: {'line': b'-- Up-to-date symlink: /root/Workspaces/rosgsthumble_ws/install/realsense2_camera/share/realsense2_camera/environment/path.dsv\n'}
[15.571957] (realsense2_camera) StdoutLine: {'line': b'-- Up-to-date symlink: /root/Workspaces/rosgsthumble_ws/install/realsense2_camera/share/realsense2_camera/local_setup.bash\n'}
[15.573473] (realsense2_camera) StdoutLine: {'line': b'-- Up-to-date symlink: /root/Workspaces/rosgsthumble_ws/install/realsense2_camera/share/realsense2_camera/local_setup.sh\n'}
[15.576198] (realsense2_camera) StdoutLine: {'line': b'-- Up-to-date symlink: /root/Workspaces/rosgsthumble_ws/install/realsense2_camera/share/realsense2_camera/local_setup.zsh\n'}
[15.577249] (realsense2_camera) StdoutLine: {'line': b'-- Up-to-date symlink: /root/Workspaces/rosgsthumble_ws/install/realsense2_camera/share/realsense2_camera/local_setup.dsv\n'}
[15.578206] (realsense2_camera) StdoutLine: {'line': b'-- Symlinking: /root/Workspaces/rosgsthumble_ws/install/realsense2_camera/share/realsense2_camera/package.dsv\n'}
[15.579866] (realsense2_camera) StdoutLine: {'line': b'-- Up-to-date symlink: /root/Workspaces/rosgsthumble_ws/install/realsense2_camera/share/ament_index/resource_index/packages/realsense2_camera\n'}
[15.585820] (realsense2_camera) StdoutLine: {'line': b'-- Up-to-date symlink: /root/Workspaces/rosgsthumble_ws/install/realsense2_camera/share/ament_index/resource_index/rclcpp_components/realsense2_camera\n'}
[15.588534] (realsense2_camera) StdoutLine: {'line': b'-- Up-to-date symlink: /root/Workspaces/rosgsthumble_ws/install/realsense2_camera/share/realsense2_camera/cmake/ament_cmake_export_include_directories-extras.cmake\n'}
[15.590551] (realsense2_camera) StdoutLine: {'line': b'-- Up-to-date symlink: /root/Workspaces/rosgsthumble_ws/install/realsense2_camera/share/realsense2_camera/cmake/ament_cmake_export_libraries-extras.cmake\n'}
[15.592427] (realsense2_camera) StdoutLine: {'line': b'-- Up-to-date symlink: /root/Workspaces/rosgsthumble_ws/install/realsense2_camera/share/realsense2_camera/cmake/ament_cmake_export_dependencies-extras.cmake\n'}
[15.595121] (realsense2_camera) StdoutLine: {'line': b'-- Up-to-date symlink: /root/Workspaces/rosgsthumble_ws/install/realsense2_camera/share/realsense2_camera/cmake/realsense2_cameraConfig.cmake\n'}
[15.597751] (realsense2_camera) StdoutLine: {'line': b'-- Up-to-date symlink: /root/Workspaces/rosgsthumble_ws/install/realsense2_camera/share/realsense2_camera/cmake/realsense2_cameraConfig-version.cmake\n'}
[15.607867] (realsense2_camera) StdoutLine: {'line': b'-- Up-to-date symlink: /root/Workspaces/rosgsthumble_ws/install/realsense2_camera/share/realsense2_camera/package.xml\n'}
[15.610235] (realsense2_description) JobProgress: {'identifier': 'realsense2_description', 'progress': 'install'}
[15.610582] (realsense2_description) Command: {'cmd': ['/usr/local/bin/cmake', '--install', '/root/Workspaces/rosgsthumble_ws/build/realsense2_description'], 'cwd': '/root/Workspaces/rosgsthumble_ws/build/realsense2_description', 'env': OrderedDict([('OPENBLAS_CORETYPE', 'ARMV8'), ('PYTHONIOENCODING', 'utf-8'), ('HOSTNAME', 'nano'), ('LD_LIBRARY_PATH', '/root/Workspaces/rosgsthumble_ws/install/realsense2_camera_msgs/lib:/root/Workspaces/rosgsthumble_ws/install/realsense2_camera/lib:/root/Workspaces/rosgsthumble_ws/install/image_geometry/lib:/root/Workspaces/rosgsthumble_ws/install/gst_pipeline_plugins/lib:/root/Workspaces/rosgsthumble_ws/install/gst_pipeline/lib:/root/Workspaces/rosgsthumble_ws/install/gst_msgs/lib:/root/Workspaces/rosgsthumble_ws/install/gst_bridge/lib:/root/Workspaces/rosgsthumble_ws/install/diagnostic_updater/lib:/root/Workspaces/rosgsthumble_ws/install/cv_bridge/lib:/root/Workspaces/rosgsthumble_ws/install/audio_msgs/lib:/opt/ros/humble/install/opt/rviz_ogre_vendor/lib:/opt/ros/humble/install/lib:/usr/local/cuda-10.2/targets/aarch64-linux/lib'), ('SHLVL', '1'), ('OLDPWD', '/root/Workspaces'), ('HOME', '/root'), ('ROS_PYTHON_VERSION', '3'), ('COLCON_PREFIX_PATH', '/opt/ros/humble/install:/root/Workspaces/rosgsthumble_ws/install'), ('ROS_DISTRO', 'humble'), ('PULSE_SERVER', 'unix:/run/user/1000/pulse/native'), ('_', '/usr/bin/colcon'), ('ROS_VERSION', '2'), ('NVIDIA_DRIVER_CAPABILITIES', 'compute,utility,graphics'), ('PKG_CONFIG_PATH', '/opt/ros/humble/install/lib/aarch64-linux-gnu/pkgconfig:/opt/ros/humble/install/lib/pkgconfig'), ('TERM', 'xterm'), ('ROS_LOCALHOST_ONLY', '0'), ('PATH', '/root/Workspaces/rosgsthumble_ws/install/xacro/bin:/opt/ros/humble/install/bin:/usr/local/cuda-10.2/bin:/usr/local/cuda/bin:/usr/local/sbin:/usr/local/bin:/usr/sbin:/usr/bin:/sbin:/bin'), ('XDG_RUNTIME_DIR', '/run/user/1000'), ('DISPLAY', ''), ('LANG', 'en_US.UTF-8'), ('RMW_IMPLEMENTATION', 'rmw_cyclonedds_cpp'), ('LS_COLORS', 'rs=0:di=01;34:ln=01;36:mh=00:pi=40;33:so=01;35:do=01;35:bd=40;33;01:cd=40;33;01:or=40;31;01:mi=00:su=37;41:sg=30;43:ca=30;41:tw=30;42:ow=34;42:st=37;44:ex=01;32:*.tar=01;31:*.tgz=01;31:*.arc=01;31:*.arj=01;31:*.taz=01;31:*.lha=01;31:*.lz4=01;31:*.lzh=01;31:*.lzma=01;31:*.tlz=01;31:*.txz=01;31:*.tzo=01;31:*.t7z=01;31:*.zip=01;31:*.z=01;31:*.Z=01;31:*.dz=01;31:*.gz=01;31:*.lrz=01;31:*.lz=01;31:*.lzo=01;31:*.xz=01;31:*.zst=01;31:*.tzst=01;31:*.bz2=01;31:*.bz=01;31:*.tbz=01;31:*.tbz2=01;31:*.tz=01;31:*.deb=01;31:*.rpm=01;31:*.jar=01;31:*.war=01;31:*.ear=01;31:*.sar=01;31:*.rar=01;31:*.alz=01;31:*.ace=01;31:*.zoo=01;31:*.cpio=01;31:*.7z=01;31:*.rz=01;31:*.cab=01;31:*.wim=01;31:*.swm=01;31:*.dwm=01;31:*.esd=01;31:*.jpg=01;35:*.jpeg=01;35:*.mjpg=01;35:*.mjpeg=01;35:*.gif=01;35:*.bmp=01;35:*.pbm=01;35:*.pgm=01;35:*.ppm=01;35:*.tga=01;35:*.xbm=01;35:*.xpm=01;35:*.tif=01;35:*.tiff=01;35:*.png=01;35:*.svg=01;35:*.svgz=01;35:*.mng=01;35:*.pcx=01;35:*.mov=01;35:*.mpg=01;35:*.mpeg=01;35:*.m2v=01;35:*.mkv=01;35:*.webm=01;35:*.ogm=01;35:*.mp4=01;35:*.m4v=01;35:*.mp4v=01;35:*.vob=01;35:*.qt=01;35:*.nuv=01;35:*.wmv=01;35:*.asf=01;35:*.rm=01;35:*.rmvb=01;35:*.flc=01;35:*.avi=01;35:*.fli=01;35:*.flv=01;35:*.gl=01;35:*.dl=01;35:*.xcf=01;35:*.xwd=01;35:*.yuv=01;35:*.cgm=01;35:*.emf=01;35:*.ogv=01;35:*.ogx=01;35:*.aac=00;36:*.au=00;36:*.flac=00;36:*.m4a=00;36:*.mid=00;36:*.midi=00;36:*.mka=00;36:*.mp3=00;36:*.mpc=00;36:*.ogg=00;36:*.ra=00;36:*.wav=00;36:*.oga=00;36:*.opus=00;36:*.spx=00;36:*.xspf=00;36:'), ('ROS_ROOT', '/opt/ros/humble'), ('AMENT_PREFIX_PATH', '/root/Workspaces/rosgsthumble_ws/install/xacro:/root/Workspaces/rosgsthumble_ws/install/realsense2_camera_msgs:/opt/ros/humble/install'), ('DEBIAN_FRONTEND', 'noninteractive'), ('GST_PLUGIN_PATH', '/root/Workspaces/rosgsthumble_ws/install/gst_bridge/lib/gst_bridge/'), ('SHELL', '/bin/bash'), ('PWD', '/root/Workspaces/rosgsthumble_ws/build/realsense2_description'), ('PYTHONPATH', '/root/Workspaces/rosgsthumble_ws/install/xacro/lib/python3.6/site-packages:/root/Workspaces/rosgsthumble_ws/install/realsense2_camera_msgs/lib/python3.6/site-packages:/root/Workspaces/rosgsthumble_ws/install/image_geometry/lib/python3.6/site-packages:/root/Workspaces/rosgsthumble_ws/install/gst_msgs/lib/python3.6/site-packages:/root/Workspaces/rosgsthumble_ws/install/diagnostic_common_diagnostics/lib/python3.6/site-packages:/root/Workspaces/rosgsthumble_ws/install/diagnostic_updater/lib/python3.6/site-packages:/root/Workspaces/rosgsthumble_ws/install/cv_bridge/lib/python3.6/site-packages:/root/Workspaces/rosgsthumble_ws/install/audio_msgs/lib/python3.6/site-packages:/opt/ros/humble/install/lib/python3.6/site-packages'), ('NVIDIA_VISIBLE_DEVICES', 'all'), ('COLCON', '1'), ('CMAKE_PREFIX_PATH', '/root/Workspaces/rosgsthumble_ws/install/xacro:/root/Workspaces/rosgsthumble_ws/install/realsense2_camera_msgs:/opt/ros/humble/install')]), 'shell': False}
[15.620861] (realsense2_camera) CommandEnded: {'returncode': 0}
[15.649626] (-) TimerEvent: {}
[15.728371] (gst_pipeline) StdoutLine: {'line': b"-- Using RMW implementation 'rmw_cyclonedds_cpp' as default\n"}
[15.750183] (-) TimerEvent: {}
[15.810400] (realsense2_description) StdoutLine: {'line': b'-- Install configuration: ""\n'}
[15.813637] (realsense2_description) StdoutLine: {'line': b'-- Execute custom install script\n'}
[15.820238] (realsense2_description) StdoutLine: {'line': b'-- Up-to-date symlink: /root/Workspaces/rosgsthumble_ws/install/realsense2_description/share/realsense2_description/launch/launch_utils.py\n'}
[15.820984] (realsense2_description) StdoutLine: {'line': b'-- Up-to-date symlink: /root/Workspaces/rosgsthumble_ws/install/realsense2_description/share/realsense2_description/launch/view_model.launch.py\n'}
[15.821514] (realsense2_description) StdoutLine: {'line': b'-- Up-to-date symlink: /root/Workspaces/rosgsthumble_ws/install/realsense2_description/share/realsense2_description/meshes/d405.stl\n'}
[15.822109] (realsense2_description) StdoutLine: {'line': b'-- Up-to-date symlink: /root/Workspaces/rosgsthumble_ws/install/realsense2_description/share/realsense2_description/meshes/d415.stl\n'}
[15.822614] (realsense2_description) StdoutLine: {'line': b'-- Up-to-date symlink: /root/Workspaces/rosgsthumble_ws/install/realsense2_description/share/realsense2_description/meshes/d435.dae\n'}
[15.823099] (realsense2_description) StdoutLine: {'line': b'-- Up-to-date symlink: /root/Workspaces/rosgsthumble_ws/install/realsense2_description/share/realsense2_description/meshes/d455.stl\n'}
[15.823564] (realsense2_description) StdoutLine: {'line': b'-- Up-to-date symlink: /root/Workspaces/rosgsthumble_ws/install/realsense2_description/share/realsense2_description/meshes/l515.dae\n'}
[15.824245] (realsense2_description) StdoutLine: {'line': b'-- Up-to-date symlink: /root/Workspaces/rosgsthumble_ws/install/realsense2_description/share/realsense2_description/meshes/plug.stl\n'}
[15.824746] (realsense2_description) StdoutLine: {'line': b'-- Up-to-date symlink: /root/Workspaces/rosgsthumble_ws/install/realsense2_description/share/realsense2_description/meshes/plug_collision.stl\n'}
[15.825394] (realsense2_description) StdoutLine: {'line': b'-- Up-to-date symlink: /root/Workspaces/rosgsthumble_ws/install/realsense2_description/share/realsense2_description/rviz/urdf.rviz\n'}
[15.826115] (realsense2_description) StdoutLine: {'line': b'-- Up-to-date symlink: /root/Workspaces/rosgsthumble_ws/install/realsense2_description/share/realsense2_description/urdf/_d405.urdf.xacro\n'}
[15.826800] (realsense2_description) StdoutLine: {'line': b'-- Up-to-date symlink: /root/Workspaces/rosgsthumble_ws/install/realsense2_description/share/realsense2_description/urdf/_d415.urdf.xacro\n'}
[15.827422] (realsense2_description) StdoutLine: {'line': b'-- Up-to-date symlink: /root/Workspaces/rosgsthumble_ws/install/realsense2_description/share/realsense2_description/urdf/_d435.urdf.xacro\n'}
[15.828018] (realsense2_description) StdoutLine: {'line': b'-- Up-to-date symlink: /root/Workspaces/rosgsthumble_ws/install/realsense2_description/share/realsense2_description/urdf/_d435i.urdf.xacro\n'}
[15.828611] (realsense2_description) StdoutLine: {'line': b'-- Up-to-date symlink: /root/Workspaces/rosgsthumble_ws/install/realsense2_description/share/realsense2_description/urdf/_d435i_imu_modules.urdf.xacro\n'}
[15.829205] (realsense2_description) StdoutLine: {'line': b'-- Up-to-date symlink: /root/Workspaces/rosgsthumble_ws/install/realsense2_description/share/realsense2_description/urdf/_d455.urdf.xacro\n'}
[15.829804] (realsense2_description) StdoutLine: {'line': b'-- Up-to-date symlink: /root/Workspaces/rosgsthumble_ws/install/realsense2_description/share/realsense2_description/urdf/_materials.urdf.xacro\n'}
[15.830475] (realsense2_description) StdoutLine: {'line': b'-- Up-to-date symlink: /root/Workspaces/rosgsthumble_ws/install/realsense2_description/share/realsense2_description/urdf/_r410.urdf.xacro\n'}
[15.837213] (realsense2_description) StdoutLine: {'line': b'-- Up-to-date symlink: /root/Workspaces/rosgsthumble_ws/install/realsense2_description/share/realsense2_description/urdf/_r430.urdf.xacro\n'}
[15.837815] (realsense2_description) StdoutLine: {'line': b'-- Up-to-date symlink: /root/Workspaces/rosgsthumble_ws/install/realsense2_description/share/realsense2_description/urdf/_usb_plug.urdf.xacro\n'}
[15.838520] (realsense2_description) StdoutLine: {'line': b'-- Up-to-date symlink: /root/Workspaces/rosgsthumble_ws/install/realsense2_description/share/realsense2_description/urdf/test_d405_camera.urdf.xacro\n'}
[15.839141] (realsense2_description) StdoutLine: {'line': b'-- Up-to-date symlink: /root/Workspaces/rosgsthumble_ws/install/realsense2_description/share/realsense2_description/urdf/test_d415_camera.urdf.xacro\n'}
[15.839895] (realsense2_description) StdoutLine: {'line': b'-- Up-to-date symlink: /root/Workspaces/rosgsthumble_ws/install/realsense2_description/share/realsense2_description/urdf/test_d435_camera.urdf.xacro\n'}
[15.840506] (realsense2_description) StdoutLine: {'line': b'-- Up-to-date symlink: /root/Workspaces/rosgsthumble_ws/install/realsense2_description/share/realsense2_description/urdf/test_d435_multiple_cameras.urdf.xacro\n'}
[15.841231] (realsense2_description) StdoutLine: {'line': b'-- Up-to-date symlink: /root/Workspaces/rosgsthumble_ws/install/realsense2_description/share/realsense2_description/urdf/test_d435i_camera.urdf.xacro\n'}
[15.841765] (realsense2_description) StdoutLine: {'line': b'-- Up-to-date symlink: /root/Workspaces/rosgsthumble_ws/install/realsense2_description/share/realsense2_description/urdf/test_d455_camera.urdf.xacro\n'}
[15.842358] (realsense2_description) StdoutLine: {'line': b'-- Up-to-date symlink: /root/Workspaces/rosgsthumble_ws/install/realsense2_description/share/realsense2_description/urdf/test_r410_camera.urdf.xacro\n'}
[15.843021] (realsense2_description) StdoutLine: {'line': b'-- Up-to-date symlink: /root/Workspaces/rosgsthumble_ws/install/realsense2_description/share/realsense2_description/urdf/test_r430_camera.urdf.xacro\n'}
[15.843532] (realsense2_description) StdoutLine: {'line': b'-- Up-to-date symlink: /root/Workspaces/rosgsthumble_ws/install/realsense2_description/share/ament_index/resource_index/package_run_dependencies/realsense2_description\n'}
[15.856497] (-) TimerEvent: {}
[15.857132] (realsense2_description) StdoutLine: {'line': b'-- Up-to-date symlink: /root/Workspaces/rosgsthumble_ws/install/realsense2_description/share/ament_index/resource_index/parent_prefix_path/realsense2_description\n'}
[15.857941] (realsense2_description) StdoutLine: {'line': b'-- Up-to-date symlink: /root/Workspaces/rosgsthumble_ws/install/realsense2_description/share/realsense2_description/environment/ament_prefix_path.sh\n'}
[15.858706] (realsense2_description) StdoutLine: {'line': b'-- Up-to-date symlink: /root/Workspaces/rosgsthumble_ws/install/realsense2_description/share/realsense2_description/environment/ament_prefix_path.dsv\n'}
[15.859269] (realsense2_description) StdoutLine: {'line': b'-- Up-to-date symlink: /root/Workspaces/rosgsthumble_ws/install/realsense2_description/share/realsense2_description/environment/path.sh\n'}
[15.859848] (realsense2_description) StdoutLine: {'line': b'-- Up-to-date symlink: /root/Workspaces/rosgsthumble_ws/install/realsense2_description/share/realsense2_description/environment/path.dsv\n'}
[15.860401] (realsense2_description) StdoutLine: {'line': b'-- Up-to-date symlink: /root/Workspaces/rosgsthumble_ws/install/realsense2_description/share/realsense2_description/local_setup.bash\n'}
[15.860974] (realsense2_description) StdoutLine: {'line': b'-- Up-to-date symlink: /root/Workspaces/rosgsthumble_ws/install/realsense2_description/share/realsense2_description/local_setup.sh\n'}
[15.861535] (realsense2_description) StdoutLine: {'line': b'-- Up-to-date symlink: /root/Workspaces/rosgsthumble_ws/install/realsense2_description/share/realsense2_description/local_setup.zsh\n'}
[15.862158] (realsense2_description) StdoutLine: {'line': b'-- Up-to-date symlink: /root/Workspaces/rosgsthumble_ws/install/realsense2_description/share/realsense2_description/local_setup.dsv\n'}
[15.862687] (realsense2_description) StdoutLine: {'line': b'-- Symlinking: /root/Workspaces/rosgsthumble_ws/install/realsense2_description/share/realsense2_description/package.dsv\n'}
[15.893094] (realsense2_description) StdoutLine: {'line': b'-- Up-to-date symlink: /root/Workspaces/rosgsthumble_ws/install/realsense2_description/share/ament_index/resource_index/packages/realsense2_description\n'}
[15.909189] (realsense2_description) StdoutLine: {'line': b'-- Up-to-date symlink: /root/Workspaces/rosgsthumble_ws/install/realsense2_description/share/realsense2_description/cmake/realsense2_descriptionConfig.cmake\n'}
[15.911217] (realsense2_description) StdoutLine: {'line': b'-- Up-to-date symlink: /root/Workspaces/rosgsthumble_ws/install/realsense2_description/share/realsense2_description/cmake/realsense2_descriptionConfig-version.cmake\n'}
[15.911887] (realsense2_description) StdoutLine: {'line': b'-- Up-to-date symlink: /root/Workspaces/rosgsthumble_ws/install/realsense2_description/share/realsense2_description/package.xml\n'}
[15.960039] (-) TimerEvent: {}
[16.077515] (-) TimerEvent: {}
[16.200391] (-) TimerEvent: {}
[16.218853] (diagnostic_common_diagnostics) JobEnded: {'identifier': 'diagnostic_common_diagnostics', 'rc': 0}
[16.268056] (vision_opencv) JobStarted: {'identifier': 'vision_opencv'}
[16.301408] (-) TimerEvent: {}
[16.381418] (realsense2_description) CommandEnded: {'returncode': 0}
[16.404660] (-) TimerEvent: {}
[16.526133] (-) TimerEvent: {}
[16.642412] (-) TimerEvent: {}
[16.766025] (gst_pipeline) StdoutLine: {'line': b'-- Found rclcpp_components: 16.0.5 (/opt/ros/humble/install/share/rclcpp_components/cmake)\n'}
[16.771725] (-) TimerEvent: {}
[16.835756] (realsense2_camera) JobEnded: {'identifier': 'realsense2_camera', 'rc': 0}
[16.841772] (vision_opencv) JobProgress: {'identifier': 'vision_opencv', 'progress': 'cmake'}
[16.846613] (vision_opencv) JobProgress: {'identifier': 'vision_opencv', 'progress': 'build'}
[16.847757] (vision_opencv) Command: {'cmd': ['/usr/local/bin/cmake', '--build', '/root/Workspaces/rosgsthumble_ws/build/vision_opencv', '--', '-j4', '-l4'], 'cwd': '/root/Workspaces/rosgsthumble_ws/build/vision_opencv', 'env': OrderedDict([('OPENBLAS_CORETYPE', 'ARMV8'), ('PYTHONIOENCODING', 'utf-8'), ('HOSTNAME', 'nano'), ('LD_LIBRARY_PATH', '/root/Workspaces/rosgsthumble_ws/install/image_geometry/lib:/root/Workspaces/rosgsthumble_ws/install/cv_bridge/lib:/root/Workspaces/rosgsthumble_ws/install/realsense2_camera/lib:/root/Workspaces/rosgsthumble_ws/install/realsense2_camera_msgs/lib:/root/Workspaces/rosgsthumble_ws/install/gst_pipeline_plugins/lib:/root/Workspaces/rosgsthumble_ws/install/gst_pipeline/lib:/root/Workspaces/rosgsthumble_ws/install/gst_msgs/lib:/root/Workspaces/rosgsthumble_ws/install/gst_bridge/lib:/root/Workspaces/rosgsthumble_ws/install/diagnostic_updater/lib:/root/Workspaces/rosgsthumble_ws/install/audio_msgs/lib:/opt/ros/humble/install/opt/rviz_ogre_vendor/lib:/opt/ros/humble/install/lib:/usr/local/cuda-10.2/targets/aarch64-linux/lib'), ('SHLVL', '1'), ('OLDPWD', '/root/Workspaces'), ('HOME', '/root'), ('ROS_PYTHON_VERSION', '3'), ('COLCON_PREFIX_PATH', '/opt/ros/humble/install:/root/Workspaces/rosgsthumble_ws/install'), ('ROS_DISTRO', 'humble'), ('PULSE_SERVER', 'unix:/run/user/1000/pulse/native'), ('_', '/usr/bin/colcon'), ('ROS_VERSION', '2'), ('NVIDIA_DRIVER_CAPABILITIES', 'compute,utility,graphics'), ('PKG_CONFIG_PATH', '/opt/ros/humble/install/lib/aarch64-linux-gnu/pkgconfig:/opt/ros/humble/install/lib/pkgconfig'), ('TERM', 'xterm'), ('ROS_LOCALHOST_ONLY', '0'), ('PATH', '/root/Workspaces/rosgsthumble_ws/install/xacro/bin:/opt/ros/humble/install/bin:/usr/local/cuda-10.2/bin:/usr/local/cuda/bin:/usr/local/sbin:/usr/local/bin:/usr/sbin:/usr/bin:/sbin:/bin'), ('XDG_RUNTIME_DIR', '/run/user/1000'), ('DISPLAY', ''), ('LANG', 'en_US.UTF-8'), ('RMW_IMPLEMENTATION', 'rmw_cyclonedds_cpp'), ('LS_COLORS', 'rs=0:di=01;34:ln=01;36:mh=00:pi=40;33:so=01;35:do=01;35:bd=40;33;01:cd=40;33;01:or=40;31;01:mi=00:su=37;41:sg=30;43:ca=30;41:tw=30;42:ow=34;42:st=37;44:ex=01;32:*.tar=01;31:*.tgz=01;31:*.arc=01;31:*.arj=01;31:*.taz=01;31:*.lha=01;31:*.lz4=01;31:*.lzh=01;31:*.lzma=01;31:*.tlz=01;31:*.txz=01;31:*.tzo=01;31:*.t7z=01;31:*.zip=01;31:*.z=01;31:*.Z=01;31:*.dz=01;31:*.gz=01;31:*.lrz=01;31:*.lz=01;31:*.lzo=01;31:*.xz=01;31:*.zst=01;31:*.tzst=01;31:*.bz2=01;31:*.bz=01;31:*.tbz=01;31:*.tbz2=01;31:*.tz=01;31:*.deb=01;31:*.rpm=01;31:*.jar=01;31:*.war=01;31:*.ear=01;31:*.sar=01;31:*.rar=01;31:*.alz=01;31:*.ace=01;31:*.zoo=01;31:*.cpio=01;31:*.7z=01;31:*.rz=01;31:*.cab=01;31:*.wim=01;31:*.swm=01;31:*.dwm=01;31:*.esd=01;31:*.jpg=01;35:*.jpeg=01;35:*.mjpg=01;35:*.mjpeg=01;35:*.gif=01;35:*.bmp=01;35:*.pbm=01;35:*.pgm=01;35:*.ppm=01;35:*.tga=01;35:*.xbm=01;35:*.xpm=01;35:*.tif=01;35:*.tiff=01;35:*.png=01;35:*.svg=01;35:*.svgz=01;35:*.mng=01;35:*.pcx=01;35:*.mov=01;35:*.mpg=01;35:*.mpeg=01;35:*.m2v=01;35:*.mkv=01;35:*.webm=01;35:*.ogm=01;35:*.mp4=01;35:*.m4v=01;35:*.mp4v=01;35:*.vob=01;35:*.qt=01;35:*.nuv=01;35:*.wmv=01;35:*.asf=01;35:*.rm=01;35:*.rmvb=01;35:*.flc=01;35:*.avi=01;35:*.fli=01;35:*.flv=01;35:*.gl=01;35:*.dl=01;35:*.xcf=01;35:*.xwd=01;35:*.yuv=01;35:*.cgm=01;35:*.emf=01;35:*.ogv=01;35:*.ogx=01;35:*.aac=00;36:*.au=00;36:*.flac=00;36:*.m4a=00;36:*.mid=00;36:*.midi=00;36:*.mka=00;36:*.mp3=00;36:*.mpc=00;36:*.ogg=00;36:*.ra=00;36:*.wav=00;36:*.oga=00;36:*.opus=00;36:*.spx=00;36:*.xspf=00;36:'), ('ROS_ROOT', '/opt/ros/humble'), ('AMENT_PREFIX_PATH', '/root/Workspaces/rosgsthumble_ws/install/image_geometry:/root/Workspaces/rosgsthumble_ws/install/cv_bridge:/opt/ros/humble/install'), ('DEBIAN_FRONTEND', 'noninteractive'), ('GST_PLUGIN_PATH', '/root/Workspaces/rosgsthumble_ws/install/gst_bridge/lib/gst_bridge/'), ('SHELL', '/bin/bash'), ('PWD', '/root/Workspaces/rosgsthumble_ws/build/vision_opencv'), ('PYTHONPATH', '/root/Workspaces/rosgsthumble_ws/install/image_geometry/lib/python3.6/site-packages:/root/Workspaces/rosgsthumble_ws/install/cv_bridge/lib/python3.6/site-packages:/root/Workspaces/rosgsthumble_ws/install/xacro/lib/python3.6/site-packages:/root/Workspaces/rosgsthumble_ws/install/realsense2_camera_msgs/lib/python3.6/site-packages:/root/Workspaces/rosgsthumble_ws/install/gst_msgs/lib/python3.6/site-packages:/root/Workspaces/rosgsthumble_ws/install/diagnostic_common_diagnostics/lib/python3.6/site-packages:/root/Workspaces/rosgsthumble_ws/install/diagnostic_updater/lib/python3.6/site-packages:/root/Workspaces/rosgsthumble_ws/install/audio_msgs/lib/python3.6/site-packages:/opt/ros/humble/install/lib/python3.6/site-packages'), ('NVIDIA_VISIBLE_DEVICES', 'all'), ('COLCON', '1'), ('CMAKE_PREFIX_PATH', '/root/Workspaces/rosgsthumble_ws/install/image_geometry:/root/Workspaces/rosgsthumble_ws/install/cv_bridge:/opt/ros/humble/install')]), 'shell': False}
[16.862821] (diagnostics) JobStarted: {'identifier': 'diagnostics'}
[16.875155] (-) TimerEvent: {}
[16.995887] (-) TimerEvent: {}
[17.108613] (-) TimerEvent: {}
[17.150537] (gst_pipeline) StdoutLine: {'line': b'-- Found gst_bridge: 0.0.0 (/root/Workspaces/rosgsthumble_ws/install/gst_bridge/share/gst_bridge/cmake)\n'}
[17.213842] (-) TimerEvent: {}
[17.242368] (realsense2_description) JobEnded: {'identifier': 'realsense2_description', 'rc': 0}
[17.257215] (webrtc_camera_node) JobStarted: {'identifier': 'webrtc_camera_node'}
[17.315466] (-) TimerEvent: {}
[17.392590] (vision_opencv) CommandEnded: {'returncode': 0}
[17.412507] (diagnostics) JobProgress: {'identifier': 'diagnostics', 'progress': 'cmake'}
[17.415894] (diagnostics) JobProgress: {'identifier': 'diagnostics', 'progress': 'build'}
[17.417397] (-) TimerEvent: {}
[17.425685] (diagnostics) Command: {'cmd': ['/usr/local/bin/cmake', '--build', '/root/Workspaces/rosgsthumble_ws/build/diagnostics', '--', '-j4', '-l4'], 'cwd': '/root/Workspaces/rosgsthumble_ws/build/diagnostics', 'env': OrderedDict([('OPENBLAS_CORETYPE', 'ARMV8'), ('PYTHONIOENCODING', 'utf-8'), ('HOSTNAME', 'nano'), ('LD_LIBRARY_PATH', '/root/Workspaces/rosgsthumble_ws/install/realsense2_camera/lib:/root/Workspaces/rosgsthumble_ws/install/realsense2_camera_msgs/lib:/root/Workspaces/rosgsthumble_ws/install/image_geometry/lib:/root/Workspaces/rosgsthumble_ws/install/gst_pipeline_plugins/lib:/root/Workspaces/rosgsthumble_ws/install/gst_pipeline/lib:/root/Workspaces/rosgsthumble_ws/install/gst_msgs/lib:/root/Workspaces/rosgsthumble_ws/install/gst_bridge/lib:/root/Workspaces/rosgsthumble_ws/install/diagnostic_updater/lib:/root/Workspaces/rosgsthumble_ws/install/cv_bridge/lib:/root/Workspaces/rosgsthumble_ws/install/audio_msgs/lib:/opt/ros/humble/install/opt/rviz_ogre_vendor/lib:/opt/ros/humble/install/lib:/usr/local/cuda-10.2/targets/aarch64-linux/lib:'), ('SHLVL', '1'), ('OLDPWD', '/root/Workspaces'), ('HOME', '/root'), ('ROS_PYTHON_VERSION', '3'), ('COLCON_PREFIX_PATH', '/opt/ros/humble/install:/root/Workspaces/rosgsthumble_ws/install'), ('ROS_DISTRO', 'humble'), ('PULSE_SERVER', 'unix:/run/user/1000/pulse/native'), ('_', '/usr/bin/colcon'), ('ROS_VERSION', '2'), ('NVIDIA_DRIVER_CAPABILITIES', 'compute,utility,graphics'), ('PKG_CONFIG_PATH', '/opt/ros/humble/install/lib/aarch64-linux-gnu/pkgconfig:/opt/ros/humble/install/lib/pkgconfig'), ('TERM', 'xterm'), ('ROS_LOCALHOST_ONLY', '0'), ('PATH', '/root/Workspaces/rosgsthumble_ws/install/xacro/bin:/opt/ros/humble/install/bin:/usr/local/cuda-10.2/bin:/usr/local/cuda/bin:/usr/local/sbin:/usr/local/bin:/usr/sbin:/usr/bin:/sbin:/bin'), ('XDG_RUNTIME_DIR', '/run/user/1000'), ('DISPLAY', ''), ('LANG', 'en_US.UTF-8'), ('RMW_IMPLEMENTATION', 'rmw_cyclonedds_cpp'), ('LS_COLORS', 'rs=0:di=01;34:ln=01;36:mh=00:pi=40;33:so=01;35:do=01;35:bd=40;33;01:cd=40;33;01:or=40;31;01:mi=00:su=37;41:sg=30;43:ca=30;41:tw=30;42:ow=34;42:st=37;44:ex=01;32:*.tar=01;31:*.tgz=01;31:*.arc=01;31:*.arj=01;31:*.taz=01;31:*.lha=01;31:*.lz4=01;31:*.lzh=01;31:*.lzma=01;31:*.tlz=01;31:*.txz=01;31:*.tzo=01;31:*.t7z=01;31:*.zip=01;31:*.z=01;31:*.Z=01;31:*.dz=01;31:*.gz=01;31:*.lrz=01;31:*.lz=01;31:*.lzo=01;31:*.xz=01;31:*.zst=01;31:*.tzst=01;31:*.bz2=01;31:*.bz=01;31:*.tbz=01;31:*.tbz2=01;31:*.tz=01;31:*.deb=01;31:*.rpm=01;31:*.jar=01;31:*.war=01;31:*.ear=01;31:*.sar=01;31:*.rar=01;31:*.alz=01;31:*.ace=01;31:*.zoo=01;31:*.cpio=01;31:*.7z=01;31:*.rz=01;31:*.cab=01;31:*.wim=01;31:*.swm=01;31:*.dwm=01;31:*.esd=01;31:*.jpg=01;35:*.jpeg=01;35:*.mjpg=01;35:*.mjpeg=01;35:*.gif=01;35:*.bmp=01;35:*.pbm=01;35:*.pgm=01;35:*.ppm=01;35:*.tga=01;35:*.xbm=01;35:*.xpm=01;35:*.tif=01;35:*.tiff=01;35:*.png=01;35:*.svg=01;35:*.svgz=01;35:*.mng=01;35:*.pcx=01;35:*.mov=01;35:*.mpg=01;35:*.mpeg=01;35:*.m2v=01;35:*.mkv=01;35:*.webm=01;35:*.ogm=01;35:*.mp4=01;35:*.m4v=01;35:*.mp4v=01;35:*.vob=01;35:*.qt=01;35:*.nuv=01;35:*.wmv=01;35:*.asf=01;35:*.rm=01;35:*.rmvb=01;35:*.flc=01;35:*.avi=01;35:*.fli=01;35:*.flv=01;35:*.gl=01;35:*.dl=01;35:*.xcf=01;35:*.xwd=01;35:*.yuv=01;35:*.cgm=01;35:*.emf=01;35:*.ogv=01;35:*.ogx=01;35:*.aac=00;36:*.au=00;36:*.flac=00;36:*.m4a=00;36:*.mid=00;36:*.midi=00;36:*.mka=00;36:*.mp3=00;36:*.mpc=00;36:*.ogg=00;36:*.ra=00;36:*.wav=00;36:*.oga=00;36:*.opus=00;36:*.spx=00;36:*.xspf=00;36:'), ('ROS_ROOT', '/opt/ros/humble'), ('AMENT_PREFIX_PATH', '/root/Workspaces/rosgsthumble_ws/install/diagnostic_common_diagnostics:/root/Workspaces/rosgsthumble_ws/install/diagnostic_updater:/opt/ros/humble/install'), ('DEBIAN_FRONTEND', 'noninteractive'), ('GST_PLUGIN_PATH', '/root/Workspaces/rosgsthumble_ws/install/gst_bridge/lib/gst_bridge/'), ('SHELL', '/bin/bash'), ('PWD', '/root/Workspaces/rosgsthumble_ws/build/diagnostics'), ('PYTHONPATH', '/root/Workspaces/rosgsthumble_ws/install/diagnostic_common_diagnostics/lib/python3.6/site-packages:/root/Workspaces/rosgsthumble_ws/install/diagnostic_updater/lib/python3.6/site-packages:/root/Workspaces/rosgsthumble_ws/install/xacro/lib/python3.6/site-packages:/root/Workspaces/rosgsthumble_ws/install/realsense2_camera_msgs/lib/python3.6/site-packages:/root/Workspaces/rosgsthumble_ws/install/image_geometry/lib/python3.6/site-packages:/root/Workspaces/rosgsthumble_ws/install/gst_msgs/lib/python3.6/site-packages:/root/Workspaces/rosgsthumble_ws/install/cv_bridge/lib/python3.6/site-packages:/root/Workspaces/rosgsthumble_ws/install/audio_msgs/lib/python3.6/site-packages:/opt/ros/humble/install/lib/python3.6/site-packages'), ('NVIDIA_VISIBLE_DEVICES', 'all'), ('COLCON', '1'), ('CMAKE_PREFIX_PATH', '/root/Workspaces/rosgsthumble_ws/install/diagnostic_common_diagnostics:/root/Workspaces/rosgsthumble_ws/install/diagnostic_updater:/opt/ros/humble/install')]), 'shell': False}
[17.440535] (webrtc_camera_node) JobProgress: {'identifier': 'webrtc_camera_node', 'progress': 'cmake'}
[17.446058] (webrtc_camera_node) JobProgress: {'identifier': 'webrtc_camera_node', 'progress': 'build'}
[17.447756] (webrtc_camera_node) Command: {'cmd': ['/usr/local/bin/cmake', '--build', '/root/Workspaces/rosgsthumble_ws/build/webrtc_camera_node', '--', '-j4', '-l4'], 'cwd': '/root/Workspaces/rosgsthumble_ws/build/webrtc_camera_node', 'env': OrderedDict([('OPENBLAS_CORETYPE', 'ARMV8'), ('PYTHONIOENCODING', 'utf-8'), ('HOSTNAME', 'nano'), ('LD_LIBRARY_PATH', '/root/Workspaces/rosgsthumble_ws/install/gst_bridge/lib:/root/Workspaces/rosgsthumble_ws/install/audio_msgs/lib:/root/Workspaces/rosgsthumble_ws/install/realsense2_camera/lib:/root/Workspaces/rosgsthumble_ws/install/realsense2_camera_msgs/lib:/root/Workspaces/rosgsthumble_ws/install/image_geometry/lib:/root/Workspaces/rosgsthumble_ws/install/gst_pipeline_plugins/lib:/root/Workspaces/rosgsthumble_ws/install/gst_pipeline/lib:/root/Workspaces/rosgsthumble_ws/install/gst_msgs/lib:/root/Workspaces/rosgsthumble_ws/install/diagnostic_updater/lib:/root/Workspaces/rosgsthumble_ws/install/cv_bridge/lib:/opt/ros/humble/install/opt/rviz_ogre_vendor/lib:/opt/ros/humble/install/lib:/usr/local/cuda-10.2/targets/aarch64-linux/lib'), ('SHLVL', '1'), ('OLDPWD', '/root/Workspaces'), ('HOME', '/root'), ('ROS_PYTHON_VERSION', '3'), ('COLCON_PREFIX_PATH', '/opt/ros/humble/install:/root/Workspaces/rosgsthumble_ws/install'), ('ROS_DISTRO', 'humble'), ('PULSE_SERVER', 'unix:/run/user/1000/pulse/native'), ('_', '/usr/bin/colcon'), ('ROS_VERSION', '2'), ('NVIDIA_DRIVER_CAPABILITIES', 'compute,utility,graphics'), ('PKG_CONFIG_PATH', '/opt/ros/humble/install/lib/aarch64-linux-gnu/pkgconfig:/opt/ros/humble/install/lib/pkgconfig'), ('TERM', 'xterm'), ('ROS_LOCALHOST_ONLY', '0'), ('PATH', '/root/Workspaces/rosgsthumble_ws/install/xacro/bin:/opt/ros/humble/install/bin:/usr/local/cuda-10.2/bin:/usr/local/cuda/bin:/usr/local/sbin:/usr/local/bin:/usr/sbin:/usr/bin:/sbin:/bin'), ('XDG_RUNTIME_DIR', '/run/user/1000'), ('DISPLAY', ''), ('LANG', 'en_US.UTF-8'), ('RMW_IMPLEMENTATION', 'rmw_cyclonedds_cpp'), ('LS_COLORS', 'rs=0:di=01;34:ln=01;36:mh=00:pi=40;33:so=01;35:do=01;35:bd=40;33;01:cd=40;33;01:or=40;31;01:mi=00:su=37;41:sg=30;43:ca=30;41:tw=30;42:ow=34;42:st=37;44:ex=01;32:*.tar=01;31:*.tgz=01;31:*.arc=01;31:*.arj=01;31:*.taz=01;31:*.lha=01;31:*.lz4=01;31:*.lzh=01;31:*.lzma=01;31:*.tlz=01;31:*.txz=01;31:*.tzo=01;31:*.t7z=01;31:*.zip=01;31:*.z=01;31:*.Z=01;31:*.dz=01;31:*.gz=01;31:*.lrz=01;31:*.lz=01;31:*.lzo=01;31:*.xz=01;31:*.zst=01;31:*.tzst=01;31:*.bz2=01;31:*.bz=01;31:*.tbz=01;31:*.tbz2=01;31:*.tz=01;31:*.deb=01;31:*.rpm=01;31:*.jar=01;31:*.war=01;31:*.ear=01;31:*.sar=01;31:*.rar=01;31:*.alz=01;31:*.ace=01;31:*.zoo=01;31:*.cpio=01;31:*.7z=01;31:*.rz=01;31:*.cab=01;31:*.wim=01;31:*.swm=01;31:*.dwm=01;31:*.esd=01;31:*.jpg=01;35:*.jpeg=01;35:*.mjpg=01;35:*.mjpeg=01;35:*.gif=01;35:*.bmp=01;35:*.pbm=01;35:*.pgm=01;35:*.ppm=01;35:*.tga=01;35:*.xbm=01;35:*.xpm=01;35:*.tif=01;35:*.tiff=01;35:*.png=01;35:*.svg=01;35:*.svgz=01;35:*.mng=01;35:*.pcx=01;35:*.mov=01;35:*.mpg=01;35:*.mpeg=01;35:*.m2v=01;35:*.mkv=01;35:*.webm=01;35:*.ogm=01;35:*.mp4=01;35:*.m4v=01;35:*.mp4v=01;35:*.vob=01;35:*.qt=01;35:*.nuv=01;35:*.wmv=01;35:*.asf=01;35:*.rm=01;35:*.rmvb=01;35:*.flc=01;35:*.avi=01;35:*.fli=01;35:*.flv=01;35:*.gl=01;35:*.dl=01;35:*.xcf=01;35:*.xwd=01;35:*.yuv=01;35:*.cgm=01;35:*.emf=01;35:*.ogv=01;35:*.ogx=01;35:*.aac=00;36:*.au=00;36:*.flac=00;36:*.m4a=00;36:*.mid=00;36:*.midi=00;36:*.mka=00;36:*.mp3=00;36:*.mpc=00;36:*.ogg=00;36:*.ra=00;36:*.wav=00;36:*.oga=00;36:*.opus=00;36:*.spx=00;36:*.xspf=00;36:'), ('ROS_ROOT', '/opt/ros/humble'), ('AMENT_PREFIX_PATH', '/root/Workspaces/rosgsthumble_ws/install/gst_bridge:/root/Workspaces/rosgsthumble_ws/install/audio_msgs:/opt/ros/humble/install'), ('DEBIAN_FRONTEND', 'noninteractive'), ('GST_PLUGIN_PATH', '/root/Workspaces/rosgsthumble_ws/install/gst_bridge/lib/gst_bridge/'), ('SHELL', '/bin/bash'), ('PWD', '/root/Workspaces/rosgsthumble_ws/build/webrtc_camera_node'), ('PYTHONPATH', '/root/Workspaces/rosgsthumble_ws/install/audio_msgs/lib/python3.6/site-packages:/root/Workspaces/rosgsthumble_ws/install/xacro/lib/python3.6/site-packages:/root/Workspaces/rosgsthumble_ws/install/realsense2_camera_msgs/lib/python3.6/site-packages:/root/Workspaces/rosgsthumble_ws/install/image_geometry/lib/python3.6/site-packages:/root/Workspaces/rosgsthumble_ws/install/gst_msgs/lib/python3.6/site-packages:/root/Workspaces/rosgsthumble_ws/install/diagnostic_common_diagnostics/lib/python3.6/site-packages:/root/Workspaces/rosgsthumble_ws/install/diagnostic_updater/lib/python3.6/site-packages:/root/Workspaces/rosgsthumble_ws/install/cv_bridge/lib/python3.6/site-packages:/opt/ros/humble/install/lib/python3.6/site-packages'), ('NVIDIA_VISIBLE_DEVICES', 'all'), ('COLCON', '1'), ('CMAKE_PREFIX_PATH', '/root/Workspaces/rosgsthumble_ws/install/gst_bridge:/root/Workspaces/rosgsthumble_ws/install/audio_msgs:/opt/ros/humble/install')]), 'shell': False}
[17.517678] (-) TimerEvent: {}
[17.620447] (-) TimerEvent: {}
[17.699390] (vision_opencv) JobProgress: {'identifier': 'vision_opencv', 'progress': 'install'}
[17.699682] (vision_opencv) Command: {'cmd': ['/usr/local/bin/cmake', '--install', '/root/Workspaces/rosgsthumble_ws/build/vision_opencv'], 'cwd': '/root/Workspaces/rosgsthumble_ws/build/vision_opencv', 'env': OrderedDict([('OPENBLAS_CORETYPE', 'ARMV8'), ('PYTHONIOENCODING', 'utf-8'), ('HOSTNAME', 'nano'), ('LD_LIBRARY_PATH', '/root/Workspaces/rosgsthumble_ws/install/image_geometry/lib:/root/Workspaces/rosgsthumble_ws/install/cv_bridge/lib:/root/Workspaces/rosgsthumble_ws/install/realsense2_camera/lib:/root/Workspaces/rosgsthumble_ws/install/realsense2_camera_msgs/lib:/root/Workspaces/rosgsthumble_ws/install/gst_pipeline_plugins/lib:/root/Workspaces/rosgsthumble_ws/install/gst_pipeline/lib:/root/Workspaces/rosgsthumble_ws/install/gst_msgs/lib:/root/Workspaces/rosgsthumble_ws/install/gst_bridge/lib:/root/Workspaces/rosgsthumble_ws/install/diagnostic_updater/lib:/root/Workspaces/rosgsthumble_ws/install/audio_msgs/lib:/opt/ros/humble/install/opt/rviz_ogre_vendor/lib:/opt/ros/humble/install/lib:/usr/local/cuda-10.2/targets/aarch64-linux/lib'), ('SHLVL', '1'), ('OLDPWD', '/root/Workspaces'), ('HOME', '/root'), ('ROS_PYTHON_VERSION', '3'), ('COLCON_PREFIX_PATH', '/opt/ros/humble/install:/root/Workspaces/rosgsthumble_ws/install'), ('ROS_DISTRO', 'humble'), ('PULSE_SERVER', 'unix:/run/user/1000/pulse/native'), ('_', '/usr/bin/colcon'), ('ROS_VERSION', '2'), ('NVIDIA_DRIVER_CAPABILITIES', 'compute,utility,graphics'), ('PKG_CONFIG_PATH', '/opt/ros/humble/install/lib/aarch64-linux-gnu/pkgconfig:/opt/ros/humble/install/lib/pkgconfig'), ('TERM', 'xterm'), ('ROS_LOCALHOST_ONLY', '0'), ('PATH', '/root/Workspaces/rosgsthumble_ws/install/xacro/bin:/opt/ros/humble/install/bin:/usr/local/cuda-10.2/bin:/usr/local/cuda/bin:/usr/local/sbin:/usr/local/bin:/usr/sbin:/usr/bin:/sbin:/bin'), ('XDG_RUNTIME_DIR', '/run/user/1000'), ('DISPLAY', ''), ('LANG', 'en_US.UTF-8'), ('RMW_IMPLEMENTATION', 'rmw_cyclonedds_cpp'), ('LS_COLORS', 'rs=0:di=01;34:ln=01;36:mh=00:pi=40;33:so=01;35:do=01;35:bd=40;33;01:cd=40;33;01:or=40;31;01:mi=00:su=37;41:sg=30;43:ca=30;41:tw=30;42:ow=34;42:st=37;44:ex=01;32:*.tar=01;31:*.tgz=01;31:*.arc=01;31:*.arj=01;31:*.taz=01;31:*.lha=01;31:*.lz4=01;31:*.lzh=01;31:*.lzma=01;31:*.tlz=01;31:*.txz=01;31:*.tzo=01;31:*.t7z=01;31:*.zip=01;31:*.z=01;31:*.Z=01;31:*.dz=01;31:*.gz=01;31:*.lrz=01;31:*.lz=01;31:*.lzo=01;31:*.xz=01;31:*.zst=01;31:*.tzst=01;31:*.bz2=01;31:*.bz=01;31:*.tbz=01;31:*.tbz2=01;31:*.tz=01;31:*.deb=01;31:*.rpm=01;31:*.jar=01;31:*.war=01;31:*.ear=01;31:*.sar=01;31:*.rar=01;31:*.alz=01;31:*.ace=01;31:*.zoo=01;31:*.cpio=01;31:*.7z=01;31:*.rz=01;31:*.cab=01;31:*.wim=01;31:*.swm=01;31:*.dwm=01;31:*.esd=01;31:*.jpg=01;35:*.jpeg=01;35:*.mjpg=01;35:*.mjpeg=01;35:*.gif=01;35:*.bmp=01;35:*.pbm=01;35:*.pgm=01;35:*.ppm=01;35:*.tga=01;35:*.xbm=01;35:*.xpm=01;35:*.tif=01;35:*.tiff=01;35:*.png=01;35:*.svg=01;35:*.svgz=01;35:*.mng=01;35:*.pcx=01;35:*.mov=01;35:*.mpg=01;35:*.mpeg=01;35:*.m2v=01;35:*.mkv=01;35:*.webm=01;35:*.ogm=01;35:*.mp4=01;35:*.m4v=01;35:*.mp4v=01;35:*.vob=01;35:*.qt=01;35:*.nuv=01;35:*.wmv=01;35:*.asf=01;35:*.rm=01;35:*.rmvb=01;35:*.flc=01;35:*.avi=01;35:*.fli=01;35:*.flv=01;35:*.gl=01;35:*.dl=01;35:*.xcf=01;35:*.xwd=01;35:*.yuv=01;35:*.cgm=01;35:*.emf=01;35:*.ogv=01;35:*.ogx=01;35:*.aac=00;36:*.au=00;36:*.flac=00;36:*.m4a=00;36:*.mid=00;36:*.midi=00;36:*.mka=00;36:*.mp3=00;36:*.mpc=00;36:*.ogg=00;36:*.ra=00;36:*.wav=00;36:*.oga=00;36:*.opus=00;36:*.spx=00;36:*.xspf=00;36:'), ('ROS_ROOT', '/opt/ros/humble'), ('AMENT_PREFIX_PATH', '/root/Workspaces/rosgsthumble_ws/install/image_geometry:/root/Workspaces/rosgsthumble_ws/install/cv_bridge:/opt/ros/humble/install'), ('DEBIAN_FRONTEND', 'noninteractive'), ('GST_PLUGIN_PATH', '/root/Workspaces/rosgsthumble_ws/install/gst_bridge/lib/gst_bridge/'), ('SHELL', '/bin/bash'), ('PWD', '/root/Workspaces/rosgsthumble_ws/build/vision_opencv'), ('PYTHONPATH', '/root/Workspaces/rosgsthumble_ws/install/image_geometry/lib/python3.6/site-packages:/root/Workspaces/rosgsthumble_ws/install/cv_bridge/lib/python3.6/site-packages:/root/Workspaces/rosgsthumble_ws/install/xacro/lib/python3.6/site-packages:/root/Workspaces/rosgsthumble_ws/install/realsense2_camera_msgs/lib/python3.6/site-packages:/root/Workspaces/rosgsthumble_ws/install/gst_msgs/lib/python3.6/site-packages:/root/Workspaces/rosgsthumble_ws/install/diagnostic_common_diagnostics/lib/python3.6/site-packages:/root/Workspaces/rosgsthumble_ws/install/diagnostic_updater/lib/python3.6/site-packages:/root/Workspaces/rosgsthumble_ws/install/audio_msgs/lib/python3.6/site-packages:/opt/ros/humble/install/lib/python3.6/site-packages'), ('NVIDIA_VISIBLE_DEVICES', 'all'), ('COLCON', '1'), ('CMAKE_PREFIX_PATH', '/root/Workspaces/rosgsthumble_ws/install/image_geometry:/root/Workspaces/rosgsthumble_ws/install/cv_bridge:/opt/ros/humble/install')]), 'shell': False}
[17.720747] (diagnostics) CommandEnded: {'returncode': 0}
[17.731519] (-) TimerEvent: {}
[17.833991] (-) TimerEvent: {}
[17.934905] (-) TimerEvent: {}
[17.942376] (webrtc_camera_node) StdoutLine: {'line': b'[ 90%] Built target ixwebsocket\n'}
[17.968123] (vision_opencv) StdoutLine: {'line': b'-- Install configuration: ""\n'}
[17.971395] (vision_opencv) StdoutLine: {'line': b'-- Execute custom install script\n'}
[17.974314] (vision_opencv) StdoutLine: {'line': b'-- Up-to-date symlink: /root/Workspaces/rosgsthumble_ws/install/vision_opencv/share/ament_index/resource_index/package_run_dependencies/vision_opencv\n'}
[17.976293] (vision_opencv) StdoutLine: {'line': b'-- Up-to-date symlink: /root/Workspaces/rosgsthumble_ws/install/vision_opencv/share/ament_index/resource_index/parent_prefix_path/vision_opencv\n'}
[17.982328] (vision_opencv) StdoutLine: {'line': b'-- Up-to-date symlink: /root/Workspaces/rosgsthumble_ws/install/vision_opencv/share/vision_opencv/environment/ament_prefix_path.sh\n'}
[17.985576] (vision_opencv) StdoutLine: {'line': b'-- Up-to-date symlink: /root/Workspaces/rosgsthumble_ws/install/vision_opencv/share/vision_opencv/environment/ament_prefix_path.dsv\n'}
[17.988050] (vision_opencv) StdoutLine: {'line': b'-- Up-to-date symlink: /root/Workspaces/rosgsthumble_ws/install/vision_opencv/share/vision_opencv/environment/path.sh\n'}
[17.989817] (vision_opencv) StdoutLine: {'line': b'-- Up-to-date symlink: /root/Workspaces/rosgsthumble_ws/install/vision_opencv/share/vision_opencv/environment/path.dsv\n'}
[17.995926] (vision_opencv) StdoutLine: {'line': b'-- Up-to-date symlink: /root/Workspaces/rosgsthumble_ws/install/vision_opencv/share/vision_opencv/local_setup.bash\n'}
[17.997341] (vision_opencv) StdoutLine: {'line': b'-- Up-to-date symlink: /root/Workspaces/rosgsthumble_ws/install/vision_opencv/share/vision_opencv/local_setup.sh\n'}
[17.998284] (vision_opencv) StdoutLine: {'line': b'-- Up-to-date symlink: /root/Workspaces/rosgsthumble_ws/install/vision_opencv/share/vision_opencv/local_setup.zsh\n'}
[17.999134] (vision_opencv) StdoutLine: {'line': b'-- Up-to-date symlink: /root/Workspaces/rosgsthumble_ws/install/vision_opencv/share/vision_opencv/local_setup.dsv\n'}
[17.999950] (vision_opencv) StdoutLine: {'line': b'-- Symlinking: /root/Workspaces/rosgsthumble_ws/install/vision_opencv/share/vision_opencv/package.dsv\n'}
[18.019447] (vision_opencv) StdoutLine: {'line': b'-- Up-to-date symlink: /root/Workspaces/rosgsthumble_ws/install/vision_opencv/share/ament_index/resource_index/packages/vision_opencv\n'}
[18.020840] (vision_opencv) StdoutLine: {'line': b'-- Up-to-date symlink: /root/Workspaces/rosgsthumble_ws/install/vision_opencv/share/vision_opencv/cmake/vision_opencvConfig.cmake\n'}
[18.021707] (vision_opencv) StdoutLine: {'line': b'-- Up-to-date symlink: /root/Workspaces/rosgsthumble_ws/install/vision_opencv/share/vision_opencv/cmake/vision_opencvConfig-version.cmake\n'}
[18.022842] (vision_opencv) StdoutLine: {'line': b'-- Up-to-date symlink: /root/Workspaces/rosgsthumble_ws/install/vision_opencv/share/vision_opencv/package.xml\n'}
[18.035097] (-) TimerEvent: {}
[18.048444] (webrtc_camera_node) StdoutLine: {'line': b'[ 95%] Built target send_camera_node\n'}
[18.063283] (vision_opencv) CommandEnded: {'returncode': 0}
[18.111822] (webrtc_camera_node) StdoutLine: {'line': b'[100%] Built target receive_camera_node\n'}
[18.136458] (-) TimerEvent: {}
[18.242065] (-) TimerEvent: {}
[18.256541] (webrtc_camera_node) CommandEnded: {'returncode': 0}
[18.274303] (diagnostics) JobProgress: {'identifier': 'diagnostics', 'progress': 'install'}
[18.275934] (diagnostics) Command: {'cmd': ['/usr/local/bin/cmake', '--install', '/root/Workspaces/rosgsthumble_ws/build/diagnostics'], 'cwd': '/root/Workspaces/rosgsthumble_ws/build/diagnostics', 'env': OrderedDict([('OPENBLAS_CORETYPE', 'ARMV8'), ('PYTHONIOENCODING', 'utf-8'), ('HOSTNAME', 'nano'), ('LD_LIBRARY_PATH', '/root/Workspaces/rosgsthumble_ws/install/realsense2_camera/lib:/root/Workspaces/rosgsthumble_ws/install/realsense2_camera_msgs/lib:/root/Workspaces/rosgsthumble_ws/install/image_geometry/lib:/root/Workspaces/rosgsthumble_ws/install/gst_pipeline_plugins/lib:/root/Workspaces/rosgsthumble_ws/install/gst_pipeline/lib:/root/Workspaces/rosgsthumble_ws/install/gst_msgs/lib:/root/Workspaces/rosgsthumble_ws/install/gst_bridge/lib:/root/Workspaces/rosgsthumble_ws/install/diagnostic_updater/lib:/root/Workspaces/rosgsthumble_ws/install/cv_bridge/lib:/root/Workspaces/rosgsthumble_ws/install/audio_msgs/lib:/opt/ros/humble/install/opt/rviz_ogre_vendor/lib:/opt/ros/humble/install/lib:/usr/local/cuda-10.2/targets/aarch64-linux/lib:'), ('SHLVL', '1'), ('OLDPWD', '/root/Workspaces'), ('HOME', '/root'), ('ROS_PYTHON_VERSION', '3'), ('COLCON_PREFIX_PATH', '/opt/ros/humble/install:/root/Workspaces/rosgsthumble_ws/install'), ('ROS_DISTRO', 'humble'), ('PULSE_SERVER', 'unix:/run/user/1000/pulse/native'), ('_', '/usr/bin/colcon'), ('ROS_VERSION', '2'), ('NVIDIA_DRIVER_CAPABILITIES', 'compute,utility,graphics'), ('PKG_CONFIG_PATH', '/opt/ros/humble/install/lib/aarch64-linux-gnu/pkgconfig:/opt/ros/humble/install/lib/pkgconfig'), ('TERM', 'xterm'), ('ROS_LOCALHOST_ONLY', '0'), ('PATH', '/root/Workspaces/rosgsthumble_ws/install/xacro/bin:/opt/ros/humble/install/bin:/usr/local/cuda-10.2/bin:/usr/local/cuda/bin:/usr/local/sbin:/usr/local/bin:/usr/sbin:/usr/bin:/sbin:/bin'), ('XDG_RUNTIME_DIR', '/run/user/1000'), ('DISPLAY', ''), ('LANG', 'en_US.UTF-8'), ('RMW_IMPLEMENTATION', 'rmw_cyclonedds_cpp'), ('LS_COLORS', 'rs=0:di=01;34:ln=01;36:mh=00:pi=40;33:so=01;35:do=01;35:bd=40;33;01:cd=40;33;01:or=40;31;01:mi=00:su=37;41:sg=30;43:ca=30;41:tw=30;42:ow=34;42:st=37;44:ex=01;32:*.tar=01;31:*.tgz=01;31:*.arc=01;31:*.arj=01;31:*.taz=01;31:*.lha=01;31:*.lz4=01;31:*.lzh=01;31:*.lzma=01;31:*.tlz=01;31:*.txz=01;31:*.tzo=01;31:*.t7z=01;31:*.zip=01;31:*.z=01;31:*.Z=01;31:*.dz=01;31:*.gz=01;31:*.lrz=01;31:*.lz=01;31:*.lzo=01;31:*.xz=01;31:*.zst=01;31:*.tzst=01;31:*.bz2=01;31:*.bz=01;31:*.tbz=01;31:*.tbz2=01;31:*.tz=01;31:*.deb=01;31:*.rpm=01;31:*.jar=01;31:*.war=01;31:*.ear=01;31:*.sar=01;31:*.rar=01;31:*.alz=01;31:*.ace=01;31:*.zoo=01;31:*.cpio=01;31:*.7z=01;31:*.rz=01;31:*.cab=01;31:*.wim=01;31:*.swm=01;31:*.dwm=01;31:*.esd=01;31:*.jpg=01;35:*.jpeg=01;35:*.mjpg=01;35:*.mjpeg=01;35:*.gif=01;35:*.bmp=01;35:*.pbm=01;35:*.pgm=01;35:*.ppm=01;35:*.tga=01;35:*.xbm=01;35:*.xpm=01;35:*.tif=01;35:*.tiff=01;35:*.png=01;35:*.svg=01;35:*.svgz=01;35:*.mng=01;35:*.pcx=01;35:*.mov=01;35:*.mpg=01;35:*.mpeg=01;35:*.m2v=01;35:*.mkv=01;35:*.webm=01;35:*.ogm=01;35:*.mp4=01;35:*.m4v=01;35:*.mp4v=01;35:*.vob=01;35:*.qt=01;35:*.nuv=01;35:*.wmv=01;35:*.asf=01;35:*.rm=01;35:*.rmvb=01;35:*.flc=01;35:*.avi=01;35:*.fli=01;35:*.flv=01;35:*.gl=01;35:*.dl=01;35:*.xcf=01;35:*.xwd=01;35:*.yuv=01;35:*.cgm=01;35:*.emf=01;35:*.ogv=01;35:*.ogx=01;35:*.aac=00;36:*.au=00;36:*.flac=00;36:*.m4a=00;36:*.mid=00;36:*.midi=00;36:*.mka=00;36:*.mp3=00;36:*.mpc=00;36:*.ogg=00;36:*.ra=00;36:*.wav=00;36:*.oga=00;36:*.opus=00;36:*.spx=00;36:*.xspf=00;36:'), ('ROS_ROOT', '/opt/ros/humble'), ('AMENT_PREFIX_PATH', '/root/Workspaces/rosgsthumble_ws/install/diagnostic_common_diagnostics:/root/Workspaces/rosgsthumble_ws/install/diagnostic_updater:/opt/ros/humble/install'), ('DEBIAN_FRONTEND', 'noninteractive'), ('GST_PLUGIN_PATH', '/root/Workspaces/rosgsthumble_ws/install/gst_bridge/lib/gst_bridge/'), ('SHELL', '/bin/bash'), ('PWD', '/root/Workspaces/rosgsthumble_ws/build/diagnostics'), ('PYTHONPATH', '/root/Workspaces/rosgsthumble_ws/install/diagnostic_common_diagnostics/lib/python3.6/site-packages:/root/Workspaces/rosgsthumble_ws/install/diagnostic_updater/lib/python3.6/site-packages:/root/Workspaces/rosgsthumble_ws/install/xacro/lib/python3.6/site-packages:/root/Workspaces/rosgsthumble_ws/install/realsense2_camera_msgs/lib/python3.6/site-packages:/root/Workspaces/rosgsthumble_ws/install/image_geometry/lib/python3.6/site-packages:/root/Workspaces/rosgsthumble_ws/install/gst_msgs/lib/python3.6/site-packages:/root/Workspaces/rosgsthumble_ws/install/cv_bridge/lib/python3.6/site-packages:/root/Workspaces/rosgsthumble_ws/install/audio_msgs/lib/python3.6/site-packages:/opt/ros/humble/install/lib/python3.6/site-packages'), ('NVIDIA_VISIBLE_DEVICES', 'all'), ('COLCON', '1'), ('CMAKE_PREFIX_PATH', '/root/Workspaces/rosgsthumble_ws/install/diagnostic_common_diagnostics:/root/Workspaces/rosgsthumble_ws/install/diagnostic_updater:/opt/ros/humble/install')]), 'shell': False}
[18.341955] (-) TimerEvent: {}
[18.418326] (gst_pipeline) StdoutLine: {'line': b'-- Found image_transport: 3.1.6 (/opt/ros/humble/install/share/image_transport/cmake)\n'}
[18.442071] (-) TimerEvent: {}
[18.493086] (diagnostics) StdoutLine: {'line': b'-- Install configuration: ""\n'}
[18.496463] (diagnostics) StdoutLine: {'line': b'-- Execute custom install script\n'}
[18.499601] (diagnostics) StdoutLine: {'line': b'-- Up-to-date symlink: /root/Workspaces/rosgsthumble_ws/install/diagnostics/share/ament_index/resource_index/package_run_dependencies/diagnostics\n'}
[18.503514] (diagnostics) StdoutLine: {'line': b'-- Up-to-date symlink: /root/Workspaces/rosgsthumble_ws/install/diagnostics/share/ament_index/resource_index/parent_prefix_path/diagnostics\n'}
[18.507690] (diagnostics) StdoutLine: {'line': b'-- Up-to-date symlink: /root/Workspaces/rosgsthumble_ws/install/diagnostics/share/diagnostics/environment/ament_prefix_path.sh\n'}
[18.509894] (diagnostics) StdoutLine: {'line': b'-- Up-to-date symlink: /root/Workspaces/rosgsthumble_ws/install/diagnostics/share/diagnostics/environment/ament_prefix_path.dsv\n'}
[18.511872] (diagnostics) StdoutLine: {'line': b'-- Up-to-date symlink: /root/Workspaces/rosgsthumble_ws/install/diagnostics/share/diagnostics/environment/path.sh\n'}
[18.514022] (diagnostics) StdoutLine: {'line': b'-- Up-to-date symlink: /root/Workspaces/rosgsthumble_ws/install/diagnostics/share/diagnostics/environment/path.dsv\n'}
[18.516188] (diagnostics) StdoutLine: {'line': b'-- Up-to-date symlink: /root/Workspaces/rosgsthumble_ws/install/diagnostics/share/diagnostics/local_setup.bash\n'}
[18.539260] (diagnostics) StdoutLine: {'line': b'-- Up-to-date symlink: /root/Workspaces/rosgsthumble_ws/install/diagnostics/share/diagnostics/local_setup.sh\n'}
[18.541468] (diagnostics) StdoutLine: {'line': b'-- Up-to-date symlink: /root/Workspaces/rosgsthumble_ws/install/diagnostics/share/diagnostics/local_setup.zsh\n'}
[18.543608] (-) TimerEvent: {}
[18.545759] (diagnostics) StdoutLine: {'line': b'-- Up-to-date symlink: /root/Workspaces/rosgsthumble_ws/install/diagnostics/share/diagnostics/local_setup.dsv\n'}
[18.548043] (diagnostics) StdoutLine: {'line': b'-- Symlinking: /root/Workspaces/rosgsthumble_ws/install/diagnostics/share/diagnostics/package.dsv\n'}
[18.560199] (diagnostics) StdoutLine: {'line': b'-- Up-to-date symlink: /root/Workspaces/rosgsthumble_ws/install/diagnostics/share/ament_index/resource_index/packages/diagnostics\n'}
[18.583256] (diagnostics) StdoutLine: {'line': b'-- Up-to-date symlink: /root/Workspaces/rosgsthumble_ws/install/diagnostics/share/diagnostics/cmake/diagnosticsConfig.cmake\n'}
[18.585457] (diagnostics) StdoutLine: {'line': b'-- Up-to-date symlink: /root/Workspaces/rosgsthumble_ws/install/diagnostics/share/diagnostics/cmake/diagnosticsConfig-version.cmake\n'}
[18.586334] (diagnostics) StdoutLine: {'line': b'-- Up-to-date symlink: /root/Workspaces/rosgsthumble_ws/install/diagnostics/share/diagnostics/package.xml\n'}
[18.638937] (gst_pipeline) StdoutLine: {'line': b'-- Found cv_bridge: 3.2.1 (/root/Workspaces/rosgsthumble_ws/install/cv_bridge/share/cv_bridge/cmake)\n'}
[18.647879] (-) TimerEvent: {}
[18.749378] (-) TimerEvent: {}
[18.755580] (vision_opencv) JobEnded: {'identifier': 'vision_opencv', 'rc': 0}
[18.761671] (diagnostics) CommandEnded: {'returncode': 0}
[18.854628] (-) TimerEvent: {}
[18.890090] (gst_pipeline) StdoutLine: {'line': b'-- Found std_srvs: 4.2.3 (/opt/ros/humble/install/share/std_srvs/cmake)\n'}
[18.940130] (webrtc_camera_node) JobProgress: {'identifier': 'webrtc_camera_node', 'progress': 'install'}
[18.942144] (webrtc_camera_node) Command: {'cmd': ['/usr/local/bin/cmake', '--install', '/root/Workspaces/rosgsthumble_ws/build/webrtc_camera_node'], 'cwd': '/root/Workspaces/rosgsthumble_ws/build/webrtc_camera_node', 'env': OrderedDict([('OPENBLAS_CORETYPE', 'ARMV8'), ('PYTHONIOENCODING', 'utf-8'), ('HOSTNAME', 'nano'), ('LD_LIBRARY_PATH', '/root/Workspaces/rosgsthumble_ws/install/gst_bridge/lib:/root/Workspaces/rosgsthumble_ws/install/audio_msgs/lib:/root/Workspaces/rosgsthumble_ws/install/realsense2_camera/lib:/root/Workspaces/rosgsthumble_ws/install/realsense2_camera_msgs/lib:/root/Workspaces/rosgsthumble_ws/install/image_geometry/lib:/root/Workspaces/rosgsthumble_ws/install/gst_pipeline_plugins/lib:/root/Workspaces/rosgsthumble_ws/install/gst_pipeline/lib:/root/Workspaces/rosgsthumble_ws/install/gst_msgs/lib:/root/Workspaces/rosgsthumble_ws/install/diagnostic_updater/lib:/root/Workspaces/rosgsthumble_ws/install/cv_bridge/lib:/opt/ros/humble/install/opt/rviz_ogre_vendor/lib:/opt/ros/humble/install/lib:/usr/local/cuda-10.2/targets/aarch64-linux/lib'), ('SHLVL', '1'), ('OLDPWD', '/root/Workspaces'), ('HOME', '/root'), ('ROS_PYTHON_VERSION', '3'), ('COLCON_PREFIX_PATH', '/opt/ros/humble/install:/root/Workspaces/rosgsthumble_ws/install'), ('ROS_DISTRO', 'humble'), ('PULSE_SERVER', 'unix:/run/user/1000/pulse/native'), ('_', '/usr/bin/colcon'), ('ROS_VERSION', '2'), ('NVIDIA_DRIVER_CAPABILITIES', 'compute,utility,graphics'), ('PKG_CONFIG_PATH', '/opt/ros/humble/install/lib/aarch64-linux-gnu/pkgconfig:/opt/ros/humble/install/lib/pkgconfig'), ('TERM', 'xterm'), ('ROS_LOCALHOST_ONLY', '0'), ('PATH', '/root/Workspaces/rosgsthumble_ws/install/xacro/bin:/opt/ros/humble/install/bin:/usr/local/cuda-10.2/bin:/usr/local/cuda/bin:/usr/local/sbin:/usr/local/bin:/usr/sbin:/usr/bin:/sbin:/bin'), ('XDG_RUNTIME_DIR', '/run/user/1000'), ('DISPLAY', ''), ('LANG', 'en_US.UTF-8'), ('RMW_IMPLEMENTATION', 'rmw_cyclonedds_cpp'), ('LS_COLORS', 'rs=0:di=01;34:ln=01;36:mh=00:pi=40;33:so=01;35:do=01;35:bd=40;33;01:cd=40;33;01:or=40;31;01:mi=00:su=37;41:sg=30;43:ca=30;41:tw=30;42:ow=34;42:st=37;44:ex=01;32:*.tar=01;31:*.tgz=01;31:*.arc=01;31:*.arj=01;31:*.taz=01;31:*.lha=01;31:*.lz4=01;31:*.lzh=01;31:*.lzma=01;31:*.tlz=01;31:*.txz=01;31:*.tzo=01;31:*.t7z=01;31:*.zip=01;31:*.z=01;31:*.Z=01;31:*.dz=01;31:*.gz=01;31:*.lrz=01;31:*.lz=01;31:*.lzo=01;31:*.xz=01;31:*.zst=01;31:*.tzst=01;31:*.bz2=01;31:*.bz=01;31:*.tbz=01;31:*.tbz2=01;31:*.tz=01;31:*.deb=01;31:*.rpm=01;31:*.jar=01;31:*.war=01;31:*.ear=01;31:*.sar=01;31:*.rar=01;31:*.alz=01;31:*.ace=01;31:*.zoo=01;31:*.cpio=01;31:*.7z=01;31:*.rz=01;31:*.cab=01;31:*.wim=01;31:*.swm=01;31:*.dwm=01;31:*.esd=01;31:*.jpg=01;35:*.jpeg=01;35:*.mjpg=01;35:*.mjpeg=01;35:*.gif=01;35:*.bmp=01;35:*.pbm=01;35:*.pgm=01;35:*.ppm=01;35:*.tga=01;35:*.xbm=01;35:*.xpm=01;35:*.tif=01;35:*.tiff=01;35:*.png=01;35:*.svg=01;35:*.svgz=01;35:*.mng=01;35:*.pcx=01;35:*.mov=01;35:*.mpg=01;35:*.mpeg=01;35:*.m2v=01;35:*.mkv=01;35:*.webm=01;35:*.ogm=01;35:*.mp4=01;35:*.m4v=01;35:*.mp4v=01;35:*.vob=01;35:*.qt=01;35:*.nuv=01;35:*.wmv=01;35:*.asf=01;35:*.rm=01;35:*.rmvb=01;35:*.flc=01;35:*.avi=01;35:*.fli=01;35:*.flv=01;35:*.gl=01;35:*.dl=01;35:*.xcf=01;35:*.xwd=01;35:*.yuv=01;35:*.cgm=01;35:*.emf=01;35:*.ogv=01;35:*.ogx=01;35:*.aac=00;36:*.au=00;36:*.flac=00;36:*.m4a=00;36:*.mid=00;36:*.midi=00;36:*.mka=00;36:*.mp3=00;36:*.mpc=00;36:*.ogg=00;36:*.ra=00;36:*.wav=00;36:*.oga=00;36:*.opus=00;36:*.spx=00;36:*.xspf=00;36:'), ('ROS_ROOT', '/opt/ros/humble'), ('AMENT_PREFIX_PATH', '/root/Workspaces/rosgsthumble_ws/install/gst_bridge:/root/Workspaces/rosgsthumble_ws/install/audio_msgs:/opt/ros/humble/install'), ('DEBIAN_FRONTEND', 'noninteractive'), ('GST_PLUGIN_PATH', '/root/Workspaces/rosgsthumble_ws/install/gst_bridge/lib/gst_bridge/'), ('SHELL', '/bin/bash'), ('PWD', '/root/Workspaces/rosgsthumble_ws/build/webrtc_camera_node'), ('PYTHONPATH', '/root/Workspaces/rosgsthumble_ws/install/audio_msgs/lib/python3.6/site-packages:/root/Workspaces/rosgsthumble_ws/install/xacro/lib/python3.6/site-packages:/root/Workspaces/rosgsthumble_ws/install/realsense2_camera_msgs/lib/python3.6/site-packages:/root/Workspaces/rosgsthumble_ws/install/image_geometry/lib/python3.6/site-packages:/root/Workspaces/rosgsthumble_ws/install/gst_msgs/lib/python3.6/site-packages:/root/Workspaces/rosgsthumble_ws/install/diagnostic_common_diagnostics/lib/python3.6/site-packages:/root/Workspaces/rosgsthumble_ws/install/diagnostic_updater/lib/python3.6/site-packages:/root/Workspaces/rosgsthumble_ws/install/cv_bridge/lib/python3.6/site-packages:/opt/ros/humble/install/lib/python3.6/site-packages'), ('NVIDIA_VISIBLE_DEVICES', 'all'), ('COLCON', '1'), ('CMAKE_PREFIX_PATH', '/root/Workspaces/rosgsthumble_ws/install/gst_bridge:/root/Workspaces/rosgsthumble_ws/install/audio_msgs:/opt/ros/humble/install')]), 'shell': False}
[18.954938] (-) TimerEvent: {}
[19.007383] (gst_pipeline) StdoutLine: {'line': b'-- Found gst_msgs: 0.0.0 (/root/Workspaces/rosgsthumble_ws/install/gst_msgs/share/gst_msgs/cmake)\n'}
[19.055033] (-) TimerEvent: {}
[19.136740] (webrtc_camera_node) StdoutLine: {'line': b'-- Install configuration: ""\n'}
[19.141407] (webrtc_camera_node) StdoutLine: {'line': b'-- Execute custom install script\n'}
[19.144089] (webrtc_camera_node) StdoutLine: {'line': b'-- Symlinking: /root/Workspaces/rosgsthumble_ws/install/webrtc_camera_node/lib/cmake/ixwebsocket/ixwebsocket-config.cmake\n'}
[19.153756] (webrtc_camera_node) StdoutLine: {'line': b'-- Symlinking: /root/Workspaces/rosgsthumble_ws/install/webrtc_camera_node/lib/pkgconfig/ixwebsocket.pc\n'}
[19.155853] (-) TimerEvent: {}
[19.164501] (webrtc_camera_node) StdoutLine: {'line': b'-- Symlinking: /root/Workspaces/rosgsthumble_ws/install/webrtc_camera_node/lib/webrtc_camera_node/send_camera_node\n'}
[19.182016] (webrtc_camera_node) StdoutLine: {'line': b'-- Symlinking: /root/Workspaces/rosgsthumble_ws/install/webrtc_camera_node/lib/webrtc_camera_node/receive_camera_node\n'}
[19.185654] (webrtc_camera_node) StdoutLine: {'line': b'-- Symlinking: /root/Workspaces/rosgsthumble_ws/install/webrtc_camera_node/share/ament_index/resource_index/package_run_dependencies/webrtc_camera_node\n'}
[19.196803] (webrtc_camera_node) StdoutLine: {'line': b'-- Symlinking: /root/Workspaces/rosgsthumble_ws/install/webrtc_camera_node/share/ament_index/resource_index/parent_prefix_path/webrtc_camera_node\n'}
[19.212733] (webrtc_camera_node) StdoutLine: {'line': b'-- Symlinking: /root/Workspaces/rosgsthumble_ws/install/webrtc_camera_node/share/webrtc_camera_node/environment/ament_prefix_path.sh\n'}
[19.228858] (webrtc_camera_node) StdoutLine: {'line': b'-- Symlinking: /root/Workspaces/rosgsthumble_ws/install/webrtc_camera_node/share/webrtc_camera_node/environment/ament_prefix_path.dsv\n'}
[19.274774] (-) TimerEvent: {}
[19.282019] (webrtc_camera_node) StdoutLine: {'line': b'-- Symlinking: /root/Workspaces/rosgsthumble_ws/install/webrtc_camera_node/share/webrtc_camera_node/environment/path.sh\n'}
[19.305078] (webrtc_camera_node) StdoutLine: {'line': b'-- Symlinking: /root/Workspaces/rosgsthumble_ws/install/webrtc_camera_node/share/webrtc_camera_node/environment/path.dsv\n'}
[19.319698] (webrtc_camera_node) StdoutLine: {'line': b'-- Symlinking: /root/Workspaces/rosgsthumble_ws/install/webrtc_camera_node/share/webrtc_camera_node/local_setup.bash\n'}
[19.322102] (webrtc_camera_node) StdoutLine: {'line': b'-- Symlinking: /root/Workspaces/rosgsthumble_ws/install/webrtc_camera_node/share/webrtc_camera_node/local_setup.sh\n'}
[19.324339] (webrtc_camera_node) StdoutLine: {'line': b'-- Symlinking: /root/Workspaces/rosgsthumble_ws/install/webrtc_camera_node/share/webrtc_camera_node/local_setup.zsh\n'}
[19.331956] (webrtc_camera_node) StdoutLine: {'line': b'-- Symlinking: /root/Workspaces/rosgsthumble_ws/install/webrtc_camera_node/share/webrtc_camera_node/local_setup.dsv\n'}
[19.360181] (webrtc_camera_node) StdoutLine: {'line': b'-- Symlinking: /root/Workspaces/rosgsthumble_ws/install/webrtc_camera_node/share/webrtc_camera_node/package.dsv\n'}
[19.374820] (-) TimerEvent: {}
[19.380142] (webrtc_camera_node) StdoutLine: {'line': b'-- Symlinking: /root/Workspaces/rosgsthumble_ws/install/webrtc_camera_node/share/ament_index/resource_index/packages/webrtc_camera_node\n'}
[19.384943] (webrtc_camera_node) StdoutLine: {'line': b'-- Symlinking: /root/Workspaces/rosgsthumble_ws/install/webrtc_camera_node/share/webrtc_camera_node/cmake/webrtc_camera_nodeConfig.cmake\n'}
[19.391549] (webrtc_camera_node) StdoutLine: {'line': b'-- Symlinking: /root/Workspaces/rosgsthumble_ws/install/webrtc_camera_node/share/webrtc_camera_node/cmake/webrtc_camera_nodeConfig-version.cmake\n'}
[19.411022] (webrtc_camera_node) StdoutLine: {'line': b'-- Symlinking: /root/Workspaces/rosgsthumble_ws/install/webrtc_camera_node/share/webrtc_camera_node/package.xml\n'}
[19.433625] (webrtc_camera_node) StdoutLine: {'line': b'-- Installing: /root/Workspaces/rosgsthumble_ws/install/webrtc_camera_node/lib/libixwebsocket.a\n'}
[19.441773] (webrtc_camera_node) StdoutLine: {'line': b'-- Installing: /root/Workspaces/rosgsthumble_ws/install/webrtc_camera_node/include/ixwebsocket/IXBase64.h\n'}
[19.443583] (webrtc_camera_node) StdoutLine: {'line': b'-- Installing: /root/Workspaces/rosgsthumble_ws/install/webrtc_camera_node/include/ixwebsocket/IXBench.h\n'}
[19.444194] (webrtc_camera_node) StdoutLine: {'line': b'-- Installing: /root/Workspaces/rosgsthumble_ws/install/webrtc_camera_node/include/ixwebsocket/IXCancellationRequest.h\n'}
[19.445251] (webrtc_camera_node) StdoutLine: {'line': b'-- Installing: /root/Workspaces/rosgsthumble_ws/install/webrtc_camera_node/include/ixwebsocket/IXConnectionState.h\n'}
[19.447475] (webrtc_camera_node) StdoutLine: {'line': b'-- Installing: /root/Workspaces/rosgsthumble_ws/install/webrtc_camera_node/include/ixwebsocket/IXDNSLookup.h\n'}
[19.448168] (webrtc_camera_node) StdoutLine: {'line': b'-- Installing: /root/Workspaces/rosgsthumble_ws/install/webrtc_camera_node/include/ixwebsocket/IXExponentialBackoff.h\n'}
[19.448811] (webrtc_camera_node) StdoutLine: {'line': b'-- Installing: /root/Workspaces/rosgsthumble_ws/install/webrtc_camera_node/include/ixwebsocket/IXGetFreePort.h\n'}
[19.451090] (webrtc_camera_node) StdoutLine: {'line': b'-- Installing: /root/Workspaces/rosgsthumble_ws/install/webrtc_camera_node/include/ixwebsocket/IXGzipCodec.h\n'}
[19.451757] (webrtc_camera_node) StdoutLine: {'line': b'-- Installing: /root/Workspaces/rosgsthumble_ws/install/webrtc_camera_node/include/ixwebsocket/IXHttp.h\n'}
[19.453176] (webrtc_camera_node) StdoutLine: {'line': b'-- Installing: /root/Workspaces/rosgsthumble_ws/install/webrtc_camera_node/include/ixwebsocket/IXHttpClient.h\n'}
[19.455667] (webrtc_camera_node) StdoutLine: {'line': b'-- Installing: /root/Workspaces/rosgsthumble_ws/install/webrtc_camera_node/include/ixwebsocket/IXHttpServer.h\n'}
[19.458257] (webrtc_camera_node) StdoutLine: {'line': b'-- Installing: /root/Workspaces/rosgsthumble_ws/install/webrtc_camera_node/include/ixwebsocket/IXNetSystem.h\n'}
[19.459144] (webrtc_camera_node) StdoutLine: {'line': b'-- Installing: /root/Workspaces/rosgsthumble_ws/install/webrtc_camera_node/include/ixwebsocket/IXProgressCallback.h\n'}
[19.460493] (webrtc_camera_node) StdoutLine: {'line': b'-- Installing: /root/Workspaces/rosgsthumble_ws/install/webrtc_camera_node/include/ixwebsocket/IXSelectInterrupt.h\n'}
[19.461523] (webrtc_camera_node) StdoutLine: {'line': b'-- Installing: /root/Workspaces/rosgsthumble_ws/install/webrtc_camera_node/include/ixwebsocket/IXSelectInterruptFactory.h\n'}
[19.462607] (webrtc_camera_node) StdoutLine: {'line': b'-- Installing: /root/Workspaces/rosgsthumble_ws/install/webrtc_camera_node/include/ixwebsocket/IXSelectInterruptPipe.h\n'}
[19.470013] (webrtc_camera_node) StdoutLine: {'line': b'-- Installing: /root/Workspaces/rosgsthumble_ws/install/webrtc_camera_node/include/ixwebsocket/IXSelectInterruptEvent.h\n'}
[19.492074] (-) TimerEvent: {}
[19.508283] (webrtc_camera_node) StdoutLine: {'line': b'-- Installing: /root/Workspaces/rosgsthumble_ws/install/webrtc_camera_node/include/ixwebsocket/IXSetThreadName.h\n'}
[19.529940] (webrtc_camera_node) StdoutLine: {'line': b'-- Installing: /root/Workspaces/rosgsthumble_ws/install/webrtc_camera_node/include/ixwebsocket/IXSocket.h\n'}
[19.532193] (webrtc_camera_node) StdoutLine: {'line': b'-- Installing: /root/Workspaces/rosgsthumble_ws/install/webrtc_camera_node/include/ixwebsocket/IXSocketConnect.h\n'}
[19.532863] (webrtc_camera_node) StdoutLine: {'line': b'-- Installing: /root/Workspaces/rosgsthumble_ws/install/webrtc_camera_node/include/ixwebsocket/IXSocketFactory.h\n'}
[19.533469] (webrtc_camera_node) StdoutLine: {'line': b'-- Installing: /root/Workspaces/rosgsthumble_ws/install/webrtc_camera_node/include/ixwebsocket/IXSocketServer.h\n'}
[19.534181] (webrtc_camera_node) StdoutLine: {'line': b'-- Installing: /root/Workspaces/rosgsthumble_ws/install/webrtc_camera_node/include/ixwebsocket/IXSocketTLSOptions.h\n'}
[19.534762] (webrtc_camera_node) StdoutLine: {'line': b'-- Installing: /root/Workspaces/rosgsthumble_ws/install/webrtc_camera_node/include/ixwebsocket/IXStrCaseCompare.h\n'}
[19.535374] (webrtc_camera_node) StdoutLine: {'line': b'-- Installing: /root/Workspaces/rosgsthumble_ws/install/webrtc_camera_node/include/ixwebsocket/IXUdpSocket.h\n'}
[19.536020] (webrtc_camera_node) StdoutLine: {'line': b'-- Installing: /root/Workspaces/rosgsthumble_ws/install/webrtc_camera_node/include/ixwebsocket/IXUniquePtr.h\n'}
[19.536644] (webrtc_camera_node) StdoutLine: {'line': b'-- Installing: /root/Workspaces/rosgsthumble_ws/install/webrtc_camera_node/include/ixwebsocket/IXUrlParser.h\n'}
[19.537253] (webrtc_camera_node) StdoutLine: {'line': b'-- Installing: /root/Workspaces/rosgsthumble_ws/install/webrtc_camera_node/include/ixwebsocket/IXUuid.h\n'}
[19.537860] (webrtc_camera_node) StdoutLine: {'line': b'-- Installing: /root/Workspaces/rosgsthumble_ws/install/webrtc_camera_node/include/ixwebsocket/IXUtf8Validator.h\n'}
[19.538495] (webrtc_camera_node) StdoutLine: {'line': b'-- Installing: /root/Workspaces/rosgsthumble_ws/install/webrtc_camera_node/include/ixwebsocket/IXUserAgent.h\n'}
[19.539373] (webrtc_camera_node) StdoutLine: {'line': b'-- Installing: /root/Workspaces/rosgsthumble_ws/install/webrtc_camera_node/include/ixwebsocket/IXWebSocket.h\n'}
[19.539902] (webrtc_camera_node) StdoutLine: {'line': b'-- Installing: /root/Workspaces/rosgsthumble_ws/install/webrtc_camera_node/include/ixwebsocket/IXWebSocketCloseConstants.h\n'}
[19.540466] (webrtc_camera_node) StdoutLine: {'line': b'-- Installing: /root/Workspaces/rosgsthumble_ws/install/webrtc_camera_node/include/ixwebsocket/IXWebSocketCloseInfo.h\n'}
[19.540993] (webrtc_camera_node) StdoutLine: {'line': b'-- Installing: /root/Workspaces/rosgsthumble_ws/install/webrtc_camera_node/include/ixwebsocket/IXWebSocketErrorInfo.h\n'}
[19.541571] (webrtc_camera_node) StdoutLine: {'line': b'-- Installing: /root/Workspaces/rosgsthumble_ws/install/webrtc_camera_node/include/ixwebsocket/IXWebSocketHandshake.h\n'}
[19.557691] (webrtc_camera_node) StdoutLine: {'line': b'-- Installing: /root/Workspaces/rosgsthumble_ws/install/webrtc_camera_node/include/ixwebsocket/IXWebSocketHandshakeKeyGen.h\n'}
[19.578640] (webrtc_camera_node) StdoutLine: {'line': b'-- Installing: /root/Workspaces/rosgsthumble_ws/install/webrtc_camera_node/include/ixwebsocket/IXWebSocketHttpHeaders.h\n'}
[19.581189] (webrtc_camera_node) StdoutLine: {'line': b'-- Installing: /root/Workspaces/rosgsthumble_ws/install/webrtc_camera_node/include/ixwebsocket/IXWebSocketInitResult.h\n'}
[19.582373] (webrtc_camera_node) StdoutLine: {'line': b'-- Installing: /root/Workspaces/rosgsthumble_ws/install/webrtc_camera_node/include/ixwebsocket/IXWebSocketMessage.h\n'}
[19.583103] (webrtc_camera_node) StdoutLine: {'line': b'-- Installing: /root/Workspaces/rosgsthumble_ws/install/webrtc_camera_node/include/ixwebsocket/IXWebSocketMessageType.h\n'}
[19.584281] (webrtc_camera_node) StdoutLine: {'line': b'-- Installing: /root/Workspaces/rosgsthumble_ws/install/webrtc_camera_node/include/ixwebsocket/IXWebSocketOpenInfo.h\n'}
[19.585240] (webrtc_camera_node) StdoutLine: {'line': b'-- Installing: /root/Workspaces/rosgsthumble_ws/install/webrtc_camera_node/include/ixwebsocket/IXWebSocketPerMessageDeflate.h\n'}
[19.585953] (webrtc_camera_node) StdoutLine: {'line': b'-- Installing: /root/Workspaces/rosgsthumble_ws/install/webrtc_camera_node/include/ixwebsocket/IXWebSocketPerMessageDeflateCodec.h\n'}
[19.586605] (webrtc_camera_node) StdoutLine: {'line': b'-- Installing: /root/Workspaces/rosgsthumble_ws/install/webrtc_camera_node/include/ixwebsocket/IXWebSocketPerMessageDeflateOptions.h\n'}
[19.588061] (webrtc_camera_node) StdoutLine: {'line': b'-- Installing: /root/Workspaces/rosgsthumble_ws/install/webrtc_camera_node/include/ixwebsocket/IXWebSocketProxyServer.h\n'}
[19.589388] (webrtc_camera_node) StdoutLine: {'line': b'-- Installing: /root/Workspaces/rosgsthumble_ws/install/webrtc_camera_node/include/ixwebsocket/IXWebSocketSendData.h\n'}
[19.590188] (webrtc_camera_node) StdoutLine: {'line': b'-- Installing: /root/Workspaces/rosgsthumble_ws/install/webrtc_camera_node/include/ixwebsocket/IXWebSocketSendInfo.h\n'}
[19.592682] (-) TimerEvent: {}
[19.593820] (webrtc_camera_node) StdoutLine: {'line': b'-- Installing: /root/Workspaces/rosgsthumble_ws/install/webrtc_camera_node/include/ixwebsocket/IXWebSocketServer.h\n'}
[19.595696] (webrtc_camera_node) StdoutLine: {'line': b'-- Installing: /root/Workspaces/rosgsthumble_ws/install/webrtc_camera_node/include/ixwebsocket/IXWebSocketTransport.h\n'}
[19.597963] (webrtc_camera_node) StdoutLine: {'line': b'-- Installing: /root/Workspaces/rosgsthumble_ws/install/webrtc_camera_node/include/ixwebsocket/IXWebSocketVersion.h\n'}
[19.619199] (webrtc_camera_node) StdoutLine: {'line': b'-- Installing: /root/Workspaces/rosgsthumble_ws/install/webrtc_camera_node/lib/cmake/ixwebsocket/ixwebsocket-targets.cmake\n'}
[19.637510] (webrtc_camera_node) StdoutLine: {'line': b'-- Installing: /root/Workspaces/rosgsthumble_ws/install/webrtc_camera_node/lib/cmake/ixwebsocket/ixwebsocket-targets-noconfig.cmake\n'}
[19.639570] (diagnostics) JobEnded: {'identifier': 'diagnostics', 'rc': 0}
[19.643369] (webrtc_camera_node) CommandEnded: {'returncode': 0}
[19.645467] (gst_pipeline) StdoutLine: {'line': b'-- Configuring incomplete, errors occurred!\n'}
[19.646620] (gst_pipeline) StderrLine: {'line': b'\x1b[31mCMake Error at CMakeLists.txt:87 (ament_add_gtest):\n'}
[19.647581] (gst_pipeline) StderrLine: {'line': b'  Unknown CMake command "ament_add_gtest".\n'}
[19.648865] (gst_pipeline) StderrLine: {'line': b'\n'}
[19.649957] (gst_pipeline) StderrLine: {'line': b'\x1b[0m\n'}
[19.671593] (gst_pipeline) CommandEnded: {'returncode': 1}
[19.692993] (-) TimerEvent: {}
[19.794454] (-) TimerEvent: {}
[19.900360] (-) TimerEvent: {}
[20.005754] (gst_pipeline) JobEnded: {'identifier': 'gst_pipeline', 'rc': 1}
[20.011067] (-) TimerEvent: {}
[20.011779] (webrtc_camera_node) JobEnded: {'identifier': 'webrtc_camera_node', 'rc': 'SIGINT'}
[20.025269] (gst_pipeline_plugins) JobSkipped: {'identifier': 'gst_pipeline_plugins'}
[20.025523] (-) EventReactorShutdown: {}
