[0.000000] (-) TimerEvent: {}
[0.001101] (audio_msgs) JobQueued: {'identifier': 'audio_msgs', 'dependencies': OrderedDict()}
[0.002926] (cv_bridge) JobQueued: {'identifier': 'cv_bridge', 'dependencies': OrderedDict()}
[0.003650] (diagnostic_updater) JobQueued: {'identifier': 'diagnostic_updater', 'dependencies': OrderedDict()}
[0.008957] (gst_msgs) JobQueued: {'identifier': 'gst_msgs', 'dependencies': OrderedDict()}
[0.012907] (image_geometry) JobQueued: {'identifier': 'image_geometry', 'dependencies': OrderedDict()}
[0.013160] (realsense2_camera_msgs) JobQueued: {'identifier': 'realsense2_camera_msgs', 'dependencies': OrderedDict()}
[0.013518] (xacro) JobQueued: {'identifier': 'xacro', 'dependencies': OrderedDict()}
[0.013717] (diagnostic_common_diagnostics) JobQueued: {'identifier': 'diagnostic_common_diagnostics', 'dependencies': OrderedDict([('diagnostic_updater', '/root/Workspaces/rosgsthumble_ws/install/diagnostic_updater')])}
[0.015141] (gst_bridge) JobQueued: {'identifier': 'gst_bridge', 'dependencies': OrderedDict([('audio_msgs', '/root/Workspaces/rosgsthumble_ws/install/audio_msgs')])}
[0.015312] (realsense2_camera) JobQueued: {'identifier': 'realsense2_camera', 'dependencies': OrderedDict([('cv_bridge', '/root/Workspaces/rosgsthumble_ws/install/cv_bridge'), ('diagnostic_updater', '/root/Workspaces/rosgsthumble_ws/install/diagnostic_updater'), ('realsense2_camera_msgs', '/root/Workspaces/rosgsthumble_ws/install/realsense2_camera_msgs')])}
[0.015457] (realsense2_description) JobQueued: {'identifier': 'realsense2_description', 'dependencies': OrderedDict([('realsense2_camera_msgs', '/root/Workspaces/rosgsthumble_ws/install/realsense2_camera_msgs'), ('xacro', '/root/Workspaces/rosgsthumble_ws/install/xacro')])}
[0.015723] (vision_opencv) JobQueued: {'identifier': 'vision_opencv', 'dependencies': OrderedDict([('cv_bridge', '/root/Workspaces/rosgsthumble_ws/install/cv_bridge'), ('image_geometry', '/root/Workspaces/rosgsthumble_ws/install/image_geometry')])}
[0.020980] (diagnostics) JobQueued: {'identifier': 'diagnostics', 'dependencies': OrderedDict([('diagnostic_updater', '/root/Workspaces/rosgsthumble_ws/install/diagnostic_updater'), ('diagnostic_common_diagnostics', '/root/Workspaces/rosgsthumble_ws/install/diagnostic_common_diagnostics')])}
[0.023757] (gst_pipeline) JobQueued: {'identifier': 'gst_pipeline', 'dependencies': OrderedDict([('audio_msgs', '/root/Workspaces/rosgsthumble_ws/install/audio_msgs'), ('cv_bridge', '/root/Workspaces/rosgsthumble_ws/install/cv_bridge'), ('gst_msgs', '/root/Workspaces/rosgsthumble_ws/install/gst_msgs'), ('gst_bridge', '/root/Workspaces/rosgsthumble_ws/install/gst_bridge')])}
[0.024000] (webrtc_camera_node) JobQueued: {'identifier': 'webrtc_camera_node', 'dependencies': OrderedDict([('audio_msgs', '/root/Workspaces/rosgsthumble_ws/install/audio_msgs'), ('gst_bridge', '/root/Workspaces/rosgsthumble_ws/install/gst_bridge')])}
[0.024324] (gst_pipeline_plugins) JobQueued: {'identifier': 'gst_pipeline_plugins', 'dependencies': OrderedDict([('audio_msgs', '/root/Workspaces/rosgsthumble_ws/install/audio_msgs'), ('cv_bridge', '/root/Workspaces/rosgsthumble_ws/install/cv_bridge'), ('gst_msgs', '/root/Workspaces/rosgsthumble_ws/install/gst_msgs'), ('gst_bridge', '/root/Workspaces/rosgsthumble_ws/install/gst_bridge'), ('gst_pipeline', '/root/Workspaces/rosgsthumble_ws/install/gst_pipeline')])}
[0.024525] (audio_msgs) JobStarted: {'identifier': 'audio_msgs'}
[0.101977] (-) TimerEvent: {}
[0.176298] (cv_bridge) JobStarted: {'identifier': 'cv_bridge'}
[0.207202] (-) TimerEvent: {}
[0.314928] (diagnostic_updater) JobStarted: {'identifier': 'diagnostic_updater'}
[0.327048] (-) TimerEvent: {}
[0.443029] (-) TimerEvent: {}
[0.456452] (gst_msgs) JobStarted: {'identifier': 'gst_msgs'}
[0.543206] (-) TimerEvent: {}
[0.605173] (audio_msgs) JobProgress: {'identifier': 'audio_msgs', 'progress': 'cmake'}
[0.609704] (audio_msgs) JobProgress: {'identifier': 'audio_msgs', 'progress': 'build'}
[0.613255] (audio_msgs) Command: {'cmd': ['/usr/local/bin/cmake', '--build', '/root/Workspaces/rosgsthumble_ws/build/audio_msgs', '--', '-j4', '-l4'], 'cwd': '/root/Workspaces/rosgsthumble_ws/build/audio_msgs', 'env': OrderedDict([('OPENBLAS_CORETYPE', 'ARMV8'), ('PYTHONIOENCODING', 'utf-8'), ('HOSTNAME', 'nano'), ('LD_LIBRARY_PATH', '/root/Workspaces/rosgsthumble_ws/install/realsense2_camera/lib:/root/Workspaces/rosgsthumble_ws/install/realsense2_camera_msgs/lib:/root/Workspaces/rosgsthumble_ws/install/image_geometry/lib:/root/Workspaces/rosgsthumble_ws/install/gst_pipeline_plugins/lib:/root/Workspaces/rosgsthumble_ws/install/gst_pipeline/lib:/root/Workspaces/rosgsthumble_ws/install/gst_msgs/lib:/root/Workspaces/rosgsthumble_ws/install/gst_bridge/lib:/root/Workspaces/rosgsthumble_ws/install/diagnostic_updater/lib:/root/Workspaces/rosgsthumble_ws/install/cv_bridge/lib:/root/Workspaces/rosgsthumble_ws/install/audio_msgs/lib:/opt/ros/humble/install/opt/rviz_ogre_vendor/lib:/opt/ros/humble/install/lib:/usr/local/cuda-10.2/targets/aarch64-linux/lib:'), ('SHLVL', '1'), ('OLDPWD', '/root/Workspaces'), ('HOME', '/root'), ('ROS_PYTHON_VERSION', '3'), ('COLCON_PREFIX_PATH', '/opt/ros/humble/install:/root/Workspaces/rosgsthumble_ws/install'), ('ROS_DISTRO', 'humble'), ('PULSE_SERVER', 'unix:/run/user/1000/pulse/native'), ('_', '/usr/bin/colcon'), ('ROS_VERSION', '2'), ('NVIDIA_DRIVER_CAPABILITIES', 'compute,utility,graphics'), ('PKG_CONFIG_PATH', '/opt/ros/humble/install/lib/aarch64-linux-gnu/pkgconfig:/opt/ros/humble/install/lib/pkgconfig'), ('TERM', 'xterm'), ('ROS_LOCALHOST_ONLY', '0'), ('PATH', '/root/Workspaces/rosgsthumble_ws/install/xacro/bin:/opt/ros/humble/install/bin:/usr/local/cuda-10.2/bin:/usr/local/cuda/bin:/usr/local/sbin:/usr/local/bin:/usr/sbin:/usr/bin:/sbin:/bin'), ('XDG_RUNTIME_DIR', '/run/user/1000'), ('DISPLAY', ''), ('LANG', 'en_US.UTF-8'), ('RMW_IMPLEMENTATION', 'rmw_cyclonedds_cpp'), ('LS_COLORS', 'rs=0:di=01;34:ln=01;36:mh=00:pi=40;33:so=01;35:do=01;35:bd=40;33;01:cd=40;33;01:or=40;31;01:mi=00:su=37;41:sg=30;43:ca=30;41:tw=30;42:ow=34;42:st=37;44:ex=01;32:*.tar=01;31:*.tgz=01;31:*.arc=01;31:*.arj=01;31:*.taz=01;31:*.lha=01;31:*.lz4=01;31:*.lzh=01;31:*.lzma=01;31:*.tlz=01;31:*.txz=01;31:*.tzo=01;31:*.t7z=01;31:*.zip=01;31:*.z=01;31:*.Z=01;31:*.dz=01;31:*.gz=01;31:*.lrz=01;31:*.lz=01;31:*.lzo=01;31:*.xz=01;31:*.zst=01;31:*.tzst=01;31:*.bz2=01;31:*.bz=01;31:*.tbz=01;31:*.tbz2=01;31:*.tz=01;31:*.deb=01;31:*.rpm=01;31:*.jar=01;31:*.war=01;31:*.ear=01;31:*.sar=01;31:*.rar=01;31:*.alz=01;31:*.ace=01;31:*.zoo=01;31:*.cpio=01;31:*.7z=01;31:*.rz=01;31:*.cab=01;31:*.wim=01;31:*.swm=01;31:*.dwm=01;31:*.esd=01;31:*.jpg=01;35:*.jpeg=01;35:*.mjpg=01;35:*.mjpeg=01;35:*.gif=01;35:*.bmp=01;35:*.pbm=01;35:*.pgm=01;35:*.ppm=01;35:*.tga=01;35:*.xbm=01;35:*.xpm=01;35:*.tif=01;35:*.tiff=01;35:*.png=01;35:*.svg=01;35:*.svgz=01;35:*.mng=01;35:*.pcx=01;35:*.mov=01;35:*.mpg=01;35:*.mpeg=01;35:*.m2v=01;35:*.mkv=01;35:*.webm=01;35:*.ogm=01;35:*.mp4=01;35:*.m4v=01;35:*.mp4v=01;35:*.vob=01;35:*.qt=01;35:*.nuv=01;35:*.wmv=01;35:*.asf=01;35:*.rm=01;35:*.rmvb=01;35:*.flc=01;35:*.avi=01;35:*.fli=01;35:*.flv=01;35:*.gl=01;35:*.dl=01;35:*.xcf=01;35:*.xwd=01;35:*.yuv=01;35:*.cgm=01;35:*.emf=01;35:*.ogv=01;35:*.ogx=01;35:*.aac=00;36:*.au=00;36:*.flac=00;36:*.m4a=00;36:*.mid=00;36:*.midi=00;36:*.mka=00;36:*.mp3=00;36:*.mpc=00;36:*.ogg=00;36:*.ra=00;36:*.wav=00;36:*.oga=00;36:*.opus=00;36:*.spx=00;36:*.xspf=00;36:'), ('ROS_ROOT', '/opt/ros/humble'), ('AMENT_PREFIX_PATH', '/opt/ros/humble/install'), ('DEBIAN_FRONTEND', 'noninteractive'), ('GST_PLUGIN_PATH', '/root/Workspaces/rosgsthumble_ws/install/gst_bridge/lib/gst_bridge/'), ('SHELL', '/bin/bash'), ('PWD', '/root/Workspaces/rosgsthumble_ws/build/audio_msgs'), ('PYTHONPATH', '/root/Workspaces/rosgsthumble_ws/install/xacro/lib/python3.6/site-packages:/root/Workspaces/rosgsthumble_ws/install/realsense2_camera_msgs/lib/python3.6/site-packages:/root/Workspaces/rosgsthumble_ws/install/image_geometry/lib/python3.6/site-packages:/root/Workspaces/rosgsthumble_ws/install/gst_msgs/lib/python3.6/site-packages:/root/Workspaces/rosgsthumble_ws/install/diagnostic_common_diagnostics/lib/python3.6/site-packages:/root/Workspaces/rosgsthumble_ws/install/diagnostic_updater/lib/python3.6/site-packages:/root/Workspaces/rosgsthumble_ws/install/cv_bridge/lib/python3.6/site-packages:/root/Workspaces/rosgsthumble_ws/install/audio_msgs/lib/python3.6/site-packages:/opt/ros/humble/install/lib/python3.6/site-packages'), ('NVIDIA_VISIBLE_DEVICES', 'all'), ('COLCON', '1'), ('CMAKE_PREFIX_PATH', '/opt/ros/humble/install')]), 'shell': False}
[0.634869] (cv_bridge) JobProgress: {'identifier': 'cv_bridge', 'progress': 'cmake'}
[0.640130] (cv_bridge) JobProgress: {'identifier': 'cv_bridge', 'progress': 'build'}
[0.641493] (cv_bridge) Command: {'cmd': ['/usr/local/bin/cmake', '--build', '/root/Workspaces/rosgsthumble_ws/build/cv_bridge', '--', '-j4', '-l4'], 'cwd': '/root/Workspaces/rosgsthumble_ws/build/cv_bridge', 'env': OrderedDict([('OPENBLAS_CORETYPE', 'ARMV8'), ('PYTHONIOENCODING', 'utf-8'), ('HOSTNAME', 'nano'), ('LD_LIBRARY_PATH', '/root/Workspaces/rosgsthumble_ws/install/realsense2_camera/lib:/root/Workspaces/rosgsthumble_ws/install/realsense2_camera_msgs/lib:/root/Workspaces/rosgsthumble_ws/install/image_geometry/lib:/root/Workspaces/rosgsthumble_ws/install/gst_pipeline_plugins/lib:/root/Workspaces/rosgsthumble_ws/install/gst_pipeline/lib:/root/Workspaces/rosgsthumble_ws/install/gst_msgs/lib:/root/Workspaces/rosgsthumble_ws/install/gst_bridge/lib:/root/Workspaces/rosgsthumble_ws/install/diagnostic_updater/lib:/root/Workspaces/rosgsthumble_ws/install/cv_bridge/lib:/root/Workspaces/rosgsthumble_ws/install/audio_msgs/lib:/opt/ros/humble/install/opt/rviz_ogre_vendor/lib:/opt/ros/humble/install/lib:/usr/local/cuda-10.2/targets/aarch64-linux/lib:'), ('SHLVL', '1'), ('OLDPWD', '/root/Workspaces'), ('HOME', '/root'), ('ROS_PYTHON_VERSION', '3'), ('COLCON_PREFIX_PATH', '/opt/ros/humble/install:/root/Workspaces/rosgsthumble_ws/install'), ('ROS_DISTRO', 'humble'), ('PULSE_SERVER', 'unix:/run/user/1000/pulse/native'), ('_', '/usr/bin/colcon'), ('ROS_VERSION', '2'), ('NVIDIA_DRIVER_CAPABILITIES', 'compute,utility,graphics'), ('PKG_CONFIG_PATH', '/opt/ros/humble/install/lib/aarch64-linux-gnu/pkgconfig:/opt/ros/humble/install/lib/pkgconfig'), ('TERM', 'xterm'), ('ROS_LOCALHOST_ONLY', '0'), ('PATH', '/root/Workspaces/rosgsthumble_ws/install/xacro/bin:/opt/ros/humble/install/bin:/usr/local/cuda-10.2/bin:/usr/local/cuda/bin:/usr/local/sbin:/usr/local/bin:/usr/sbin:/usr/bin:/sbin:/bin'), ('XDG_RUNTIME_DIR', '/run/user/1000'), ('DISPLAY', ''), ('LANG', 'en_US.UTF-8'), ('RMW_IMPLEMENTATION', 'rmw_cyclonedds_cpp'), ('LS_COLORS', 'rs=0:di=01;34:ln=01;36:mh=00:pi=40;33:so=01;35:do=01;35:bd=40;33;01:cd=40;33;01:or=40;31;01:mi=00:su=37;41:sg=30;43:ca=30;41:tw=30;42:ow=34;42:st=37;44:ex=01;32:*.tar=01;31:*.tgz=01;31:*.arc=01;31:*.arj=01;31:*.taz=01;31:*.lha=01;31:*.lz4=01;31:*.lzh=01;31:*.lzma=01;31:*.tlz=01;31:*.txz=01;31:*.tzo=01;31:*.t7z=01;31:*.zip=01;31:*.z=01;31:*.Z=01;31:*.dz=01;31:*.gz=01;31:*.lrz=01;31:*.lz=01;31:*.lzo=01;31:*.xz=01;31:*.zst=01;31:*.tzst=01;31:*.bz2=01;31:*.bz=01;31:*.tbz=01;31:*.tbz2=01;31:*.tz=01;31:*.deb=01;31:*.rpm=01;31:*.jar=01;31:*.war=01;31:*.ear=01;31:*.sar=01;31:*.rar=01;31:*.alz=01;31:*.ace=01;31:*.zoo=01;31:*.cpio=01;31:*.7z=01;31:*.rz=01;31:*.cab=01;31:*.wim=01;31:*.swm=01;31:*.dwm=01;31:*.esd=01;31:*.jpg=01;35:*.jpeg=01;35:*.mjpg=01;35:*.mjpeg=01;35:*.gif=01;35:*.bmp=01;35:*.pbm=01;35:*.pgm=01;35:*.ppm=01;35:*.tga=01;35:*.xbm=01;35:*.xpm=01;35:*.tif=01;35:*.tiff=01;35:*.png=01;35:*.svg=01;35:*.svgz=01;35:*.mng=01;35:*.pcx=01;35:*.mov=01;35:*.mpg=01;35:*.mpeg=01;35:*.m2v=01;35:*.mkv=01;35:*.webm=01;35:*.ogm=01;35:*.mp4=01;35:*.m4v=01;35:*.mp4v=01;35:*.vob=01;35:*.qt=01;35:*.nuv=01;35:*.wmv=01;35:*.asf=01;35:*.rm=01;35:*.rmvb=01;35:*.flc=01;35:*.avi=01;35:*.fli=01;35:*.flv=01;35:*.gl=01;35:*.dl=01;35:*.xcf=01;35:*.xwd=01;35:*.yuv=01;35:*.cgm=01;35:*.emf=01;35:*.ogv=01;35:*.ogx=01;35:*.aac=00;36:*.au=00;36:*.flac=00;36:*.m4a=00;36:*.mid=00;36:*.midi=00;36:*.mka=00;36:*.mp3=00;36:*.mpc=00;36:*.ogg=00;36:*.ra=00;36:*.wav=00;36:*.oga=00;36:*.opus=00;36:*.spx=00;36:*.xspf=00;36:'), ('ROS_ROOT', '/opt/ros/humble'), ('AMENT_PREFIX_PATH', '/opt/ros/humble/install'), ('DEBIAN_FRONTEND', 'noninteractive'), ('GST_PLUGIN_PATH', '/root/Workspaces/rosgsthumble_ws/install/gst_bridge/lib/gst_bridge/'), ('SHELL', '/bin/bash'), ('PWD', '/root/Workspaces/rosgsthumble_ws/build/cv_bridge'), ('PYTHONPATH', '/root/Workspaces/rosgsthumble_ws/install/xacro/lib/python3.6/site-packages:/root/Workspaces/rosgsthumble_ws/install/realsense2_camera_msgs/lib/python3.6/site-packages:/root/Workspaces/rosgsthumble_ws/install/image_geometry/lib/python3.6/site-packages:/root/Workspaces/rosgsthumble_ws/install/gst_msgs/lib/python3.6/site-packages:/root/Workspaces/rosgsthumble_ws/install/diagnostic_common_diagnostics/lib/python3.6/site-packages:/root/Workspaces/rosgsthumble_ws/install/diagnostic_updater/lib/python3.6/site-packages:/root/Workspaces/rosgsthumble_ws/install/cv_bridge/lib/python3.6/site-packages:/root/Workspaces/rosgsthumble_ws/install/audio_msgs/lib/python3.6/site-packages:/opt/ros/humble/install/lib/python3.6/site-packages'), ('NVIDIA_VISIBLE_DEVICES', 'all'), ('COLCON', '1'), ('CMAKE_PREFIX_PATH', '/opt/ros/humble/install')]), 'shell': False}
[0.654886] (-) TimerEvent: {}
[0.657058] (diagnostic_updater) JobProgress: {'identifier': 'diagnostic_updater', 'progress': 'cmake'}
[0.661212] (diagnostic_updater) JobProgress: {'identifier': 'diagnostic_updater', 'progress': 'build'}
[0.662562] (diagnostic_updater) Command: {'cmd': ['/usr/local/bin/cmake', '--build', '/root/Workspaces/rosgsthumble_ws/build/diagnostic_updater', '--', '-j4', '-l4'], 'cwd': '/root/Workspaces/rosgsthumble_ws/build/diagnostic_updater', 'env': OrderedDict([('OPENBLAS_CORETYPE', 'ARMV8'), ('PYTHONIOENCODING', 'utf-8'), ('HOSTNAME', 'nano'), ('LD_LIBRARY_PATH', '/root/Workspaces/rosgsthumble_ws/install/realsense2_camera/lib:/root/Workspaces/rosgsthumble_ws/install/realsense2_camera_msgs/lib:/root/Workspaces/rosgsthumble_ws/install/image_geometry/lib:/root/Workspaces/rosgsthumble_ws/install/gst_pipeline_plugins/lib:/root/Workspaces/rosgsthumble_ws/install/gst_pipeline/lib:/root/Workspaces/rosgsthumble_ws/install/gst_msgs/lib:/root/Workspaces/rosgsthumble_ws/install/gst_bridge/lib:/root/Workspaces/rosgsthumble_ws/install/diagnostic_updater/lib:/root/Workspaces/rosgsthumble_ws/install/cv_bridge/lib:/root/Workspaces/rosgsthumble_ws/install/audio_msgs/lib:/opt/ros/humble/install/opt/rviz_ogre_vendor/lib:/opt/ros/humble/install/lib:/usr/local/cuda-10.2/targets/aarch64-linux/lib:'), ('SHLVL', '1'), ('OLDPWD', '/root/Workspaces'), ('HOME', '/root'), ('ROS_PYTHON_VERSION', '3'), ('COLCON_PREFIX_PATH', '/opt/ros/humble/install:/root/Workspaces/rosgsthumble_ws/install'), ('ROS_DISTRO', 'humble'), ('PULSE_SERVER', 'unix:/run/user/1000/pulse/native'), ('_', '/usr/bin/colcon'), ('ROS_VERSION', '2'), ('NVIDIA_DRIVER_CAPABILITIES', 'compute,utility,graphics'), ('PKG_CONFIG_PATH', '/opt/ros/humble/install/lib/aarch64-linux-gnu/pkgconfig:/opt/ros/humble/install/lib/pkgconfig'), ('TERM', 'xterm'), ('ROS_LOCALHOST_ONLY', '0'), ('PATH', '/root/Workspaces/rosgsthumble_ws/install/xacro/bin:/opt/ros/humble/install/bin:/usr/local/cuda-10.2/bin:/usr/local/cuda/bin:/usr/local/sbin:/usr/local/bin:/usr/sbin:/usr/bin:/sbin:/bin'), ('XDG_RUNTIME_DIR', '/run/user/1000'), ('DISPLAY', ''), ('LANG', 'en_US.UTF-8'), ('RMW_IMPLEMENTATION', 'rmw_cyclonedds_cpp'), ('LS_COLORS', 'rs=0:di=01;34:ln=01;36:mh=00:pi=40;33:so=01;35:do=01;35:bd=40;33;01:cd=40;33;01:or=40;31;01:mi=00:su=37;41:sg=30;43:ca=30;41:tw=30;42:ow=34;42:st=37;44:ex=01;32:*.tar=01;31:*.tgz=01;31:*.arc=01;31:*.arj=01;31:*.taz=01;31:*.lha=01;31:*.lz4=01;31:*.lzh=01;31:*.lzma=01;31:*.tlz=01;31:*.txz=01;31:*.tzo=01;31:*.t7z=01;31:*.zip=01;31:*.z=01;31:*.Z=01;31:*.dz=01;31:*.gz=01;31:*.lrz=01;31:*.lz=01;31:*.lzo=01;31:*.xz=01;31:*.zst=01;31:*.tzst=01;31:*.bz2=01;31:*.bz=01;31:*.tbz=01;31:*.tbz2=01;31:*.tz=01;31:*.deb=01;31:*.rpm=01;31:*.jar=01;31:*.war=01;31:*.ear=01;31:*.sar=01;31:*.rar=01;31:*.alz=01;31:*.ace=01;31:*.zoo=01;31:*.cpio=01;31:*.7z=01;31:*.rz=01;31:*.cab=01;31:*.wim=01;31:*.swm=01;31:*.dwm=01;31:*.esd=01;31:*.jpg=01;35:*.jpeg=01;35:*.mjpg=01;35:*.mjpeg=01;35:*.gif=01;35:*.bmp=01;35:*.pbm=01;35:*.pgm=01;35:*.ppm=01;35:*.tga=01;35:*.xbm=01;35:*.xpm=01;35:*.tif=01;35:*.tiff=01;35:*.png=01;35:*.svg=01;35:*.svgz=01;35:*.mng=01;35:*.pcx=01;35:*.mov=01;35:*.mpg=01;35:*.mpeg=01;35:*.m2v=01;35:*.mkv=01;35:*.webm=01;35:*.ogm=01;35:*.mp4=01;35:*.m4v=01;35:*.mp4v=01;35:*.vob=01;35:*.qt=01;35:*.nuv=01;35:*.wmv=01;35:*.asf=01;35:*.rm=01;35:*.rmvb=01;35:*.flc=01;35:*.avi=01;35:*.fli=01;35:*.flv=01;35:*.gl=01;35:*.dl=01;35:*.xcf=01;35:*.xwd=01;35:*.yuv=01;35:*.cgm=01;35:*.emf=01;35:*.ogv=01;35:*.ogx=01;35:*.aac=00;36:*.au=00;36:*.flac=00;36:*.m4a=00;36:*.mid=00;36:*.midi=00;36:*.mka=00;36:*.mp3=00;36:*.mpc=00;36:*.ogg=00;36:*.ra=00;36:*.wav=00;36:*.oga=00;36:*.opus=00;36:*.spx=00;36:*.xspf=00;36:'), ('ROS_ROOT', '/opt/ros/humble'), ('AMENT_PREFIX_PATH', '/opt/ros/humble/install'), ('DEBIAN_FRONTEND', 'noninteractive'), ('GST_PLUGIN_PATH', '/root/Workspaces/rosgsthumble_ws/install/gst_bridge/lib/gst_bridge/'), ('SHELL', '/bin/bash'), ('PWD', '/root/Workspaces/rosgsthumble_ws/build/diagnostic_updater'), ('PYTHONPATH', '/root/Workspaces/rosgsthumble_ws/install/xacro/lib/python3.6/site-packages:/root/Workspaces/rosgsthumble_ws/install/realsense2_camera_msgs/lib/python3.6/site-packages:/root/Workspaces/rosgsthumble_ws/install/image_geometry/lib/python3.6/site-packages:/root/Workspaces/rosgsthumble_ws/install/gst_msgs/lib/python3.6/site-packages:/root/Workspaces/rosgsthumble_ws/install/diagnostic_common_diagnostics/lib/python3.6/site-packages:/root/Workspaces/rosgsthumble_ws/install/diagnostic_updater/lib/python3.6/site-packages:/root/Workspaces/rosgsthumble_ws/install/cv_bridge/lib/python3.6/site-packages:/root/Workspaces/rosgsthumble_ws/install/audio_msgs/lib/python3.6/site-packages:/opt/ros/humble/install/lib/python3.6/site-packages'), ('NVIDIA_VISIBLE_DEVICES', 'all'), ('COLCON', '1'), ('CMAKE_PREFIX_PATH', '/opt/ros/humble/install')]), 'shell': False}
[0.683667] (gst_msgs) JobProgress: {'identifier': 'gst_msgs', 'progress': 'cmake'}
[0.689666] (gst_msgs) JobProgress: {'identifier': 'gst_msgs', 'progress': 'build'}
[0.691165] (gst_msgs) Command: {'cmd': ['/usr/local/bin/cmake', '--build', '/root/Workspaces/rosgsthumble_ws/build/gst_msgs', '--', '-j4', '-l4'], 'cwd': '/root/Workspaces/rosgsthumble_ws/build/gst_msgs', 'env': OrderedDict([('OPENBLAS_CORETYPE', 'ARMV8'), ('PYTHONIOENCODING', 'utf-8'), ('HOSTNAME', 'nano'), ('LD_LIBRARY_PATH', '/root/Workspaces/rosgsthumble_ws/install/realsense2_camera/lib:/root/Workspaces/rosgsthumble_ws/install/realsense2_camera_msgs/lib:/root/Workspaces/rosgsthumble_ws/install/image_geometry/lib:/root/Workspaces/rosgsthumble_ws/install/gst_pipeline_plugins/lib:/root/Workspaces/rosgsthumble_ws/install/gst_pipeline/lib:/root/Workspaces/rosgsthumble_ws/install/gst_msgs/lib:/root/Workspaces/rosgsthumble_ws/install/gst_bridge/lib:/root/Workspaces/rosgsthumble_ws/install/diagnostic_updater/lib:/root/Workspaces/rosgsthumble_ws/install/cv_bridge/lib:/root/Workspaces/rosgsthumble_ws/install/audio_msgs/lib:/opt/ros/humble/install/opt/rviz_ogre_vendor/lib:/opt/ros/humble/install/lib:/usr/local/cuda-10.2/targets/aarch64-linux/lib:'), ('SHLVL', '1'), ('OLDPWD', '/root/Workspaces'), ('HOME', '/root'), ('ROS_PYTHON_VERSION', '3'), ('COLCON_PREFIX_PATH', '/opt/ros/humble/install:/root/Workspaces/rosgsthumble_ws/install'), ('ROS_DISTRO', 'humble'), ('PULSE_SERVER', 'unix:/run/user/1000/pulse/native'), ('_', '/usr/bin/colcon'), ('ROS_VERSION', '2'), ('NVIDIA_DRIVER_CAPABILITIES', 'compute,utility,graphics'), ('PKG_CONFIG_PATH', '/opt/ros/humble/install/lib/aarch64-linux-gnu/pkgconfig:/opt/ros/humble/install/lib/pkgconfig'), ('TERM', 'xterm'), ('ROS_LOCALHOST_ONLY', '0'), ('PATH', '/root/Workspaces/rosgsthumble_ws/install/xacro/bin:/opt/ros/humble/install/bin:/usr/local/cuda-10.2/bin:/usr/local/cuda/bin:/usr/local/sbin:/usr/local/bin:/usr/sbin:/usr/bin:/sbin:/bin'), ('XDG_RUNTIME_DIR', '/run/user/1000'), ('DISPLAY', ''), ('LANG', 'en_US.UTF-8'), ('RMW_IMPLEMENTATION', 'rmw_cyclonedds_cpp'), ('LS_COLORS', 'rs=0:di=01;34:ln=01;36:mh=00:pi=40;33:so=01;35:do=01;35:bd=40;33;01:cd=40;33;01:or=40;31;01:mi=00:su=37;41:sg=30;43:ca=30;41:tw=30;42:ow=34;42:st=37;44:ex=01;32:*.tar=01;31:*.tgz=01;31:*.arc=01;31:*.arj=01;31:*.taz=01;31:*.lha=01;31:*.lz4=01;31:*.lzh=01;31:*.lzma=01;31:*.tlz=01;31:*.txz=01;31:*.tzo=01;31:*.t7z=01;31:*.zip=01;31:*.z=01;31:*.Z=01;31:*.dz=01;31:*.gz=01;31:*.lrz=01;31:*.lz=01;31:*.lzo=01;31:*.xz=01;31:*.zst=01;31:*.tzst=01;31:*.bz2=01;31:*.bz=01;31:*.tbz=01;31:*.tbz2=01;31:*.tz=01;31:*.deb=01;31:*.rpm=01;31:*.jar=01;31:*.war=01;31:*.ear=01;31:*.sar=01;31:*.rar=01;31:*.alz=01;31:*.ace=01;31:*.zoo=01;31:*.cpio=01;31:*.7z=01;31:*.rz=01;31:*.cab=01;31:*.wim=01;31:*.swm=01;31:*.dwm=01;31:*.esd=01;31:*.jpg=01;35:*.jpeg=01;35:*.mjpg=01;35:*.mjpeg=01;35:*.gif=01;35:*.bmp=01;35:*.pbm=01;35:*.pgm=01;35:*.ppm=01;35:*.tga=01;35:*.xbm=01;35:*.xpm=01;35:*.tif=01;35:*.tiff=01;35:*.png=01;35:*.svg=01;35:*.svgz=01;35:*.mng=01;35:*.pcx=01;35:*.mov=01;35:*.mpg=01;35:*.mpeg=01;35:*.m2v=01;35:*.mkv=01;35:*.webm=01;35:*.ogm=01;35:*.mp4=01;35:*.m4v=01;35:*.mp4v=01;35:*.vob=01;35:*.qt=01;35:*.nuv=01;35:*.wmv=01;35:*.asf=01;35:*.rm=01;35:*.rmvb=01;35:*.flc=01;35:*.avi=01;35:*.fli=01;35:*.flv=01;35:*.gl=01;35:*.dl=01;35:*.xcf=01;35:*.xwd=01;35:*.yuv=01;35:*.cgm=01;35:*.emf=01;35:*.ogv=01;35:*.ogx=01;35:*.aac=00;36:*.au=00;36:*.flac=00;36:*.m4a=00;36:*.mid=00;36:*.midi=00;36:*.mka=00;36:*.mp3=00;36:*.mpc=00;36:*.ogg=00;36:*.ra=00;36:*.wav=00;36:*.oga=00;36:*.opus=00;36:*.spx=00;36:*.xspf=00;36:'), ('ROS_ROOT', '/opt/ros/humble'), ('AMENT_PREFIX_PATH', '/opt/ros/humble/install'), ('DEBIAN_FRONTEND', 'noninteractive'), ('GST_PLUGIN_PATH', '/root/Workspaces/rosgsthumble_ws/install/gst_bridge/lib/gst_bridge/'), ('SHELL', '/bin/bash'), ('PWD', '/root/Workspaces/rosgsthumble_ws/build/gst_msgs'), ('PYTHONPATH', '/root/Workspaces/rosgsthumble_ws/install/xacro/lib/python3.6/site-packages:/root/Workspaces/rosgsthumble_ws/install/realsense2_camera_msgs/lib/python3.6/site-packages:/root/Workspaces/rosgsthumble_ws/install/image_geometry/lib/python3.6/site-packages:/root/Workspaces/rosgsthumble_ws/install/gst_msgs/lib/python3.6/site-packages:/root/Workspaces/rosgsthumble_ws/install/diagnostic_common_diagnostics/lib/python3.6/site-packages:/root/Workspaces/rosgsthumble_ws/install/diagnostic_updater/lib/python3.6/site-packages:/root/Workspaces/rosgsthumble_ws/install/cv_bridge/lib/python3.6/site-packages:/root/Workspaces/rosgsthumble_ws/install/audio_msgs/lib/python3.6/site-packages:/opt/ros/humble/install/lib/python3.6/site-packages'), ('NVIDIA_VISIBLE_DEVICES', 'all'), ('COLCON', '1'), ('CMAKE_PREFIX_PATH', '/opt/ros/humble/install')]), 'shell': False}
[0.755105] (-) TimerEvent: {}
[0.856190] (-) TimerEvent: {}
[0.957073] (-) TimerEvent: {}
[0.964260] (audio_msgs) StdoutLine: {'line': b'[  0%] Built target ament_cmake_python_symlink_audio_msgs\n'}
[0.988268] (cv_bridge) StdoutLine: {'line': b'[ 12%] Built target gtest_main\n'}
[1.007418] (audio_msgs) StdoutLine: {'line': b'[  3%] Built target audio_msgs__cpp\n'}
[1.010782] (audio_msgs) StdoutLine: {'line': b'[ 12%] Built target audio_msgs__rosidl_generator_c\n'}
[1.042607] (cv_bridge) StdoutLine: {'line': b'[ 12%] Built target ament_cmake_python_symlink_cv_bridge\n'}
[1.057265] (-) TimerEvent: {}
[1.063891] (cv_bridge) StdoutLine: {'line': b'[ 25%] Built target gtest\n'}
[1.067374] (diagnostic_updater) StdoutLine: {'line': b'[ 20%] Built target gtest\n'}
[1.071748] (diagnostic_updater) StdoutLine: {'line': b'[ 40%] Built target gtest_main\n'}
[1.088288] (diagnostic_updater) StdoutLine: {'line': b'[ 40%] Built target ament_cmake_python_symlink_diagnostic_updater\n'}
[1.120644] (diagnostic_updater) StdoutLine: {'line': b'[ 60%] Built target example\n'}
[1.131047] (cv_bridge) StdoutLine: {'line': b'[ 43%] Built target cv_bridge\n'}
[1.154124] (audio_msgs) StdoutLine: {'line': b'[ 22%] Built target audio_msgs__rosidl_typesupport_cpp\n'}
[1.157429] (-) TimerEvent: {}
[1.166094] (audio_msgs) StdoutLine: {'line': b'[ 32%] Built target audio_msgs__rosidl_typesupport_introspection_cpp\n'}
[1.257634] (-) TimerEvent: {}
[1.267844] (audio_msgs) StdoutLine: {'line': b'[ 41%] Built target audio_msgs__rosidl_typesupport_fastrtps_cpp\n'}
[1.302949] (gst_msgs) StdoutLine: {'line': b'[  0%] Built target ament_cmake_python_symlink_gst_msgs\n'}
[1.312882] (diagnostic_updater) StdoutLine: {'line': b'[ 80%] Built target diagnostic_status_wrapper_test\n'}
[1.313939] (gst_msgs) StdoutLine: {'line': b'[  1%] Built target gst_msgs__cpp\n'}
[1.346579] (diagnostic_updater) StdoutLine: {'line': b'[100%] Built target diagnostic_updater_test\n'}
[1.357836] (-) TimerEvent: {}
[1.394334] (gst_msgs) StdoutLine: {'line': b'[ 12%] Built target gst_msgs__rosidl_generator_c\n'}
[1.411338] (audio_msgs) StdoutLine: {'line': b'[ 58%] Built target audio_msgs__rosidl_typesupport_fastrtps_c\n'}
[1.413059] (audio_msgs) StdoutLine: {'line': b'[ 61%] Built target audio_msgs__rosidl_typesupport_introspection_c\n'}
[1.458019] (-) TimerEvent: {}
[1.539663] (audio_msgs) StdoutLine: {'line': b'[ 70%] Built target audio_msgs__rosidl_typesupport_c\n'}
[1.558205] (-) TimerEvent: {}
[1.560633] (cv_bridge) StdoutLine: {'line': b'[ 81%] Built target cv_bridge-utest\n'}
[1.564051] (gst_msgs) StdoutLine: {'line': b'[ 24%] Built target gst_msgs__rosidl_typesupport_fastrtps_cpp\n'}
[1.601771] (cv_bridge) StdoutLine: {'line': b'[100%] Built target cv_bridge_boost\n'}
[1.605103] (gst_msgs) StdoutLine: {'line': b'[ 35%] Built target gst_msgs__rosidl_typesupport_introspection_cpp\n'}
[1.658386] (-) TimerEvent: {}
[1.692798] (gst_msgs) StdoutLine: {'line': b'[ 46%] Built target gst_msgs__rosidl_typesupport_cpp\n'}
[1.724764] (audio_msgs) StdoutLine: {'line': b'[ 70%] Built target audio_msgs\n'}
[1.758572] (-) TimerEvent: {}
[1.825204] (gst_msgs) StdoutLine: {'line': b'[ 58%] Built target gst_msgs__rosidl_typesupport_fastrtps_c\n'}
[1.846878] (gst_msgs) StdoutLine: {'line': b'[ 69%] Built target gst_msgs__rosidl_typesupport_introspection_c\n'}
[1.858747] (-) TimerEvent: {}
[1.903514] (audio_msgs) StdoutLine: {'line': b'[ 74%] Built target audio_msgs__py\n'}
[1.912030] (gst_msgs) StdoutLine: {'line': b'[ 81%] Built target gst_msgs__rosidl_typesupport_c\n'}
[1.958906] (-) TimerEvent: {}
[2.061260] (-) TimerEvent: {}
[2.072622] (gst_msgs) StdoutLine: {'line': b'[ 81%] Built target gst_msgs\n'}
[2.075036] (audio_msgs) StdoutLine: {'line': b'[ 80%] Built target audio_msgs__rosidl_generator_py\n'}
[2.161449] (-) TimerEvent: {}
[2.255040] (gst_msgs) StdoutLine: {'line': b'[ 82%] Built target gst_msgs__py\n'}
[2.261635] (-) TimerEvent: {}
[2.281502] (audio_msgs) StdoutLine: {'line': b'[ 96%] Built target audio_msgs__rosidl_typesupport_c__pyext\n'}
[2.282786] (audio_msgs) StdoutLine: {'line': b'[ 93%] Built target audio_msgs__rosidl_typesupport_fastrtps_c__pyext\n'}
[2.287343] (audio_msgs) StdoutLine: {'line': b'[100%] Built target audio_msgs__rosidl_typesupport_introspection_c__pyext\n'}
[2.361820] (-) TimerEvent: {}
[2.452802] (gst_msgs) StdoutLine: {'line': b'[ 92%] Built target gst_msgs__rosidl_generator_py\n'}
[2.461997] (-) TimerEvent: {}
[2.563951] (-) TimerEvent: {}
[2.651450] (gst_msgs) StdoutLine: {'line': b'[ 98%] Built target gst_msgs__rosidl_typesupport_introspection_c__pyext\n'}
[2.653157] (gst_msgs) StdoutLine: {'line': b'[ 98%] Built target gst_msgs__rosidl_typesupport_fastrtps_c__pyext\n'}
[2.655489] (gst_msgs) StdoutLine: {'line': b'[100%] Built target gst_msgs__rosidl_typesupport_c__pyext\n'}
[2.664129] (-) TimerEvent: {}
[2.766772] (-) TimerEvent: {}
[2.869296] (-) TimerEvent: {}
[2.971673] (-) TimerEvent: {}
[3.073903] (-) TimerEvent: {}
[3.091552] (diagnostic_updater) StdoutLine: {'line': b'running egg_info\n'}
[3.095284] (diagnostic_updater) StdoutLine: {'line': b'writing diagnostic_updater.egg-info/PKG-INFO\n'}
[3.097366] (diagnostic_updater) StdoutLine: {'line': b'writing dependency_links to diagnostic_updater.egg-info/dependency_links.txt\n'}
[3.099858] (diagnostic_updater) StdoutLine: {'line': b'writing top-level names to diagnostic_updater.egg-info/top_level.txt\n'}
[3.115433] (diagnostic_updater) StdoutLine: {'line': b"reading manifest file 'diagnostic_updater.egg-info/SOURCES.txt'\n"}
[3.121566] (diagnostic_updater) StdoutLine: {'line': b"writing manifest file 'diagnostic_updater.egg-info/SOURCES.txt'\n"}
[3.151186] (audio_msgs) StdoutLine: {'line': b'running egg_info\n'}
[3.155668] (audio_msgs) StdoutLine: {'line': b'writing audio_msgs.egg-info/PKG-INFO\n'}
[3.158270] (audio_msgs) StdoutLine: {'line': b'writing dependency_links to audio_msgs.egg-info/dependency_links.txt\n'}
[3.160782] (audio_msgs) StdoutLine: {'line': b'writing top-level names to audio_msgs.egg-info/top_level.txt\n'}
[3.174098] (-) TimerEvent: {}
[3.176648] (audio_msgs) StdoutLine: {'line': b"reading manifest file 'audio_msgs.egg-info/SOURCES.txt'\n"}
[3.181800] (audio_msgs) StdoutLine: {'line': b"writing manifest file 'audio_msgs.egg-info/SOURCES.txt'\n"}
[3.246640] (diagnostic_updater) StdoutLine: {'line': b'[100%] Built target ament_cmake_python_build_diagnostic_updater_egg\n'}
[3.274305] (-) TimerEvent: {}
[3.305311] (diagnostic_updater) CommandEnded: {'returncode': 0}
[3.309970] (audio_msgs) StdoutLine: {'line': b'[100%] Built target ament_cmake_python_build_audio_msgs_egg\n'}
[3.363164] (audio_msgs) CommandEnded: {'returncode': 0}
[3.376230] (-) TimerEvent: {}
[3.459818] (gst_msgs) StdoutLine: {'line': b'running egg_info\n'}
[3.466633] (gst_msgs) StdoutLine: {'line': b'writing gst_msgs.egg-info/PKG-INFO\n'}
[3.469318] (gst_msgs) StdoutLine: {'line': b'writing dependency_links to gst_msgs.egg-info/dependency_links.txt\n'}
[3.471999] (gst_msgs) StdoutLine: {'line': b'writing top-level names to gst_msgs.egg-info/top_level.txt\n'}
[3.476377] (-) TimerEvent: {}
[3.490542] (gst_msgs) StdoutLine: {'line': b"reading manifest file 'gst_msgs.egg-info/SOURCES.txt'\n"}
[3.498210] (gst_msgs) StdoutLine: {'line': b"writing manifest file 'gst_msgs.egg-info/SOURCES.txt'\n"}
[3.576571] (-) TimerEvent: {}
[3.618251] (gst_msgs) StdoutLine: {'line': b'[100%] Built target ament_cmake_python_build_gst_msgs_egg\n'}
[3.678852] (diagnostic_updater) JobProgress: {'identifier': 'diagnostic_updater', 'progress': 'install'}
[3.679613] (-) TimerEvent: {}
[3.782372] (-) TimerEvent: {}
[3.884767] (-) TimerEvent: {}
[3.888454] (diagnostic_updater) Command: {'cmd': ['/usr/local/bin/cmake', '--install', '/root/Workspaces/rosgsthumble_ws/build/diagnostic_updater'], 'cwd': '/root/Workspaces/rosgsthumble_ws/build/diagnostic_updater', 'env': OrderedDict([('OPENBLAS_CORETYPE', 'ARMV8'), ('PYTHONIOENCODING', 'utf-8'), ('HOSTNAME', 'nano'), ('LD_LIBRARY_PATH', '/root/Workspaces/rosgsthumble_ws/install/realsense2_camera/lib:/root/Workspaces/rosgsthumble_ws/install/realsense2_camera_msgs/lib:/root/Workspaces/rosgsthumble_ws/install/image_geometry/lib:/root/Workspaces/rosgsthumble_ws/install/gst_pipeline_plugins/lib:/root/Workspaces/rosgsthumble_ws/install/gst_pipeline/lib:/root/Workspaces/rosgsthumble_ws/install/gst_msgs/lib:/root/Workspaces/rosgsthumble_ws/install/gst_bridge/lib:/root/Workspaces/rosgsthumble_ws/install/diagnostic_updater/lib:/root/Workspaces/rosgsthumble_ws/install/cv_bridge/lib:/root/Workspaces/rosgsthumble_ws/install/audio_msgs/lib:/opt/ros/humble/install/opt/rviz_ogre_vendor/lib:/opt/ros/humble/install/lib:/usr/local/cuda-10.2/targets/aarch64-linux/lib:'), ('SHLVL', '1'), ('OLDPWD', '/root/Workspaces'), ('HOME', '/root'), ('ROS_PYTHON_VERSION', '3'), ('COLCON_PREFIX_PATH', '/opt/ros/humble/install:/root/Workspaces/rosgsthumble_ws/install'), ('ROS_DISTRO', 'humble'), ('PULSE_SERVER', 'unix:/run/user/1000/pulse/native'), ('_', '/usr/bin/colcon'), ('ROS_VERSION', '2'), ('NVIDIA_DRIVER_CAPABILITIES', 'compute,utility,graphics'), ('PKG_CONFIG_PATH', '/opt/ros/humble/install/lib/aarch64-linux-gnu/pkgconfig:/opt/ros/humble/install/lib/pkgconfig'), ('TERM', 'xterm'), ('ROS_LOCALHOST_ONLY', '0'), ('PATH', '/root/Workspaces/rosgsthumble_ws/install/xacro/bin:/opt/ros/humble/install/bin:/usr/local/cuda-10.2/bin:/usr/local/cuda/bin:/usr/local/sbin:/usr/local/bin:/usr/sbin:/usr/bin:/sbin:/bin'), ('XDG_RUNTIME_DIR', '/run/user/1000'), ('DISPLAY', ''), ('LANG', 'en_US.UTF-8'), ('RMW_IMPLEMENTATION', 'rmw_cyclonedds_cpp'), ('LS_COLORS', 'rs=0:di=01;34:ln=01;36:mh=00:pi=40;33:so=01;35:do=01;35:bd=40;33;01:cd=40;33;01:or=40;31;01:mi=00:su=37;41:sg=30;43:ca=30;41:tw=30;42:ow=34;42:st=37;44:ex=01;32:*.tar=01;31:*.tgz=01;31:*.arc=01;31:*.arj=01;31:*.taz=01;31:*.lha=01;31:*.lz4=01;31:*.lzh=01;31:*.lzma=01;31:*.tlz=01;31:*.txz=01;31:*.tzo=01;31:*.t7z=01;31:*.zip=01;31:*.z=01;31:*.Z=01;31:*.dz=01;31:*.gz=01;31:*.lrz=01;31:*.lz=01;31:*.lzo=01;31:*.xz=01;31:*.zst=01;31:*.tzst=01;31:*.bz2=01;31:*.bz=01;31:*.tbz=01;31:*.tbz2=01;31:*.tz=01;31:*.deb=01;31:*.rpm=01;31:*.jar=01;31:*.war=01;31:*.ear=01;31:*.sar=01;31:*.rar=01;31:*.alz=01;31:*.ace=01;31:*.zoo=01;31:*.cpio=01;31:*.7z=01;31:*.rz=01;31:*.cab=01;31:*.wim=01;31:*.swm=01;31:*.dwm=01;31:*.esd=01;31:*.jpg=01;35:*.jpeg=01;35:*.mjpg=01;35:*.mjpeg=01;35:*.gif=01;35:*.bmp=01;35:*.pbm=01;35:*.pgm=01;35:*.ppm=01;35:*.tga=01;35:*.xbm=01;35:*.xpm=01;35:*.tif=01;35:*.tiff=01;35:*.png=01;35:*.svg=01;35:*.svgz=01;35:*.mng=01;35:*.pcx=01;35:*.mov=01;35:*.mpg=01;35:*.mpeg=01;35:*.m2v=01;35:*.mkv=01;35:*.webm=01;35:*.ogm=01;35:*.mp4=01;35:*.m4v=01;35:*.mp4v=01;35:*.vob=01;35:*.qt=01;35:*.nuv=01;35:*.wmv=01;35:*.asf=01;35:*.rm=01;35:*.rmvb=01;35:*.flc=01;35:*.avi=01;35:*.fli=01;35:*.flv=01;35:*.gl=01;35:*.dl=01;35:*.xcf=01;35:*.xwd=01;35:*.yuv=01;35:*.cgm=01;35:*.emf=01;35:*.ogv=01;35:*.ogx=01;35:*.aac=00;36:*.au=00;36:*.flac=00;36:*.m4a=00;36:*.mid=00;36:*.midi=00;36:*.mka=00;36:*.mp3=00;36:*.mpc=00;36:*.ogg=00;36:*.ra=00;36:*.wav=00;36:*.oga=00;36:*.opus=00;36:*.spx=00;36:*.xspf=00;36:'), ('ROS_ROOT', '/opt/ros/humble'), ('AMENT_PREFIX_PATH', '/opt/ros/humble/install'), ('DEBIAN_FRONTEND', 'noninteractive'), ('GST_PLUGIN_PATH', '/root/Workspaces/rosgsthumble_ws/install/gst_bridge/lib/gst_bridge/'), ('SHELL', '/bin/bash'), ('PWD', '/root/Workspaces/rosgsthumble_ws/build/diagnostic_updater'), ('PYTHONPATH', '/root/Workspaces/rosgsthumble_ws/install/xacro/lib/python3.6/site-packages:/root/Workspaces/rosgsthumble_ws/install/realsense2_camera_msgs/lib/python3.6/site-packages:/root/Workspaces/rosgsthumble_ws/install/image_geometry/lib/python3.6/site-packages:/root/Workspaces/rosgsthumble_ws/install/gst_msgs/lib/python3.6/site-packages:/root/Workspaces/rosgsthumble_ws/install/diagnostic_common_diagnostics/lib/python3.6/site-packages:/root/Workspaces/rosgsthumble_ws/install/diagnostic_updater/lib/python3.6/site-packages:/root/Workspaces/rosgsthumble_ws/install/cv_bridge/lib/python3.6/site-packages:/root/Workspaces/rosgsthumble_ws/install/audio_msgs/lib/python3.6/site-packages:/opt/ros/humble/install/lib/python3.6/site-packages'), ('NVIDIA_VISIBLE_DEVICES', 'all'), ('COLCON', '1'), ('CMAKE_PREFIX_PATH', '/opt/ros/humble/install')]), 'shell': False}
[3.904617] (audio_msgs) JobProgress: {'identifier': 'audio_msgs', 'progress': 'install'}
[3.906123] (audio_msgs) Command: {'cmd': ['/usr/local/bin/cmake', '--install', '/root/Workspaces/rosgsthumble_ws/build/audio_msgs'], 'cwd': '/root/Workspaces/rosgsthumble_ws/build/audio_msgs', 'env': OrderedDict([('OPENBLAS_CORETYPE', 'ARMV8'), ('PYTHONIOENCODING', 'utf-8'), ('HOSTNAME', 'nano'), ('LD_LIBRARY_PATH', '/root/Workspaces/rosgsthumble_ws/install/realsense2_camera/lib:/root/Workspaces/rosgsthumble_ws/install/realsense2_camera_msgs/lib:/root/Workspaces/rosgsthumble_ws/install/image_geometry/lib:/root/Workspaces/rosgsthumble_ws/install/gst_pipeline_plugins/lib:/root/Workspaces/rosgsthumble_ws/install/gst_pipeline/lib:/root/Workspaces/rosgsthumble_ws/install/gst_msgs/lib:/root/Workspaces/rosgsthumble_ws/install/gst_bridge/lib:/root/Workspaces/rosgsthumble_ws/install/diagnostic_updater/lib:/root/Workspaces/rosgsthumble_ws/install/cv_bridge/lib:/root/Workspaces/rosgsthumble_ws/install/audio_msgs/lib:/opt/ros/humble/install/opt/rviz_ogre_vendor/lib:/opt/ros/humble/install/lib:/usr/local/cuda-10.2/targets/aarch64-linux/lib:'), ('SHLVL', '1'), ('OLDPWD', '/root/Workspaces'), ('HOME', '/root'), ('ROS_PYTHON_VERSION', '3'), ('COLCON_PREFIX_PATH', '/opt/ros/humble/install:/root/Workspaces/rosgsthumble_ws/install'), ('ROS_DISTRO', 'humble'), ('PULSE_SERVER', 'unix:/run/user/1000/pulse/native'), ('_', '/usr/bin/colcon'), ('ROS_VERSION', '2'), ('NVIDIA_DRIVER_CAPABILITIES', 'compute,utility,graphics'), ('PKG_CONFIG_PATH', '/opt/ros/humble/install/lib/aarch64-linux-gnu/pkgconfig:/opt/ros/humble/install/lib/pkgconfig'), ('TERM', 'xterm'), ('ROS_LOCALHOST_ONLY', '0'), ('PATH', '/root/Workspaces/rosgsthumble_ws/install/xacro/bin:/opt/ros/humble/install/bin:/usr/local/cuda-10.2/bin:/usr/local/cuda/bin:/usr/local/sbin:/usr/local/bin:/usr/sbin:/usr/bin:/sbin:/bin'), ('XDG_RUNTIME_DIR', '/run/user/1000'), ('DISPLAY', ''), ('LANG', 'en_US.UTF-8'), ('RMW_IMPLEMENTATION', 'rmw_cyclonedds_cpp'), ('LS_COLORS', 'rs=0:di=01;34:ln=01;36:mh=00:pi=40;33:so=01;35:do=01;35:bd=40;33;01:cd=40;33;01:or=40;31;01:mi=00:su=37;41:sg=30;43:ca=30;41:tw=30;42:ow=34;42:st=37;44:ex=01;32:*.tar=01;31:*.tgz=01;31:*.arc=01;31:*.arj=01;31:*.taz=01;31:*.lha=01;31:*.lz4=01;31:*.lzh=01;31:*.lzma=01;31:*.tlz=01;31:*.txz=01;31:*.tzo=01;31:*.t7z=01;31:*.zip=01;31:*.z=01;31:*.Z=01;31:*.dz=01;31:*.gz=01;31:*.lrz=01;31:*.lz=01;31:*.lzo=01;31:*.xz=01;31:*.zst=01;31:*.tzst=01;31:*.bz2=01;31:*.bz=01;31:*.tbz=01;31:*.tbz2=01;31:*.tz=01;31:*.deb=01;31:*.rpm=01;31:*.jar=01;31:*.war=01;31:*.ear=01;31:*.sar=01;31:*.rar=01;31:*.alz=01;31:*.ace=01;31:*.zoo=01;31:*.cpio=01;31:*.7z=01;31:*.rz=01;31:*.cab=01;31:*.wim=01;31:*.swm=01;31:*.dwm=01;31:*.esd=01;31:*.jpg=01;35:*.jpeg=01;35:*.mjpg=01;35:*.mjpeg=01;35:*.gif=01;35:*.bmp=01;35:*.pbm=01;35:*.pgm=01;35:*.ppm=01;35:*.tga=01;35:*.xbm=01;35:*.xpm=01;35:*.tif=01;35:*.tiff=01;35:*.png=01;35:*.svg=01;35:*.svgz=01;35:*.mng=01;35:*.pcx=01;35:*.mov=01;35:*.mpg=01;35:*.mpeg=01;35:*.m2v=01;35:*.mkv=01;35:*.webm=01;35:*.ogm=01;35:*.mp4=01;35:*.m4v=01;35:*.mp4v=01;35:*.vob=01;35:*.qt=01;35:*.nuv=01;35:*.wmv=01;35:*.asf=01;35:*.rm=01;35:*.rmvb=01;35:*.flc=01;35:*.avi=01;35:*.fli=01;35:*.flv=01;35:*.gl=01;35:*.dl=01;35:*.xcf=01;35:*.xwd=01;35:*.yuv=01;35:*.cgm=01;35:*.emf=01;35:*.ogv=01;35:*.ogx=01;35:*.aac=00;36:*.au=00;36:*.flac=00;36:*.m4a=00;36:*.mid=00;36:*.midi=00;36:*.mka=00;36:*.mp3=00;36:*.mpc=00;36:*.ogg=00;36:*.ra=00;36:*.wav=00;36:*.oga=00;36:*.opus=00;36:*.spx=00;36:*.xspf=00;36:'), ('ROS_ROOT', '/opt/ros/humble'), ('AMENT_PREFIX_PATH', '/opt/ros/humble/install'), ('DEBIAN_FRONTEND', 'noninteractive'), ('GST_PLUGIN_PATH', '/root/Workspaces/rosgsthumble_ws/install/gst_bridge/lib/gst_bridge/'), ('SHELL', '/bin/bash'), ('PWD', '/root/Workspaces/rosgsthumble_ws/build/audio_msgs'), ('PYTHONPATH', '/root/Workspaces/rosgsthumble_ws/install/xacro/lib/python3.6/site-packages:/root/Workspaces/rosgsthumble_ws/install/realsense2_camera_msgs/lib/python3.6/site-packages:/root/Workspaces/rosgsthumble_ws/install/image_geometry/lib/python3.6/site-packages:/root/Workspaces/rosgsthumble_ws/install/gst_msgs/lib/python3.6/site-packages:/root/Workspaces/rosgsthumble_ws/install/diagnostic_common_diagnostics/lib/python3.6/site-packages:/root/Workspaces/rosgsthumble_ws/install/diagnostic_updater/lib/python3.6/site-packages:/root/Workspaces/rosgsthumble_ws/install/cv_bridge/lib/python3.6/site-packages:/root/Workspaces/rosgsthumble_ws/install/audio_msgs/lib/python3.6/site-packages:/opt/ros/humble/install/lib/python3.6/site-packages'), ('NVIDIA_VISIBLE_DEVICES', 'all'), ('COLCON', '1'), ('CMAKE_PREFIX_PATH', '/opt/ros/humble/install')]), 'shell': False}
[3.918703] (cv_bridge) StdoutLine: {'line': b'running egg_info\n'}
[3.920814] (cv_bridge) StdoutLine: {'line': b'writing cv_bridge.egg-info/PKG-INFO\n'}
[3.922504] (cv_bridge) StdoutLine: {'line': b'writing dependency_links to cv_bridge.egg-info/dependency_links.txt\n'}
[3.924245] (cv_bridge) StdoutLine: {'line': b'writing top-level names to cv_bridge.egg-info/top_level.txt\n'}
[3.927398] (cv_bridge) StdoutLine: {'line': b"reading manifest file 'cv_bridge.egg-info/SOURCES.txt'\n"}
[3.932049] (cv_bridge) StdoutLine: {'line': b"writing manifest file 'cv_bridge.egg-info/SOURCES.txt'\n"}
[3.943082] (gst_msgs) CommandEnded: {'returncode': 0}
[3.985027] (-) TimerEvent: {}
[4.049047] (cv_bridge) StdoutLine: {'line': b'[100%] Built target ament_cmake_python_build_cv_bridge_egg\n'}
[4.086819] (-) TimerEvent: {}
[4.114986] (diagnostic_updater) StdoutLine: {'line': b'-- Install configuration: ""\n'}
[4.119935] (diagnostic_updater) StdoutLine: {'line': b'-- Execute custom install script\n'}
[4.124909] (diagnostic_updater) StdoutLine: {'line': b'-- Up-to-date symlink: /root/Workspaces/rosgsthumble_ws/install/diagnostic_updater/share/diagnostic_updater/environment/pythonpath.sh\n'}
[4.128744] (cv_bridge) CommandEnded: {'returncode': 0}
[4.130805] (diagnostic_updater) StdoutLine: {'line': b'-- Up-to-date symlink: /root/Workspaces/rosgsthumble_ws/install/diagnostic_updater/share/diagnostic_updater/environment/pythonpath.dsv\n'}
[4.136174] (diagnostic_updater) StdoutLine: {'line': b'-- Up-to-date symlink: /root/Workspaces/rosgsthumble_ws/install/diagnostic_updater/lib/python3.6/site-packages/diagnostic_updater-4.0.6-py3.6.egg-info/PKG-INFO\n'}
[4.141649] (diagnostic_updater) StdoutLine: {'line': b'-- Up-to-date symlink: /root/Workspaces/rosgsthumble_ws/install/diagnostic_updater/lib/python3.6/site-packages/diagnostic_updater-4.0.6-py3.6.egg-info/SOURCES.txt\n'}
[4.144199] (diagnostic_updater) StdoutLine: {'line': b'-- Up-to-date symlink: /root/Workspaces/rosgsthumble_ws/install/diagnostic_updater/lib/python3.6/site-packages/diagnostic_updater-4.0.6-py3.6.egg-info/dependency_links.txt\n'}
[4.147159] (diagnostic_updater) StdoutLine: {'line': b'-- Up-to-date symlink: /root/Workspaces/rosgsthumble_ws/install/diagnostic_updater/lib/python3.6/site-packages/diagnostic_updater-4.0.6-py3.6.egg-info/top_level.txt\n'}
[4.152286] (diagnostic_updater) StdoutLine: {'line': b'-- Up-to-date symlink: /root/Workspaces/rosgsthumble_ws/install/diagnostic_updater/lib/python3.6/site-packages/diagnostic_updater/__init__.py\n'}
[4.155060] (diagnostic_updater) StdoutLine: {'line': b'-- Up-to-date symlink: /root/Workspaces/rosgsthumble_ws/install/diagnostic_updater/lib/python3.6/site-packages/diagnostic_updater/_diagnostic_status_wrapper.py\n'}
[4.160625] (diagnostic_updater) StdoutLine: {'line': b'-- Up-to-date symlink: /root/Workspaces/rosgsthumble_ws/install/diagnostic_updater/lib/python3.6/site-packages/diagnostic_updater/_diagnostic_updater.py\n'}
[4.165601] (diagnostic_updater) StdoutLine: {'line': b'-- Up-to-date symlink: /root/Workspaces/rosgsthumble_ws/install/diagnostic_updater/lib/python3.6/site-packages/diagnostic_updater/_publisher.py\n'}
[4.167714] (diagnostic_updater) StdoutLine: {'line': b'-- Up-to-date symlink: /root/Workspaces/rosgsthumble_ws/install/diagnostic_updater/lib/python3.6/site-packages/diagnostic_updater/_update_functions.py\n'}
[4.171861] (diagnostic_updater) StdoutLine: {'line': b'-- Up-to-date symlink: /root/Workspaces/rosgsthumble_ws/install/diagnostic_updater/lib/python3.6/site-packages/diagnostic_updater/example.py\n'}
[4.172500] (diagnostic_updater) StdoutLine: {'line': b'-- Up-to-date symlink: /root/Workspaces/rosgsthumble_ws/install/diagnostic_updater/lib/diagnostic_updater/example.py\n'}
[4.173106] (diagnostic_updater) StdoutLine: {'line': b'-- Up-to-date symlink: /root/Workspaces/rosgsthumble_ws/install/diagnostic_updater/lib/diagnostic_updater/example\n'}
[4.173664] (diagnostic_updater) StdoutLine: {'line': b'-- Up-to-date symlink: /root/Workspaces/rosgsthumble_ws/install/diagnostic_updater/include/diagnostic_updater/diagnostic_status_wrapper.hpp\n'}
[4.174225] (diagnostic_updater) StdoutLine: {'line': b'-- Up-to-date symlink: /root/Workspaces/rosgsthumble_ws/install/diagnostic_updater/include/diagnostic_updater/diagnostic_updater.hpp\n'}
[4.174828] (diagnostic_updater) StdoutLine: {'line': b'-- Up-to-date symlink: /root/Workspaces/rosgsthumble_ws/install/diagnostic_updater/include/diagnostic_updater/publisher.hpp\n'}
[4.175385] (diagnostic_updater) StdoutLine: {'line': b'-- Up-to-date symlink: /root/Workspaces/rosgsthumble_ws/install/diagnostic_updater/include/diagnostic_updater/update_functions.hpp\n'}
[4.175948] (diagnostic_updater) StdoutLine: {'line': b'-- Up-to-date symlink: /root/Workspaces/rosgsthumble_ws/install/diagnostic_updater/share/diagnostic_updater/environment/library_path.sh\n'}
[4.176484] (diagnostic_updater) StdoutLine: {'line': b'-- Up-to-date symlink: /root/Workspaces/rosgsthumble_ws/install/diagnostic_updater/share/diagnostic_updater/environment/library_path.dsv\n'}
[4.177010] (diagnostic_updater) StdoutLine: {'line': b'-- Up-to-date symlink: /root/Workspaces/rosgsthumble_ws/install/diagnostic_updater/share/ament_index/resource_index/package_run_dependencies/diagnostic_updater\n'}
[4.185597] (diagnostic_updater) StdoutLine: {'line': b'-- Up-to-date symlink: /root/Workspaces/rosgsthumble_ws/install/diagnostic_updater/share/ament_index/resource_index/parent_prefix_path/diagnostic_updater\n'}
[4.187453] (-) TimerEvent: {}
[4.190164] (diagnostic_updater) StdoutLine: {'line': b'-- Up-to-date symlink: /root/Workspaces/rosgsthumble_ws/install/diagnostic_updater/share/diagnostic_updater/environment/ament_prefix_path.sh\n'}
[4.190951] (diagnostic_updater) StdoutLine: {'line': b'-- Up-to-date symlink: /root/Workspaces/rosgsthumble_ws/install/diagnostic_updater/share/diagnostic_updater/environment/ament_prefix_path.dsv\n'}
[4.191835] (audio_msgs) StdoutLine: {'line': b'-- Install configuration: ""\n'}
[4.192638] (diagnostic_updater) StdoutLine: {'line': b'-- Up-to-date symlink: /root/Workspaces/rosgsthumble_ws/install/diagnostic_updater/share/diagnostic_updater/environment/path.sh\n'}
[4.193229] (diagnostic_updater) StdoutLine: {'line': b'-- Up-to-date symlink: /root/Workspaces/rosgsthumble_ws/install/diagnostic_updater/share/diagnostic_updater/environment/path.dsv\n'}
[4.193799] (diagnostic_updater) StdoutLine: {'line': b'-- Up-to-date symlink: /root/Workspaces/rosgsthumble_ws/install/diagnostic_updater/share/diagnostic_updater/local_setup.bash\n'}
[4.194432] (diagnostic_updater) StdoutLine: {'line': b'-- Up-to-date symlink: /root/Workspaces/rosgsthumble_ws/install/diagnostic_updater/share/diagnostic_updater/local_setup.sh\n'}
[4.195295] (diagnostic_updater) StdoutLine: {'line': b'-- Up-to-date symlink: /root/Workspaces/rosgsthumble_ws/install/diagnostic_updater/share/diagnostic_updater/local_setup.zsh\n'}
[4.196023] (diagnostic_updater) StdoutLine: {'line': b'-- Up-to-date symlink: /root/Workspaces/rosgsthumble_ws/install/diagnostic_updater/share/diagnostic_updater/local_setup.dsv\n'}
[4.196596] (diagnostic_updater) StdoutLine: {'line': b'-- Symlinking: /root/Workspaces/rosgsthumble_ws/install/diagnostic_updater/share/diagnostic_updater/package.dsv\n'}
[4.197120] (audio_msgs) StdoutLine: {'line': b'-- Execute custom install script\n'}
[4.197814] (audio_msgs) StdoutLine: {'line': b'-- Up-to-date symlink: /root/Workspaces/rosgsthumble_ws/install/audio_msgs/share/ament_index/resource_index/rosidl_interfaces/audio_msgs\n'}
[4.198497] (audio_msgs) StdoutLine: {'line': b'-- Up-to-date symlink: /root/Workspaces/rosgsthumble_ws/install/audio_msgs/include/audio_msgs/audio_msgs/msg/audio.h\n'}
[4.199569] (audio_msgs) StdoutLine: {'line': b'-- Up-to-date symlink: /root/Workspaces/rosgsthumble_ws/install/audio_msgs/include/audio_msgs/audio_msgs/msg/detail/audio__functions.h\n'}
[4.200289] (audio_msgs) StdoutLine: {'line': b'-- Up-to-date symlink: /root/Workspaces/rosgsthumble_ws/install/audio_msgs/include/audio_msgs/audio_msgs/msg/detail/audio__struct.h\n'}
[4.200827] (audio_msgs) StdoutLine: {'line': b'-- Up-to-date symlink: /root/Workspaces/rosgsthumble_ws/install/audio_msgs/include/audio_msgs/audio_msgs/msg/detail/audio__type_support.h\n'}
[4.201319] (audio_msgs) StdoutLine: {'line': b'-- Up-to-date symlink: /root/Workspaces/rosgsthumble_ws/install/audio_msgs/include/audio_msgs/audio_msgs/msg/rosidl_generator_c__visibility_control.h\n'}
[4.201819] (diagnostic_updater) StdoutLine: {'line': b'-- Up-to-date symlink: /root/Workspaces/rosgsthumble_ws/install/diagnostic_updater/share/ament_index/resource_index/packages/diagnostic_updater\n'}
[4.202308] (audio_msgs) StdoutLine: {'line': b'-- Up-to-date symlink: /root/Workspaces/rosgsthumble_ws/install/audio_msgs/share/audio_msgs/environment/library_path.sh\n'}
[4.203172] (audio_msgs) StdoutLine: {'line': b'-- Up-to-date symlink: /root/Workspaces/rosgsthumble_ws/install/audio_msgs/share/audio_msgs/environment/library_path.dsv\n'}
[4.203952] (diagnostic_updater) StdoutLine: {'line': b'-- Up-to-date symlink: /root/Workspaces/rosgsthumble_ws/install/diagnostic_updater/share/diagnostic_updater/cmake/ament_cmake_export_targets-extras.cmake\n'}
[4.204703] (diagnostic_updater) StdoutLine: {'line': b'-- Up-to-date symlink: /root/Workspaces/rosgsthumble_ws/install/diagnostic_updater/share/diagnostic_updater/cmake/ament_cmake_export_include_directories-extras.cmake\n'}
[4.205435] (audio_msgs) StdoutLine: {'line': b'-- Up-to-date symlink: /root/Workspaces/rosgsthumble_ws/install/audio_msgs/include/audio_msgs/audio_msgs/msg/detail/audio__rosidl_typesupport_fastrtps_c.h\n'}
[4.206167] (diagnostic_updater) StdoutLine: {'line': b'-- Up-to-date symlink: /root/Workspaces/rosgsthumble_ws/install/diagnostic_updater/share/diagnostic_updater/cmake/ament_cmake_export_dependencies-extras.cmake\n'}
[4.207024] (audio_msgs) StdoutLine: {'line': b'-- Up-to-date symlink: /root/Workspaces/rosgsthumble_ws/install/audio_msgs/include/audio_msgs/audio_msgs/msg/rosidl_typesupport_fastrtps_c__visibility_control.h\n'}
[4.207830] (diagnostic_updater) StdoutLine: {'line': b'-- Up-to-date symlink: /root/Workspaces/rosgsthumble_ws/install/diagnostic_updater/share/diagnostic_updater/cmake/diagnostic_updaterConfig.cmake\n'}
[4.208531] (diagnostic_updater) StdoutLine: {'line': b'-- Up-to-date symlink: /root/Workspaces/rosgsthumble_ws/install/diagnostic_updater/share/diagnostic_updater/cmake/diagnostic_updaterConfig-version.cmake\n'}
[4.209182] (audio_msgs) StdoutLine: {'line': b'-- Up-to-date symlink: /root/Workspaces/rosgsthumble_ws/install/audio_msgs/include/audio_msgs/audio_msgs/msg/audio.hpp\n'}
[4.210664] (diagnostic_updater) StdoutLine: {'line': b'-- Up-to-date symlink: /root/Workspaces/rosgsthumble_ws/install/diagnostic_updater/share/diagnostic_updater/package.xml\n'}
[4.211318] (audio_msgs) StdoutLine: {'line': b'-- Up-to-date symlink: /root/Workspaces/rosgsthumble_ws/install/audio_msgs/include/audio_msgs/audio_msgs/msg/detail/audio__builder.hpp\n'}
[4.211881] (audio_msgs) StdoutLine: {'line': b'-- Up-to-date symlink: /root/Workspaces/rosgsthumble_ws/install/audio_msgs/include/audio_msgs/audio_msgs/msg/detail/audio__struct.hpp\n'}
[4.212444] (audio_msgs) StdoutLine: {'line': b'-- Up-to-date symlink: /root/Workspaces/rosgsthumble_ws/install/audio_msgs/include/audio_msgs/audio_msgs/msg/detail/audio__traits.hpp\n'}
[4.213699] (audio_msgs) StdoutLine: {'line': b'-- Up-to-date symlink: /root/Workspaces/rosgsthumble_ws/install/audio_msgs/include/audio_msgs/audio_msgs/msg/detail/audio__rosidl_typesupport_fastrtps_cpp.hpp\n'}
[4.214402] (audio_msgs) StdoutLine: {'line': b'-- Up-to-date symlink: /root/Workspaces/rosgsthumble_ws/install/audio_msgs/include/audio_msgs/audio_msgs/msg/rosidl_typesupport_fastrtps_cpp__visibility_control.h\n'}
[4.215522] (audio_msgs) StdoutLine: {'line': b'-- Up-to-date symlink: /root/Workspaces/rosgsthumble_ws/install/audio_msgs/include/audio_msgs/audio_msgs/msg/detail/audio__rosidl_typesupport_introspection_c.h\n'}
[4.216066] (audio_msgs) StdoutLine: {'line': b'-- Up-to-date symlink: /root/Workspaces/rosgsthumble_ws/install/audio_msgs/include/audio_msgs/audio_msgs/msg/rosidl_typesupport_introspection_c__visibility_control.h\n'}
[4.216548] (audio_msgs) StdoutLine: {'line': b'-- Up-to-date symlink: /root/Workspaces/rosgsthumble_ws/install/audio_msgs/include/audio_msgs/audio_msgs/msg/detail/audio__rosidl_typesupport_introspection_cpp.hpp\n'}
[4.217072] (audio_msgs) StdoutLine: {'line': b'-- Up-to-date symlink: /root/Workspaces/rosgsthumble_ws/install/audio_msgs/share/audio_msgs/environment/pythonpath.sh\n'}
[4.218063] (audio_msgs) StdoutLine: {'line': b'-- Up-to-date symlink: /root/Workspaces/rosgsthumble_ws/install/audio_msgs/share/audio_msgs/environment/pythonpath.dsv\n'}
[4.218815] (audio_msgs) StdoutLine: {'line': b'-- Up-to-date symlink: /root/Workspaces/rosgsthumble_ws/install/audio_msgs/lib/python3.6/site-packages/audio_msgs-0.0.0-py3.6.egg-info/PKG-INFO\n'}
[4.219697] (audio_msgs) StdoutLine: {'line': b'-- Up-to-date symlink: /root/Workspaces/rosgsthumble_ws/install/audio_msgs/lib/python3.6/site-packages/audio_msgs-0.0.0-py3.6.egg-info/SOURCES.txt\n'}
[4.220330] (audio_msgs) StdoutLine: {'line': b'-- Up-to-date symlink: /root/Workspaces/rosgsthumble_ws/install/audio_msgs/lib/python3.6/site-packages/audio_msgs-0.0.0-py3.6.egg-info/dependency_links.txt\n'}
[4.221095] (audio_msgs) StdoutLine: {'line': b'-- Up-to-date symlink: /root/Workspaces/rosgsthumble_ws/install/audio_msgs/lib/python3.6/site-packages/audio_msgs-0.0.0-py3.6.egg-info/top_level.txt\n'}
[4.221675] (audio_msgs) StdoutLine: {'line': b'-- Up-to-date symlink: /root/Workspaces/rosgsthumble_ws/install/audio_msgs/lib/python3.6/site-packages/audio_msgs/__init__.py\n'}
[4.222162] (audio_msgs) StdoutLine: {'line': b'-- Up-to-date symlink: /root/Workspaces/rosgsthumble_ws/install/audio_msgs/lib/python3.6/site-packages/audio_msgs/_audio_msgs_s.ep.rosidl_typesupport_c.c\n'}
[4.222755] (audio_msgs) StdoutLine: {'line': b'-- Up-to-date symlink: /root/Workspaces/rosgsthumble_ws/install/audio_msgs/lib/python3.6/site-packages/audio_msgs/_audio_msgs_s.ep.rosidl_typesupport_fastrtps_c.c\n'}
[4.223324] (audio_msgs) StdoutLine: {'line': b'-- Up-to-date symlink: /root/Workspaces/rosgsthumble_ws/install/audio_msgs/lib/python3.6/site-packages/audio_msgs/_audio_msgs_s.ep.rosidl_typesupport_introspection_c.c\n'}
[4.223865] (audio_msgs) StdoutLine: {'line': b'-- Up-to-date symlink: /root/Workspaces/rosgsthumble_ws/install/audio_msgs/lib/python3.6/site-packages/audio_msgs/audio_msgs_s__rosidl_typesupport_c.cpython-36m-aarch64-linux-gnu.so\n'}
[4.224619] (audio_msgs) StdoutLine: {'line': b'-- Up-to-date symlink: /root/Workspaces/rosgsthumble_ws/install/audio_msgs/lib/python3.6/site-packages/audio_msgs/audio_msgs_s__rosidl_typesupport_fastrtps_c.cpython-36m-aarch64-linux-gnu.so\n'}
[4.225283] (audio_msgs) StdoutLine: {'line': b'-- Up-to-date symlink: /root/Workspaces/rosgsthumble_ws/install/audio_msgs/lib/python3.6/site-packages/audio_msgs/audio_msgs_s__rosidl_typesupport_introspection_c.cpython-36m-aarch64-linux-gnu.so\n'}
[4.225821] (audio_msgs) StdoutLine: {'line': b'-- Up-to-date symlink: /root/Workspaces/rosgsthumble_ws/install/audio_msgs/lib/python3.6/site-packages/audio_msgs/libaudio_msgs__rosidl_generator_py.so\n'}
[4.226528] (audio_msgs) StdoutLine: {'line': b'-- Up-to-date symlink: /root/Workspaces/rosgsthumble_ws/install/audio_msgs/lib/python3.6/site-packages/audio_msgs/msg/__init__.py\n'}
[4.227363] (audio_msgs) StdoutLine: {'line': b'-- Up-to-date symlink: /root/Workspaces/rosgsthumble_ws/install/audio_msgs/lib/python3.6/site-packages/audio_msgs/msg/_audio.py\n'}
[4.227895] (audio_msgs) StdoutLine: {'line': b'-- Up-to-date symlink: /root/Workspaces/rosgsthumble_ws/install/audio_msgs/lib/python3.6/site-packages/audio_msgs/msg/_audio_s.c\n'}
[4.228616] (audio_msgs) StdoutLine: {'line': b'-- Up-to-date symlink: /root/Workspaces/rosgsthumble_ws/install/audio_msgs/lib/python3.6/site-packages/audio_msgs/audio_msgs_s__rosidl_typesupport_fastrtps_c.cpython-36m-aarch64-linux-gnu.so\n'}
[4.229186] (audio_msgs) StdoutLine: {'line': b'-- Up-to-date symlink: /root/Workspaces/rosgsthumble_ws/install/audio_msgs/lib/python3.6/site-packages/audio_msgs/audio_msgs_s__rosidl_typesupport_introspection_c.cpython-36m-aarch64-linux-gnu.so\n'}
[4.229828] (audio_msgs) StdoutLine: {'line': b'-- Up-to-date symlink: /root/Workspaces/rosgsthumble_ws/install/audio_msgs/lib/python3.6/site-packages/audio_msgs/audio_msgs_s__rosidl_typesupport_c.cpython-36m-aarch64-linux-gnu.so\n'}
[4.230530] (audio_msgs) StdoutLine: {'line': b'-- Up-to-date symlink: /root/Workspaces/rosgsthumble_ws/install/audio_msgs/share/audio_msgs/msg/Audio.idl\n'}
[4.231319] (audio_msgs) StdoutLine: {'line': b'-- Up-to-date symlink: /root/Workspaces/rosgsthumble_ws/install/audio_msgs/share/audio_msgs/msg/Audio.msg\n'}
[4.231896] (audio_msgs) StdoutLine: {'line': b'-- Up-to-date symlink: /root/Workspaces/rosgsthumble_ws/install/audio_msgs/share/ament_index/resource_index/package_run_dependencies/audio_msgs\n'}
[4.232531] (audio_msgs) StdoutLine: {'line': b'-- Up-to-date symlink: /root/Workspaces/rosgsthumble_ws/install/audio_msgs/share/ament_index/resource_index/parent_prefix_path/audio_msgs\n'}
[4.233219] (audio_msgs) StdoutLine: {'line': b'-- Up-to-date symlink: /root/Workspaces/rosgsthumble_ws/install/audio_msgs/share/audio_msgs/environment/ament_prefix_path.sh\n'}
[4.233884] (audio_msgs) StdoutLine: {'line': b'-- Up-to-date symlink: /root/Workspaces/rosgsthumble_ws/install/audio_msgs/share/audio_msgs/environment/ament_prefix_path.dsv\n'}
[4.234379] (audio_msgs) StdoutLine: {'line': b'-- Up-to-date symlink: /root/Workspaces/rosgsthumble_ws/install/audio_msgs/share/audio_msgs/environment/path.sh\n'}
[4.235277] (audio_msgs) StdoutLine: {'line': b'-- Up-to-date symlink: /root/Workspaces/rosgsthumble_ws/install/audio_msgs/share/audio_msgs/environment/path.dsv\n'}
[4.236028] (audio_msgs) StdoutLine: {'line': b'-- Up-to-date symlink: /root/Workspaces/rosgsthumble_ws/install/audio_msgs/share/audio_msgs/local_setup.bash\n'}
[4.236551] (audio_msgs) StdoutLine: {'line': b'-- Up-to-date symlink: /root/Workspaces/rosgsthumble_ws/install/audio_msgs/share/audio_msgs/local_setup.sh\n'}
[4.237728] (audio_msgs) StdoutLine: {'line': b'-- Up-to-date symlink: /root/Workspaces/rosgsthumble_ws/install/audio_msgs/share/audio_msgs/local_setup.zsh\n'}
[4.238261] (audio_msgs) StdoutLine: {'line': b'-- Up-to-date symlink: /root/Workspaces/rosgsthumble_ws/install/audio_msgs/share/audio_msgs/local_setup.dsv\n'}
[4.238883] (audio_msgs) StdoutLine: {'line': b'-- Symlinking: /root/Workspaces/rosgsthumble_ws/install/audio_msgs/share/audio_msgs/package.dsv\n'}
[4.265622] (audio_msgs) StdoutLine: {'line': b'-- Up-to-date symlink: /root/Workspaces/rosgsthumble_ws/install/audio_msgs/share/ament_index/resource_index/packages/audio_msgs\n'}
[4.266344] (audio_msgs) StdoutLine: {'line': b'-- Up-to-date symlink: /root/Workspaces/rosgsthumble_ws/install/audio_msgs/share/audio_msgs/cmake/rosidl_cmake-extras.cmake\n'}
[4.267089] (audio_msgs) StdoutLine: {'line': b'-- Up-to-date symlink: /root/Workspaces/rosgsthumble_ws/install/audio_msgs/share/audio_msgs/cmake/ament_cmake_export_dependencies-extras.cmake\n'}
[4.267627] (audio_msgs) StdoutLine: {'line': b'-- Up-to-date symlink: /root/Workspaces/rosgsthumble_ws/install/audio_msgs/share/audio_msgs/cmake/ament_cmake_export_include_directories-extras.cmake\n'}
[4.268140] (audio_msgs) StdoutLine: {'line': b'-- Up-to-date symlink: /root/Workspaces/rosgsthumble_ws/install/audio_msgs/share/audio_msgs/cmake/ament_cmake_export_libraries-extras.cmake\n'}
[4.268638] (audio_msgs) StdoutLine: {'line': b'-- Up-to-date symlink: /root/Workspaces/rosgsthumble_ws/install/audio_msgs/share/audio_msgs/cmake/ament_cmake_export_targets-extras.cmake\n'}
[4.269188] (audio_msgs) StdoutLine: {'line': b'-- Up-to-date symlink: /root/Workspaces/rosgsthumble_ws/install/audio_msgs/share/audio_msgs/cmake/rosidl_cmake_export_typesupport_targets-extras.cmake\n'}
[4.270174] (audio_msgs) StdoutLine: {'line': b'-- Up-to-date symlink: /root/Workspaces/rosgsthumble_ws/install/audio_msgs/share/audio_msgs/cmake/rosidl_cmake_export_typesupport_libraries-extras.cmake\n'}
[4.270880] (audio_msgs) StdoutLine: {'line': b'-- Up-to-date symlink: /root/Workspaces/rosgsthumble_ws/install/audio_msgs/share/audio_msgs/cmake/audio_msgsConfig.cmake\n'}
[4.271477] (audio_msgs) StdoutLine: {'line': b'-- Up-to-date symlink: /root/Workspaces/rosgsthumble_ws/install/audio_msgs/share/audio_msgs/cmake/audio_msgsConfig-version.cmake\n'}
[4.272042] (audio_msgs) StdoutLine: {'line': b'-- Up-to-date symlink: /root/Workspaces/rosgsthumble_ws/install/audio_msgs/share/audio_msgs/package.xml\n'}
[4.272566] (audio_msgs) StdoutLine: {'line': b'-- Up-to-date: /root/Workspaces/rosgsthumble_ws/install/audio_msgs/lib/libaudio_msgs__rosidl_generator_c.so\n'}
[4.273085] (audio_msgs) StdoutLine: {'line': b'-- Up-to-date: /root/Workspaces/rosgsthumble_ws/install/audio_msgs/lib/libaudio_msgs__rosidl_typesupport_fastrtps_c.so\n'}
[4.273597] (audio_msgs) StdoutLine: {'line': b'-- Up-to-date: /root/Workspaces/rosgsthumble_ws/install/audio_msgs/lib/libaudio_msgs__rosidl_typesupport_fastrtps_cpp.so\n'}
[4.274096] (audio_msgs) StdoutLine: {'line': b'-- Up-to-date: /root/Workspaces/rosgsthumble_ws/install/audio_msgs/lib/libaudio_msgs__rosidl_typesupport_introspection_c.so\n'}
[4.274755] (audio_msgs) StdoutLine: {'line': b'-- Up-to-date: /root/Workspaces/rosgsthumble_ws/install/audio_msgs/lib/libaudio_msgs__rosidl_typesupport_c.so\n'}
[4.275353] (audio_msgs) StdoutLine: {'line': b'-- Up-to-date: /root/Workspaces/rosgsthumble_ws/install/audio_msgs/lib/libaudio_msgs__rosidl_typesupport_introspection_cpp.so\n'}
[4.275876] (audio_msgs) StdoutLine: {'line': b'-- Up-to-date: /root/Workspaces/rosgsthumble_ws/install/audio_msgs/lib/libaudio_msgs__rosidl_typesupport_cpp.so\n'}
[4.287622] (-) TimerEvent: {}
[4.390360] (-) TimerEvent: {}
[4.463661] (audio_msgs) StdoutLine: {'line': b"Listing '/root/Workspaces/rosgsthumble_ws/install/audio_msgs/lib/python3.6/site-packages/audio_msgs'...\n"}
[4.465900] (audio_msgs) StdoutLine: {'line': b"Listing '/root/Workspaces/rosgsthumble_ws/install/audio_msgs/lib/python3.6/site-packages/audio_msgs/msg'...\n"}
[4.478006] (cv_bridge) JobProgress: {'identifier': 'cv_bridge', 'progress': 'install'}
[4.478885] (cv_bridge) Command: {'cmd': ['/usr/local/bin/cmake', '--install', '/root/Workspaces/rosgsthumble_ws/build/cv_bridge'], 'cwd': '/root/Workspaces/rosgsthumble_ws/build/cv_bridge', 'env': OrderedDict([('OPENBLAS_CORETYPE', 'ARMV8'), ('PYTHONIOENCODING', 'utf-8'), ('HOSTNAME', 'nano'), ('LD_LIBRARY_PATH', '/root/Workspaces/rosgsthumble_ws/install/realsense2_camera/lib:/root/Workspaces/rosgsthumble_ws/install/realsense2_camera_msgs/lib:/root/Workspaces/rosgsthumble_ws/install/image_geometry/lib:/root/Workspaces/rosgsthumble_ws/install/gst_pipeline_plugins/lib:/root/Workspaces/rosgsthumble_ws/install/gst_pipeline/lib:/root/Workspaces/rosgsthumble_ws/install/gst_msgs/lib:/root/Workspaces/rosgsthumble_ws/install/gst_bridge/lib:/root/Workspaces/rosgsthumble_ws/install/diagnostic_updater/lib:/root/Workspaces/rosgsthumble_ws/install/cv_bridge/lib:/root/Workspaces/rosgsthumble_ws/install/audio_msgs/lib:/opt/ros/humble/install/opt/rviz_ogre_vendor/lib:/opt/ros/humble/install/lib:/usr/local/cuda-10.2/targets/aarch64-linux/lib:'), ('SHLVL', '1'), ('OLDPWD', '/root/Workspaces'), ('HOME', '/root'), ('ROS_PYTHON_VERSION', '3'), ('COLCON_PREFIX_PATH', '/opt/ros/humble/install:/root/Workspaces/rosgsthumble_ws/install'), ('ROS_DISTRO', 'humble'), ('PULSE_SERVER', 'unix:/run/user/1000/pulse/native'), ('_', '/usr/bin/colcon'), ('ROS_VERSION', '2'), ('NVIDIA_DRIVER_CAPABILITIES', 'compute,utility,graphics'), ('PKG_CONFIG_PATH', '/opt/ros/humble/install/lib/aarch64-linux-gnu/pkgconfig:/opt/ros/humble/install/lib/pkgconfig'), ('TERM', 'xterm'), ('ROS_LOCALHOST_ONLY', '0'), ('PATH', '/root/Workspaces/rosgsthumble_ws/install/xacro/bin:/opt/ros/humble/install/bin:/usr/local/cuda-10.2/bin:/usr/local/cuda/bin:/usr/local/sbin:/usr/local/bin:/usr/sbin:/usr/bin:/sbin:/bin'), ('XDG_RUNTIME_DIR', '/run/user/1000'), ('DISPLAY', ''), ('LANG', 'en_US.UTF-8'), ('RMW_IMPLEMENTATION', 'rmw_cyclonedds_cpp'), ('LS_COLORS', 'rs=0:di=01;34:ln=01;36:mh=00:pi=40;33:so=01;35:do=01;35:bd=40;33;01:cd=40;33;01:or=40;31;01:mi=00:su=37;41:sg=30;43:ca=30;41:tw=30;42:ow=34;42:st=37;44:ex=01;32:*.tar=01;31:*.tgz=01;31:*.arc=01;31:*.arj=01;31:*.taz=01;31:*.lha=01;31:*.lz4=01;31:*.lzh=01;31:*.lzma=01;31:*.tlz=01;31:*.txz=01;31:*.tzo=01;31:*.t7z=01;31:*.zip=01;31:*.z=01;31:*.Z=01;31:*.dz=01;31:*.gz=01;31:*.lrz=01;31:*.lz=01;31:*.lzo=01;31:*.xz=01;31:*.zst=01;31:*.tzst=01;31:*.bz2=01;31:*.bz=01;31:*.tbz=01;31:*.tbz2=01;31:*.tz=01;31:*.deb=01;31:*.rpm=01;31:*.jar=01;31:*.war=01;31:*.ear=01;31:*.sar=01;31:*.rar=01;31:*.alz=01;31:*.ace=01;31:*.zoo=01;31:*.cpio=01;31:*.7z=01;31:*.rz=01;31:*.cab=01;31:*.wim=01;31:*.swm=01;31:*.dwm=01;31:*.esd=01;31:*.jpg=01;35:*.jpeg=01;35:*.mjpg=01;35:*.mjpeg=01;35:*.gif=01;35:*.bmp=01;35:*.pbm=01;35:*.pgm=01;35:*.ppm=01;35:*.tga=01;35:*.xbm=01;35:*.xpm=01;35:*.tif=01;35:*.tiff=01;35:*.png=01;35:*.svg=01;35:*.svgz=01;35:*.mng=01;35:*.pcx=01;35:*.mov=01;35:*.mpg=01;35:*.mpeg=01;35:*.m2v=01;35:*.mkv=01;35:*.webm=01;35:*.ogm=01;35:*.mp4=01;35:*.m4v=01;35:*.mp4v=01;35:*.vob=01;35:*.qt=01;35:*.nuv=01;35:*.wmv=01;35:*.asf=01;35:*.rm=01;35:*.rmvb=01;35:*.flc=01;35:*.avi=01;35:*.fli=01;35:*.flv=01;35:*.gl=01;35:*.dl=01;35:*.xcf=01;35:*.xwd=01;35:*.yuv=01;35:*.cgm=01;35:*.emf=01;35:*.ogv=01;35:*.ogx=01;35:*.aac=00;36:*.au=00;36:*.flac=00;36:*.m4a=00;36:*.mid=00;36:*.midi=00;36:*.mka=00;36:*.mp3=00;36:*.mpc=00;36:*.ogg=00;36:*.ra=00;36:*.wav=00;36:*.oga=00;36:*.opus=00;36:*.spx=00;36:*.xspf=00;36:'), ('ROS_ROOT', '/opt/ros/humble'), ('AMENT_PREFIX_PATH', '/opt/ros/humble/install'), ('DEBIAN_FRONTEND', 'noninteractive'), ('GST_PLUGIN_PATH', '/root/Workspaces/rosgsthumble_ws/install/gst_bridge/lib/gst_bridge/'), ('SHELL', '/bin/bash'), ('PWD', '/root/Workspaces/rosgsthumble_ws/build/cv_bridge'), ('PYTHONPATH', '/root/Workspaces/rosgsthumble_ws/install/xacro/lib/python3.6/site-packages:/root/Workspaces/rosgsthumble_ws/install/realsense2_camera_msgs/lib/python3.6/site-packages:/root/Workspaces/rosgsthumble_ws/install/image_geometry/lib/python3.6/site-packages:/root/Workspaces/rosgsthumble_ws/install/gst_msgs/lib/python3.6/site-packages:/root/Workspaces/rosgsthumble_ws/install/diagnostic_common_diagnostics/lib/python3.6/site-packages:/root/Workspaces/rosgsthumble_ws/install/diagnostic_updater/lib/python3.6/site-packages:/root/Workspaces/rosgsthumble_ws/install/cv_bridge/lib/python3.6/site-packages:/root/Workspaces/rosgsthumble_ws/install/audio_msgs/lib/python3.6/site-packages:/opt/ros/humble/install/lib/python3.6/site-packages'), ('NVIDIA_VISIBLE_DEVICES', 'all'), ('COLCON', '1'), ('CMAKE_PREFIX_PATH', '/opt/ros/humble/install')]), 'shell': False}
[4.485997] (diagnostic_updater) StdoutLine: {'line': b"Listing '/root/Workspaces/rosgsthumble_ws/install/diagnostic_updater/lib/python3.6/site-packages/diagnostic_updater'...\n"}
[4.490624] (-) TimerEvent: {}
[4.494464] (audio_msgs) StdoutLine: {'line': b'-- Up-to-date: /root/Workspaces/rosgsthumble_ws/install/audio_msgs/lib/libaudio_msgs__rosidl_generator_py.so\n'}
[4.499455] (audio_msgs) StdoutLine: {'line': b'-- Up-to-date: /root/Workspaces/rosgsthumble_ws/install/audio_msgs/share/audio_msgs/cmake/export_audio_msgs__rosidl_generator_cExport.cmake\n'}
[4.501541] (audio_msgs) StdoutLine: {'line': b'-- Up-to-date: /root/Workspaces/rosgsthumble_ws/install/audio_msgs/share/audio_msgs/cmake/export_audio_msgs__rosidl_generator_cExport-noconfig.cmake\n'}
[4.502224] (audio_msgs) StdoutLine: {'line': b'-- Up-to-date: /root/Workspaces/rosgsthumble_ws/install/audio_msgs/share/audio_msgs/cmake/export_audio_msgs__rosidl_typesupport_fastrtps_cExport.cmake\n'}
[4.502897] (audio_msgs) StdoutLine: {'line': b'-- Up-to-date: /root/Workspaces/rosgsthumble_ws/install/audio_msgs/share/audio_msgs/cmake/export_audio_msgs__rosidl_typesupport_fastrtps_cExport-noconfig.cmake\n'}
[4.503686] (audio_msgs) StdoutLine: {'line': b'-- Up-to-date: /root/Workspaces/rosgsthumble_ws/install/audio_msgs/share/audio_msgs/cmake/export_audio_msgs__rosidl_generator_cppExport.cmake\n'}
[4.506197] (audio_msgs) StdoutLine: {'line': b'-- Up-to-date: /root/Workspaces/rosgsthumble_ws/install/audio_msgs/share/audio_msgs/cmake/export_audio_msgs__rosidl_typesupport_fastrtps_cppExport.cmake\n'}
[4.511953] (audio_msgs) StdoutLine: {'line': b'-- Up-to-date: /root/Workspaces/rosgsthumble_ws/install/audio_msgs/share/audio_msgs/cmake/export_audio_msgs__rosidl_typesupport_fastrtps_cppExport-noconfig.cmake\n'}
[4.512604] (audio_msgs) StdoutLine: {'line': b'-- Up-to-date: /root/Workspaces/rosgsthumble_ws/install/audio_msgs/share/audio_msgs/cmake/audio_msgs__rosidl_typesupport_introspection_cExport.cmake\n'}
[4.513217] (audio_msgs) StdoutLine: {'line': b'-- Up-to-date: /root/Workspaces/rosgsthumble_ws/install/audio_msgs/share/audio_msgs/cmake/audio_msgs__rosidl_typesupport_introspection_cExport-noconfig.cmake\n'}
[4.513784] (audio_msgs) StdoutLine: {'line': b'-- Up-to-date: /root/Workspaces/rosgsthumble_ws/install/audio_msgs/share/audio_msgs/cmake/audio_msgs__rosidl_typesupport_cExport.cmake\n'}
[4.514542] (audio_msgs) StdoutLine: {'line': b'-- Up-to-date: /root/Workspaces/rosgsthumble_ws/install/audio_msgs/share/audio_msgs/cmake/audio_msgs__rosidl_typesupport_cExport-noconfig.cmake\n'}
[4.515279] (audio_msgs) StdoutLine: {'line': b'-- Up-to-date: /root/Workspaces/rosgsthumble_ws/install/audio_msgs/share/audio_msgs/cmake/audio_msgs__rosidl_typesupport_introspection_cppExport.cmake\n'}
[4.515828] (audio_msgs) StdoutLine: {'line': b'-- Up-to-date: /root/Workspaces/rosgsthumble_ws/install/audio_msgs/share/audio_msgs/cmake/audio_msgs__rosidl_typesupport_introspection_cppExport-noconfig.cmake\n'}
[4.516353] (audio_msgs) StdoutLine: {'line': b'-- Up-to-date: /root/Workspaces/rosgsthumble_ws/install/audio_msgs/share/audio_msgs/cmake/audio_msgs__rosidl_typesupport_cppExport.cmake\n'}
[4.517001] (audio_msgs) StdoutLine: {'line': b'-- Up-to-date: /root/Workspaces/rosgsthumble_ws/install/audio_msgs/share/audio_msgs/cmake/audio_msgs__rosidl_typesupport_cppExport-noconfig.cmake\n'}
[4.517627] (audio_msgs) StdoutLine: {'line': b'-- Up-to-date: /root/Workspaces/rosgsthumble_ws/install/audio_msgs/share/audio_msgs/cmake/export_audio_msgs__rosidl_generator_pyExport.cmake\n'}
[4.518199] (diagnostic_updater) StdoutLine: {'line': b'-- Up-to-date: /root/Workspaces/rosgsthumble_ws/install/diagnostic_updater/share/diagnostic_updater/cmake/diagnostic_updaterTargetsExport.cmake\n'}
[4.522200] (audio_msgs) StdoutLine: {'line': b'-- Up-to-date: /root/Workspaces/rosgsthumble_ws/install/audio_msgs/share/audio_msgs/cmake/export_audio_msgs__rosidl_generator_pyExport-noconfig.cmake\n'}
[4.548481] (diagnostic_updater) CommandEnded: {'returncode': 0}
[4.592669] (-) TimerEvent: {}
[4.696602] (-) TimerEvent: {}
[4.700544] (cv_bridge) StdoutLine: {'line': b'-- Install configuration: ""\n'}
[4.701348] (cv_bridge) StdoutLine: {'line': b'-- Execute custom install script\n'}
[4.704186] (cv_bridge) StdoutLine: {'line': b'-- Up-to-date symlink: /root/Workspaces/rosgsthumble_ws/install/cv_bridge/share/cv_bridge/environment/pythonpath.sh\n'}
[4.708444] (cv_bridge) StdoutLine: {'line': b'-- Up-to-date symlink: /root/Workspaces/rosgsthumble_ws/install/cv_bridge/share/cv_bridge/environment/pythonpath.dsv\n'}
[4.709918] (cv_bridge) StdoutLine: {'line': b'-- Up-to-date symlink: /root/Workspaces/rosgsthumble_ws/install/cv_bridge/lib/python3.6/site-packages/cv_bridge-3.2.1-py3.6.egg-info/PKG-INFO\n'}
[4.710548] (cv_bridge) StdoutLine: {'line': b'-- Up-to-date symlink: /root/Workspaces/rosgsthumble_ws/install/cv_bridge/lib/python3.6/site-packages/cv_bridge-3.2.1-py3.6.egg-info/SOURCES.txt\n'}
[4.711293] (cv_bridge) StdoutLine: {'line': b'-- Up-to-date symlink: /root/Workspaces/rosgsthumble_ws/install/cv_bridge/lib/python3.6/site-packages/cv_bridge-3.2.1-py3.6.egg-info/dependency_links.txt\n'}
[4.715687] (cv_bridge) StdoutLine: {'line': b'-- Up-to-date symlink: /root/Workspaces/rosgsthumble_ws/install/cv_bridge/lib/python3.6/site-packages/cv_bridge-3.2.1-py3.6.egg-info/top_level.txt\n'}
[4.716549] (cv_bridge) StdoutLine: {'line': b'-- Up-to-date symlink: /root/Workspaces/rosgsthumble_ws/install/cv_bridge/lib/python3.6/site-packages/cv_bridge/__init__.py\n'}
[4.717110] (cv_bridge) StdoutLine: {'line': b'-- Up-to-date symlink: /root/Workspaces/rosgsthumble_ws/install/cv_bridge/lib/python3.6/site-packages/cv_bridge/core.py\n'}
[4.717685] (cv_bridge) StdoutLine: {'line': b'-- Up-to-date symlink: /root/Workspaces/rosgsthumble_ws/install/cv_bridge/include/cv_bridge/cv_bridge/cv_bridge_export.h\n'}
[4.718227] (cv_bridge) StdoutLine: {'line': b'-- Up-to-date symlink: /root/Workspaces/rosgsthumble_ws/install/cv_bridge/lib/python3.6/site-packages/cv_bridge/boost//cv_bridge_boost.so\n'}
[4.718885] (cv_bridge) StdoutLine: {'line': b'-- Up-to-date symlink: /root/Workspaces/rosgsthumble_ws/install/cv_bridge/include/cv_bridge/cv_bridge/cv_bridge.h\n'}
[4.719444] (cv_bridge) StdoutLine: {'line': b'-- Up-to-date symlink: /root/Workspaces/rosgsthumble_ws/install/cv_bridge/include/cv_bridge/cv_bridge/rgb_colors.h\n'}
[4.725171] (cv_bridge) StdoutLine: {'line': b'-- Up-to-date symlink: /root/Workspaces/rosgsthumble_ws/install/cv_bridge/lib/libcv_bridge.so\n'}
[4.751387] (cv_bridge) StdoutLine: {'line': b'-- Up-to-date symlink: /root/Workspaces/rosgsthumble_ws/install/cv_bridge/share/ament_index/resource_index/package_run_dependencies/cv_bridge\n'}
[4.773150] (cv_bridge) StdoutLine: {'line': b'-- Up-to-date symlink: /root/Workspaces/rosgsthumble_ws/install/cv_bridge/share/ament_index/resource_index/parent_prefix_path/cv_bridge\n'}
[4.779114] (cv_bridge) StdoutLine: {'line': b'-- Up-to-date symlink: /root/Workspaces/rosgsthumble_ws/install/cv_bridge/share/cv_bridge/environment/ament_prefix_path.sh\n'}
[4.782207] (cv_bridge) StdoutLine: {'line': b'-- Up-to-date symlink: /root/Workspaces/rosgsthumble_ws/install/cv_bridge/share/cv_bridge/environment/ament_prefix_path.dsv\n'}
[4.785484] (cv_bridge) StdoutLine: {'line': b'-- Up-to-date symlink: /root/Workspaces/rosgsthumble_ws/install/cv_bridge/share/cv_bridge/environment/path.sh\n'}
[4.787043] (cv_bridge) StdoutLine: {'line': b'-- Up-to-date symlink: /root/Workspaces/rosgsthumble_ws/install/cv_bridge/share/cv_bridge/environment/path.dsv\n'}
[4.787967] (cv_bridge) StdoutLine: {'line': b'-- Up-to-date symlink: /root/Workspaces/rosgsthumble_ws/install/cv_bridge/share/cv_bridge/local_setup.bash\n'}
[4.789692] (cv_bridge) StdoutLine: {'line': b'-- Up-to-date symlink: /root/Workspaces/rosgsthumble_ws/install/cv_bridge/share/cv_bridge/local_setup.sh\n'}
[4.811390] (-) TimerEvent: {}
[4.828420] (cv_bridge) StdoutLine: {'line': b'-- Up-to-date symlink: /root/Workspaces/rosgsthumble_ws/install/cv_bridge/share/cv_bridge/local_setup.zsh\n'}
[4.842315] (cv_bridge) StdoutLine: {'line': b'-- Up-to-date symlink: /root/Workspaces/rosgsthumble_ws/install/cv_bridge/share/cv_bridge/local_setup.dsv\n'}
[4.848380] (cv_bridge) StdoutLine: {'line': b'-- Symlinking: /root/Workspaces/rosgsthumble_ws/install/cv_bridge/share/cv_bridge/package.dsv\n'}
[4.855002] (cv_bridge) StdoutLine: {'line': b'-- Up-to-date symlink: /root/Workspaces/rosgsthumble_ws/install/cv_bridge/share/ament_index/resource_index/packages/cv_bridge\n'}
[4.864229] (cv_bridge) StdoutLine: {'line': b'-- Up-to-date symlink: /root/Workspaces/rosgsthumble_ws/install/cv_bridge/share/cv_bridge/cmake/cv_bridge-extras.cmake\n'}
[4.870018] (cv_bridge) StdoutLine: {'line': b'-- Up-to-date symlink: /root/Workspaces/rosgsthumble_ws/install/cv_bridge/share/cv_bridge/cmake/ament_cmake_export_dependencies-extras.cmake\n'}
[4.875872] (cv_bridge) StdoutLine: {'line': b'-- Up-to-date symlink: /root/Workspaces/rosgsthumble_ws/install/cv_bridge/share/cv_bridge/cmake/ament_cmake_export_targets-extras.cmake\n'}
[4.876662] (cv_bridge) StdoutLine: {'line': b'-- Up-to-date symlink: /root/Workspaces/rosgsthumble_ws/install/cv_bridge/share/cv_bridge/cmake/cv_bridgeConfig.cmake\n'}
[4.877380] (cv_bridge) StdoutLine: {'line': b'-- Up-to-date symlink: /root/Workspaces/rosgsthumble_ws/install/cv_bridge/share/cv_bridge/cmake/cv_bridgeConfig-version.cmake\n'}
[4.877943] (cv_bridge) StdoutLine: {'line': b'-- Up-to-date symlink: /root/Workspaces/rosgsthumble_ws/install/cv_bridge/share/cv_bridge/package.xml\n'}
[4.886337] (audio_msgs) CommandEnded: {'returncode': 0}
[4.916667] (-) TimerEvent: {}
[4.958378] (cv_bridge) StdoutLine: {'line': b"Listing '/root/Workspaces/rosgsthumble_ws/install/cv_bridge/lib/python3.6/site-packages/cv_bridge'...\n"}
[4.959242] (cv_bridge) StdoutLine: {'line': b"Listing '/root/Workspaces/rosgsthumble_ws/install/cv_bridge/lib/python3.6/site-packages/cv_bridge/boost'...\n"}
[4.971737] (cv_bridge) StdoutLine: {'line': b'-- Up-to-date: /root/Workspaces/rosgsthumble_ws/install/cv_bridge/share/cv_bridge/cmake/export_cv_bridgeExport.cmake\n'}
[4.999699] (cv_bridge) StdoutLine: {'line': b'-- Up-to-date: /root/Workspaces/rosgsthumble_ws/install/cv_bridge/share/cv_bridge/cmake/export_cv_bridgeExport-noconfig.cmake\n'}
[5.021041] (-) TimerEvent: {}
[5.125811] (-) TimerEvent: {}
[5.205672] (cv_bridge) CommandEnded: {'returncode': 0}
[5.229076] (-) TimerEvent: {}
[5.350710] (-) TimerEvent: {}
[5.467265] (-) TimerEvent: {}
[5.489293] (gst_msgs) JobProgress: {'identifier': 'gst_msgs', 'progress': 'install'}
[5.491602] (gst_msgs) Command: {'cmd': ['/usr/local/bin/cmake', '--install', '/root/Workspaces/rosgsthumble_ws/build/gst_msgs'], 'cwd': '/root/Workspaces/rosgsthumble_ws/build/gst_msgs', 'env': OrderedDict([('OPENBLAS_CORETYPE', 'ARMV8'), ('PYTHONIOENCODING', 'utf-8'), ('HOSTNAME', 'nano'), ('LD_LIBRARY_PATH', '/root/Workspaces/rosgsthumble_ws/install/realsense2_camera/lib:/root/Workspaces/rosgsthumble_ws/install/realsense2_camera_msgs/lib:/root/Workspaces/rosgsthumble_ws/install/image_geometry/lib:/root/Workspaces/rosgsthumble_ws/install/gst_pipeline_plugins/lib:/root/Workspaces/rosgsthumble_ws/install/gst_pipeline/lib:/root/Workspaces/rosgsthumble_ws/install/gst_msgs/lib:/root/Workspaces/rosgsthumble_ws/install/gst_bridge/lib:/root/Workspaces/rosgsthumble_ws/install/diagnostic_updater/lib:/root/Workspaces/rosgsthumble_ws/install/cv_bridge/lib:/root/Workspaces/rosgsthumble_ws/install/audio_msgs/lib:/opt/ros/humble/install/opt/rviz_ogre_vendor/lib:/opt/ros/humble/install/lib:/usr/local/cuda-10.2/targets/aarch64-linux/lib:'), ('SHLVL', '1'), ('OLDPWD', '/root/Workspaces'), ('HOME', '/root'), ('ROS_PYTHON_VERSION', '3'), ('COLCON_PREFIX_PATH', '/opt/ros/humble/install:/root/Workspaces/rosgsthumble_ws/install'), ('ROS_DISTRO', 'humble'), ('PULSE_SERVER', 'unix:/run/user/1000/pulse/native'), ('_', '/usr/bin/colcon'), ('ROS_VERSION', '2'), ('NVIDIA_DRIVER_CAPABILITIES', 'compute,utility,graphics'), ('PKG_CONFIG_PATH', '/opt/ros/humble/install/lib/aarch64-linux-gnu/pkgconfig:/opt/ros/humble/install/lib/pkgconfig'), ('TERM', 'xterm'), ('ROS_LOCALHOST_ONLY', '0'), ('PATH', '/root/Workspaces/rosgsthumble_ws/install/xacro/bin:/opt/ros/humble/install/bin:/usr/local/cuda-10.2/bin:/usr/local/cuda/bin:/usr/local/sbin:/usr/local/bin:/usr/sbin:/usr/bin:/sbin:/bin'), ('XDG_RUNTIME_DIR', '/run/user/1000'), ('DISPLAY', ''), ('LANG', 'en_US.UTF-8'), ('RMW_IMPLEMENTATION', 'rmw_cyclonedds_cpp'), ('LS_COLORS', 'rs=0:di=01;34:ln=01;36:mh=00:pi=40;33:so=01;35:do=01;35:bd=40;33;01:cd=40;33;01:or=40;31;01:mi=00:su=37;41:sg=30;43:ca=30;41:tw=30;42:ow=34;42:st=37;44:ex=01;32:*.tar=01;31:*.tgz=01;31:*.arc=01;31:*.arj=01;31:*.taz=01;31:*.lha=01;31:*.lz4=01;31:*.lzh=01;31:*.lzma=01;31:*.tlz=01;31:*.txz=01;31:*.tzo=01;31:*.t7z=01;31:*.zip=01;31:*.z=01;31:*.Z=01;31:*.dz=01;31:*.gz=01;31:*.lrz=01;31:*.lz=01;31:*.lzo=01;31:*.xz=01;31:*.zst=01;31:*.tzst=01;31:*.bz2=01;31:*.bz=01;31:*.tbz=01;31:*.tbz2=01;31:*.tz=01;31:*.deb=01;31:*.rpm=01;31:*.jar=01;31:*.war=01;31:*.ear=01;31:*.sar=01;31:*.rar=01;31:*.alz=01;31:*.ace=01;31:*.zoo=01;31:*.cpio=01;31:*.7z=01;31:*.rz=01;31:*.cab=01;31:*.wim=01;31:*.swm=01;31:*.dwm=01;31:*.esd=01;31:*.jpg=01;35:*.jpeg=01;35:*.mjpg=01;35:*.mjpeg=01;35:*.gif=01;35:*.bmp=01;35:*.pbm=01;35:*.pgm=01;35:*.ppm=01;35:*.tga=01;35:*.xbm=01;35:*.xpm=01;35:*.tif=01;35:*.tiff=01;35:*.png=01;35:*.svg=01;35:*.svgz=01;35:*.mng=01;35:*.pcx=01;35:*.mov=01;35:*.mpg=01;35:*.mpeg=01;35:*.m2v=01;35:*.mkv=01;35:*.webm=01;35:*.ogm=01;35:*.mp4=01;35:*.m4v=01;35:*.mp4v=01;35:*.vob=01;35:*.qt=01;35:*.nuv=01;35:*.wmv=01;35:*.asf=01;35:*.rm=01;35:*.rmvb=01;35:*.flc=01;35:*.avi=01;35:*.fli=01;35:*.flv=01;35:*.gl=01;35:*.dl=01;35:*.xcf=01;35:*.xwd=01;35:*.yuv=01;35:*.cgm=01;35:*.emf=01;35:*.ogv=01;35:*.ogx=01;35:*.aac=00;36:*.au=00;36:*.flac=00;36:*.m4a=00;36:*.mid=00;36:*.midi=00;36:*.mka=00;36:*.mp3=00;36:*.mpc=00;36:*.ogg=00;36:*.ra=00;36:*.wav=00;36:*.oga=00;36:*.opus=00;36:*.spx=00;36:*.xspf=00;36:'), ('ROS_ROOT', '/opt/ros/humble'), ('AMENT_PREFIX_PATH', '/opt/ros/humble/install'), ('DEBIAN_FRONTEND', 'noninteractive'), ('GST_PLUGIN_PATH', '/root/Workspaces/rosgsthumble_ws/install/gst_bridge/lib/gst_bridge/'), ('SHELL', '/bin/bash'), ('PWD', '/root/Workspaces/rosgsthumble_ws/build/gst_msgs'), ('PYTHONPATH', '/root/Workspaces/rosgsthumble_ws/install/xacro/lib/python3.6/site-packages:/root/Workspaces/rosgsthumble_ws/install/realsense2_camera_msgs/lib/python3.6/site-packages:/root/Workspaces/rosgsthumble_ws/install/image_geometry/lib/python3.6/site-packages:/root/Workspaces/rosgsthumble_ws/install/gst_msgs/lib/python3.6/site-packages:/root/Workspaces/rosgsthumble_ws/install/diagnostic_common_diagnostics/lib/python3.6/site-packages:/root/Workspaces/rosgsthumble_ws/install/diagnostic_updater/lib/python3.6/site-packages:/root/Workspaces/rosgsthumble_ws/install/cv_bridge/lib/python3.6/site-packages:/root/Workspaces/rosgsthumble_ws/install/audio_msgs/lib/python3.6/site-packages:/opt/ros/humble/install/lib/python3.6/site-packages'), ('NVIDIA_VISIBLE_DEVICES', 'all'), ('COLCON', '1'), ('CMAKE_PREFIX_PATH', '/opt/ros/humble/install')]), 'shell': False}
[5.572741] (-) TimerEvent: {}
[5.696176] (-) TimerEvent: {}
[5.787652] (diagnostic_updater) JobEnded: {'identifier': 'diagnostic_updater', 'rc': 0}
[5.795298] (gst_msgs) StdoutLine: {'line': b'-- Install configuration: ""\n'}
[5.803576] (-) TimerEvent: {}
[5.814555] (gst_msgs) StdoutLine: {'line': b'-- Execute custom install script\n'}
[5.837157] (gst_msgs) StdoutLine: {'line': b'-- Up-to-date symlink: /root/Workspaces/rosgsthumble_ws/install/gst_msgs/share/ament_index/resource_index/rosidl_interfaces/gst_msgs\n'}
[5.845478] (gst_msgs) StdoutLine: {'line': b'-- Up-to-date symlink: /root/Workspaces/rosgsthumble_ws/install/gst_msgs/include/gst_msgs/gst_msgs/msg/buffer_event.h\n'}
[5.856831] (gst_msgs) StdoutLine: {'line': b'-- Up-to-date symlink: /root/Workspaces/rosgsthumble_ws/install/gst_msgs/include/gst_msgs/gst_msgs/msg/clock_observation.h\n'}
[5.857447] (gst_msgs) StdoutLine: {'line': b'-- Up-to-date symlink: /root/Workspaces/rosgsthumble_ws/install/gst_msgs/include/gst_msgs/gst_msgs/msg/detail/buffer_event__functions.h\n'}
[5.858279] (gst_msgs) StdoutLine: {'line': b'-- Up-to-date symlink: /root/Workspaces/rosgsthumble_ws/install/gst_msgs/include/gst_msgs/gst_msgs/msg/detail/buffer_event__struct.h\n'}
[5.877892] (gst_msgs) StdoutLine: {'line': b'-- Up-to-date symlink: /root/Workspaces/rosgsthumble_ws/install/gst_msgs/include/gst_msgs/gst_msgs/msg/detail/buffer_event__type_support.h\n'}
[5.879815] (gst_msgs) StdoutLine: {'line': b'-- Up-to-date symlink: /root/Workspaces/rosgsthumble_ws/install/gst_msgs/include/gst_msgs/gst_msgs/msg/detail/clock_observation__functions.h\n'}
[5.883985] (gst_msgs) StdoutLine: {'line': b'-- Up-to-date symlink: /root/Workspaces/rosgsthumble_ws/install/gst_msgs/include/gst_msgs/gst_msgs/msg/detail/clock_observation__struct.h\n'}
[5.885726] (gst_msgs) StdoutLine: {'line': b'-- Up-to-date symlink: /root/Workspaces/rosgsthumble_ws/install/gst_msgs/include/gst_msgs/gst_msgs/msg/detail/clock_observation__type_support.h\n'}
[5.887357] (gst_msgs) StdoutLine: {'line': b'-- Up-to-date symlink: /root/Workspaces/rosgsthumble_ws/install/gst_msgs/include/gst_msgs/gst_msgs/msg/detail/frame_gate__functions.h\n'}
[5.888919] (gst_msgs) StdoutLine: {'line': b'-- Up-to-date symlink: /root/Workspaces/rosgsthumble_ws/install/gst_msgs/include/gst_msgs/gst_msgs/msg/detail/frame_gate__struct.h\n'}
[5.890438] (gst_msgs) StdoutLine: {'line': b'-- Up-to-date symlink: /root/Workspaces/rosgsthumble_ws/install/gst_msgs/include/gst_msgs/gst_msgs/msg/detail/frame_gate__type_support.h\n'}
[5.892121] (gst_msgs) StdoutLine: {'line': b'-- Up-to-date symlink: /root/Workspaces/rosgsthumble_ws/install/gst_msgs/include/gst_msgs/gst_msgs/msg/detail/meta_mark__functions.h\n'}
[5.893762] (gst_msgs) StdoutLine: {'line': b'-- Up-to-date symlink: /root/Workspaces/rosgsthumble_ws/install/gst_msgs/include/gst_msgs/gst_msgs/msg/detail/meta_mark__struct.h\n'}
[5.895578] (gst_msgs) StdoutLine: {'line': b'-- Up-to-date symlink: /root/Workspaces/rosgsthumble_ws/install/gst_msgs/include/gst_msgs/gst_msgs/msg/detail/meta_mark__type_support.h\n'}
[5.897290] (gst_msgs) StdoutLine: {'line': b'-- Up-to-date symlink: /root/Workspaces/rosgsthumble_ws/install/gst_msgs/include/gst_msgs/gst_msgs/msg/detail/multifilesink_event__functions.h\n'}
[5.899009] (gst_msgs) StdoutLine: {'line': b'-- Up-to-date symlink: /root/Workspaces/rosgsthumble_ws/install/gst_msgs/include/gst_msgs/gst_msgs/msg/detail/multifilesink_event__struct.h\n'}
[5.900667] (gst_msgs) StdoutLine: {'line': b'-- Up-to-date symlink: /root/Workspaces/rosgsthumble_ws/install/gst_msgs/include/gst_msgs/gst_msgs/msg/detail/multifilesink_event__type_support.h\n'}
[5.902373] (gst_msgs) StdoutLine: {'line': b'-- Up-to-date symlink: /root/Workspaces/rosgsthumble_ws/install/gst_msgs/include/gst_msgs/gst_msgs/msg/detail/webrtc_ice__functions.h\n'}
[5.904111] (-) TimerEvent: {}
[5.904957] (gst_msgs) StdoutLine: {'line': b'-- Up-to-date symlink: /root/Workspaces/rosgsthumble_ws/install/gst_msgs/include/gst_msgs/gst_msgs/msg/detail/webrtc_ice__struct.h\n'}
[5.905798] (gst_msgs) StdoutLine: {'line': b'-- Up-to-date symlink: /root/Workspaces/rosgsthumble_ws/install/gst_msgs/include/gst_msgs/gst_msgs/msg/detail/webrtc_ice__type_support.h\n'}
[5.906772] (gst_msgs) StdoutLine: {'line': b'-- Up-to-date symlink: /root/Workspaces/rosgsthumble_ws/install/gst_msgs/include/gst_msgs/gst_msgs/msg/frame_gate.h\n'}
[5.907646] (gst_msgs) StdoutLine: {'line': b'-- Up-to-date symlink: /root/Workspaces/rosgsthumble_ws/install/gst_msgs/include/gst_msgs/gst_msgs/msg/meta_mark.h\n'}
[5.908357] (gst_msgs) StdoutLine: {'line': b'-- Up-to-date symlink: /root/Workspaces/rosgsthumble_ws/install/gst_msgs/include/gst_msgs/gst_msgs/msg/multifilesink_event.h\n'}
[5.909081] (gst_msgs) StdoutLine: {'line': b'-- Up-to-date symlink: /root/Workspaces/rosgsthumble_ws/install/gst_msgs/include/gst_msgs/gst_msgs/msg/rosidl_generator_c__visibility_control.h\n'}
[5.909774] (gst_msgs) StdoutLine: {'line': b'-- Up-to-date symlink: /root/Workspaces/rosgsthumble_ws/install/gst_msgs/include/gst_msgs/gst_msgs/msg/webrtc_ice.h\n'}
[5.910480] (gst_msgs) StdoutLine: {'line': b'-- Up-to-date symlink: /root/Workspaces/rosgsthumble_ws/install/gst_msgs/include/gst_msgs/gst_msgs/srv/detail/seek__functions.h\n'}
[5.911239] (gst_msgs) StdoutLine: {'line': b'-- Up-to-date symlink: /root/Workspaces/rosgsthumble_ws/install/gst_msgs/include/gst_msgs/gst_msgs/srv/detail/seek__struct.h\n'}
[5.911941] (gst_msgs) StdoutLine: {'line': b'-- Up-to-date symlink: /root/Workspaces/rosgsthumble_ws/install/gst_msgs/include/gst_msgs/gst_msgs/srv/detail/seek__type_support.h\n'}
[5.912635] (gst_msgs) StdoutLine: {'line': b'-- Up-to-date symlink: /root/Workspaces/rosgsthumble_ws/install/gst_msgs/include/gst_msgs/gst_msgs/srv/seek.h\n'}
[5.913382] (realsense2_camera_msgs) JobStarted: {'identifier': 'realsense2_camera_msgs'}
[5.914887] (gst_msgs) StdoutLine: {'line': b'-- Up-to-date symlink: /root/Workspaces/rosgsthumble_ws/install/gst_msgs/share/gst_msgs/environment/library_path.sh\n'}
[5.919272] (gst_msgs) StdoutLine: {'line': b'-- Up-to-date symlink: /root/Workspaces/rosgsthumble_ws/install/gst_msgs/share/gst_msgs/environment/library_path.dsv\n'}
[5.921027] (gst_msgs) StdoutLine: {'line': b'-- Up-to-date symlink: /root/Workspaces/rosgsthumble_ws/install/gst_msgs/include/gst_msgs/gst_msgs/msg/detail/buffer_event__rosidl_typesupport_fastrtps_c.h\n'}
[5.922890] (gst_msgs) StdoutLine: {'line': b'-- Up-to-date symlink: /root/Workspaces/rosgsthumble_ws/install/gst_msgs/include/gst_msgs/gst_msgs/msg/detail/clock_observation__rosidl_typesupport_fastrtps_c.h\n'}
[5.923682] (gst_msgs) StdoutLine: {'line': b'-- Up-to-date symlink: /root/Workspaces/rosgsthumble_ws/install/gst_msgs/include/gst_msgs/gst_msgs/msg/detail/frame_gate__rosidl_typesupport_fastrtps_c.h\n'}
[5.924427] (gst_msgs) StdoutLine: {'line': b'-- Up-to-date symlink: /root/Workspaces/rosgsthumble_ws/install/gst_msgs/include/gst_msgs/gst_msgs/msg/detail/meta_mark__rosidl_typesupport_fastrtps_c.h\n'}
[5.925142] (gst_msgs) StdoutLine: {'line': b'-- Up-to-date symlink: /root/Workspaces/rosgsthumble_ws/install/gst_msgs/include/gst_msgs/gst_msgs/msg/detail/multifilesink_event__rosidl_typesupport_fastrtps_c.h\n'}
[5.925875] (gst_msgs) StdoutLine: {'line': b'-- Up-to-date symlink: /root/Workspaces/rosgsthumble_ws/install/gst_msgs/include/gst_msgs/gst_msgs/msg/detail/webrtc_ice__rosidl_typesupport_fastrtps_c.h\n'}
[5.926477] (gst_msgs) StdoutLine: {'line': b'-- Up-to-date symlink: /root/Workspaces/rosgsthumble_ws/install/gst_msgs/include/gst_msgs/gst_msgs/msg/rosidl_typesupport_fastrtps_c__visibility_control.h\n'}
[5.927190] (gst_msgs) StdoutLine: {'line': b'-- Up-to-date symlink: /root/Workspaces/rosgsthumble_ws/install/gst_msgs/include/gst_msgs/gst_msgs/srv/detail/seek__rosidl_typesupport_fastrtps_c.h\n'}
[5.927843] (gst_msgs) StdoutLine: {'line': b'-- Up-to-date symlink: /root/Workspaces/rosgsthumble_ws/install/gst_msgs/include/gst_msgs/gst_msgs/msg/buffer_event.hpp\n'}
[5.928513] (gst_msgs) StdoutLine: {'line': b'-- Up-to-date symlink: /root/Workspaces/rosgsthumble_ws/install/gst_msgs/include/gst_msgs/gst_msgs/msg/clock_observation.hpp\n'}
[5.929132] (gst_msgs) StdoutLine: {'line': b'-- Up-to-date symlink: /root/Workspaces/rosgsthumble_ws/install/gst_msgs/include/gst_msgs/gst_msgs/msg/detail/buffer_event__builder.hpp\n'}
[5.929806] (gst_msgs) StdoutLine: {'line': b'-- Up-to-date symlink: /root/Workspaces/rosgsthumble_ws/install/gst_msgs/include/gst_msgs/gst_msgs/msg/detail/buffer_event__struct.hpp\n'}
[5.930417] (gst_msgs) StdoutLine: {'line': b'-- Up-to-date symlink: /root/Workspaces/rosgsthumble_ws/install/gst_msgs/include/gst_msgs/gst_msgs/msg/detail/buffer_event__traits.hpp\n'}
[5.931115] (gst_msgs) StdoutLine: {'line': b'-- Up-to-date symlink: /root/Workspaces/rosgsthumble_ws/install/gst_msgs/include/gst_msgs/gst_msgs/msg/detail/clock_observation__builder.hpp\n'}
[5.931752] (gst_msgs) StdoutLine: {'line': b'-- Up-to-date symlink: /root/Workspaces/rosgsthumble_ws/install/gst_msgs/include/gst_msgs/gst_msgs/msg/detail/clock_observation__struct.hpp\n'}
[5.932402] (gst_msgs) StdoutLine: {'line': b'-- Up-to-date symlink: /root/Workspaces/rosgsthumble_ws/install/gst_msgs/include/gst_msgs/gst_msgs/msg/detail/clock_observation__traits.hpp\n'}
[5.932990] (gst_msgs) StdoutLine: {'line': b'-- Up-to-date symlink: /root/Workspaces/rosgsthumble_ws/install/gst_msgs/include/gst_msgs/gst_msgs/msg/detail/frame_gate__builder.hpp\n'}
[5.933573] (gst_msgs) StdoutLine: {'line': b'-- Up-to-date symlink: /root/Workspaces/rosgsthumble_ws/install/gst_msgs/include/gst_msgs/gst_msgs/msg/detail/frame_gate__struct.hpp\n'}
[5.934192] (gst_msgs) StdoutLine: {'line': b'-- Up-to-date symlink: /root/Workspaces/rosgsthumble_ws/install/gst_msgs/include/gst_msgs/gst_msgs/msg/detail/frame_gate__traits.hpp\n'}
[5.934879] (gst_msgs) StdoutLine: {'line': b'-- Up-to-date symlink: /root/Workspaces/rosgsthumble_ws/install/gst_msgs/include/gst_msgs/gst_msgs/msg/detail/meta_mark__builder.hpp\n'}
[5.935494] (gst_msgs) StdoutLine: {'line': b'-- Up-to-date symlink: /root/Workspaces/rosgsthumble_ws/install/gst_msgs/include/gst_msgs/gst_msgs/msg/detail/meta_mark__struct.hpp\n'}
[5.936088] (gst_msgs) StdoutLine: {'line': b'-- Up-to-date symlink: /root/Workspaces/rosgsthumble_ws/install/gst_msgs/include/gst_msgs/gst_msgs/msg/detail/meta_mark__traits.hpp\n'}
[5.936663] (gst_msgs) StdoutLine: {'line': b'-- Up-to-date symlink: /root/Workspaces/rosgsthumble_ws/install/gst_msgs/include/gst_msgs/gst_msgs/msg/detail/multifilesink_event__builder.hpp\n'}
[5.937281] (gst_msgs) StdoutLine: {'line': b'-- Up-to-date symlink: /root/Workspaces/rosgsthumble_ws/install/gst_msgs/include/gst_msgs/gst_msgs/msg/detail/multifilesink_event__struct.hpp\n'}
[5.937887] (gst_msgs) StdoutLine: {'line': b'-- Up-to-date symlink: /root/Workspaces/rosgsthumble_ws/install/gst_msgs/include/gst_msgs/gst_msgs/msg/detail/multifilesink_event__traits.hpp\n'}
[5.938463] (gst_msgs) StdoutLine: {'line': b'-- Up-to-date symlink: /root/Workspaces/rosgsthumble_ws/install/gst_msgs/include/gst_msgs/gst_msgs/msg/detail/webrtc_ice__builder.hpp\n'}
[5.939200] (gst_msgs) StdoutLine: {'line': b'-- Up-to-date symlink: /root/Workspaces/rosgsthumble_ws/install/gst_msgs/include/gst_msgs/gst_msgs/msg/detail/webrtc_ice__struct.hpp\n'}
[5.939969] (gst_msgs) StdoutLine: {'line': b'-- Up-to-date symlink: /root/Workspaces/rosgsthumble_ws/install/gst_msgs/include/gst_msgs/gst_msgs/msg/detail/webrtc_ice__traits.hpp\n'}
[5.940706] (gst_msgs) StdoutLine: {'line': b'-- Up-to-date symlink: /root/Workspaces/rosgsthumble_ws/install/gst_msgs/include/gst_msgs/gst_msgs/msg/frame_gate.hpp\n'}
[5.941424] (gst_msgs) StdoutLine: {'line': b'-- Up-to-date symlink: /root/Workspaces/rosgsthumble_ws/install/gst_msgs/include/gst_msgs/gst_msgs/msg/meta_mark.hpp\n'}
[5.942130] (gst_msgs) StdoutLine: {'line': b'-- Up-to-date symlink: /root/Workspaces/rosgsthumble_ws/install/gst_msgs/include/gst_msgs/gst_msgs/msg/multifilesink_event.hpp\n'}
[5.942836] (gst_msgs) StdoutLine: {'line': b'-- Up-to-date symlink: /root/Workspaces/rosgsthumble_ws/install/gst_msgs/include/gst_msgs/gst_msgs/msg/webrtc_ice.hpp\n'}
[5.943489] (gst_msgs) StdoutLine: {'line': b'-- Up-to-date symlink: /root/Workspaces/rosgsthumble_ws/install/gst_msgs/include/gst_msgs/gst_msgs/srv/detail/seek__builder.hpp\n'}
[5.944131] (gst_msgs) StdoutLine: {'line': b'-- Up-to-date symlink: /root/Workspaces/rosgsthumble_ws/install/gst_msgs/include/gst_msgs/gst_msgs/srv/detail/seek__struct.hpp\n'}
[5.944759] (gst_msgs) StdoutLine: {'line': b'-- Up-to-date symlink: /root/Workspaces/rosgsthumble_ws/install/gst_msgs/include/gst_msgs/gst_msgs/srv/detail/seek__traits.hpp\n'}
[5.945332] (gst_msgs) StdoutLine: {'line': b'-- Up-to-date symlink: /root/Workspaces/rosgsthumble_ws/install/gst_msgs/include/gst_msgs/gst_msgs/srv/seek.hpp\n'}
[5.945926] (gst_msgs) StdoutLine: {'line': b'-- Up-to-date symlink: /root/Workspaces/rosgsthumble_ws/install/gst_msgs/include/gst_msgs/gst_msgs/msg/detail/buffer_event__rosidl_typesupport_fastrtps_cpp.hpp\n'}
[5.946500] (gst_msgs) StdoutLine: {'line': b'-- Up-to-date symlink: /root/Workspaces/rosgsthumble_ws/install/gst_msgs/include/gst_msgs/gst_msgs/msg/detail/clock_observation__rosidl_typesupport_fastrtps_cpp.hpp\n'}
[5.947218] (gst_msgs) StdoutLine: {'line': b'-- Up-to-date symlink: /root/Workspaces/rosgsthumble_ws/install/gst_msgs/include/gst_msgs/gst_msgs/msg/detail/frame_gate__rosidl_typesupport_fastrtps_cpp.hpp\n'}
[5.947825] (gst_msgs) StdoutLine: {'line': b'-- Up-to-date symlink: /root/Workspaces/rosgsthumble_ws/install/gst_msgs/include/gst_msgs/gst_msgs/msg/detail/meta_mark__rosidl_typesupport_fastrtps_cpp.hpp\n'}
[5.948426] (gst_msgs) StdoutLine: {'line': b'-- Up-to-date symlink: /root/Workspaces/rosgsthumble_ws/install/gst_msgs/include/gst_msgs/gst_msgs/msg/detail/multifilesink_event__rosidl_typesupport_fastrtps_cpp.hpp\n'}
[5.949035] (gst_msgs) StdoutLine: {'line': b'-- Up-to-date symlink: /root/Workspaces/rosgsthumble_ws/install/gst_msgs/include/gst_msgs/gst_msgs/msg/detail/webrtc_ice__rosidl_typesupport_fastrtps_cpp.hpp\n'}
[5.949634] (gst_msgs) StdoutLine: {'line': b'-- Up-to-date symlink: /root/Workspaces/rosgsthumble_ws/install/gst_msgs/include/gst_msgs/gst_msgs/msg/rosidl_typesupport_fastrtps_cpp__visibility_control.h\n'}
[5.950224] (gst_msgs) StdoutLine: {'line': b'-- Up-to-date symlink: /root/Workspaces/rosgsthumble_ws/install/gst_msgs/include/gst_msgs/gst_msgs/srv/detail/seek__rosidl_typesupport_fastrtps_cpp.hpp\n'}
[5.950964] (gst_msgs) StdoutLine: {'line': b'-- Up-to-date symlink: /root/Workspaces/rosgsthumble_ws/install/gst_msgs/include/gst_msgs/gst_msgs/msg/detail/buffer_event__rosidl_typesupport_introspection_c.h\n'}
[5.951564] (gst_msgs) StdoutLine: {'line': b'-- Up-to-date symlink: /root/Workspaces/rosgsthumble_ws/install/gst_msgs/include/gst_msgs/gst_msgs/msg/detail/clock_observation__rosidl_typesupport_introspection_c.h\n'}
[5.952151] (gst_msgs) StdoutLine: {'line': b'-- Up-to-date symlink: /root/Workspaces/rosgsthumble_ws/install/gst_msgs/include/gst_msgs/gst_msgs/msg/detail/frame_gate__rosidl_typesupport_introspection_c.h\n'}
[5.952769] (gst_msgs) StdoutLine: {'line': b'-- Up-to-date symlink: /root/Workspaces/rosgsthumble_ws/install/gst_msgs/include/gst_msgs/gst_msgs/msg/detail/meta_mark__rosidl_typesupport_introspection_c.h\n'}
[5.953360] (gst_msgs) StdoutLine: {'line': b'-- Up-to-date symlink: /root/Workspaces/rosgsthumble_ws/install/gst_msgs/include/gst_msgs/gst_msgs/msg/detail/multifilesink_event__rosidl_typesupport_introspection_c.h\n'}
[5.953988] (gst_msgs) StdoutLine: {'line': b'-- Up-to-date symlink: /root/Workspaces/rosgsthumble_ws/install/gst_msgs/include/gst_msgs/gst_msgs/msg/detail/webrtc_ice__rosidl_typesupport_introspection_c.h\n'}
[5.954686] (gst_msgs) StdoutLine: {'line': b'-- Up-to-date symlink: /root/Workspaces/rosgsthumble_ws/install/gst_msgs/include/gst_msgs/gst_msgs/msg/rosidl_typesupport_introspection_c__visibility_control.h\n'}
[5.955340] (gst_msgs) StdoutLine: {'line': b'-- Up-to-date symlink: /root/Workspaces/rosgsthumble_ws/install/gst_msgs/include/gst_msgs/gst_msgs/srv/detail/seek__rosidl_typesupport_introspection_c.h\n'}
[5.955973] (gst_msgs) StdoutLine: {'line': b'-- Up-to-date symlink: /root/Workspaces/rosgsthumble_ws/install/gst_msgs/include/gst_msgs/gst_msgs/msg/detail/buffer_event__rosidl_typesupport_introspection_cpp.hpp\n'}
[5.956578] (gst_msgs) StdoutLine: {'line': b'-- Up-to-date symlink: /root/Workspaces/rosgsthumble_ws/install/gst_msgs/include/gst_msgs/gst_msgs/msg/detail/clock_observation__rosidl_typesupport_introspection_cpp.hpp\n'}
[5.957151] (gst_msgs) StdoutLine: {'line': b'-- Up-to-date symlink: /root/Workspaces/rosgsthumble_ws/install/gst_msgs/include/gst_msgs/gst_msgs/msg/detail/frame_gate__rosidl_typesupport_introspection_cpp.hpp\n'}
[5.957740] (gst_msgs) StdoutLine: {'line': b'-- Up-to-date symlink: /root/Workspaces/rosgsthumble_ws/install/gst_msgs/include/gst_msgs/gst_msgs/msg/detail/meta_mark__rosidl_typesupport_introspection_cpp.hpp\n'}
[5.958315] (gst_msgs) StdoutLine: {'line': b'-- Up-to-date symlink: /root/Workspaces/rosgsthumble_ws/install/gst_msgs/include/gst_msgs/gst_msgs/msg/detail/multifilesink_event__rosidl_typesupport_introspection_cpp.hpp\n'}
[5.959011] (gst_msgs) StdoutLine: {'line': b'-- Up-to-date symlink: /root/Workspaces/rosgsthumble_ws/install/gst_msgs/include/gst_msgs/gst_msgs/msg/detail/webrtc_ice__rosidl_typesupport_introspection_cpp.hpp\n'}
[5.959630] (gst_msgs) StdoutLine: {'line': b'-- Up-to-date symlink: /root/Workspaces/rosgsthumble_ws/install/gst_msgs/include/gst_msgs/gst_msgs/srv/detail/seek__rosidl_typesupport_introspection_cpp.hpp\n'}
[5.960236] (gst_msgs) StdoutLine: {'line': b'-- Up-to-date symlink: /root/Workspaces/rosgsthumble_ws/install/gst_msgs/share/gst_msgs/environment/pythonpath.sh\n'}
[5.960828] (gst_msgs) StdoutLine: {'line': b'-- Up-to-date symlink: /root/Workspaces/rosgsthumble_ws/install/gst_msgs/share/gst_msgs/environment/pythonpath.dsv\n'}
[5.961415] (gst_msgs) StdoutLine: {'line': b'-- Up-to-date symlink: /root/Workspaces/rosgsthumble_ws/install/gst_msgs/lib/python3.6/site-packages/gst_msgs-0.0.0-py3.6.egg-info/PKG-INFO\n'}
[5.962023] (gst_msgs) StdoutLine: {'line': b'-- Up-to-date symlink: /root/Workspaces/rosgsthumble_ws/install/gst_msgs/lib/python3.6/site-packages/gst_msgs-0.0.0-py3.6.egg-info/SOURCES.txt\n'}
[5.962713] (gst_msgs) StdoutLine: {'line': b'-- Up-to-date symlink: /root/Workspaces/rosgsthumble_ws/install/gst_msgs/lib/python3.6/site-packages/gst_msgs-0.0.0-py3.6.egg-info/dependency_links.txt\n'}
[5.963326] (gst_msgs) StdoutLine: {'line': b'-- Up-to-date symlink: /root/Workspaces/rosgsthumble_ws/install/gst_msgs/lib/python3.6/site-packages/gst_msgs-0.0.0-py3.6.egg-info/top_level.txt\n'}
[5.963934] (gst_msgs) StdoutLine: {'line': b'-- Up-to-date symlink: /root/Workspaces/rosgsthumble_ws/install/gst_msgs/lib/python3.6/site-packages/gst_msgs/__init__.py\n'}
[5.964516] (gst_msgs) StdoutLine: {'line': b'-- Up-to-date symlink: /root/Workspaces/rosgsthumble_ws/install/gst_msgs/lib/python3.6/site-packages/gst_msgs/_gst_msgs_s.ep.rosidl_typesupport_c.c\n'}
[5.965112] (gst_msgs) StdoutLine: {'line': b'-- Up-to-date symlink: /root/Workspaces/rosgsthumble_ws/install/gst_msgs/lib/python3.6/site-packages/gst_msgs/_gst_msgs_s.ep.rosidl_typesupport_fastrtps_c.c\n'}
[5.965711] (gst_msgs) StdoutLine: {'line': b'-- Up-to-date symlink: /root/Workspaces/rosgsthumble_ws/install/gst_msgs/lib/python3.6/site-packages/gst_msgs/_gst_msgs_s.ep.rosidl_typesupport_introspection_c.c\n'}
[5.966306] (gst_msgs) StdoutLine: {'line': b'-- Up-to-date symlink: /root/Workspaces/rosgsthumble_ws/install/gst_msgs/lib/python3.6/site-packages/gst_msgs/gst_msgs_s__rosidl_typesupport_c.cpython-36m-aarch64-linux-gnu.so\n'}
[5.966919] (gst_msgs) StdoutLine: {'line': b'-- Up-to-date symlink: /root/Workspaces/rosgsthumble_ws/install/gst_msgs/lib/python3.6/site-packages/gst_msgs/gst_msgs_s__rosidl_typesupport_fastrtps_c.cpython-36m-aarch64-linux-gnu.so\n'}
[5.967515] (gst_msgs) StdoutLine: {'line': b'-- Up-to-date symlink: /root/Workspaces/rosgsthumble_ws/install/gst_msgs/lib/python3.6/site-packages/gst_msgs/gst_msgs_s__rosidl_typesupport_introspection_c.cpython-36m-aarch64-linux-gnu.so\n'}
[5.968119] (gst_msgs) StdoutLine: {'line': b'-- Up-to-date symlink: /root/Workspaces/rosgsthumble_ws/install/gst_msgs/lib/python3.6/site-packages/gst_msgs/libgst_msgs__rosidl_generator_py.so\n'}
[5.968833] (gst_msgs) StdoutLine: {'line': b'-- Up-to-date symlink: /root/Workspaces/rosgsthumble_ws/install/gst_msgs/lib/python3.6/site-packages/gst_msgs/msg/__init__.py\n'}
[5.969537] (gst_msgs) StdoutLine: {'line': b'-- Up-to-date symlink: /root/Workspaces/rosgsthumble_ws/install/gst_msgs/lib/python3.6/site-packages/gst_msgs/msg/_buffer_event.py\n'}
[5.970166] (gst_msgs) StdoutLine: {'line': b'-- Up-to-date symlink: /root/Workspaces/rosgsthumble_ws/install/gst_msgs/lib/python3.6/site-packages/gst_msgs/msg/_buffer_event_s.c\n'}
[5.970867] (gst_msgs) StdoutLine: {'line': b'-- Up-to-date symlink: /root/Workspaces/rosgsthumble_ws/install/gst_msgs/lib/python3.6/site-packages/gst_msgs/msg/_clock_observation.py\n'}
[5.971465] (gst_msgs) StdoutLine: {'line': b'-- Up-to-date symlink: /root/Workspaces/rosgsthumble_ws/install/gst_msgs/lib/python3.6/site-packages/gst_msgs/msg/_clock_observation_s.c\n'}
[5.972039] (gst_msgs) StdoutLine: {'line': b'-- Up-to-date symlink: /root/Workspaces/rosgsthumble_ws/install/gst_msgs/lib/python3.6/site-packages/gst_msgs/msg/_frame_gate.py\n'}
[5.972655] (gst_msgs) StdoutLine: {'line': b'-- Up-to-date symlink: /root/Workspaces/rosgsthumble_ws/install/gst_msgs/lib/python3.6/site-packages/gst_msgs/msg/_frame_gate_s.c\n'}
[5.973264] (gst_msgs) StdoutLine: {'line': b'-- Up-to-date symlink: /root/Workspaces/rosgsthumble_ws/install/gst_msgs/lib/python3.6/site-packages/gst_msgs/msg/_meta_mark.py\n'}
[5.974291] (gst_msgs) StdoutLine: {'line': b'-- Up-to-date symlink: /root/Workspaces/rosgsthumble_ws/install/gst_msgs/lib/python3.6/site-packages/gst_msgs/msg/_meta_mark_s.c\n'}
[5.974986] (gst_msgs) StdoutLine: {'line': b'-- Up-to-date symlink: /root/Workspaces/rosgsthumble_ws/install/gst_msgs/lib/python3.6/site-packages/gst_msgs/msg/_multifilesink_event.py\n'}
[5.975585] (gst_msgs) StdoutLine: {'line': b'-- Up-to-date symlink: /root/Workspaces/rosgsthumble_ws/install/gst_msgs/lib/python3.6/site-packages/gst_msgs/msg/_multifilesink_event_s.c\n'}
[5.976198] (gst_msgs) StdoutLine: {'line': b'-- Up-to-date symlink: /root/Workspaces/rosgsthumble_ws/install/gst_msgs/lib/python3.6/site-packages/gst_msgs/msg/_webrtc_ice.py\n'}
[5.976813] (gst_msgs) StdoutLine: {'line': b'-- Up-to-date symlink: /root/Workspaces/rosgsthumble_ws/install/gst_msgs/lib/python3.6/site-packages/gst_msgs/msg/_webrtc_ice_s.c\n'}
[5.977381] (gst_msgs) StdoutLine: {'line': b'-- Up-to-date symlink: /root/Workspaces/rosgsthumble_ws/install/gst_msgs/lib/python3.6/site-packages/gst_msgs/srv/__init__.py\n'}
[5.977988] (gst_msgs) StdoutLine: {'line': b'-- Up-to-date symlink: /root/Workspaces/rosgsthumble_ws/install/gst_msgs/lib/python3.6/site-packages/gst_msgs/srv/_seek.py\n'}
[5.978656] (gst_msgs) StdoutLine: {'line': b'-- Up-to-date symlink: /root/Workspaces/rosgsthumble_ws/install/gst_msgs/lib/python3.6/site-packages/gst_msgs/srv/_seek_s.c\n'}
[5.979376] (gst_msgs) StdoutLine: {'line': b'-- Up-to-date symlink: /root/Workspaces/rosgsthumble_ws/install/gst_msgs/lib/python3.6/site-packages/gst_msgs/gst_msgs_s__rosidl_typesupport_fastrtps_c.cpython-36m-aarch64-linux-gnu.so\n'}
[5.980001] (gst_msgs) StdoutLine: {'line': b'-- Up-to-date symlink: /root/Workspaces/rosgsthumble_ws/install/gst_msgs/lib/python3.6/site-packages/gst_msgs/gst_msgs_s__rosidl_typesupport_introspection_c.cpython-36m-aarch64-linux-gnu.so\n'}
[5.980581] (gst_msgs) StdoutLine: {'line': b'-- Up-to-date symlink: /root/Workspaces/rosgsthumble_ws/install/gst_msgs/lib/python3.6/site-packages/gst_msgs/gst_msgs_s__rosidl_typesupport_c.cpython-36m-aarch64-linux-gnu.so\n'}
[5.981192] (gst_msgs) StdoutLine: {'line': b'-- Up-to-date symlink: /root/Workspaces/rosgsthumble_ws/install/gst_msgs/share/gst_msgs/msg/FrameGate.idl\n'}
[5.981786] (gst_msgs) StdoutLine: {'line': b'-- Up-to-date symlink: /root/Workspaces/rosgsthumble_ws/install/gst_msgs/share/gst_msgs/msg/WebrtcIce.idl\n'}
[5.982364] (gst_msgs) StdoutLine: {'line': b'-- Up-to-date symlink: /root/Workspaces/rosgsthumble_ws/install/gst_msgs/share/gst_msgs/msg/BufferEvent.idl\n'}
[5.983034] (gst_msgs) StdoutLine: {'line': b'-- Up-to-date symlink: /root/Workspaces/rosgsthumble_ws/install/gst_msgs/share/gst_msgs/msg/ClockObservation.idl\n'}
[5.983661] (gst_msgs) StdoutLine: {'line': b'-- Up-to-date symlink: /root/Workspaces/rosgsthumble_ws/install/gst_msgs/share/gst_msgs/msg/MultifilesinkEvent.idl\n'}
[5.984275] (gst_msgs) StdoutLine: {'line': b'-- Up-to-date symlink: /root/Workspaces/rosgsthumble_ws/install/gst_msgs/share/gst_msgs/msg/MetaMark.idl\n'}
[5.984843] (gst_msgs) StdoutLine: {'line': b'-- Up-to-date symlink: /root/Workspaces/rosgsthumble_ws/install/gst_msgs/share/gst_msgs/srv/Seek.idl\n'}
[5.985435] (gst_msgs) StdoutLine: {'line': b'-- Up-to-date symlink: /root/Workspaces/rosgsthumble_ws/install/gst_msgs/share/gst_msgs/msg/FrameGate.msg\n'}
[5.985997] (gst_msgs) StdoutLine: {'line': b'-- Up-to-date symlink: /root/Workspaces/rosgsthumble_ws/install/gst_msgs/share/gst_msgs/msg/WebrtcIce.msg\n'}
[5.986646] (gst_msgs) StdoutLine: {'line': b'-- Up-to-date symlink: /root/Workspaces/rosgsthumble_ws/install/gst_msgs/share/gst_msgs/msg/BufferEvent.msg\n'}
[5.987266] (gst_msgs) StdoutLine: {'line': b'-- Up-to-date symlink: /root/Workspaces/rosgsthumble_ws/install/gst_msgs/share/gst_msgs/msg/ClockObservation.msg\n'}
[5.987858] (gst_msgs) StdoutLine: {'line': b'-- Up-to-date symlink: /root/Workspaces/rosgsthumble_ws/install/gst_msgs/share/gst_msgs/msg/MultifilesinkEvent.msg\n'}
[5.988439] (gst_msgs) StdoutLine: {'line': b'-- Up-to-date symlink: /root/Workspaces/rosgsthumble_ws/install/gst_msgs/share/gst_msgs/msg/MetaMark.msg\n'}
[5.989024] (gst_msgs) StdoutLine: {'line': b'-- Up-to-date symlink: /root/Workspaces/rosgsthumble_ws/install/gst_msgs/share/gst_msgs/srv/Seek.srv\n'}
[5.989643] (gst_msgs) StdoutLine: {'line': b'-- Up-to-date symlink: /root/Workspaces/rosgsthumble_ws/install/gst_msgs/share/gst_msgs/srv/Seek_Request.msg\n'}
[5.990237] (gst_msgs) StdoutLine: {'line': b'-- Up-to-date symlink: /root/Workspaces/rosgsthumble_ws/install/gst_msgs/share/gst_msgs/srv/Seek_Response.msg\n'}
[5.990918] (gst_msgs) StdoutLine: {'line': b'-- Up-to-date symlink: /root/Workspaces/rosgsthumble_ws/install/gst_msgs/share/ament_index/resource_index/package_run_dependencies/gst_msgs\n'}
[5.991519] (gst_msgs) StdoutLine: {'line': b'-- Up-to-date symlink: /root/Workspaces/rosgsthumble_ws/install/gst_msgs/share/ament_index/resource_index/parent_prefix_path/gst_msgs\n'}
[5.992098] (gst_msgs) StdoutLine: {'line': b'-- Up-to-date symlink: /root/Workspaces/rosgsthumble_ws/install/gst_msgs/share/gst_msgs/environment/ament_prefix_path.sh\n'}
[5.992678] (gst_msgs) StdoutLine: {'line': b'-- Up-to-date symlink: /root/Workspaces/rosgsthumble_ws/install/gst_msgs/share/gst_msgs/environment/ament_prefix_path.dsv\n'}
[5.993291] (gst_msgs) StdoutLine: {'line': b'-- Up-to-date symlink: /root/Workspaces/rosgsthumble_ws/install/gst_msgs/share/gst_msgs/environment/path.sh\n'}
[5.993853] (gst_msgs) StdoutLine: {'line': b'-- Up-to-date symlink: /root/Workspaces/rosgsthumble_ws/install/gst_msgs/share/gst_msgs/environment/path.dsv\n'}
[5.994451] (gst_msgs) StdoutLine: {'line': b'-- Up-to-date symlink: /root/Workspaces/rosgsthumble_ws/install/gst_msgs/share/gst_msgs/local_setup.bash\n'}
[5.995131] (gst_msgs) StdoutLine: {'line': b'-- Up-to-date symlink: /root/Workspaces/rosgsthumble_ws/install/gst_msgs/share/gst_msgs/local_setup.sh\n'}
[5.995704] (gst_msgs) StdoutLine: {'line': b'-- Up-to-date symlink: /root/Workspaces/rosgsthumble_ws/install/gst_msgs/share/gst_msgs/local_setup.zsh\n'}
[5.996299] (gst_msgs) StdoutLine: {'line': b'-- Up-to-date symlink: /root/Workspaces/rosgsthumble_ws/install/gst_msgs/share/gst_msgs/local_setup.dsv\n'}
[5.996914] (gst_msgs) StdoutLine: {'line': b'-- Symlinking: /root/Workspaces/rosgsthumble_ws/install/gst_msgs/share/gst_msgs/package.dsv\n'}
[5.997497] (gst_msgs) StdoutLine: {'line': b'-- Up-to-date symlink: /root/Workspaces/rosgsthumble_ws/install/gst_msgs/share/ament_index/resource_index/packages/gst_msgs\n'}
[5.998074] (gst_msgs) StdoutLine: {'line': b'-- Up-to-date symlink: /root/Workspaces/rosgsthumble_ws/install/gst_msgs/share/gst_msgs/cmake/rosidl_cmake-extras.cmake\n'}
[5.998720] (gst_msgs) StdoutLine: {'line': b'-- Up-to-date symlink: /root/Workspaces/rosgsthumble_ws/install/gst_msgs/share/gst_msgs/cmake/ament_cmake_export_dependencies-extras.cmake\n'}
[5.999350] (gst_msgs) StdoutLine: {'line': b'-- Up-to-date symlink: /root/Workspaces/rosgsthumble_ws/install/gst_msgs/share/gst_msgs/cmake/ament_cmake_export_include_directories-extras.cmake\n'}
[5.999940] (gst_msgs) StdoutLine: {'line': b'-- Up-to-date symlink: /root/Workspaces/rosgsthumble_ws/install/gst_msgs/share/gst_msgs/cmake/ament_cmake_export_libraries-extras.cmake\n'}
[6.000545] (gst_msgs) StdoutLine: {'line': b'-- Up-to-date symlink: /root/Workspaces/rosgsthumble_ws/install/gst_msgs/share/gst_msgs/cmake/ament_cmake_export_targets-extras.cmake\n'}
[6.001118] (gst_msgs) StdoutLine: {'line': b'-- Up-to-date symlink: /root/Workspaces/rosgsthumble_ws/install/gst_msgs/share/gst_msgs/cmake/rosidl_cmake_export_typesupport_targets-extras.cmake\n'}
[6.001717] (gst_msgs) StdoutLine: {'line': b'-- Up-to-date symlink: /root/Workspaces/rosgsthumble_ws/install/gst_msgs/share/gst_msgs/cmake/rosidl_cmake_export_typesupport_libraries-extras.cmake\n'}
[6.002293] (gst_msgs) StdoutLine: {'line': b'-- Up-to-date symlink: /root/Workspaces/rosgsthumble_ws/install/gst_msgs/share/gst_msgs/cmake/gst_msgsConfig.cmake\n'}
[6.002954] (gst_msgs) StdoutLine: {'line': b'-- Up-to-date symlink: /root/Workspaces/rosgsthumble_ws/install/gst_msgs/share/gst_msgs/cmake/gst_msgsConfig-version.cmake\n'}
[6.003537] (gst_msgs) StdoutLine: {'line': b'-- Up-to-date symlink: /root/Workspaces/rosgsthumble_ws/install/gst_msgs/share/gst_msgs/package.xml\n'}
[6.004110] (gst_msgs) StdoutLine: {'line': b'-- Up-to-date: /root/Workspaces/rosgsthumble_ws/install/gst_msgs/lib/libgst_msgs__rosidl_generator_c.so\n'}
[6.004689] (-) TimerEvent: {}
[6.005738] (gst_msgs) StdoutLine: {'line': b'-- Up-to-date: /root/Workspaces/rosgsthumble_ws/install/gst_msgs/lib/libgst_msgs__rosidl_typesupport_fastrtps_c.so\n'}
[6.006391] (gst_msgs) StdoutLine: {'line': b'-- Up-to-date: /root/Workspaces/rosgsthumble_ws/install/gst_msgs/lib/libgst_msgs__rosidl_typesupport_fastrtps_cpp.so\n'}
[6.007028] (gst_msgs) StdoutLine: {'line': b'-- Up-to-date: /root/Workspaces/rosgsthumble_ws/install/gst_msgs/lib/libgst_msgs__rosidl_typesupport_introspection_c.so\n'}
[6.007518] (gst_msgs) StdoutLine: {'line': b'-- Up-to-date: /root/Workspaces/rosgsthumble_ws/install/gst_msgs/lib/libgst_msgs__rosidl_typesupport_c.so\n'}
[6.007983] (gst_msgs) StdoutLine: {'line': b'-- Up-to-date: /root/Workspaces/rosgsthumble_ws/install/gst_msgs/lib/libgst_msgs__rosidl_typesupport_introspection_cpp.so\n'}
[6.009119] (gst_msgs) StdoutLine: {'line': b'-- Up-to-date: /root/Workspaces/rosgsthumble_ws/install/gst_msgs/lib/libgst_msgs__rosidl_typesupport_cpp.so\n'}
[6.046129] (gst_msgs) StdoutLine: {'line': b"Listing '/root/Workspaces/rosgsthumble_ws/install/gst_msgs/lib/python3.6/site-packages/gst_msgs'...\n"}
[6.048176] (gst_msgs) StdoutLine: {'line': b"Listing '/root/Workspaces/rosgsthumble_ws/install/gst_msgs/lib/python3.6/site-packages/gst_msgs/msg'...\n"}
[6.048894] (gst_msgs) StdoutLine: {'line': b"Listing '/root/Workspaces/rosgsthumble_ws/install/gst_msgs/lib/python3.6/site-packages/gst_msgs/srv'...\n"}
[6.081198] (gst_msgs) StdoutLine: {'line': b'-- Up-to-date: /root/Workspaces/rosgsthumble_ws/install/gst_msgs/lib/libgst_msgs__rosidl_generator_py.so\n'}
[6.103502] (gst_msgs) StdoutLine: {'line': b'-- Up-to-date: /root/Workspaces/rosgsthumble_ws/install/gst_msgs/share/gst_msgs/cmake/export_gst_msgs__rosidl_generator_cExport.cmake\n'}
[6.124601] (-) TimerEvent: {}
[6.140586] (gst_msgs) StdoutLine: {'line': b'-- Up-to-date: /root/Workspaces/rosgsthumble_ws/install/gst_msgs/share/gst_msgs/cmake/export_gst_msgs__rosidl_generator_cExport-noconfig.cmake\n'}
[6.160239] (gst_msgs) StdoutLine: {'line': b'-- Up-to-date: /root/Workspaces/rosgsthumble_ws/install/gst_msgs/share/gst_msgs/cmake/export_gst_msgs__rosidl_typesupport_fastrtps_cExport.cmake\n'}
[6.162234] (gst_msgs) StdoutLine: {'line': b'-- Up-to-date: /root/Workspaces/rosgsthumble_ws/install/gst_msgs/share/gst_msgs/cmake/export_gst_msgs__rosidl_typesupport_fastrtps_cExport-noconfig.cmake\n'}
[6.162948] (gst_msgs) StdoutLine: {'line': b'-- Up-to-date: /root/Workspaces/rosgsthumble_ws/install/gst_msgs/share/gst_msgs/cmake/export_gst_msgs__rosidl_generator_cppExport.cmake\n'}
[6.163553] (gst_msgs) StdoutLine: {'line': b'-- Up-to-date: /root/Workspaces/rosgsthumble_ws/install/gst_msgs/share/gst_msgs/cmake/export_gst_msgs__rosidl_typesupport_fastrtps_cppExport.cmake\n'}
[6.164101] (gst_msgs) StdoutLine: {'line': b'-- Up-to-date: /root/Workspaces/rosgsthumble_ws/install/gst_msgs/share/gst_msgs/cmake/export_gst_msgs__rosidl_typesupport_fastrtps_cppExport-noconfig.cmake\n'}
[6.164759] (gst_msgs) StdoutLine: {'line': b'-- Up-to-date: /root/Workspaces/rosgsthumble_ws/install/gst_msgs/share/gst_msgs/cmake/gst_msgs__rosidl_typesupport_introspection_cExport.cmake\n'}
[6.165394] (gst_msgs) StdoutLine: {'line': b'-- Up-to-date: /root/Workspaces/rosgsthumble_ws/install/gst_msgs/share/gst_msgs/cmake/gst_msgs__rosidl_typesupport_introspection_cExport-noconfig.cmake\n'}
[6.166022] (gst_msgs) StdoutLine: {'line': b'-- Up-to-date: /root/Workspaces/rosgsthumble_ws/install/gst_msgs/share/gst_msgs/cmake/gst_msgs__rosidl_typesupport_cExport.cmake\n'}
[6.166702] (gst_msgs) StdoutLine: {'line': b'-- Up-to-date: /root/Workspaces/rosgsthumble_ws/install/gst_msgs/share/gst_msgs/cmake/gst_msgs__rosidl_typesupport_cExport-noconfig.cmake\n'}
[6.167317] (gst_msgs) StdoutLine: {'line': b'-- Up-to-date: /root/Workspaces/rosgsthumble_ws/install/gst_msgs/share/gst_msgs/cmake/gst_msgs__rosidl_typesupport_introspection_cppExport.cmake\n'}
[6.167884] (gst_msgs) StdoutLine: {'line': b'-- Up-to-date: /root/Workspaces/rosgsthumble_ws/install/gst_msgs/share/gst_msgs/cmake/gst_msgs__rosidl_typesupport_introspection_cppExport-noconfig.cmake\n'}
[6.168378] (gst_msgs) StdoutLine: {'line': b'-- Up-to-date: /root/Workspaces/rosgsthumble_ws/install/gst_msgs/share/gst_msgs/cmake/gst_msgs__rosidl_typesupport_cppExport.cmake\n'}
[6.169025] (gst_msgs) StdoutLine: {'line': b'-- Up-to-date: /root/Workspaces/rosgsthumble_ws/install/gst_msgs/share/gst_msgs/cmake/gst_msgs__rosidl_typesupport_cppExport-noconfig.cmake\n'}
[6.169667] (gst_msgs) StdoutLine: {'line': b'-- Up-to-date: /root/Workspaces/rosgsthumble_ws/install/gst_msgs/share/gst_msgs/cmake/export_gst_msgs__rosidl_generator_pyExport.cmake\n'}
[6.170301] (gst_msgs) StdoutLine: {'line': b'-- Up-to-date: /root/Workspaces/rosgsthumble_ws/install/gst_msgs/share/gst_msgs/cmake/export_gst_msgs__rosidl_generator_pyExport-noconfig.cmake\n'}
[6.229826] (-) TimerEvent: {}
[6.348584] (-) TimerEvent: {}
[6.363776] (audio_msgs) JobEnded: {'identifier': 'audio_msgs', 'rc': 0}
[6.453790] (-) TimerEvent: {}
[6.565878] (-) TimerEvent: {}
[6.654679] (cv_bridge) JobEnded: {'identifier': 'cv_bridge', 'rc': 0}
[6.695626] (-) TimerEvent: {}
[6.705111] (gst_bridge) JobStarted: {'identifier': 'gst_bridge'}
[6.796242] (-) TimerEvent: {}
[6.800577] (image_geometry) JobStarted: {'identifier': 'image_geometry'}
[6.896394] (-) TimerEvent: {}
[6.943940] (realsense2_camera_msgs) JobProgress: {'identifier': 'realsense2_camera_msgs', 'progress': 'cmake'}
[6.948136] (realsense2_camera_msgs) JobProgress: {'identifier': 'realsense2_camera_msgs', 'progress': 'build'}
[6.949330] (realsense2_camera_msgs) Command: {'cmd': ['/usr/local/bin/cmake', '--build', '/root/Workspaces/rosgsthumble_ws/build/realsense2_camera_msgs', '--', '-j4', '-l4'], 'cwd': '/root/Workspaces/rosgsthumble_ws/build/realsense2_camera_msgs', 'env': OrderedDict([('OPENBLAS_CORETYPE', 'ARMV8'), ('PYTHONIOENCODING', 'utf-8'), ('HOSTNAME', 'nano'), ('LD_LIBRARY_PATH', '/root/Workspaces/rosgsthumble_ws/install/realsense2_camera/lib:/root/Workspaces/rosgsthumble_ws/install/realsense2_camera_msgs/lib:/root/Workspaces/rosgsthumble_ws/install/image_geometry/lib:/root/Workspaces/rosgsthumble_ws/install/gst_pipeline_plugins/lib:/root/Workspaces/rosgsthumble_ws/install/gst_pipeline/lib:/root/Workspaces/rosgsthumble_ws/install/gst_msgs/lib:/root/Workspaces/rosgsthumble_ws/install/gst_bridge/lib:/root/Workspaces/rosgsthumble_ws/install/diagnostic_updater/lib:/root/Workspaces/rosgsthumble_ws/install/cv_bridge/lib:/root/Workspaces/rosgsthumble_ws/install/audio_msgs/lib:/opt/ros/humble/install/opt/rviz_ogre_vendor/lib:/opt/ros/humble/install/lib:/usr/local/cuda-10.2/targets/aarch64-linux/lib:'), ('SHLVL', '1'), ('OLDPWD', '/root/Workspaces'), ('HOME', '/root'), ('ROS_PYTHON_VERSION', '3'), ('COLCON_PREFIX_PATH', '/opt/ros/humble/install:/root/Workspaces/rosgsthumble_ws/install'), ('ROS_DISTRO', 'humble'), ('PULSE_SERVER', 'unix:/run/user/1000/pulse/native'), ('_', '/usr/bin/colcon'), ('ROS_VERSION', '2'), ('NVIDIA_DRIVER_CAPABILITIES', 'compute,utility,graphics'), ('PKG_CONFIG_PATH', '/opt/ros/humble/install/lib/aarch64-linux-gnu/pkgconfig:/opt/ros/humble/install/lib/pkgconfig'), ('TERM', 'xterm'), ('ROS_LOCALHOST_ONLY', '0'), ('PATH', '/root/Workspaces/rosgsthumble_ws/install/xacro/bin:/opt/ros/humble/install/bin:/usr/local/cuda-10.2/bin:/usr/local/cuda/bin:/usr/local/sbin:/usr/local/bin:/usr/sbin:/usr/bin:/sbin:/bin'), ('XDG_RUNTIME_DIR', '/run/user/1000'), ('DISPLAY', ''), ('LANG', 'en_US.UTF-8'), ('RMW_IMPLEMENTATION', 'rmw_cyclonedds_cpp'), ('LS_COLORS', 'rs=0:di=01;34:ln=01;36:mh=00:pi=40;33:so=01;35:do=01;35:bd=40;33;01:cd=40;33;01:or=40;31;01:mi=00:su=37;41:sg=30;43:ca=30;41:tw=30;42:ow=34;42:st=37;44:ex=01;32:*.tar=01;31:*.tgz=01;31:*.arc=01;31:*.arj=01;31:*.taz=01;31:*.lha=01;31:*.lz4=01;31:*.lzh=01;31:*.lzma=01;31:*.tlz=01;31:*.txz=01;31:*.tzo=01;31:*.t7z=01;31:*.zip=01;31:*.z=01;31:*.Z=01;31:*.dz=01;31:*.gz=01;31:*.lrz=01;31:*.lz=01;31:*.lzo=01;31:*.xz=01;31:*.zst=01;31:*.tzst=01;31:*.bz2=01;31:*.bz=01;31:*.tbz=01;31:*.tbz2=01;31:*.tz=01;31:*.deb=01;31:*.rpm=01;31:*.jar=01;31:*.war=01;31:*.ear=01;31:*.sar=01;31:*.rar=01;31:*.alz=01;31:*.ace=01;31:*.zoo=01;31:*.cpio=01;31:*.7z=01;31:*.rz=01;31:*.cab=01;31:*.wim=01;31:*.swm=01;31:*.dwm=01;31:*.esd=01;31:*.jpg=01;35:*.jpeg=01;35:*.mjpg=01;35:*.mjpeg=01;35:*.gif=01;35:*.bmp=01;35:*.pbm=01;35:*.pgm=01;35:*.ppm=01;35:*.tga=01;35:*.xbm=01;35:*.xpm=01;35:*.tif=01;35:*.tiff=01;35:*.png=01;35:*.svg=01;35:*.svgz=01;35:*.mng=01;35:*.pcx=01;35:*.mov=01;35:*.mpg=01;35:*.mpeg=01;35:*.m2v=01;35:*.mkv=01;35:*.webm=01;35:*.ogm=01;35:*.mp4=01;35:*.m4v=01;35:*.mp4v=01;35:*.vob=01;35:*.qt=01;35:*.nuv=01;35:*.wmv=01;35:*.asf=01;35:*.rm=01;35:*.rmvb=01;35:*.flc=01;35:*.avi=01;35:*.fli=01;35:*.flv=01;35:*.gl=01;35:*.dl=01;35:*.xcf=01;35:*.xwd=01;35:*.yuv=01;35:*.cgm=01;35:*.emf=01;35:*.ogv=01;35:*.ogx=01;35:*.aac=00;36:*.au=00;36:*.flac=00;36:*.m4a=00;36:*.mid=00;36:*.midi=00;36:*.mka=00;36:*.mp3=00;36:*.mpc=00;36:*.ogg=00;36:*.ra=00;36:*.wav=00;36:*.oga=00;36:*.opus=00;36:*.spx=00;36:*.xspf=00;36:'), ('ROS_ROOT', '/opt/ros/humble'), ('AMENT_PREFIX_PATH', '/opt/ros/humble/install'), ('DEBIAN_FRONTEND', 'noninteractive'), ('GST_PLUGIN_PATH', '/root/Workspaces/rosgsthumble_ws/install/gst_bridge/lib/gst_bridge/'), ('SHELL', '/bin/bash'), ('PWD', '/root/Workspaces/rosgsthumble_ws/build/realsense2_camera_msgs'), ('PYTHONPATH', '/root/Workspaces/rosgsthumble_ws/install/xacro/lib/python3.6/site-packages:/root/Workspaces/rosgsthumble_ws/install/realsense2_camera_msgs/lib/python3.6/site-packages:/root/Workspaces/rosgsthumble_ws/install/image_geometry/lib/python3.6/site-packages:/root/Workspaces/rosgsthumble_ws/install/gst_msgs/lib/python3.6/site-packages:/root/Workspaces/rosgsthumble_ws/install/diagnostic_common_diagnostics/lib/python3.6/site-packages:/root/Workspaces/rosgsthumble_ws/install/diagnostic_updater/lib/python3.6/site-packages:/root/Workspaces/rosgsthumble_ws/install/cv_bridge/lib/python3.6/site-packages:/root/Workspaces/rosgsthumble_ws/install/audio_msgs/lib/python3.6/site-packages:/opt/ros/humble/install/lib/python3.6/site-packages'), ('NVIDIA_VISIBLE_DEVICES', 'all'), ('COLCON', '1'), ('CMAKE_PREFIX_PATH', '/opt/ros/humble/install')]), 'shell': False}
[6.961330] (gst_msgs) CommandEnded: {'returncode': 0}
[7.001622] (-) TimerEvent: {}
[7.123036] (-) TimerEvent: {}
[7.225365] (-) TimerEvent: {}
[7.258051] (realsense2_camera_msgs) StdoutLine: {'line': b'[  1%] Built target realsense2_camera_msgs__cpp\n'}
[7.260822] (realsense2_camera_msgs) StdoutLine: {'line': b'[  1%] Built target ament_cmake_python_symlink_realsense2_camera_msgs\n'}
[7.263049] (realsense2_camera_msgs) StdoutLine: {'line': b'[ 12%] Built target realsense2_camera_msgs__rosidl_generator_c\n'}
[7.271629] (gst_bridge) JobProgress: {'identifier': 'gst_bridge', 'progress': 'cmake'}
[7.288205] (gst_bridge) JobProgress: {'identifier': 'gst_bridge', 'progress': 'build'}
[7.293260] (gst_bridge) Command: {'cmd': ['/usr/local/bin/cmake', '--build', '/root/Workspaces/rosgsthumble_ws/build/gst_bridge', '--', '-j4', '-l4'], 'cwd': '/root/Workspaces/rosgsthumble_ws/build/gst_bridge', 'env': OrderedDict([('OPENBLAS_CORETYPE', 'ARMV8'), ('PYTHONIOENCODING', 'utf-8'), ('HOSTNAME', 'nano'), ('LD_LIBRARY_PATH', '/root/Workspaces/rosgsthumble_ws/install/audio_msgs/lib:/root/Workspaces/rosgsthumble_ws/install/realsense2_camera/lib:/root/Workspaces/rosgsthumble_ws/install/realsense2_camera_msgs/lib:/root/Workspaces/rosgsthumble_ws/install/image_geometry/lib:/root/Workspaces/rosgsthumble_ws/install/gst_pipeline_plugins/lib:/root/Workspaces/rosgsthumble_ws/install/gst_pipeline/lib:/root/Workspaces/rosgsthumble_ws/install/gst_msgs/lib:/root/Workspaces/rosgsthumble_ws/install/gst_bridge/lib:/root/Workspaces/rosgsthumble_ws/install/diagnostic_updater/lib:/root/Workspaces/rosgsthumble_ws/install/cv_bridge/lib:/opt/ros/humble/install/opt/rviz_ogre_vendor/lib:/opt/ros/humble/install/lib:/usr/local/cuda-10.2/targets/aarch64-linux/lib'), ('SHLVL', '1'), ('OLDPWD', '/root/Workspaces'), ('HOME', '/root'), ('ROS_PYTHON_VERSION', '3'), ('COLCON_PREFIX_PATH', '/opt/ros/humble/install:/root/Workspaces/rosgsthumble_ws/install'), ('ROS_DISTRO', 'humble'), ('PULSE_SERVER', 'unix:/run/user/1000/pulse/native'), ('_', '/usr/bin/colcon'), ('ROS_VERSION', '2'), ('NVIDIA_DRIVER_CAPABILITIES', 'compute,utility,graphics'), ('PKG_CONFIG_PATH', '/opt/ros/humble/install/lib/aarch64-linux-gnu/pkgconfig:/opt/ros/humble/install/lib/pkgconfig'), ('TERM', 'xterm'), ('ROS_LOCALHOST_ONLY', '0'), ('PATH', '/root/Workspaces/rosgsthumble_ws/install/xacro/bin:/opt/ros/humble/install/bin:/usr/local/cuda-10.2/bin:/usr/local/cuda/bin:/usr/local/sbin:/usr/local/bin:/usr/sbin:/usr/bin:/sbin:/bin'), ('XDG_RUNTIME_DIR', '/run/user/1000'), ('DISPLAY', ''), ('LANG', 'en_US.UTF-8'), ('RMW_IMPLEMENTATION', 'rmw_cyclonedds_cpp'), ('LS_COLORS', 'rs=0:di=01;34:ln=01;36:mh=00:pi=40;33:so=01;35:do=01;35:bd=40;33;01:cd=40;33;01:or=40;31;01:mi=00:su=37;41:sg=30;43:ca=30;41:tw=30;42:ow=34;42:st=37;44:ex=01;32:*.tar=01;31:*.tgz=01;31:*.arc=01;31:*.arj=01;31:*.taz=01;31:*.lha=01;31:*.lz4=01;31:*.lzh=01;31:*.lzma=01;31:*.tlz=01;31:*.txz=01;31:*.tzo=01;31:*.t7z=01;31:*.zip=01;31:*.z=01;31:*.Z=01;31:*.dz=01;31:*.gz=01;31:*.lrz=01;31:*.lz=01;31:*.lzo=01;31:*.xz=01;31:*.zst=01;31:*.tzst=01;31:*.bz2=01;31:*.bz=01;31:*.tbz=01;31:*.tbz2=01;31:*.tz=01;31:*.deb=01;31:*.rpm=01;31:*.jar=01;31:*.war=01;31:*.ear=01;31:*.sar=01;31:*.rar=01;31:*.alz=01;31:*.ace=01;31:*.zoo=01;31:*.cpio=01;31:*.7z=01;31:*.rz=01;31:*.cab=01;31:*.wim=01;31:*.swm=01;31:*.dwm=01;31:*.esd=01;31:*.jpg=01;35:*.jpeg=01;35:*.mjpg=01;35:*.mjpeg=01;35:*.gif=01;35:*.bmp=01;35:*.pbm=01;35:*.pgm=01;35:*.ppm=01;35:*.tga=01;35:*.xbm=01;35:*.xpm=01;35:*.tif=01;35:*.tiff=01;35:*.png=01;35:*.svg=01;35:*.svgz=01;35:*.mng=01;35:*.pcx=01;35:*.mov=01;35:*.mpg=01;35:*.mpeg=01;35:*.m2v=01;35:*.mkv=01;35:*.webm=01;35:*.ogm=01;35:*.mp4=01;35:*.m4v=01;35:*.mp4v=01;35:*.vob=01;35:*.qt=01;35:*.nuv=01;35:*.wmv=01;35:*.asf=01;35:*.rm=01;35:*.rmvb=01;35:*.flc=01;35:*.avi=01;35:*.fli=01;35:*.flv=01;35:*.gl=01;35:*.dl=01;35:*.xcf=01;35:*.xwd=01;35:*.yuv=01;35:*.cgm=01;35:*.emf=01;35:*.ogv=01;35:*.ogx=01;35:*.aac=00;36:*.au=00;36:*.flac=00;36:*.m4a=00;36:*.mid=00;36:*.midi=00;36:*.mka=00;36:*.mp3=00;36:*.mpc=00;36:*.ogg=00;36:*.ra=00;36:*.wav=00;36:*.oga=00;36:*.opus=00;36:*.spx=00;36:*.xspf=00;36:'), ('ROS_ROOT', '/opt/ros/humble'), ('AMENT_PREFIX_PATH', '/root/Workspaces/rosgsthumble_ws/install/audio_msgs:/opt/ros/humble/install'), ('DEBIAN_FRONTEND', 'noninteractive'), ('GST_PLUGIN_PATH', '/root/Workspaces/rosgsthumble_ws/install/gst_bridge/lib/gst_bridge/'), ('SHELL', '/bin/bash'), ('PWD', '/root/Workspaces/rosgsthumble_ws/build/gst_bridge'), ('PYTHONPATH', '/root/Workspaces/rosgsthumble_ws/install/audio_msgs/lib/python3.6/site-packages:/root/Workspaces/rosgsthumble_ws/install/xacro/lib/python3.6/site-packages:/root/Workspaces/rosgsthumble_ws/install/realsense2_camera_msgs/lib/python3.6/site-packages:/root/Workspaces/rosgsthumble_ws/install/image_geometry/lib/python3.6/site-packages:/root/Workspaces/rosgsthumble_ws/install/gst_msgs/lib/python3.6/site-packages:/root/Workspaces/rosgsthumble_ws/install/diagnostic_common_diagnostics/lib/python3.6/site-packages:/root/Workspaces/rosgsthumble_ws/install/diagnostic_updater/lib/python3.6/site-packages:/root/Workspaces/rosgsthumble_ws/install/cv_bridge/lib/python3.6/site-packages:/opt/ros/humble/install/lib/python3.6/site-packages'), ('NVIDIA_VISIBLE_DEVICES', 'all'), ('COLCON', '1'), ('CMAKE_PREFIX_PATH', '/root/Workspaces/rosgsthumble_ws/install/audio_msgs:/opt/ros/humble/install')]), 'shell': False}
[7.308466] (realsense2_camera_msgs) StdoutLine: {'line': b'[ 23%] Built target realsense2_camera_msgs__rosidl_typesupport_cpp\n'}
[7.320589] (image_geometry) JobProgress: {'identifier': 'image_geometry', 'progress': 'cmake'}
[7.326140] (image_geometry) JobProgress: {'identifier': 'image_geometry', 'progress': 'build'}
[7.326401] (-) TimerEvent: {}
[7.328869] (image_geometry) Command: {'cmd': ['/usr/local/bin/cmake', '--build', '/root/Workspaces/rosgsthumble_ws/build/image_geometry', '--', '-j4', '-l4'], 'cwd': '/root/Workspaces/rosgsthumble_ws/build/image_geometry', 'env': OrderedDict([('OPENBLAS_CORETYPE', 'ARMV8'), ('PYTHONIOENCODING', 'utf-8'), ('HOSTNAME', 'nano'), ('LD_LIBRARY_PATH', '/root/Workspaces/rosgsthumble_ws/install/realsense2_camera/lib:/root/Workspaces/rosgsthumble_ws/install/realsense2_camera_msgs/lib:/root/Workspaces/rosgsthumble_ws/install/image_geometry/lib:/root/Workspaces/rosgsthumble_ws/install/gst_pipeline_plugins/lib:/root/Workspaces/rosgsthumble_ws/install/gst_pipeline/lib:/root/Workspaces/rosgsthumble_ws/install/gst_msgs/lib:/root/Workspaces/rosgsthumble_ws/install/gst_bridge/lib:/root/Workspaces/rosgsthumble_ws/install/diagnostic_updater/lib:/root/Workspaces/rosgsthumble_ws/install/cv_bridge/lib:/root/Workspaces/rosgsthumble_ws/install/audio_msgs/lib:/opt/ros/humble/install/opt/rviz_ogre_vendor/lib:/opt/ros/humble/install/lib:/usr/local/cuda-10.2/targets/aarch64-linux/lib:'), ('SHLVL', '1'), ('OLDPWD', '/root/Workspaces'), ('HOME', '/root'), ('ROS_PYTHON_VERSION', '3'), ('COLCON_PREFIX_PATH', '/opt/ros/humble/install:/root/Workspaces/rosgsthumble_ws/install'), ('ROS_DISTRO', 'humble'), ('PULSE_SERVER', 'unix:/run/user/1000/pulse/native'), ('_', '/usr/bin/colcon'), ('ROS_VERSION', '2'), ('NVIDIA_DRIVER_CAPABILITIES', 'compute,utility,graphics'), ('PKG_CONFIG_PATH', '/opt/ros/humble/install/lib/aarch64-linux-gnu/pkgconfig:/opt/ros/humble/install/lib/pkgconfig'), ('TERM', 'xterm'), ('ROS_LOCALHOST_ONLY', '0'), ('PATH', '/root/Workspaces/rosgsthumble_ws/install/xacro/bin:/opt/ros/humble/install/bin:/usr/local/cuda-10.2/bin:/usr/local/cuda/bin:/usr/local/sbin:/usr/local/bin:/usr/sbin:/usr/bin:/sbin:/bin'), ('XDG_RUNTIME_DIR', '/run/user/1000'), ('DISPLAY', ''), ('LANG', 'en_US.UTF-8'), ('RMW_IMPLEMENTATION', 'rmw_cyclonedds_cpp'), ('LS_COLORS', 'rs=0:di=01;34:ln=01;36:mh=00:pi=40;33:so=01;35:do=01;35:bd=40;33;01:cd=40;33;01:or=40;31;01:mi=00:su=37;41:sg=30;43:ca=30;41:tw=30;42:ow=34;42:st=37;44:ex=01;32:*.tar=01;31:*.tgz=01;31:*.arc=01;31:*.arj=01;31:*.taz=01;31:*.lha=01;31:*.lz4=01;31:*.lzh=01;31:*.lzma=01;31:*.tlz=01;31:*.txz=01;31:*.tzo=01;31:*.t7z=01;31:*.zip=01;31:*.z=01;31:*.Z=01;31:*.dz=01;31:*.gz=01;31:*.lrz=01;31:*.lz=01;31:*.lzo=01;31:*.xz=01;31:*.zst=01;31:*.tzst=01;31:*.bz2=01;31:*.bz=01;31:*.tbz=01;31:*.tbz2=01;31:*.tz=01;31:*.deb=01;31:*.rpm=01;31:*.jar=01;31:*.war=01;31:*.ear=01;31:*.sar=01;31:*.rar=01;31:*.alz=01;31:*.ace=01;31:*.zoo=01;31:*.cpio=01;31:*.7z=01;31:*.rz=01;31:*.cab=01;31:*.wim=01;31:*.swm=01;31:*.dwm=01;31:*.esd=01;31:*.jpg=01;35:*.jpeg=01;35:*.mjpg=01;35:*.mjpeg=01;35:*.gif=01;35:*.bmp=01;35:*.pbm=01;35:*.pgm=01;35:*.ppm=01;35:*.tga=01;35:*.xbm=01;35:*.xpm=01;35:*.tif=01;35:*.tiff=01;35:*.png=01;35:*.svg=01;35:*.svgz=01;35:*.mng=01;35:*.pcx=01;35:*.mov=01;35:*.mpg=01;35:*.mpeg=01;35:*.m2v=01;35:*.mkv=01;35:*.webm=01;35:*.ogm=01;35:*.mp4=01;35:*.m4v=01;35:*.mp4v=01;35:*.vob=01;35:*.qt=01;35:*.nuv=01;35:*.wmv=01;35:*.asf=01;35:*.rm=01;35:*.rmvb=01;35:*.flc=01;35:*.avi=01;35:*.fli=01;35:*.flv=01;35:*.gl=01;35:*.dl=01;35:*.xcf=01;35:*.xwd=01;35:*.yuv=01;35:*.cgm=01;35:*.emf=01;35:*.ogv=01;35:*.ogx=01;35:*.aac=00;36:*.au=00;36:*.flac=00;36:*.m4a=00;36:*.mid=00;36:*.midi=00;36:*.mka=00;36:*.mp3=00;36:*.mpc=00;36:*.ogg=00;36:*.ra=00;36:*.wav=00;36:*.oga=00;36:*.opus=00;36:*.spx=00;36:*.xspf=00;36:'), ('ROS_ROOT', '/opt/ros/humble'), ('AMENT_PREFIX_PATH', '/opt/ros/humble/install'), ('DEBIAN_FRONTEND', 'noninteractive'), ('GST_PLUGIN_PATH', '/root/Workspaces/rosgsthumble_ws/install/gst_bridge/lib/gst_bridge/'), ('SHELL', '/bin/bash'), ('PWD', '/root/Workspaces/rosgsthumble_ws/build/image_geometry'), ('PYTHONPATH', '/root/Workspaces/rosgsthumble_ws/install/xacro/lib/python3.6/site-packages:/root/Workspaces/rosgsthumble_ws/install/realsense2_camera_msgs/lib/python3.6/site-packages:/root/Workspaces/rosgsthumble_ws/install/image_geometry/lib/python3.6/site-packages:/root/Workspaces/rosgsthumble_ws/install/gst_msgs/lib/python3.6/site-packages:/root/Workspaces/rosgsthumble_ws/install/diagnostic_common_diagnostics/lib/python3.6/site-packages:/root/Workspaces/rosgsthumble_ws/install/diagnostic_updater/lib/python3.6/site-packages:/root/Workspaces/rosgsthumble_ws/install/cv_bridge/lib/python3.6/site-packages:/root/Workspaces/rosgsthumble_ws/install/audio_msgs/lib/python3.6/site-packages:/opt/ros/humble/install/lib/python3.6/site-packages'), ('NVIDIA_VISIBLE_DEVICES', 'all'), ('COLCON', '1'), ('CMAKE_PREFIX_PATH', '/opt/ros/humble/install')]), 'shell': False}
[7.347008] (realsense2_camera_msgs) StdoutLine: {'line': b'[ 34%] Built target realsense2_camera_msgs__rosidl_typesupport_fastrtps_cpp\n'}
[7.406374] (realsense2_camera_msgs) StdoutLine: {'line': b'[ 46%] Built target realsense2_camera_msgs__rosidl_typesupport_introspection_cpp\n'}
[7.426662] (-) TimerEvent: {}
[7.502994] (realsense2_camera_msgs) StdoutLine: {'line': b'[ 57%] Built target realsense2_camera_msgs__rosidl_typesupport_introspection_c\n'}
[7.523009] (realsense2_camera_msgs) StdoutLine: {'line': b'[ 68%] Built target realsense2_camera_msgs__rosidl_typesupport_fastrtps_c\n'}
[7.526795] (-) TimerEvent: {}
[7.529964] (realsense2_camera_msgs) StdoutLine: {'line': b'[ 79%] Built target realsense2_camera_msgs__rosidl_typesupport_c\n'}
[7.591198] (realsense2_camera_msgs) StdoutLine: {'line': b'[ 79%] Built target realsense2_camera_msgs\n'}
[7.626971] (-) TimerEvent: {}
[7.653724] (realsense2_camera_msgs) StdoutLine: {'line': b'[ 80%] Built target realsense2_camera_msgs__py\n'}
[7.727130] (-) TimerEvent: {}
[7.787518] (image_geometry) StdoutLine: {'line': b'[ 22%] Built target gtest_main\n'}
[7.803110] (image_geometry) StdoutLine: {'line': b'[ 55%] Built target image_geometry\n'}
[7.807278] (image_geometry) StdoutLine: {'line': b'[ 55%] Built target ament_cmake_python_symlink_image_geometry\n'}
[7.825175] (realsense2_camera_msgs) StdoutLine: {'line': b'[ 90%] Built target realsense2_camera_msgs__rosidl_generator_py\n'}
[7.826012] (image_geometry) StdoutLine: {'line': b'[ 77%] Built target gtest\n'}
[7.827283] (-) TimerEvent: {}
[7.858523] (gst_bridge) StdoutLine: {'line': b'[ 38%] Built target gst_bridge\n'}
[7.927465] (-) TimerEvent: {}
[7.956544] (realsense2_camera_msgs) StdoutLine: {'line': b'[ 93%] Built target realsense2_camera_msgs__rosidl_typesupport_fastrtps_c__pyext\n'}
[7.964693] (realsense2_camera_msgs) StdoutLine: {'line': b'[ 96%] Built target realsense2_camera_msgs__rosidl_typesupport_introspection_c__pyext\n'}
[7.974097] (realsense2_camera_msgs) StdoutLine: {'line': b'[100%] Built target realsense2_camera_msgs__rosidl_typesupport_c__pyext\n'}
[7.995827] (image_geometry) StdoutLine: {'line': b'[100%] Built target image_geometry-utest\n'}
[8.027646] (-) TimerEvent: {}
[8.128742] (-) TimerEvent: {}
[8.194526] (gst_bridge) StdoutLine: {'line': b'[100%] Built target rosgstbridge\n'}
[8.228949] (-) TimerEvent: {}
[8.243691] (gst_bridge) CommandEnded: {'returncode': 0}
[8.329203] (-) TimerEvent: {}
[8.431329] (-) TimerEvent: {}
[8.532245] (-) TimerEvent: {}
[8.633074] (-) TimerEvent: {}
[8.674962] (gst_bridge) JobProgress: {'identifier': 'gst_bridge', 'progress': 'install'}
[8.679475] (gst_bridge) Command: {'cmd': ['/usr/local/bin/cmake', '--install', '/root/Workspaces/rosgsthumble_ws/build/gst_bridge'], 'cwd': '/root/Workspaces/rosgsthumble_ws/build/gst_bridge', 'env': OrderedDict([('OPENBLAS_CORETYPE', 'ARMV8'), ('PYTHONIOENCODING', 'utf-8'), ('HOSTNAME', 'nano'), ('LD_LIBRARY_PATH', '/root/Workspaces/rosgsthumble_ws/install/audio_msgs/lib:/root/Workspaces/rosgsthumble_ws/install/realsense2_camera/lib:/root/Workspaces/rosgsthumble_ws/install/realsense2_camera_msgs/lib:/root/Workspaces/rosgsthumble_ws/install/image_geometry/lib:/root/Workspaces/rosgsthumble_ws/install/gst_pipeline_plugins/lib:/root/Workspaces/rosgsthumble_ws/install/gst_pipeline/lib:/root/Workspaces/rosgsthumble_ws/install/gst_msgs/lib:/root/Workspaces/rosgsthumble_ws/install/gst_bridge/lib:/root/Workspaces/rosgsthumble_ws/install/diagnostic_updater/lib:/root/Workspaces/rosgsthumble_ws/install/cv_bridge/lib:/opt/ros/humble/install/opt/rviz_ogre_vendor/lib:/opt/ros/humble/install/lib:/usr/local/cuda-10.2/targets/aarch64-linux/lib'), ('SHLVL', '1'), ('OLDPWD', '/root/Workspaces'), ('HOME', '/root'), ('ROS_PYTHON_VERSION', '3'), ('COLCON_PREFIX_PATH', '/opt/ros/humble/install:/root/Workspaces/rosgsthumble_ws/install'), ('ROS_DISTRO', 'humble'), ('PULSE_SERVER', 'unix:/run/user/1000/pulse/native'), ('_', '/usr/bin/colcon'), ('ROS_VERSION', '2'), ('NVIDIA_DRIVER_CAPABILITIES', 'compute,utility,graphics'), ('PKG_CONFIG_PATH', '/opt/ros/humble/install/lib/aarch64-linux-gnu/pkgconfig:/opt/ros/humble/install/lib/pkgconfig'), ('TERM', 'xterm'), ('ROS_LOCALHOST_ONLY', '0'), ('PATH', '/root/Workspaces/rosgsthumble_ws/install/xacro/bin:/opt/ros/humble/install/bin:/usr/local/cuda-10.2/bin:/usr/local/cuda/bin:/usr/local/sbin:/usr/local/bin:/usr/sbin:/usr/bin:/sbin:/bin'), ('XDG_RUNTIME_DIR', '/run/user/1000'), ('DISPLAY', ''), ('LANG', 'en_US.UTF-8'), ('RMW_IMPLEMENTATION', 'rmw_cyclonedds_cpp'), ('LS_COLORS', 'rs=0:di=01;34:ln=01;36:mh=00:pi=40;33:so=01;35:do=01;35:bd=40;33;01:cd=40;33;01:or=40;31;01:mi=00:su=37;41:sg=30;43:ca=30;41:tw=30;42:ow=34;42:st=37;44:ex=01;32:*.tar=01;31:*.tgz=01;31:*.arc=01;31:*.arj=01;31:*.taz=01;31:*.lha=01;31:*.lz4=01;31:*.lzh=01;31:*.lzma=01;31:*.tlz=01;31:*.txz=01;31:*.tzo=01;31:*.t7z=01;31:*.zip=01;31:*.z=01;31:*.Z=01;31:*.dz=01;31:*.gz=01;31:*.lrz=01;31:*.lz=01;31:*.lzo=01;31:*.xz=01;31:*.zst=01;31:*.tzst=01;31:*.bz2=01;31:*.bz=01;31:*.tbz=01;31:*.tbz2=01;31:*.tz=01;31:*.deb=01;31:*.rpm=01;31:*.jar=01;31:*.war=01;31:*.ear=01;31:*.sar=01;31:*.rar=01;31:*.alz=01;31:*.ace=01;31:*.zoo=01;31:*.cpio=01;31:*.7z=01;31:*.rz=01;31:*.cab=01;31:*.wim=01;31:*.swm=01;31:*.dwm=01;31:*.esd=01;31:*.jpg=01;35:*.jpeg=01;35:*.mjpg=01;35:*.mjpeg=01;35:*.gif=01;35:*.bmp=01;35:*.pbm=01;35:*.pgm=01;35:*.ppm=01;35:*.tga=01;35:*.xbm=01;35:*.xpm=01;35:*.tif=01;35:*.tiff=01;35:*.png=01;35:*.svg=01;35:*.svgz=01;35:*.mng=01;35:*.pcx=01;35:*.mov=01;35:*.mpg=01;35:*.mpeg=01;35:*.m2v=01;35:*.mkv=01;35:*.webm=01;35:*.ogm=01;35:*.mp4=01;35:*.m4v=01;35:*.mp4v=01;35:*.vob=01;35:*.qt=01;35:*.nuv=01;35:*.wmv=01;35:*.asf=01;35:*.rm=01;35:*.rmvb=01;35:*.flc=01;35:*.avi=01;35:*.fli=01;35:*.flv=01;35:*.gl=01;35:*.dl=01;35:*.xcf=01;35:*.xwd=01;35:*.yuv=01;35:*.cgm=01;35:*.emf=01;35:*.ogv=01;35:*.ogx=01;35:*.aac=00;36:*.au=00;36:*.flac=00;36:*.m4a=00;36:*.mid=00;36:*.midi=00;36:*.mka=00;36:*.mp3=00;36:*.mpc=00;36:*.ogg=00;36:*.ra=00;36:*.wav=00;36:*.oga=00;36:*.opus=00;36:*.spx=00;36:*.xspf=00;36:'), ('ROS_ROOT', '/opt/ros/humble'), ('AMENT_PREFIX_PATH', '/root/Workspaces/rosgsthumble_ws/install/audio_msgs:/opt/ros/humble/install'), ('DEBIAN_FRONTEND', 'noninteractive'), ('GST_PLUGIN_PATH', '/root/Workspaces/rosgsthumble_ws/install/gst_bridge/lib/gst_bridge/'), ('SHELL', '/bin/bash'), ('PWD', '/root/Workspaces/rosgsthumble_ws/build/gst_bridge'), ('PYTHONPATH', '/root/Workspaces/rosgsthumble_ws/install/audio_msgs/lib/python3.6/site-packages:/root/Workspaces/rosgsthumble_ws/install/xacro/lib/python3.6/site-packages:/root/Workspaces/rosgsthumble_ws/install/realsense2_camera_msgs/lib/python3.6/site-packages:/root/Workspaces/rosgsthumble_ws/install/image_geometry/lib/python3.6/site-packages:/root/Workspaces/rosgsthumble_ws/install/gst_msgs/lib/python3.6/site-packages:/root/Workspaces/rosgsthumble_ws/install/diagnostic_common_diagnostics/lib/python3.6/site-packages:/root/Workspaces/rosgsthumble_ws/install/diagnostic_updater/lib/python3.6/site-packages:/root/Workspaces/rosgsthumble_ws/install/cv_bridge/lib/python3.6/site-packages:/opt/ros/humble/install/lib/python3.6/site-packages'), ('NVIDIA_VISIBLE_DEVICES', 'all'), ('COLCON', '1'), ('CMAKE_PREFIX_PATH', '/root/Workspaces/rosgsthumble_ws/install/audio_msgs:/opt/ros/humble/install')]), 'shell': False}
[8.733439] (-) TimerEvent: {}
[8.840019] (-) TimerEvent: {}
[8.889459] (gst_bridge) StdoutLine: {'line': b'-- Install configuration: "RelWithDebInfo"\n'}
[8.890279] (gst_bridge) StdoutLine: {'line': b'-- Execute custom install script\n'}
[8.890859] (gst_bridge) StdoutLine: {'line': b'-- Up-to-date symlink: /root/Workspaces/rosgsthumble_ws/install/gst_bridge/share/gst_bridge/environment/register_plugin.dsv\n'}
[8.891390] (gst_bridge) StdoutLine: {'line': b'-- Up-to-date symlink: /root/Workspaces/rosgsthumble_ws/install/gst_bridge/share/gst_bridge/environment/library_path.sh\n'}
[8.898482] (gst_bridge) StdoutLine: {'line': b'-- Up-to-date symlink: /root/Workspaces/rosgsthumble_ws/install/gst_bridge/share/gst_bridge/environment/library_path.dsv\n'}
[8.899221] (gst_bridge) StdoutLine: {'line': b'-- Up-to-date symlink: /root/Workspaces/rosgsthumble_ws/install/gst_bridge/include/gst_bridge/gst_bridge.h\n'}
[8.899793] (gst_bridge) StdoutLine: {'line': b'-- Up-to-date symlink: /root/Workspaces/rosgsthumble_ws/install/gst_bridge/include/gst_bridge/rosaudiosink.h\n'}
[8.900329] (gst_bridge) StdoutLine: {'line': b'-- Up-to-date symlink: /root/Workspaces/rosgsthumble_ws/install/gst_bridge/include/gst_bridge/rosaudiosrc.h\n'}
[8.900842] (gst_bridge) StdoutLine: {'line': b'-- Up-to-date symlink: /root/Workspaces/rosgsthumble_ws/install/gst_bridge/include/gst_bridge/rosbaseiface.h\n'}
[8.913339] (gst_bridge) StdoutLine: {'line': b'-- Up-to-date symlink: /root/Workspaces/rosgsthumble_ws/install/gst_bridge/include/gst_bridge/rosbasesink.h\n'}
[8.915751] (gst_bridge) StdoutLine: {'line': b'-- Up-to-date symlink: /root/Workspaces/rosgsthumble_ws/install/gst_bridge/include/gst_bridge/rosbasesrc.h\n'}
[8.916495] (gst_bridge) StdoutLine: {'line': b'-- Up-to-date symlink: /root/Workspaces/rosgsthumble_ws/install/gst_bridge/include/gst_bridge/rosimagesink.h\n'}
[8.917289] (gst_bridge) StdoutLine: {'line': b'-- Up-to-date symlink: /root/Workspaces/rosgsthumble_ws/install/gst_bridge/include/gst_bridge/rosimagesrc.h\n'}
[8.917810] (gst_bridge) StdoutLine: {'line': b'-- Up-to-date symlink: /root/Workspaces/rosgsthumble_ws/install/gst_bridge/include/gst_bridge/rostextsink.h\n'}
[8.918302] (gst_bridge) StdoutLine: {'line': b'-- Up-to-date symlink: /root/Workspaces/rosgsthumble_ws/install/gst_bridge/include/gst_bridge/rostextsrc.h\n'}
[8.918866] (gst_bridge) StdoutLine: {'line': b'-- Up-to-date symlink: /root/Workspaces/rosgsthumble_ws/install/gst_bridge/lib/gst_bridge/librosgstbridge.so\n'}
[8.919370] (gst_bridge) StdoutLine: {'line': b'-- Up-to-date symlink: /root/Workspaces/rosgsthumble_ws/install/gst_bridge/share/ament_index/resource_index/package_run_dependencies/gst_bridge\n'}
[8.919849] (gst_bridge) StdoutLine: {'line': b'-- Up-to-date symlink: /root/Workspaces/rosgsthumble_ws/install/gst_bridge/share/ament_index/resource_index/parent_prefix_path/gst_bridge\n'}
[8.920329] (gst_bridge) StdoutLine: {'line': b'-- Up-to-date symlink: /root/Workspaces/rosgsthumble_ws/install/gst_bridge/share/gst_bridge/environment/ament_prefix_path.sh\n'}
[8.922351] (gst_bridge) StdoutLine: {'line': b'-- Up-to-date symlink: /root/Workspaces/rosgsthumble_ws/install/gst_bridge/share/gst_bridge/environment/ament_prefix_path.dsv\n'}
[8.924065] (gst_bridge) StdoutLine: {'line': b'-- Up-to-date symlink: /root/Workspaces/rosgsthumble_ws/install/gst_bridge/share/gst_bridge/environment/path.sh\n'}
[8.928346] (gst_bridge) StdoutLine: {'line': b'-- Up-to-date symlink: /root/Workspaces/rosgsthumble_ws/install/gst_bridge/share/gst_bridge/environment/path.dsv\n'}
[8.929131] (gst_bridge) StdoutLine: {'line': b'-- Up-to-date symlink: /root/Workspaces/rosgsthumble_ws/install/gst_bridge/share/gst_bridge/local_setup.bash\n'}
[8.930832] (gst_bridge) StdoutLine: {'line': b'-- Up-to-date symlink: /root/Workspaces/rosgsthumble_ws/install/gst_bridge/share/gst_bridge/local_setup.sh\n'}
[8.935759] (gst_bridge) StdoutLine: {'line': b'-- Up-to-date symlink: /root/Workspaces/rosgsthumble_ws/install/gst_bridge/share/gst_bridge/local_setup.zsh\n'}
[8.939286] (gst_bridge) StdoutLine: {'line': b'-- Up-to-date symlink: /root/Workspaces/rosgsthumble_ws/install/gst_bridge/share/gst_bridge/local_setup.dsv\n'}
[8.940129] (-) TimerEvent: {}
[8.940911] (gst_bridge) StdoutLine: {'line': b'-- Symlinking: /root/Workspaces/rosgsthumble_ws/install/gst_bridge/share/gst_bridge/package.dsv\n'}
[8.960229] (gst_bridge) StdoutLine: {'line': b'-- Up-to-date symlink: /root/Workspaces/rosgsthumble_ws/install/gst_bridge/share/ament_index/resource_index/packages/gst_bridge\n'}
[8.960929] (gst_bridge) StdoutLine: {'line': b'-- Up-to-date symlink: /root/Workspaces/rosgsthumble_ws/install/gst_bridge/share/gst_bridge/cmake/ament_cmake_export_include_directories-extras.cmake\n'}
[8.961463] (gst_bridge) StdoutLine: {'line': b'-- Up-to-date symlink: /root/Workspaces/rosgsthumble_ws/install/gst_bridge/share/gst_bridge/cmake/ament_cmake_export_libraries-extras.cmake\n'}
[8.961960] (gst_bridge) StdoutLine: {'line': b'-- Up-to-date symlink: /root/Workspaces/rosgsthumble_ws/install/gst_bridge/share/gst_bridge/cmake/ament_cmake_export_dependencies-extras.cmake\n'}
[8.962438] (gst_bridge) StdoutLine: {'line': b'-- Up-to-date symlink: /root/Workspaces/rosgsthumble_ws/install/gst_bridge/share/gst_bridge/cmake/gst_bridgeConfig.cmake\n'}
[8.985172] (gst_bridge) StdoutLine: {'line': b'-- Up-to-date symlink: /root/Workspaces/rosgsthumble_ws/install/gst_bridge/share/gst_bridge/cmake/gst_bridgeConfig-version.cmake\n'}
[8.985963] (gst_bridge) StdoutLine: {'line': b'-- Up-to-date symlink: /root/Workspaces/rosgsthumble_ws/install/gst_bridge/share/gst_bridge/package.xml\n'}
[8.986483] (gst_bridge) StdoutLine: {'line': b'-- Up-to-date: /root/Workspaces/rosgsthumble_ws/install/gst_bridge/lib/libgst_bridge.so\n'}
[9.042787] (-) TimerEvent: {}
[9.107901] (gst_msgs) JobEnded: {'identifier': 'gst_msgs', 'rc': 0}
[9.148802] (-) TimerEvent: {}
[9.162944] (xacro) JobStarted: {'identifier': 'xacro'}
[9.249010] (-) TimerEvent: {}
[9.268623] (gst_bridge) CommandEnded: {'returncode': 0}
[9.293487] (realsense2_camera_msgs) StdoutLine: {'line': b'running egg_info\n'}
[9.307406] (realsense2_camera_msgs) StdoutLine: {'line': b'writing realsense2_camera_msgs.egg-info/PKG-INFO\n'}
[9.308082] (realsense2_camera_msgs) StdoutLine: {'line': b'writing dependency_links to realsense2_camera_msgs.egg-info/dependency_links.txt\n'}
[9.308688] (realsense2_camera_msgs) StdoutLine: {'line': b'writing top-level names to realsense2_camera_msgs.egg-info/top_level.txt\n'}
[9.310304] (realsense2_camera_msgs) StdoutLine: {'line': b"reading manifest file 'realsense2_camera_msgs.egg-info/SOURCES.txt'\n"}
[9.327782] (realsense2_camera_msgs) StdoutLine: {'line': b"writing manifest file 'realsense2_camera_msgs.egg-info/SOURCES.txt'\n"}
[9.349491] (-) TimerEvent: {}
[9.442841] (realsense2_camera_msgs) StdoutLine: {'line': b'[100%] Built target ament_cmake_python_build_realsense2_camera_msgs_egg\n'}
[9.459244] (-) TimerEvent: {}
[9.538081] (xacro) JobProgress: {'identifier': 'xacro', 'progress': 'cmake'}
[9.542039] (xacro) JobProgress: {'identifier': 'xacro', 'progress': 'build'}
[9.543209] (xacro) Command: {'cmd': ['/usr/local/bin/cmake', '--build', '/root/Workspaces/rosgsthumble_ws/build/xacro', '--', '-j4', '-l4'], 'cwd': '/root/Workspaces/rosgsthumble_ws/build/xacro', 'env': OrderedDict([('OPENBLAS_CORETYPE', 'ARMV8'), ('PYTHONIOENCODING', 'utf-8'), ('HOSTNAME', 'nano'), ('LD_LIBRARY_PATH', '/root/Workspaces/rosgsthumble_ws/install/realsense2_camera/lib:/root/Workspaces/rosgsthumble_ws/install/realsense2_camera_msgs/lib:/root/Workspaces/rosgsthumble_ws/install/image_geometry/lib:/root/Workspaces/rosgsthumble_ws/install/gst_pipeline_plugins/lib:/root/Workspaces/rosgsthumble_ws/install/gst_pipeline/lib:/root/Workspaces/rosgsthumble_ws/install/gst_msgs/lib:/root/Workspaces/rosgsthumble_ws/install/gst_bridge/lib:/root/Workspaces/rosgsthumble_ws/install/diagnostic_updater/lib:/root/Workspaces/rosgsthumble_ws/install/cv_bridge/lib:/root/Workspaces/rosgsthumble_ws/install/audio_msgs/lib:/opt/ros/humble/install/opt/rviz_ogre_vendor/lib:/opt/ros/humble/install/lib:/usr/local/cuda-10.2/targets/aarch64-linux/lib:'), ('SHLVL', '1'), ('OLDPWD', '/root/Workspaces'), ('HOME', '/root'), ('ROS_PYTHON_VERSION', '3'), ('COLCON_PREFIX_PATH', '/opt/ros/humble/install:/root/Workspaces/rosgsthumble_ws/install'), ('ROS_DISTRO', 'humble'), ('PULSE_SERVER', 'unix:/run/user/1000/pulse/native'), ('_', '/usr/bin/colcon'), ('ROS_VERSION', '2'), ('NVIDIA_DRIVER_CAPABILITIES', 'compute,utility,graphics'), ('PKG_CONFIG_PATH', '/opt/ros/humble/install/lib/aarch64-linux-gnu/pkgconfig:/opt/ros/humble/install/lib/pkgconfig'), ('TERM', 'xterm'), ('ROS_LOCALHOST_ONLY', '0'), ('PATH', '/root/Workspaces/rosgsthumble_ws/install/xacro/bin:/opt/ros/humble/install/bin:/usr/local/cuda-10.2/bin:/usr/local/cuda/bin:/usr/local/sbin:/usr/local/bin:/usr/sbin:/usr/bin:/sbin:/bin'), ('XDG_RUNTIME_DIR', '/run/user/1000'), ('DISPLAY', ''), ('LANG', 'en_US.UTF-8'), ('RMW_IMPLEMENTATION', 'rmw_cyclonedds_cpp'), ('LS_COLORS', 'rs=0:di=01;34:ln=01;36:mh=00:pi=40;33:so=01;35:do=01;35:bd=40;33;01:cd=40;33;01:or=40;31;01:mi=00:su=37;41:sg=30;43:ca=30;41:tw=30;42:ow=34;42:st=37;44:ex=01;32:*.tar=01;31:*.tgz=01;31:*.arc=01;31:*.arj=01;31:*.taz=01;31:*.lha=01;31:*.lz4=01;31:*.lzh=01;31:*.lzma=01;31:*.tlz=01;31:*.txz=01;31:*.tzo=01;31:*.t7z=01;31:*.zip=01;31:*.z=01;31:*.Z=01;31:*.dz=01;31:*.gz=01;31:*.lrz=01;31:*.lz=01;31:*.lzo=01;31:*.xz=01;31:*.zst=01;31:*.tzst=01;31:*.bz2=01;31:*.bz=01;31:*.tbz=01;31:*.tbz2=01;31:*.tz=01;31:*.deb=01;31:*.rpm=01;31:*.jar=01;31:*.war=01;31:*.ear=01;31:*.sar=01;31:*.rar=01;31:*.alz=01;31:*.ace=01;31:*.zoo=01;31:*.cpio=01;31:*.7z=01;31:*.rz=01;31:*.cab=01;31:*.wim=01;31:*.swm=01;31:*.dwm=01;31:*.esd=01;31:*.jpg=01;35:*.jpeg=01;35:*.mjpg=01;35:*.mjpeg=01;35:*.gif=01;35:*.bmp=01;35:*.pbm=01;35:*.pgm=01;35:*.ppm=01;35:*.tga=01;35:*.xbm=01;35:*.xpm=01;35:*.tif=01;35:*.tiff=01;35:*.png=01;35:*.svg=01;35:*.svgz=01;35:*.mng=01;35:*.pcx=01;35:*.mov=01;35:*.mpg=01;35:*.mpeg=01;35:*.m2v=01;35:*.mkv=01;35:*.webm=01;35:*.ogm=01;35:*.mp4=01;35:*.m4v=01;35:*.mp4v=01;35:*.vob=01;35:*.qt=01;35:*.nuv=01;35:*.wmv=01;35:*.asf=01;35:*.rm=01;35:*.rmvb=01;35:*.flc=01;35:*.avi=01;35:*.fli=01;35:*.flv=01;35:*.gl=01;35:*.dl=01;35:*.xcf=01;35:*.xwd=01;35:*.yuv=01;35:*.cgm=01;35:*.emf=01;35:*.ogv=01;35:*.ogx=01;35:*.aac=00;36:*.au=00;36:*.flac=00;36:*.m4a=00;36:*.mid=00;36:*.midi=00;36:*.mka=00;36:*.mp3=00;36:*.mpc=00;36:*.ogg=00;36:*.ra=00;36:*.wav=00;36:*.oga=00;36:*.opus=00;36:*.spx=00;36:*.xspf=00;36:'), ('ROS_ROOT', '/opt/ros/humble'), ('AMENT_PREFIX_PATH', '/opt/ros/humble/install'), ('DEBIAN_FRONTEND', 'noninteractive'), ('GST_PLUGIN_PATH', '/root/Workspaces/rosgsthumble_ws/install/gst_bridge/lib/gst_bridge/'), ('SHELL', '/bin/bash'), ('PWD', '/root/Workspaces/rosgsthumble_ws/build/xacro'), ('PYTHONPATH', '/root/Workspaces/rosgsthumble_ws/install/xacro/lib/python3.6/site-packages:/root/Workspaces/rosgsthumble_ws/install/realsense2_camera_msgs/lib/python3.6/site-packages:/root/Workspaces/rosgsthumble_ws/install/image_geometry/lib/python3.6/site-packages:/root/Workspaces/rosgsthumble_ws/install/gst_msgs/lib/python3.6/site-packages:/root/Workspaces/rosgsthumble_ws/install/diagnostic_common_diagnostics/lib/python3.6/site-packages:/root/Workspaces/rosgsthumble_ws/install/diagnostic_updater/lib/python3.6/site-packages:/root/Workspaces/rosgsthumble_ws/install/cv_bridge/lib/python3.6/site-packages:/root/Workspaces/rosgsthumble_ws/install/audio_msgs/lib/python3.6/site-packages:/opt/ros/humble/install/lib/python3.6/site-packages'), ('NVIDIA_VISIBLE_DEVICES', 'all'), ('COLCON', '1'), ('CMAKE_PREFIX_PATH', '/opt/ros/humble/install')]), 'shell': False}
[9.558759] (realsense2_camera_msgs) CommandEnded: {'returncode': 0}
[9.560661] (-) TimerEvent: {}
[9.644108] (image_geometry) StdoutLine: {'line': b'running egg_info\n'}
[9.648968] (image_geometry) StdoutLine: {'line': b'writing image_geometry.egg-info/PKG-INFO\n'}
[9.652186] (image_geometry) StdoutLine: {'line': b'writing dependency_links to image_geometry.egg-info/dependency_links.txt\n'}
[9.655433] (image_geometry) StdoutLine: {'line': b'writing top-level names to image_geometry.egg-info/top_level.txt\n'}
[9.660874] (-) TimerEvent: {}
[9.670166] (image_geometry) StdoutLine: {'line': b"reading manifest file 'image_geometry.egg-info/SOURCES.txt'\n"}
[9.675886] (image_geometry) StdoutLine: {'line': b"writing manifest file 'image_geometry.egg-info/SOURCES.txt'\n"}
[9.761074] (-) TimerEvent: {}
[9.794113] (image_geometry) StdoutLine: {'line': b'[100%] Built target ament_cmake_python_build_image_geometry_egg\n'}
[9.845218] (image_geometry) CommandEnded: {'returncode': 0}
[9.858382] (xacro) StdoutLine: {'line': b'Built target ament_cmake_python_symlink_xacro\n'}
[9.861302] (-) TimerEvent: {}
[9.874202] (xacro) StdoutLine: {'line': b'Built target ament_cmake_python_symlink_xacro_setup\n'}
[9.961470] (-) TimerEvent: {}
[10.069607] (-) TimerEvent: {}
[10.177876] (-) TimerEvent: {}
[10.291397] (-) TimerEvent: {}
[10.389176] (gst_bridge) JobEnded: {'identifier': 'gst_bridge', 'rc': 0}
[10.394727] (-) TimerEvent: {}
[10.401937] (diagnostic_common_diagnostics) JobStarted: {'identifier': 'diagnostic_common_diagnostics'}
[10.494962] (-) TimerEvent: {}
[10.577789] (image_geometry) JobProgress: {'identifier': 'image_geometry', 'progress': 'install'}
[10.579797] (image_geometry) Command: {'cmd': ['/usr/local/bin/cmake', '--install', '/root/Workspaces/rosgsthumble_ws/build/image_geometry'], 'cwd': '/root/Workspaces/rosgsthumble_ws/build/image_geometry', 'env': OrderedDict([('OPENBLAS_CORETYPE', 'ARMV8'), ('PYTHONIOENCODING', 'utf-8'), ('HOSTNAME', 'nano'), ('LD_LIBRARY_PATH', '/root/Workspaces/rosgsthumble_ws/install/realsense2_camera/lib:/root/Workspaces/rosgsthumble_ws/install/realsense2_camera_msgs/lib:/root/Workspaces/rosgsthumble_ws/install/image_geometry/lib:/root/Workspaces/rosgsthumble_ws/install/gst_pipeline_plugins/lib:/root/Workspaces/rosgsthumble_ws/install/gst_pipeline/lib:/root/Workspaces/rosgsthumble_ws/install/gst_msgs/lib:/root/Workspaces/rosgsthumble_ws/install/gst_bridge/lib:/root/Workspaces/rosgsthumble_ws/install/diagnostic_updater/lib:/root/Workspaces/rosgsthumble_ws/install/cv_bridge/lib:/root/Workspaces/rosgsthumble_ws/install/audio_msgs/lib:/opt/ros/humble/install/opt/rviz_ogre_vendor/lib:/opt/ros/humble/install/lib:/usr/local/cuda-10.2/targets/aarch64-linux/lib:'), ('SHLVL', '1'), ('OLDPWD', '/root/Workspaces'), ('HOME', '/root'), ('ROS_PYTHON_VERSION', '3'), ('COLCON_PREFIX_PATH', '/opt/ros/humble/install:/root/Workspaces/rosgsthumble_ws/install'), ('ROS_DISTRO', 'humble'), ('PULSE_SERVER', 'unix:/run/user/1000/pulse/native'), ('_', '/usr/bin/colcon'), ('ROS_VERSION', '2'), ('NVIDIA_DRIVER_CAPABILITIES', 'compute,utility,graphics'), ('PKG_CONFIG_PATH', '/opt/ros/humble/install/lib/aarch64-linux-gnu/pkgconfig:/opt/ros/humble/install/lib/pkgconfig'), ('TERM', 'xterm'), ('ROS_LOCALHOST_ONLY', '0'), ('PATH', '/root/Workspaces/rosgsthumble_ws/install/xacro/bin:/opt/ros/humble/install/bin:/usr/local/cuda-10.2/bin:/usr/local/cuda/bin:/usr/local/sbin:/usr/local/bin:/usr/sbin:/usr/bin:/sbin:/bin'), ('XDG_RUNTIME_DIR', '/run/user/1000'), ('DISPLAY', ''), ('LANG', 'en_US.UTF-8'), ('RMW_IMPLEMENTATION', 'rmw_cyclonedds_cpp'), ('LS_COLORS', 'rs=0:di=01;34:ln=01;36:mh=00:pi=40;33:so=01;35:do=01;35:bd=40;33;01:cd=40;33;01:or=40;31;01:mi=00:su=37;41:sg=30;43:ca=30;41:tw=30;42:ow=34;42:st=37;44:ex=01;32:*.tar=01;31:*.tgz=01;31:*.arc=01;31:*.arj=01;31:*.taz=01;31:*.lha=01;31:*.lz4=01;31:*.lzh=01;31:*.lzma=01;31:*.tlz=01;31:*.txz=01;31:*.tzo=01;31:*.t7z=01;31:*.zip=01;31:*.z=01;31:*.Z=01;31:*.dz=01;31:*.gz=01;31:*.lrz=01;31:*.lz=01;31:*.lzo=01;31:*.xz=01;31:*.zst=01;31:*.tzst=01;31:*.bz2=01;31:*.bz=01;31:*.tbz=01;31:*.tbz2=01;31:*.tz=01;31:*.deb=01;31:*.rpm=01;31:*.jar=01;31:*.war=01;31:*.ear=01;31:*.sar=01;31:*.rar=01;31:*.alz=01;31:*.ace=01;31:*.zoo=01;31:*.cpio=01;31:*.7z=01;31:*.rz=01;31:*.cab=01;31:*.wim=01;31:*.swm=01;31:*.dwm=01;31:*.esd=01;31:*.jpg=01;35:*.jpeg=01;35:*.mjpg=01;35:*.mjpeg=01;35:*.gif=01;35:*.bmp=01;35:*.pbm=01;35:*.pgm=01;35:*.ppm=01;35:*.tga=01;35:*.xbm=01;35:*.xpm=01;35:*.tif=01;35:*.tiff=01;35:*.png=01;35:*.svg=01;35:*.svgz=01;35:*.mng=01;35:*.pcx=01;35:*.mov=01;35:*.mpg=01;35:*.mpeg=01;35:*.m2v=01;35:*.mkv=01;35:*.webm=01;35:*.ogm=01;35:*.mp4=01;35:*.m4v=01;35:*.mp4v=01;35:*.vob=01;35:*.qt=01;35:*.nuv=01;35:*.wmv=01;35:*.asf=01;35:*.rm=01;35:*.rmvb=01;35:*.flc=01;35:*.avi=01;35:*.fli=01;35:*.flv=01;35:*.gl=01;35:*.dl=01;35:*.xcf=01;35:*.xwd=01;35:*.yuv=01;35:*.cgm=01;35:*.emf=01;35:*.ogv=01;35:*.ogx=01;35:*.aac=00;36:*.au=00;36:*.flac=00;36:*.m4a=00;36:*.mid=00;36:*.midi=00;36:*.mka=00;36:*.mp3=00;36:*.mpc=00;36:*.ogg=00;36:*.ra=00;36:*.wav=00;36:*.oga=00;36:*.opus=00;36:*.spx=00;36:*.xspf=00;36:'), ('ROS_ROOT', '/opt/ros/humble'), ('AMENT_PREFIX_PATH', '/opt/ros/humble/install'), ('DEBIAN_FRONTEND', 'noninteractive'), ('GST_PLUGIN_PATH', '/root/Workspaces/rosgsthumble_ws/install/gst_bridge/lib/gst_bridge/'), ('SHELL', '/bin/bash'), ('PWD', '/root/Workspaces/rosgsthumble_ws/build/image_geometry'), ('PYTHONPATH', '/root/Workspaces/rosgsthumble_ws/install/xacro/lib/python3.6/site-packages:/root/Workspaces/rosgsthumble_ws/install/realsense2_camera_msgs/lib/python3.6/site-packages:/root/Workspaces/rosgsthumble_ws/install/image_geometry/lib/python3.6/site-packages:/root/Workspaces/rosgsthumble_ws/install/gst_msgs/lib/python3.6/site-packages:/root/Workspaces/rosgsthumble_ws/install/diagnostic_common_diagnostics/lib/python3.6/site-packages:/root/Workspaces/rosgsthumble_ws/install/diagnostic_updater/lib/python3.6/site-packages:/root/Workspaces/rosgsthumble_ws/install/cv_bridge/lib/python3.6/site-packages:/root/Workspaces/rosgsthumble_ws/install/audio_msgs/lib/python3.6/site-packages:/opt/ros/humble/install/lib/python3.6/site-packages'), ('NVIDIA_VISIBLE_DEVICES', 'all'), ('COLCON', '1'), ('CMAKE_PREFIX_PATH', '/opt/ros/humble/install')]), 'shell': False}
[10.596473] (realsense2_camera_msgs) JobProgress: {'identifier': 'realsense2_camera_msgs', 'progress': 'install'}
[10.597383] (-) TimerEvent: {}
[10.599258] (realsense2_camera_msgs) Command: {'cmd': ['/usr/local/bin/cmake', '--install', '/root/Workspaces/rosgsthumble_ws/build/realsense2_camera_msgs'], 'cwd': '/root/Workspaces/rosgsthumble_ws/build/realsense2_camera_msgs', 'env': OrderedDict([('OPENBLAS_CORETYPE', 'ARMV8'), ('PYTHONIOENCODING', 'utf-8'), ('HOSTNAME', 'nano'), ('LD_LIBRARY_PATH', '/root/Workspaces/rosgsthumble_ws/install/realsense2_camera/lib:/root/Workspaces/rosgsthumble_ws/install/realsense2_camera_msgs/lib:/root/Workspaces/rosgsthumble_ws/install/image_geometry/lib:/root/Workspaces/rosgsthumble_ws/install/gst_pipeline_plugins/lib:/root/Workspaces/rosgsthumble_ws/install/gst_pipeline/lib:/root/Workspaces/rosgsthumble_ws/install/gst_msgs/lib:/root/Workspaces/rosgsthumble_ws/install/gst_bridge/lib:/root/Workspaces/rosgsthumble_ws/install/diagnostic_updater/lib:/root/Workspaces/rosgsthumble_ws/install/cv_bridge/lib:/root/Workspaces/rosgsthumble_ws/install/audio_msgs/lib:/opt/ros/humble/install/opt/rviz_ogre_vendor/lib:/opt/ros/humble/install/lib:/usr/local/cuda-10.2/targets/aarch64-linux/lib:'), ('SHLVL', '1'), ('OLDPWD', '/root/Workspaces'), ('HOME', '/root'), ('ROS_PYTHON_VERSION', '3'), ('COLCON_PREFIX_PATH', '/opt/ros/humble/install:/root/Workspaces/rosgsthumble_ws/install'), ('ROS_DISTRO', 'humble'), ('PULSE_SERVER', 'unix:/run/user/1000/pulse/native'), ('_', '/usr/bin/colcon'), ('ROS_VERSION', '2'), ('NVIDIA_DRIVER_CAPABILITIES', 'compute,utility,graphics'), ('PKG_CONFIG_PATH', '/opt/ros/humble/install/lib/aarch64-linux-gnu/pkgconfig:/opt/ros/humble/install/lib/pkgconfig'), ('TERM', 'xterm'), ('ROS_LOCALHOST_ONLY', '0'), ('PATH', '/root/Workspaces/rosgsthumble_ws/install/xacro/bin:/opt/ros/humble/install/bin:/usr/local/cuda-10.2/bin:/usr/local/cuda/bin:/usr/local/sbin:/usr/local/bin:/usr/sbin:/usr/bin:/sbin:/bin'), ('XDG_RUNTIME_DIR', '/run/user/1000'), ('DISPLAY', ''), ('LANG', 'en_US.UTF-8'), ('RMW_IMPLEMENTATION', 'rmw_cyclonedds_cpp'), ('LS_COLORS', 'rs=0:di=01;34:ln=01;36:mh=00:pi=40;33:so=01;35:do=01;35:bd=40;33;01:cd=40;33;01:or=40;31;01:mi=00:su=37;41:sg=30;43:ca=30;41:tw=30;42:ow=34;42:st=37;44:ex=01;32:*.tar=01;31:*.tgz=01;31:*.arc=01;31:*.arj=01;31:*.taz=01;31:*.lha=01;31:*.lz4=01;31:*.lzh=01;31:*.lzma=01;31:*.tlz=01;31:*.txz=01;31:*.tzo=01;31:*.t7z=01;31:*.zip=01;31:*.z=01;31:*.Z=01;31:*.dz=01;31:*.gz=01;31:*.lrz=01;31:*.lz=01;31:*.lzo=01;31:*.xz=01;31:*.zst=01;31:*.tzst=01;31:*.bz2=01;31:*.bz=01;31:*.tbz=01;31:*.tbz2=01;31:*.tz=01;31:*.deb=01;31:*.rpm=01;31:*.jar=01;31:*.war=01;31:*.ear=01;31:*.sar=01;31:*.rar=01;31:*.alz=01;31:*.ace=01;31:*.zoo=01;31:*.cpio=01;31:*.7z=01;31:*.rz=01;31:*.cab=01;31:*.wim=01;31:*.swm=01;31:*.dwm=01;31:*.esd=01;31:*.jpg=01;35:*.jpeg=01;35:*.mjpg=01;35:*.mjpeg=01;35:*.gif=01;35:*.bmp=01;35:*.pbm=01;35:*.pgm=01;35:*.ppm=01;35:*.tga=01;35:*.xbm=01;35:*.xpm=01;35:*.tif=01;35:*.tiff=01;35:*.png=01;35:*.svg=01;35:*.svgz=01;35:*.mng=01;35:*.pcx=01;35:*.mov=01;35:*.mpg=01;35:*.mpeg=01;35:*.m2v=01;35:*.mkv=01;35:*.webm=01;35:*.ogm=01;35:*.mp4=01;35:*.m4v=01;35:*.mp4v=01;35:*.vob=01;35:*.qt=01;35:*.nuv=01;35:*.wmv=01;35:*.asf=01;35:*.rm=01;35:*.rmvb=01;35:*.flc=01;35:*.avi=01;35:*.fli=01;35:*.flv=01;35:*.gl=01;35:*.dl=01;35:*.xcf=01;35:*.xwd=01;35:*.yuv=01;35:*.cgm=01;35:*.emf=01;35:*.ogv=01;35:*.ogx=01;35:*.aac=00;36:*.au=00;36:*.flac=00;36:*.m4a=00;36:*.mid=00;36:*.midi=00;36:*.mka=00;36:*.mp3=00;36:*.mpc=00;36:*.ogg=00;36:*.ra=00;36:*.wav=00;36:*.oga=00;36:*.opus=00;36:*.spx=00;36:*.xspf=00;36:'), ('ROS_ROOT', '/opt/ros/humble'), ('AMENT_PREFIX_PATH', '/opt/ros/humble/install'), ('DEBIAN_FRONTEND', 'noninteractive'), ('GST_PLUGIN_PATH', '/root/Workspaces/rosgsthumble_ws/install/gst_bridge/lib/gst_bridge/'), ('SHELL', '/bin/bash'), ('PWD', '/root/Workspaces/rosgsthumble_ws/build/realsense2_camera_msgs'), ('PYTHONPATH', '/root/Workspaces/rosgsthumble_ws/install/xacro/lib/python3.6/site-packages:/root/Workspaces/rosgsthumble_ws/install/realsense2_camera_msgs/lib/python3.6/site-packages:/root/Workspaces/rosgsthumble_ws/install/image_geometry/lib/python3.6/site-packages:/root/Workspaces/rosgsthumble_ws/install/gst_msgs/lib/python3.6/site-packages:/root/Workspaces/rosgsthumble_ws/install/diagnostic_common_diagnostics/lib/python3.6/site-packages:/root/Workspaces/rosgsthumble_ws/install/diagnostic_updater/lib/python3.6/site-packages:/root/Workspaces/rosgsthumble_ws/install/cv_bridge/lib/python3.6/site-packages:/root/Workspaces/rosgsthumble_ws/install/audio_msgs/lib/python3.6/site-packages:/opt/ros/humble/install/lib/python3.6/site-packages'), ('NVIDIA_VISIBLE_DEVICES', 'all'), ('COLCON', '1'), ('CMAKE_PREFIX_PATH', '/opt/ros/humble/install')]), 'shell': False}
[10.617543] (diagnostic_common_diagnostics) JobProgress: {'identifier': 'diagnostic_common_diagnostics', 'progress': 'cmake'}
[10.622106] (diagnostic_common_diagnostics) JobProgress: {'identifier': 'diagnostic_common_diagnostics', 'progress': 'build'}
[10.623574] (diagnostic_common_diagnostics) Command: {'cmd': ['/usr/local/bin/cmake', '--build', '/root/Workspaces/rosgsthumble_ws/build/diagnostic_common_diagnostics', '--', '-j4', '-l4'], 'cwd': '/root/Workspaces/rosgsthumble_ws/build/diagnostic_common_diagnostics', 'env': OrderedDict([('OPENBLAS_CORETYPE', 'ARMV8'), ('PYTHONIOENCODING', 'utf-8'), ('HOSTNAME', 'nano'), ('LD_LIBRARY_PATH', '/root/Workspaces/rosgsthumble_ws/install/realsense2_camera/lib:/root/Workspaces/rosgsthumble_ws/install/realsense2_camera_msgs/lib:/root/Workspaces/rosgsthumble_ws/install/image_geometry/lib:/root/Workspaces/rosgsthumble_ws/install/gst_pipeline_plugins/lib:/root/Workspaces/rosgsthumble_ws/install/gst_pipeline/lib:/root/Workspaces/rosgsthumble_ws/install/gst_msgs/lib:/root/Workspaces/rosgsthumble_ws/install/gst_bridge/lib:/root/Workspaces/rosgsthumble_ws/install/diagnostic_updater/lib:/root/Workspaces/rosgsthumble_ws/install/cv_bridge/lib:/root/Workspaces/rosgsthumble_ws/install/audio_msgs/lib:/opt/ros/humble/install/opt/rviz_ogre_vendor/lib:/opt/ros/humble/install/lib:/usr/local/cuda-10.2/targets/aarch64-linux/lib:'), ('SHLVL', '1'), ('OLDPWD', '/root/Workspaces'), ('HOME', '/root'), ('ROS_PYTHON_VERSION', '3'), ('COLCON_PREFIX_PATH', '/opt/ros/humble/install:/root/Workspaces/rosgsthumble_ws/install'), ('ROS_DISTRO', 'humble'), ('PULSE_SERVER', 'unix:/run/user/1000/pulse/native'), ('_', '/usr/bin/colcon'), ('ROS_VERSION', '2'), ('NVIDIA_DRIVER_CAPABILITIES', 'compute,utility,graphics'), ('PKG_CONFIG_PATH', '/opt/ros/humble/install/lib/aarch64-linux-gnu/pkgconfig:/opt/ros/humble/install/lib/pkgconfig'), ('TERM', 'xterm'), ('ROS_LOCALHOST_ONLY', '0'), ('PATH', '/root/Workspaces/rosgsthumble_ws/install/xacro/bin:/opt/ros/humble/install/bin:/usr/local/cuda-10.2/bin:/usr/local/cuda/bin:/usr/local/sbin:/usr/local/bin:/usr/sbin:/usr/bin:/sbin:/bin'), ('XDG_RUNTIME_DIR', '/run/user/1000'), ('DISPLAY', ''), ('LANG', 'en_US.UTF-8'), ('RMW_IMPLEMENTATION', 'rmw_cyclonedds_cpp'), ('LS_COLORS', 'rs=0:di=01;34:ln=01;36:mh=00:pi=40;33:so=01;35:do=01;35:bd=40;33;01:cd=40;33;01:or=40;31;01:mi=00:su=37;41:sg=30;43:ca=30;41:tw=30;42:ow=34;42:st=37;44:ex=01;32:*.tar=01;31:*.tgz=01;31:*.arc=01;31:*.arj=01;31:*.taz=01;31:*.lha=01;31:*.lz4=01;31:*.lzh=01;31:*.lzma=01;31:*.tlz=01;31:*.txz=01;31:*.tzo=01;31:*.t7z=01;31:*.zip=01;31:*.z=01;31:*.Z=01;31:*.dz=01;31:*.gz=01;31:*.lrz=01;31:*.lz=01;31:*.lzo=01;31:*.xz=01;31:*.zst=01;31:*.tzst=01;31:*.bz2=01;31:*.bz=01;31:*.tbz=01;31:*.tbz2=01;31:*.tz=01;31:*.deb=01;31:*.rpm=01;31:*.jar=01;31:*.war=01;31:*.ear=01;31:*.sar=01;31:*.rar=01;31:*.alz=01;31:*.ace=01;31:*.zoo=01;31:*.cpio=01;31:*.7z=01;31:*.rz=01;31:*.cab=01;31:*.wim=01;31:*.swm=01;31:*.dwm=01;31:*.esd=01;31:*.jpg=01;35:*.jpeg=01;35:*.mjpg=01;35:*.mjpeg=01;35:*.gif=01;35:*.bmp=01;35:*.pbm=01;35:*.pgm=01;35:*.ppm=01;35:*.tga=01;35:*.xbm=01;35:*.xpm=01;35:*.tif=01;35:*.tiff=01;35:*.png=01;35:*.svg=01;35:*.svgz=01;35:*.mng=01;35:*.pcx=01;35:*.mov=01;35:*.mpg=01;35:*.mpeg=01;35:*.m2v=01;35:*.mkv=01;35:*.webm=01;35:*.ogm=01;35:*.mp4=01;35:*.m4v=01;35:*.mp4v=01;35:*.vob=01;35:*.qt=01;35:*.nuv=01;35:*.wmv=01;35:*.asf=01;35:*.rm=01;35:*.rmvb=01;35:*.flc=01;35:*.avi=01;35:*.fli=01;35:*.flv=01;35:*.gl=01;35:*.dl=01;35:*.xcf=01;35:*.xwd=01;35:*.yuv=01;35:*.cgm=01;35:*.emf=01;35:*.ogv=01;35:*.ogx=01;35:*.aac=00;36:*.au=00;36:*.flac=00;36:*.m4a=00;36:*.mid=00;36:*.midi=00;36:*.mka=00;36:*.mp3=00;36:*.mpc=00;36:*.ogg=00;36:*.ra=00;36:*.wav=00;36:*.oga=00;36:*.opus=00;36:*.spx=00;36:*.xspf=00;36:'), ('ROS_ROOT', '/opt/ros/humble'), ('AMENT_PREFIX_PATH', '/root/Workspaces/rosgsthumble_ws/install/diagnostic_updater:/opt/ros/humble/install'), ('DEBIAN_FRONTEND', 'noninteractive'), ('GST_PLUGIN_PATH', '/root/Workspaces/rosgsthumble_ws/install/gst_bridge/lib/gst_bridge/'), ('SHELL', '/bin/bash'), ('PWD', '/root/Workspaces/rosgsthumble_ws/build/diagnostic_common_diagnostics'), ('PYTHONPATH', '/root/Workspaces/rosgsthumble_ws/install/diagnostic_updater/lib/python3.6/site-packages:/root/Workspaces/rosgsthumble_ws/install/xacro/lib/python3.6/site-packages:/root/Workspaces/rosgsthumble_ws/install/realsense2_camera_msgs/lib/python3.6/site-packages:/root/Workspaces/rosgsthumble_ws/install/image_geometry/lib/python3.6/site-packages:/root/Workspaces/rosgsthumble_ws/install/gst_msgs/lib/python3.6/site-packages:/root/Workspaces/rosgsthumble_ws/install/diagnostic_common_diagnostics/lib/python3.6/site-packages:/root/Workspaces/rosgsthumble_ws/install/cv_bridge/lib/python3.6/site-packages:/root/Workspaces/rosgsthumble_ws/install/audio_msgs/lib/python3.6/site-packages:/opt/ros/humble/install/lib/python3.6/site-packages'), ('NVIDIA_VISIBLE_DEVICES', 'all'), ('COLCON', '1'), ('CMAKE_PREFIX_PATH', '/root/Workspaces/rosgsthumble_ws/install/diagnostic_updater:/opt/ros/humble/install')]), 'shell': False}
[10.697662] (-) TimerEvent: {}
[10.800692] (-) TimerEvent: {}
[10.853170] (realsense2_camera_msgs) StdoutLine: {'line': b'-- Install configuration: ""\n'}
[10.856394] (realsense2_camera_msgs) StdoutLine: {'line': b'-- Execute custom install script\n'}
[10.858524] (realsense2_camera_msgs) StdoutLine: {'line': b'-- Up-to-date symlink: /root/Workspaces/rosgsthumble_ws/install/realsense2_camera_msgs/share/ament_index/resource_index/rosidl_interfaces/realsense2_camera_msgs\n'}
[10.861169] (realsense2_camera_msgs) StdoutLine: {'line': b'-- Up-to-date symlink: /root/Workspaces/rosgsthumble_ws/install/realsense2_camera_msgs/include/realsense2_camera_msgs/realsense2_camera_msgs/msg/detail/extrinsics__functions.h\n'}
[10.866379] (realsense2_camera_msgs) StdoutLine: {'line': b'-- Up-to-date symlink: /root/Workspaces/rosgsthumble_ws/install/realsense2_camera_msgs/include/realsense2_camera_msgs/realsense2_camera_msgs/msg/detail/extrinsics__struct.h\n'}
[10.870094] (realsense2_camera_msgs) StdoutLine: {'line': b'-- Up-to-date symlink: /root/Workspaces/rosgsthumble_ws/install/realsense2_camera_msgs/include/realsense2_camera_msgs/realsense2_camera_msgs/msg/detail/extrinsics__type_support.h\n'}
[10.873186] (realsense2_camera_msgs) StdoutLine: {'line': b'-- Up-to-date symlink: /root/Workspaces/rosgsthumble_ws/install/realsense2_camera_msgs/include/realsense2_camera_msgs/realsense2_camera_msgs/msg/detail/imu_info__functions.h\n'}
[10.876269] (realsense2_camera_msgs) StdoutLine: {'line': b'-- Up-to-date symlink: /root/Workspaces/rosgsthumble_ws/install/realsense2_camera_msgs/include/realsense2_camera_msgs/realsense2_camera_msgs/msg/detail/imu_info__struct.h\n'}
[10.879383] (realsense2_camera_msgs) StdoutLine: {'line': b'-- Up-to-date symlink: /root/Workspaces/rosgsthumble_ws/install/realsense2_camera_msgs/include/realsense2_camera_msgs/realsense2_camera_msgs/msg/detail/imu_info__type_support.h\n'}
[10.882211] (realsense2_camera_msgs) StdoutLine: {'line': b'-- Up-to-date symlink: /root/Workspaces/rosgsthumble_ws/install/realsense2_camera_msgs/include/realsense2_camera_msgs/realsense2_camera_msgs/msg/detail/metadata__functions.h\n'}
[10.884467] (realsense2_camera_msgs) StdoutLine: {'line': b'-- Up-to-date symlink: /root/Workspaces/rosgsthumble_ws/install/realsense2_camera_msgs/include/realsense2_camera_msgs/realsense2_camera_msgs/msg/detail/metadata__struct.h\n'}
[10.886513] (realsense2_camera_msgs) StdoutLine: {'line': b'-- Up-to-date symlink: /root/Workspaces/rosgsthumble_ws/install/realsense2_camera_msgs/include/realsense2_camera_msgs/realsense2_camera_msgs/msg/detail/metadata__type_support.h\n'}
[10.888030] (realsense2_camera_msgs) StdoutLine: {'line': b'-- Up-to-date symlink: /root/Workspaces/rosgsthumble_ws/install/realsense2_camera_msgs/include/realsense2_camera_msgs/realsense2_camera_msgs/msg/detail/rgbd__functions.h\n'}
[10.888543] (realsense2_camera_msgs) StdoutLine: {'line': b'-- Up-to-date symlink: /root/Workspaces/rosgsthumble_ws/install/realsense2_camera_msgs/include/realsense2_camera_msgs/realsense2_camera_msgs/msg/detail/rgbd__struct.h\n'}
[10.889007] (realsense2_camera_msgs) StdoutLine: {'line': b'-- Up-to-date symlink: /root/Workspaces/rosgsthumble_ws/install/realsense2_camera_msgs/include/realsense2_camera_msgs/realsense2_camera_msgs/msg/detail/rgbd__type_support.h\n'}
[10.889487] (realsense2_camera_msgs) StdoutLine: {'line': b'-- Up-to-date symlink: /root/Workspaces/rosgsthumble_ws/install/realsense2_camera_msgs/include/realsense2_camera_msgs/realsense2_camera_msgs/msg/extrinsics.h\n'}
[10.889948] (realsense2_camera_msgs) StdoutLine: {'line': b'-- Up-to-date symlink: /root/Workspaces/rosgsthumble_ws/install/realsense2_camera_msgs/include/realsense2_camera_msgs/realsense2_camera_msgs/msg/imu_info.h\n'}
[10.890401] (realsense2_camera_msgs) StdoutLine: {'line': b'-- Up-to-date symlink: /root/Workspaces/rosgsthumble_ws/install/realsense2_camera_msgs/include/realsense2_camera_msgs/realsense2_camera_msgs/msg/metadata.h\n'}
[10.890944] (realsense2_camera_msgs) StdoutLine: {'line': b'-- Up-to-date symlink: /root/Workspaces/rosgsthumble_ws/install/realsense2_camera_msgs/include/realsense2_camera_msgs/realsense2_camera_msgs/msg/rgbd.h\n'}
[10.891411] (realsense2_camera_msgs) StdoutLine: {'line': b'-- Up-to-date symlink: /root/Workspaces/rosgsthumble_ws/install/realsense2_camera_msgs/include/realsense2_camera_msgs/realsense2_camera_msgs/msg/rosidl_generator_c__visibility_control.h\n'}
[10.891874] (realsense2_camera_msgs) StdoutLine: {'line': b'-- Up-to-date symlink: /root/Workspaces/rosgsthumble_ws/install/realsense2_camera_msgs/include/realsense2_camera_msgs/realsense2_camera_msgs/srv/detail/device_info__functions.h\n'}
[10.892324] (realsense2_camera_msgs) StdoutLine: {'line': b'-- Up-to-date symlink: /root/Workspaces/rosgsthumble_ws/install/realsense2_camera_msgs/include/realsense2_camera_msgs/realsense2_camera_msgs/srv/detail/device_info__struct.h\n'}
[10.892771] (realsense2_camera_msgs) StdoutLine: {'line': b'-- Up-to-date symlink: /root/Workspaces/rosgsthumble_ws/install/realsense2_camera_msgs/include/realsense2_camera_msgs/realsense2_camera_msgs/srv/detail/device_info__type_support.h\n'}
[10.893211] (realsense2_camera_msgs) StdoutLine: {'line': b'-- Up-to-date symlink: /root/Workspaces/rosgsthumble_ws/install/realsense2_camera_msgs/include/realsense2_camera_msgs/realsense2_camera_msgs/srv/device_info.h\n'}
[10.893666] (realsense2_camera_msgs) StdoutLine: {'line': b'-- Up-to-date symlink: /root/Workspaces/rosgsthumble_ws/install/realsense2_camera_msgs/share/realsense2_camera_msgs/environment/library_path.sh\n'}
[10.894116] (realsense2_camera_msgs) StdoutLine: {'line': b'-- Up-to-date symlink: /root/Workspaces/rosgsthumble_ws/install/realsense2_camera_msgs/share/realsense2_camera_msgs/environment/library_path.dsv\n'}
[10.894558] (realsense2_camera_msgs) StdoutLine: {'line': b'-- Up-to-date symlink: /root/Workspaces/rosgsthumble_ws/install/realsense2_camera_msgs/include/realsense2_camera_msgs/realsense2_camera_msgs/msg/detail/extrinsics__rosidl_typesupport_fastrtps_c.h\n'}
[10.901353] (realsense2_camera_msgs) StdoutLine: {'line': b'-- Up-to-date symlink: /root/Workspaces/rosgsthumble_ws/install/realsense2_camera_msgs/include/realsense2_camera_msgs/realsense2_camera_msgs/msg/detail/imu_info__rosidl_typesupport_fastrtps_c.h\n'}
[10.902025] (-) TimerEvent: {}
[10.905528] (realsense2_camera_msgs) StdoutLine: {'line': b'-- Up-to-date symlink: /root/Workspaces/rosgsthumble_ws/install/realsense2_camera_msgs/include/realsense2_camera_msgs/realsense2_camera_msgs/msg/detail/metadata__rosidl_typesupport_fastrtps_c.h\n'}
[10.906214] (realsense2_camera_msgs) StdoutLine: {'line': b'-- Up-to-date symlink: /root/Workspaces/rosgsthumble_ws/install/realsense2_camera_msgs/include/realsense2_camera_msgs/realsense2_camera_msgs/msg/detail/rgbd__rosidl_typesupport_fastrtps_c.h\n'}
[10.906806] (realsense2_camera_msgs) StdoutLine: {'line': b'-- Up-to-date symlink: /root/Workspaces/rosgsthumble_ws/install/realsense2_camera_msgs/include/realsense2_camera_msgs/realsense2_camera_msgs/msg/rosidl_typesupport_fastrtps_c__visibility_control.h\n'}
[10.907321] (realsense2_camera_msgs) StdoutLine: {'line': b'-- Up-to-date symlink: /root/Workspaces/rosgsthumble_ws/install/realsense2_camera_msgs/include/realsense2_camera_msgs/realsense2_camera_msgs/srv/detail/device_info__rosidl_typesupport_fastrtps_c.h\n'}
[10.907836] (realsense2_camera_msgs) StdoutLine: {'line': b'-- Up-to-date symlink: /root/Workspaces/rosgsthumble_ws/install/realsense2_camera_msgs/include/realsense2_camera_msgs/realsense2_camera_msgs/msg/detail/extrinsics__rosidl_typesupport_introspection_c.h\n'}
[10.912525] (realsense2_camera_msgs) StdoutLine: {'line': b'-- Up-to-date symlink: /root/Workspaces/rosgsthumble_ws/install/realsense2_camera_msgs/include/realsense2_camera_msgs/realsense2_camera_msgs/msg/detail/imu_info__rosidl_typesupport_introspection_c.h\n'}
[10.913285] (realsense2_camera_msgs) StdoutLine: {'line': b'-- Up-to-date symlink: /root/Workspaces/rosgsthumble_ws/install/realsense2_camera_msgs/include/realsense2_camera_msgs/realsense2_camera_msgs/msg/detail/metadata__rosidl_typesupport_introspection_c.h\n'}
[10.913860] (realsense2_camera_msgs) StdoutLine: {'line': b'-- Up-to-date symlink: /root/Workspaces/rosgsthumble_ws/install/realsense2_camera_msgs/include/realsense2_camera_msgs/realsense2_camera_msgs/msg/detail/rgbd__rosidl_typesupport_introspection_c.h\n'}
[10.914443] (realsense2_camera_msgs) StdoutLine: {'line': b'-- Up-to-date symlink: /root/Workspaces/rosgsthumble_ws/install/realsense2_camera_msgs/include/realsense2_camera_msgs/realsense2_camera_msgs/msg/rosidl_typesupport_introspection_c__visibility_control.h\n'}
[10.918861] (realsense2_camera_msgs) StdoutLine: {'line': b'-- Up-to-date symlink: /root/Workspaces/rosgsthumble_ws/install/realsense2_camera_msgs/include/realsense2_camera_msgs/realsense2_camera_msgs/srv/detail/device_info__rosidl_typesupport_introspection_c.h\n'}
[10.919673] (realsense2_camera_msgs) StdoutLine: {'line': b'-- Up-to-date symlink: /root/Workspaces/rosgsthumble_ws/install/realsense2_camera_msgs/include/realsense2_camera_msgs/realsense2_camera_msgs/msg/detail/extrinsics__builder.hpp\n'}
[10.921415] (realsense2_camera_msgs) StdoutLine: {'line': b'-- Up-to-date symlink: /root/Workspaces/rosgsthumble_ws/install/realsense2_camera_msgs/include/realsense2_camera_msgs/realsense2_camera_msgs/msg/detail/extrinsics__struct.hpp\n'}
[10.923274] (realsense2_camera_msgs) StdoutLine: {'line': b'-- Up-to-date symlink: /root/Workspaces/rosgsthumble_ws/install/realsense2_camera_msgs/include/realsense2_camera_msgs/realsense2_camera_msgs/msg/detail/extrinsics__traits.hpp\n'}
[10.925035] (realsense2_camera_msgs) StdoutLine: {'line': b'-- Up-to-date symlink: /root/Workspaces/rosgsthumble_ws/install/realsense2_camera_msgs/include/realsense2_camera_msgs/realsense2_camera_msgs/msg/detail/imu_info__builder.hpp\n'}
[10.926926] (realsense2_camera_msgs) StdoutLine: {'line': b'-- Up-to-date symlink: /root/Workspaces/rosgsthumble_ws/install/realsense2_camera_msgs/include/realsense2_camera_msgs/realsense2_camera_msgs/msg/detail/imu_info__struct.hpp\n'}
[10.928985] (realsense2_camera_msgs) StdoutLine: {'line': b'-- Up-to-date symlink: /root/Workspaces/rosgsthumble_ws/install/realsense2_camera_msgs/include/realsense2_camera_msgs/realsense2_camera_msgs/msg/detail/imu_info__traits.hpp\n'}
[10.930901] (realsense2_camera_msgs) StdoutLine: {'line': b'-- Up-to-date symlink: /root/Workspaces/rosgsthumble_ws/install/realsense2_camera_msgs/include/realsense2_camera_msgs/realsense2_camera_msgs/msg/detail/metadata__builder.hpp\n'}
[10.932761] (realsense2_camera_msgs) StdoutLine: {'line': b'-- Up-to-date symlink: /root/Workspaces/rosgsthumble_ws/install/realsense2_camera_msgs/include/realsense2_camera_msgs/realsense2_camera_msgs/msg/detail/metadata__struct.hpp\n'}
[10.934612] (realsense2_camera_msgs) StdoutLine: {'line': b'-- Up-to-date symlink: /root/Workspaces/rosgsthumble_ws/install/realsense2_camera_msgs/include/realsense2_camera_msgs/realsense2_camera_msgs/msg/detail/metadata__traits.hpp\n'}
[10.936452] (realsense2_camera_msgs) StdoutLine: {'line': b'-- Up-to-date symlink: /root/Workspaces/rosgsthumble_ws/install/realsense2_camera_msgs/include/realsense2_camera_msgs/realsense2_camera_msgs/msg/detail/rgbd__builder.hpp\n'}
[10.938345] (realsense2_camera_msgs) StdoutLine: {'line': b'-- Up-to-date symlink: /root/Workspaces/rosgsthumble_ws/install/realsense2_camera_msgs/include/realsense2_camera_msgs/realsense2_camera_msgs/msg/detail/rgbd__struct.hpp\n'}
[10.940459] (realsense2_camera_msgs) StdoutLine: {'line': b'-- Up-to-date symlink: /root/Workspaces/rosgsthumble_ws/install/realsense2_camera_msgs/include/realsense2_camera_msgs/realsense2_camera_msgs/msg/detail/rgbd__traits.hpp\n'}
[10.942308] (realsense2_camera_msgs) StdoutLine: {'line': b'-- Up-to-date symlink: /root/Workspaces/rosgsthumble_ws/install/realsense2_camera_msgs/include/realsense2_camera_msgs/realsense2_camera_msgs/msg/extrinsics.hpp\n'}
[10.944183] (realsense2_camera_msgs) StdoutLine: {'line': b'-- Up-to-date symlink: /root/Workspaces/rosgsthumble_ws/install/realsense2_camera_msgs/include/realsense2_camera_msgs/realsense2_camera_msgs/msg/imu_info.hpp\n'}
[10.945930] (realsense2_camera_msgs) StdoutLine: {'line': b'-- Up-to-date symlink: /root/Workspaces/rosgsthumble_ws/install/realsense2_camera_msgs/include/realsense2_camera_msgs/realsense2_camera_msgs/msg/metadata.hpp\n'}
[10.947747] (realsense2_camera_msgs) StdoutLine: {'line': b'-- Up-to-date symlink: /root/Workspaces/rosgsthumble_ws/install/realsense2_camera_msgs/include/realsense2_camera_msgs/realsense2_camera_msgs/msg/rgbd.hpp\n'}
[10.949513] (realsense2_camera_msgs) StdoutLine: {'line': b'-- Up-to-date symlink: /root/Workspaces/rosgsthumble_ws/install/realsense2_camera_msgs/include/realsense2_camera_msgs/realsense2_camera_msgs/srv/detail/device_info__builder.hpp\n'}
[10.951337] (realsense2_camera_msgs) StdoutLine: {'line': b'-- Up-to-date symlink: /root/Workspaces/rosgsthumble_ws/install/realsense2_camera_msgs/include/realsense2_camera_msgs/realsense2_camera_msgs/srv/detail/device_info__struct.hpp\n'}
[10.953125] (realsense2_camera_msgs) StdoutLine: {'line': b'-- Up-to-date symlink: /root/Workspaces/rosgsthumble_ws/install/realsense2_camera_msgs/include/realsense2_camera_msgs/realsense2_camera_msgs/srv/detail/device_info__traits.hpp\n'}
[10.954871] (realsense2_camera_msgs) StdoutLine: {'line': b'-- Up-to-date symlink: /root/Workspaces/rosgsthumble_ws/install/realsense2_camera_msgs/include/realsense2_camera_msgs/realsense2_camera_msgs/srv/device_info.hpp\n'}
[10.959835] (realsense2_camera_msgs) StdoutLine: {'line': b'-- Up-to-date symlink: /root/Workspaces/rosgsthumble_ws/install/realsense2_camera_msgs/include/realsense2_camera_msgs/realsense2_camera_msgs/msg/detail/extrinsics__rosidl_typesupport_fastrtps_cpp.hpp\n'}
[10.961656] (realsense2_camera_msgs) StdoutLine: {'line': b'-- Up-to-date symlink: /root/Workspaces/rosgsthumble_ws/install/realsense2_camera_msgs/include/realsense2_camera_msgs/realsense2_camera_msgs/msg/detail/imu_info__rosidl_typesupport_fastrtps_cpp.hpp\n'}
[10.963408] (realsense2_camera_msgs) StdoutLine: {'line': b'-- Up-to-date symlink: /root/Workspaces/rosgsthumble_ws/install/realsense2_camera_msgs/include/realsense2_camera_msgs/realsense2_camera_msgs/msg/detail/metadata__rosidl_typesupport_fastrtps_cpp.hpp\n'}
[10.965286] (realsense2_camera_msgs) StdoutLine: {'line': b'-- Up-to-date symlink: /root/Workspaces/rosgsthumble_ws/install/realsense2_camera_msgs/include/realsense2_camera_msgs/realsense2_camera_msgs/msg/detail/rgbd__rosidl_typesupport_fastrtps_cpp.hpp\n'}
[10.965936] (image_geometry) StdoutLine: {'line': b'-- Install configuration: ""\n'}
[10.967606] (realsense2_camera_msgs) StdoutLine: {'line': b'-- Up-to-date symlink: /root/Workspaces/rosgsthumble_ws/install/realsense2_camera_msgs/include/realsense2_camera_msgs/realsense2_camera_msgs/msg/rosidl_typesupport_fastrtps_cpp__visibility_control.h\n'}
[10.969314] (realsense2_camera_msgs) StdoutLine: {'line': b'-- Up-to-date symlink: /root/Workspaces/rosgsthumble_ws/install/realsense2_camera_msgs/include/realsense2_camera_msgs/realsense2_camera_msgs/srv/detail/device_info__rosidl_typesupport_fastrtps_cpp.hpp\n'}
[10.972192] (image_geometry) StdoutLine: {'line': b'-- Execute custom install script\n'}
[10.973726] (realsense2_camera_msgs) StdoutLine: {'line': b'-- Up-to-date symlink: /root/Workspaces/rosgsthumble_ws/install/realsense2_camera_msgs/include/realsense2_camera_msgs/realsense2_camera_msgs/msg/detail/extrinsics__rosidl_typesupport_introspection_cpp.hpp\n'}
[10.975542] (realsense2_camera_msgs) StdoutLine: {'line': b'-- Up-to-date symlink: /root/Workspaces/rosgsthumble_ws/install/realsense2_camera_msgs/include/realsense2_camera_msgs/realsense2_camera_msgs/msg/detail/imu_info__rosidl_typesupport_introspection_cpp.hpp\n'}
[10.977264] (realsense2_camera_msgs) StdoutLine: {'line': b'-- Up-to-date symlink: /root/Workspaces/rosgsthumble_ws/install/realsense2_camera_msgs/include/realsense2_camera_msgs/realsense2_camera_msgs/msg/detail/metadata__rosidl_typesupport_introspection_cpp.hpp\n'}
[10.979052] (realsense2_camera_msgs) StdoutLine: {'line': b'-- Up-to-date symlink: /root/Workspaces/rosgsthumble_ws/install/realsense2_camera_msgs/include/realsense2_camera_msgs/realsense2_camera_msgs/msg/detail/rgbd__rosidl_typesupport_introspection_cpp.hpp\n'}
[10.980955] (realsense2_camera_msgs) StdoutLine: {'line': b'-- Up-to-date symlink: /root/Workspaces/rosgsthumble_ws/install/realsense2_camera_msgs/include/realsense2_camera_msgs/realsense2_camera_msgs/srv/detail/device_info__rosidl_typesupport_introspection_cpp.hpp\n'}
[10.982095] (image_geometry) StdoutLine: {'line': b'-- Up-to-date symlink: /root/Workspaces/rosgsthumble_ws/install/image_geometry/share/image_geometry/environment/pythonpath.sh\n'}
[10.983754] (realsense2_camera_msgs) StdoutLine: {'line': b'-- Up-to-date symlink: /root/Workspaces/rosgsthumble_ws/install/realsense2_camera_msgs/share/realsense2_camera_msgs/environment/pythonpath.sh\n'}
[10.985637] (realsense2_camera_msgs) StdoutLine: {'line': b'-- Up-to-date symlink: /root/Workspaces/rosgsthumble_ws/install/realsense2_camera_msgs/share/realsense2_camera_msgs/environment/pythonpath.dsv\n'}
[10.987151] (image_geometry) StdoutLine: {'line': b'-- Up-to-date symlink: /root/Workspaces/rosgsthumble_ws/install/image_geometry/share/image_geometry/environment/pythonpath.dsv\n'}
[10.989112] (realsense2_camera_msgs) StdoutLine: {'line': b'-- Up-to-date symlink: /root/Workspaces/rosgsthumble_ws/install/realsense2_camera_msgs/lib/python3.6/site-packages/realsense2_camera_msgs-4.55.1-py3.6.egg-info/PKG-INFO\n'}
[10.992113] (realsense2_camera_msgs) StdoutLine: {'line': b'-- Up-to-date symlink: /root/Workspaces/rosgsthumble_ws/install/realsense2_camera_msgs/lib/python3.6/site-packages/realsense2_camera_msgs-4.55.1-py3.6.egg-info/SOURCES.txt\n'}
[10.994031] (realsense2_camera_msgs) StdoutLine: {'line': b'-- Up-to-date symlink: /root/Workspaces/rosgsthumble_ws/install/realsense2_camera_msgs/lib/python3.6/site-packages/realsense2_camera_msgs-4.55.1-py3.6.egg-info/dependency_links.txt\n'}
[10.996138] (realsense2_camera_msgs) StdoutLine: {'line': b'-- Up-to-date symlink: /root/Workspaces/rosgsthumble_ws/install/realsense2_camera_msgs/lib/python3.6/site-packages/realsense2_camera_msgs-4.55.1-py3.6.egg-info/top_level.txt\n'}
[10.998702] (realsense2_camera_msgs) StdoutLine: {'line': b'-- Up-to-date symlink: /root/Workspaces/rosgsthumble_ws/install/realsense2_camera_msgs/lib/python3.6/site-packages/realsense2_camera_msgs/__init__.py\n'}
[11.000893] (realsense2_camera_msgs) StdoutLine: {'line': b'-- Up-to-date symlink: /root/Workspaces/rosgsthumble_ws/install/realsense2_camera_msgs/lib/python3.6/site-packages/realsense2_camera_msgs/_realsense2_camera_msgs_s.ep.rosidl_typesupport_c.c\n'}
[11.002048] (realsense2_camera_msgs) StdoutLine: {'line': b'-- Up-to-date symlink: /root/Workspaces/rosgsthumble_ws/install/realsense2_camera_msgs/lib/python3.6/site-packages/realsense2_camera_msgs/_realsense2_camera_msgs_s.ep.rosidl_typesupport_fastrtps_c.c\n'}
[11.002532] (-) TimerEvent: {}
[11.003984] (realsense2_camera_msgs) StdoutLine: {'line': b'-- Up-to-date symlink: /root/Workspaces/rosgsthumble_ws/install/realsense2_camera_msgs/lib/python3.6/site-packages/realsense2_camera_msgs/_realsense2_camera_msgs_s.ep.rosidl_typesupport_introspection_c.c\n'}
[11.006836] (realsense2_camera_msgs) StdoutLine: {'line': b'-- Up-to-date symlink: /root/Workspaces/rosgsthumble_ws/install/realsense2_camera_msgs/lib/python3.6/site-packages/realsense2_camera_msgs/librealsense2_camera_msgs__rosidl_generator_py.so\n'}
[11.010294] (realsense2_camera_msgs) StdoutLine: {'line': b'-- Up-to-date symlink: /root/Workspaces/rosgsthumble_ws/install/realsense2_camera_msgs/lib/python3.6/site-packages/realsense2_camera_msgs/msg/__init__.py\n'}
[11.010972] (realsense2_camera_msgs) StdoutLine: {'line': b'-- Up-to-date symlink: /root/Workspaces/rosgsthumble_ws/install/realsense2_camera_msgs/lib/python3.6/site-packages/realsense2_camera_msgs/msg/_extrinsics.py\n'}
[11.011532] (image_geometry) StdoutLine: {'line': b'-- Up-to-date symlink: /root/Workspaces/rosgsthumble_ws/install/image_geometry/lib/python3.6/site-packages/image_geometry-3.2.1-py3.6.egg-info/PKG-INFO\n'}
[11.012084] (image_geometry) StdoutLine: {'line': b'-- Up-to-date symlink: /root/Workspaces/rosgsthumble_ws/install/image_geometry/lib/python3.6/site-packages/image_geometry-3.2.1-py3.6.egg-info/SOURCES.txt\n'}
[11.012566] (image_geometry) StdoutLine: {'line': b'-- Up-to-date symlink: /root/Workspaces/rosgsthumble_ws/install/image_geometry/lib/python3.6/site-packages/image_geometry-3.2.1-py3.6.egg-info/dependency_links.txt\n'}
[11.013051] (realsense2_camera_msgs) StdoutLine: {'line': b'-- Up-to-date symlink: /root/Workspaces/rosgsthumble_ws/install/realsense2_camera_msgs/lib/python3.6/site-packages/realsense2_camera_msgs/msg/_extrinsics_s.c\n'}
[11.013549] (realsense2_camera_msgs) StdoutLine: {'line': b'-- Up-to-date symlink: /root/Workspaces/rosgsthumble_ws/install/realsense2_camera_msgs/lib/python3.6/site-packages/realsense2_camera_msgs/msg/_imu_info.py\n'}
[11.021304] (realsense2_camera_msgs) StdoutLine: {'line': b'-- Up-to-date symlink: /root/Workspaces/rosgsthumble_ws/install/realsense2_camera_msgs/lib/python3.6/site-packages/realsense2_camera_msgs/msg/_imu_info_s.c\n'}
[11.022006] (realsense2_camera_msgs) StdoutLine: {'line': b'-- Up-to-date symlink: /root/Workspaces/rosgsthumble_ws/install/realsense2_camera_msgs/lib/python3.6/site-packages/realsense2_camera_msgs/msg/_metadata.py\n'}
[11.022491] (realsense2_camera_msgs) StdoutLine: {'line': b'-- Up-to-date symlink: /root/Workspaces/rosgsthumble_ws/install/realsense2_camera_msgs/lib/python3.6/site-packages/realsense2_camera_msgs/msg/_metadata_s.c\n'}
[11.023076] (realsense2_camera_msgs) StdoutLine: {'line': b'-- Up-to-date symlink: /root/Workspaces/rosgsthumble_ws/install/realsense2_camera_msgs/lib/python3.6/site-packages/realsense2_camera_msgs/msg/_rgbd.py\n'}
[11.023545] (image_geometry) StdoutLine: {'line': b'-- Up-to-date symlink: /root/Workspaces/rosgsthumble_ws/install/image_geometry/lib/python3.6/site-packages/image_geometry-3.2.1-py3.6.egg-info/top_level.txt\n'}
[11.024009] (realsense2_camera_msgs) StdoutLine: {'line': b'-- Up-to-date symlink: /root/Workspaces/rosgsthumble_ws/install/realsense2_camera_msgs/lib/python3.6/site-packages/realsense2_camera_msgs/msg/_rgbd_s.c\n'}
[11.024457] (realsense2_camera_msgs) StdoutLine: {'line': b'-- Up-to-date symlink: /root/Workspaces/rosgsthumble_ws/install/realsense2_camera_msgs/lib/python3.6/site-packages/realsense2_camera_msgs/realsense2_camera_msgs_s__rosidl_typesupport_c.cpython-36m-aarch64-linux-gnu.so\n'}
[11.024907] (realsense2_camera_msgs) StdoutLine: {'line': b'-- Up-to-date symlink: /root/Workspaces/rosgsthumble_ws/install/realsense2_camera_msgs/lib/python3.6/site-packages/realsense2_camera_msgs/realsense2_camera_msgs_s__rosidl_typesupport_fastrtps_c.cpython-36m-aarch64-linux-gnu.so\n'}
[11.025369] (realsense2_camera_msgs) StdoutLine: {'line': b'-- Up-to-date symlink: /root/Workspaces/rosgsthumble_ws/install/realsense2_camera_msgs/lib/python3.6/site-packages/realsense2_camera_msgs/realsense2_camera_msgs_s__rosidl_typesupport_introspection_c.cpython-36m-aarch64-linux-gnu.so\n'}
[11.025820] (realsense2_camera_msgs) StdoutLine: {'line': b'-- Up-to-date symlink: /root/Workspaces/rosgsthumble_ws/install/realsense2_camera_msgs/lib/python3.6/site-packages/realsense2_camera_msgs/srv/__init__.py\n'}
[11.026273] (realsense2_camera_msgs) StdoutLine: {'line': b'-- Up-to-date symlink: /root/Workspaces/rosgsthumble_ws/install/realsense2_camera_msgs/lib/python3.6/site-packages/realsense2_camera_msgs/srv/_device_info.py\n'}
[11.028145] (realsense2_camera_msgs) StdoutLine: {'line': b'-- Up-to-date symlink: /root/Workspaces/rosgsthumble_ws/install/realsense2_camera_msgs/lib/python3.6/site-packages/realsense2_camera_msgs/srv/_device_info_s.c\n'}
[11.030647] (realsense2_camera_msgs) StdoutLine: {'line': b'-- Up-to-date symlink: /root/Workspaces/rosgsthumble_ws/install/realsense2_camera_msgs/lib/python3.6/site-packages/realsense2_camera_msgs/realsense2_camera_msgs_s__rosidl_typesupport_fastrtps_c.cpython-36m-aarch64-linux-gnu.so\n'}
[11.032845] (realsense2_camera_msgs) StdoutLine: {'line': b'-- Up-to-date symlink: /root/Workspaces/rosgsthumble_ws/install/realsense2_camera_msgs/lib/python3.6/site-packages/realsense2_camera_msgs/realsense2_camera_msgs_s__rosidl_typesupport_introspection_c.cpython-36m-aarch64-linux-gnu.so\n'}
[11.034110] (image_geometry) StdoutLine: {'line': b'-- Up-to-date symlink: /root/Workspaces/rosgsthumble_ws/install/image_geometry/lib/python3.6/site-packages/image_geometry/__init__.py\n'}
[11.037113] (image_geometry) StdoutLine: {'line': b'-- Up-to-date symlink: /root/Workspaces/rosgsthumble_ws/install/image_geometry/lib/python3.6/site-packages/image_geometry/cameramodels.py\n'}
[11.037800] (realsense2_camera_msgs) StdoutLine: {'line': b'-- Up-to-date symlink: /root/Workspaces/rosgsthumble_ws/install/realsense2_camera_msgs/lib/python3.6/site-packages/realsense2_camera_msgs/realsense2_camera_msgs_s__rosidl_typesupport_c.cpython-36m-aarch64-linux-gnu.so\n'}
[11.039576] (image_geometry) StdoutLine: {'line': b'-- Up-to-date symlink: /root/Workspaces/rosgsthumble_ws/install/image_geometry/include/image_geometry/image_geometry/pinhole_camera_model.h\n'}
[11.040157] (image_geometry) StdoutLine: {'line': b'-- Up-to-date symlink: /root/Workspaces/rosgsthumble_ws/install/image_geometry/include/image_geometry/image_geometry/stereo_camera_model.h\n'}
[11.041978] (realsense2_camera_msgs) StdoutLine: {'line': b'-- Up-to-date symlink: /root/Workspaces/rosgsthumble_ws/install/realsense2_camera_msgs/share/realsense2_camera_msgs/msg/IMUInfo.idl\n'}
[11.043764] (image_geometry) StdoutLine: {'line': b'-- Up-to-date symlink: /root/Workspaces/rosgsthumble_ws/install/image_geometry/include/image_geometry/image_geometry/visibility_control.hpp\n'}
[11.044444] (realsense2_camera_msgs) StdoutLine: {'line': b'-- Up-to-date symlink: /root/Workspaces/rosgsthumble_ws/install/realsense2_camera_msgs/share/realsense2_camera_msgs/msg/Extrinsics.idl\n'}
[11.044972] (image_geometry) StdoutLine: {'line': b'-- Up-to-date symlink: /root/Workspaces/rosgsthumble_ws/install/image_geometry/share/ament_index/resource_index/package_run_dependencies/image_geometry\n'}
[11.045445] (image_geometry) StdoutLine: {'line': b'-- Up-to-date symlink: /root/Workspaces/rosgsthumble_ws/install/image_geometry/share/ament_index/resource_index/parent_prefix_path/image_geometry\n'}
[11.048252] (realsense2_camera_msgs) StdoutLine: {'line': b'-- Up-to-date symlink: /root/Workspaces/rosgsthumble_ws/install/realsense2_camera_msgs/share/realsense2_camera_msgs/msg/Metadata.idl\n'}
[11.048832] (realsense2_camera_msgs) StdoutLine: {'line': b'-- Up-to-date symlink: /root/Workspaces/rosgsthumble_ws/install/realsense2_camera_msgs/share/realsense2_camera_msgs/msg/RGBD.idl\n'}
[11.050450] (realsense2_camera_msgs) StdoutLine: {'line': b'-- Up-to-date symlink: /root/Workspaces/rosgsthumble_ws/install/realsense2_camera_msgs/share/realsense2_camera_msgs/srv/DeviceInfo.idl\n'}
[11.052218] (realsense2_camera_msgs) StdoutLine: {'line': b'-- Up-to-date symlink: /root/Workspaces/rosgsthumble_ws/install/realsense2_camera_msgs/share/realsense2_camera_msgs/msg/IMUInfo.msg\n'}
[11.054061] (realsense2_camera_msgs) StdoutLine: {'line': b'-- Up-to-date symlink: /root/Workspaces/rosgsthumble_ws/install/realsense2_camera_msgs/share/realsense2_camera_msgs/msg/Extrinsics.msg\n'}
[11.054926] (realsense2_camera_msgs) StdoutLine: {'line': b'-- Up-to-date symlink: /root/Workspaces/rosgsthumble_ws/install/realsense2_camera_msgs/share/realsense2_camera_msgs/msg/Metadata.msg\n'}
[11.056835] (realsense2_camera_msgs) StdoutLine: {'line': b'-- Up-to-date symlink: /root/Workspaces/rosgsthumble_ws/install/realsense2_camera_msgs/share/realsense2_camera_msgs/msg/RGBD.msg\n'}
[11.058825] (realsense2_camera_msgs) StdoutLine: {'line': b'-- Up-to-date symlink: /root/Workspaces/rosgsthumble_ws/install/realsense2_camera_msgs/share/realsense2_camera_msgs/srv/DeviceInfo.srv\n'}
[11.060694] (image_geometry) StdoutLine: {'line': b'-- Up-to-date symlink: /root/Workspaces/rosgsthumble_ws/install/image_geometry/share/image_geometry/environment/ament_prefix_path.sh\n'}
[11.061284] (image_geometry) StdoutLine: {'line': b'-- Up-to-date symlink: /root/Workspaces/rosgsthumble_ws/install/image_geometry/share/image_geometry/environment/ament_prefix_path.dsv\n'}
[11.063064] (realsense2_camera_msgs) StdoutLine: {'line': b'-- Up-to-date symlink: /root/Workspaces/rosgsthumble_ws/install/realsense2_camera_msgs/share/realsense2_camera_msgs/srv/DeviceInfo_Request.msg\n'}
[11.064642] (realsense2_camera_msgs) StdoutLine: {'line': b'-- Up-to-date symlink: /root/Workspaces/rosgsthumble_ws/install/realsense2_camera_msgs/share/realsense2_camera_msgs/srv/DeviceInfo_Response.msg\n'}
[11.066515] (realsense2_camera_msgs) StdoutLine: {'line': b'-- Up-to-date symlink: /root/Workspaces/rosgsthumble_ws/install/realsense2_camera_msgs/share/ament_index/resource_index/package_run_dependencies/realsense2_camera_msgs\n'}
[11.069288] (image_geometry) StdoutLine: {'line': b'-- Up-to-date symlink: /root/Workspaces/rosgsthumble_ws/install/image_geometry/share/image_geometry/environment/path.sh\n'}
[11.069932] (realsense2_camera_msgs) StdoutLine: {'line': b'-- Up-to-date symlink: /root/Workspaces/rosgsthumble_ws/install/realsense2_camera_msgs/share/ament_index/resource_index/parent_prefix_path/realsense2_camera_msgs\n'}
[11.070494] (image_geometry) StdoutLine: {'line': b'-- Up-to-date symlink: /root/Workspaces/rosgsthumble_ws/install/image_geometry/share/image_geometry/environment/path.dsv\n'}
[11.071443] (realsense2_camera_msgs) StdoutLine: {'line': b'-- Up-to-date symlink: /root/Workspaces/rosgsthumble_ws/install/realsense2_camera_msgs/share/realsense2_camera_msgs/environment/ament_prefix_path.sh\n'}
[11.073239] (realsense2_camera_msgs) StdoutLine: {'line': b'-- Up-to-date symlink: /root/Workspaces/rosgsthumble_ws/install/realsense2_camera_msgs/share/realsense2_camera_msgs/environment/ament_prefix_path.dsv\n'}
[11.074185] (image_geometry) StdoutLine: {'line': b'-- Up-to-date symlink: /root/Workspaces/rosgsthumble_ws/install/image_geometry/share/image_geometry/local_setup.bash\n'}
[11.076135] (realsense2_camera_msgs) StdoutLine: {'line': b'-- Up-to-date symlink: /root/Workspaces/rosgsthumble_ws/install/realsense2_camera_msgs/share/realsense2_camera_msgs/environment/path.sh\n'}
[11.078005] (realsense2_camera_msgs) StdoutLine: {'line': b'-- Up-to-date symlink: /root/Workspaces/rosgsthumble_ws/install/realsense2_camera_msgs/share/realsense2_camera_msgs/environment/path.dsv\n'}
[11.079869] (realsense2_camera_msgs) StdoutLine: {'line': b'-- Up-to-date symlink: /root/Workspaces/rosgsthumble_ws/install/realsense2_camera_msgs/share/realsense2_camera_msgs/local_setup.bash\n'}
[11.082455] (image_geometry) StdoutLine: {'line': b'-- Up-to-date symlink: /root/Workspaces/rosgsthumble_ws/install/image_geometry/share/image_geometry/local_setup.sh\n'}
[11.083182] (image_geometry) StdoutLine: {'line': b'-- Up-to-date symlink: /root/Workspaces/rosgsthumble_ws/install/image_geometry/share/image_geometry/local_setup.zsh\n'}
[11.083858] (realsense2_camera_msgs) StdoutLine: {'line': b'-- Up-to-date symlink: /root/Workspaces/rosgsthumble_ws/install/realsense2_camera_msgs/share/realsense2_camera_msgs/local_setup.sh\n'}
[11.086978] (image_geometry) StdoutLine: {'line': b'-- Up-to-date symlink: /root/Workspaces/rosgsthumble_ws/install/image_geometry/share/image_geometry/local_setup.dsv\n'}
[11.089083] (image_geometry) StdoutLine: {'line': b'-- Symlinking: /root/Workspaces/rosgsthumble_ws/install/image_geometry/share/image_geometry/package.dsv\n'}
[11.091777] (realsense2_camera_msgs) StdoutLine: {'line': b'-- Up-to-date symlink: /root/Workspaces/rosgsthumble_ws/install/realsense2_camera_msgs/share/realsense2_camera_msgs/local_setup.zsh\n'}
[11.096703] (realsense2_camera_msgs) StdoutLine: {'line': b'-- Up-to-date symlink: /root/Workspaces/rosgsthumble_ws/install/realsense2_camera_msgs/share/realsense2_camera_msgs/local_setup.dsv\n'}
[11.098750] (realsense2_camera_msgs) StdoutLine: {'line': b'-- Symlinking: /root/Workspaces/rosgsthumble_ws/install/realsense2_camera_msgs/share/realsense2_camera_msgs/package.dsv\n'}
[11.112851] (realsense2_camera_msgs) StdoutLine: {'line': b'-- Up-to-date symlink: /root/Workspaces/rosgsthumble_ws/install/realsense2_camera_msgs/share/ament_index/resource_index/packages/realsense2_camera_msgs\n'}
[11.113641] (-) TimerEvent: {}
[11.115774] (realsense2_camera_msgs) StdoutLine: {'line': b'-- Up-to-date symlink: /root/Workspaces/rosgsthumble_ws/install/realsense2_camera_msgs/share/realsense2_camera_msgs/cmake/rosidl_cmake-extras.cmake\n'}
[11.117698] (realsense2_camera_msgs) StdoutLine: {'line': b'-- Up-to-date symlink: /root/Workspaces/rosgsthumble_ws/install/realsense2_camera_msgs/share/realsense2_camera_msgs/cmake/ament_cmake_export_dependencies-extras.cmake\n'}
[11.118297] (realsense2_camera_msgs) StdoutLine: {'line': b'-- Up-to-date symlink: /root/Workspaces/rosgsthumble_ws/install/realsense2_camera_msgs/share/realsense2_camera_msgs/cmake/ament_cmake_export_include_directories-extras.cmake\n'}
[11.121106] (realsense2_camera_msgs) StdoutLine: {'line': b'-- Up-to-date symlink: /root/Workspaces/rosgsthumble_ws/install/realsense2_camera_msgs/share/realsense2_camera_msgs/cmake/ament_cmake_export_libraries-extras.cmake\n'}
[11.121714] (realsense2_camera_msgs) StdoutLine: {'line': b'-- Up-to-date symlink: /root/Workspaces/rosgsthumble_ws/install/realsense2_camera_msgs/share/realsense2_camera_msgs/cmake/ament_cmake_export_targets-extras.cmake\n'}
[11.122284] (realsense2_camera_msgs) StdoutLine: {'line': b'-- Up-to-date symlink: /root/Workspaces/rosgsthumble_ws/install/realsense2_camera_msgs/share/realsense2_camera_msgs/cmake/rosidl_cmake_export_typesupport_targets-extras.cmake\n'}
[11.122871] (realsense2_camera_msgs) StdoutLine: {'line': b'-- Up-to-date symlink: /root/Workspaces/rosgsthumble_ws/install/realsense2_camera_msgs/share/realsense2_camera_msgs/cmake/rosidl_cmake_export_typesupport_libraries-extras.cmake\n'}
[11.123379] (realsense2_camera_msgs) StdoutLine: {'line': b'-- Up-to-date symlink: /root/Workspaces/rosgsthumble_ws/install/realsense2_camera_msgs/share/realsense2_camera_msgs/cmake/realsense2_camera_msgsConfig.cmake\n'}
[11.123858] (image_geometry) StdoutLine: {'line': b'-- Up-to-date symlink: /root/Workspaces/rosgsthumble_ws/install/image_geometry/share/ament_index/resource_index/packages/image_geometry\n'}
[11.124327] (realsense2_camera_msgs) StdoutLine: {'line': b'-- Up-to-date symlink: /root/Workspaces/rosgsthumble_ws/install/realsense2_camera_msgs/share/realsense2_camera_msgs/cmake/realsense2_camera_msgsConfig-version.cmake\n'}
[11.124786] (realsense2_camera_msgs) StdoutLine: {'line': b'-- Up-to-date symlink: /root/Workspaces/rosgsthumble_ws/install/realsense2_camera_msgs/share/realsense2_camera_msgs/package.xml\n'}
[11.125240] (image_geometry) StdoutLine: {'line': b'-- Up-to-date symlink: /root/Workspaces/rosgsthumble_ws/install/image_geometry/share/image_geometry/cmake/ament_cmake_export_targets-extras.cmake\n'}
[11.125694] (image_geometry) StdoutLine: {'line': b'-- Up-to-date symlink: /root/Workspaces/rosgsthumble_ws/install/image_geometry/share/image_geometry/cmake/ament_cmake_export_dependencies-extras.cmake\n'}
[11.126182] (image_geometry) StdoutLine: {'line': b'-- Up-to-date symlink: /root/Workspaces/rosgsthumble_ws/install/image_geometry/share/image_geometry/cmake/image_geometryConfig.cmake\n'}
[11.126732] (image_geometry) StdoutLine: {'line': b'-- Up-to-date symlink: /root/Workspaces/rosgsthumble_ws/install/image_geometry/share/image_geometry/cmake/image_geometryConfig-version.cmake\n'}
[11.127274] (realsense2_camera_msgs) StdoutLine: {'line': b'-- Up-to-date: /root/Workspaces/rosgsthumble_ws/install/realsense2_camera_msgs/lib/librealsense2_camera_msgs__rosidl_generator_c.so\n'}
[11.132218] (realsense2_camera_msgs) StdoutLine: {'line': b'-- Up-to-date: /root/Workspaces/rosgsthumble_ws/install/realsense2_camera_msgs/lib/librealsense2_camera_msgs__rosidl_typesupport_fastrtps_c.so\n'}
[11.137448] (realsense2_camera_msgs) StdoutLine: {'line': b'-- Up-to-date: /root/Workspaces/rosgsthumble_ws/install/realsense2_camera_msgs/lib/librealsense2_camera_msgs__rosidl_typesupport_introspection_c.so\n'}
[11.139278] (realsense2_camera_msgs) StdoutLine: {'line': b'-- Up-to-date: /root/Workspaces/rosgsthumble_ws/install/realsense2_camera_msgs/lib/librealsense2_camera_msgs__rosidl_typesupport_c.so\n'}
[11.139930] (realsense2_camera_msgs) StdoutLine: {'line': b'-- Up-to-date: /root/Workspaces/rosgsthumble_ws/install/realsense2_camera_msgs/lib/librealsense2_camera_msgs__rosidl_typesupport_fastrtps_cpp.so\n'}
[11.140506] (realsense2_camera_msgs) StdoutLine: {'line': b'-- Up-to-date: /root/Workspaces/rosgsthumble_ws/install/realsense2_camera_msgs/lib/librealsense2_camera_msgs__rosidl_typesupport_introspection_cpp.so\n'}
[11.143961] (image_geometry) StdoutLine: {'line': b'-- Up-to-date symlink: /root/Workspaces/rosgsthumble_ws/install/image_geometry/share/image_geometry/package.xml\n'}
[11.144571] (realsense2_camera_msgs) StdoutLine: {'line': b'-- Up-to-date: /root/Workspaces/rosgsthumble_ws/install/realsense2_camera_msgs/lib/librealsense2_camera_msgs__rosidl_typesupport_cpp.so\n'}
[11.213844] (-) TimerEvent: {}
[11.314989] (-) TimerEvent: {}
[11.344017] (realsense2_camera_msgs) StdoutLine: {'line': b"Listing '/root/Workspaces/rosgsthumble_ws/install/realsense2_camera_msgs/lib/python3.6/site-packages/realsense2_camera_msgs'...\n"}
[11.346419] (realsense2_camera_msgs) StdoutLine: {'line': b"Listing '/root/Workspaces/rosgsthumble_ws/install/realsense2_camera_msgs/lib/python3.6/site-packages/realsense2_camera_msgs/msg'...\n"}
[11.348741] (realsense2_camera_msgs) StdoutLine: {'line': b"Listing '/root/Workspaces/rosgsthumble_ws/install/realsense2_camera_msgs/lib/python3.6/site-packages/realsense2_camera_msgs/srv'...\n"}
[11.371875] (realsense2_camera_msgs) StdoutLine: {'line': b'-- Up-to-date: /root/Workspaces/rosgsthumble_ws/install/realsense2_camera_msgs/lib/librealsense2_camera_msgs__rosidl_generator_py.so\n'}
[11.375180] (realsense2_camera_msgs) StdoutLine: {'line': b'-- Up-to-date: /root/Workspaces/rosgsthumble_ws/install/realsense2_camera_msgs/share/realsense2_camera_msgs/cmake/export_realsense2_camera_msgs__rosidl_generator_cExport.cmake\n'}
[11.377221] (realsense2_camera_msgs) StdoutLine: {'line': b'-- Up-to-date: /root/Workspaces/rosgsthumble_ws/install/realsense2_camera_msgs/share/realsense2_camera_msgs/cmake/export_realsense2_camera_msgs__rosidl_generator_cExport-noconfig.cmake\n'}
[11.379857] (realsense2_camera_msgs) StdoutLine: {'line': b'-- Up-to-date: /root/Workspaces/rosgsthumble_ws/install/realsense2_camera_msgs/share/realsense2_camera_msgs/cmake/export_realsense2_camera_msgs__rosidl_typesupport_fastrtps_cExport.cmake\n'}
[11.381968] (realsense2_camera_msgs) StdoutLine: {'line': b'-- Up-to-date: /root/Workspaces/rosgsthumble_ws/install/realsense2_camera_msgs/share/realsense2_camera_msgs/cmake/export_realsense2_camera_msgs__rosidl_typesupport_fastrtps_cExport-noconfig.cmake\n'}
[11.384409] (realsense2_camera_msgs) StdoutLine: {'line': b'-- Up-to-date: /root/Workspaces/rosgsthumble_ws/install/realsense2_camera_msgs/share/realsense2_camera_msgs/cmake/realsense2_camera_msgs__rosidl_typesupport_introspection_cExport.cmake\n'}
[11.385908] (image_geometry) StdoutLine: {'line': b"Listing '/root/Workspaces/rosgsthumble_ws/install/image_geometry/lib/python3.6/site-packages/image_geometry'...\n"}
[11.389222] (realsense2_camera_msgs) StdoutLine: {'line': b'-- Up-to-date: /root/Workspaces/rosgsthumble_ws/install/realsense2_camera_msgs/share/realsense2_camera_msgs/cmake/realsense2_camera_msgs__rosidl_typesupport_introspection_cExport-noconfig.cmake\n'}
[11.393355] (realsense2_camera_msgs) StdoutLine: {'line': b'-- Up-to-date: /root/Workspaces/rosgsthumble_ws/install/realsense2_camera_msgs/share/realsense2_camera_msgs/cmake/realsense2_camera_msgs__rosidl_typesupport_cExport.cmake\n'}
[11.397240] (realsense2_camera_msgs) StdoutLine: {'line': b'-- Up-to-date: /root/Workspaces/rosgsthumble_ws/install/realsense2_camera_msgs/share/realsense2_camera_msgs/cmake/realsense2_camera_msgs__rosidl_typesupport_cExport-noconfig.cmake\n'}
[11.399493] (realsense2_camera_msgs) StdoutLine: {'line': b'-- Up-to-date: /root/Workspaces/rosgsthumble_ws/install/realsense2_camera_msgs/share/realsense2_camera_msgs/cmake/export_realsense2_camera_msgs__rosidl_generator_cppExport.cmake\n'}
[11.401644] (realsense2_camera_msgs) StdoutLine: {'line': b'-- Up-to-date: /root/Workspaces/rosgsthumble_ws/install/realsense2_camera_msgs/share/realsense2_camera_msgs/cmake/export_realsense2_camera_msgs__rosidl_typesupport_fastrtps_cppExport.cmake\n'}
[11.403632] (realsense2_camera_msgs) StdoutLine: {'line': b'-- Up-to-date: /root/Workspaces/rosgsthumble_ws/install/realsense2_camera_msgs/share/realsense2_camera_msgs/cmake/export_realsense2_camera_msgs__rosidl_typesupport_fastrtps_cppExport-noconfig.cmake\n'}
[11.405821] (realsense2_camera_msgs) StdoutLine: {'line': b'-- Up-to-date: /root/Workspaces/rosgsthumble_ws/install/realsense2_camera_msgs/share/realsense2_camera_msgs/cmake/realsense2_camera_msgs__rosidl_typesupport_introspection_cppExport.cmake\n'}
[11.410179] (realsense2_camera_msgs) StdoutLine: {'line': b'-- Up-to-date: /root/Workspaces/rosgsthumble_ws/install/realsense2_camera_msgs/share/realsense2_camera_msgs/cmake/realsense2_camera_msgs__rosidl_typesupport_introspection_cppExport-noconfig.cmake\n'}
[11.411271] (realsense2_camera_msgs) StdoutLine: {'line': b'-- Up-to-date: /root/Workspaces/rosgsthumble_ws/install/realsense2_camera_msgs/share/realsense2_camera_msgs/cmake/realsense2_camera_msgs__rosidl_typesupport_cppExport.cmake\n'}
[11.411935] (realsense2_camera_msgs) StdoutLine: {'line': b'-- Up-to-date: /root/Workspaces/rosgsthumble_ws/install/realsense2_camera_msgs/share/realsense2_camera_msgs/cmake/realsense2_camera_msgs__rosidl_typesupport_cppExport-noconfig.cmake\n'}
[11.415077] (-) TimerEvent: {}
[11.425568] (image_geometry) StdoutLine: {'line': b'-- Up-to-date: /root/Workspaces/rosgsthumble_ws/install/image_geometry/lib/libimage_geometry.so\n'}
[11.428134] (image_geometry) StdoutLine: {'line': b'-- Up-to-date: /root/Workspaces/rosgsthumble_ws/install/image_geometry/share/image_geometry/cmake/export_image_geometryExport.cmake\n'}
[11.430516] (image_geometry) StdoutLine: {'line': b'-- Up-to-date: /root/Workspaces/rosgsthumble_ws/install/image_geometry/share/image_geometry/cmake/export_image_geometryExport-noconfig.cmake\n'}
[11.434988] (realsense2_camera_msgs) StdoutLine: {'line': b'-- Up-to-date: /root/Workspaces/rosgsthumble_ws/install/realsense2_camera_msgs/share/realsense2_camera_msgs/cmake/export_realsense2_camera_msgs__rosidl_generator_pyExport.cmake\n'}
[11.439702] (realsense2_camera_msgs) StdoutLine: {'line': b'-- Up-to-date: /root/Workspaces/rosgsthumble_ws/install/realsense2_camera_msgs/share/realsense2_camera_msgs/cmake/export_realsense2_camera_msgs__rosidl_generator_pyExport-noconfig.cmake\n'}
[11.441995] (diagnostic_common_diagnostics) StdoutLine: {'line': b'Built target ament_cmake_python_symlink_diagnostic_common_diagnostics\n'}
[11.478563] (image_geometry) CommandEnded: {'returncode': 0}
[11.520375] (-) TimerEvent: {}
[11.627662] (-) TimerEvent: {}
[11.735027] (-) TimerEvent: {}
[11.793886] (xacro) StdoutLine: {'line': b'running install_scripts\n'}
[11.812262] (realsense2_camera_msgs) CommandEnded: {'returncode': 0}
[11.815586] (xacro) StdoutLine: {'line': b'running egg_info\n'}
[11.816542] (xacro) StdoutLine: {'line': b'writing xacro.egg-info/PKG-INFO\n'}
[11.817198] (xacro) StdoutLine: {'line': b'writing dependency_links to xacro.egg-info/dependency_links.txt\n'}
[11.817749] (xacro) StderrLine: {'line': b'/usr/local/lib/python3.6/dist-packages/setuptools/command/install.py:37: SetuptoolsDeprecationWarning: setup.py install is deprecated. Use build and pip and other standards-based tools.\n'}
[11.818404] (xacro) StderrLine: {'line': b'  setuptools.SetuptoolsDeprecationWarning,\n'}
[11.819049] (xacro) StdoutLine: {'line': b'writing entry points to xacro.egg-info/entry_points.txt\n'}
[11.819570] (xacro) StdoutLine: {'line': b'writing top-level names to xacro.egg-info/top_level.txt\n'}
[11.840323] (-) TimerEvent: {}
[11.850490] (xacro) StdoutLine: {'line': b"reading manifest file 'xacro.egg-info/SOURCES.txt'\n"}
[11.872162] (xacro) StdoutLine: {'line': b"writing manifest file 'xacro.egg-info/SOURCES.txt'\n"}
[11.945679] (-) TimerEvent: {}
[11.980750] (xacro) StdoutLine: {'line': b'running egg_info\n'}
[12.002863] (xacro) StdoutLine: {'line': b'writing xacro.egg-info/PKG-INFO\n'}
[12.003532] (xacro) StdoutLine: {'line': b'writing dependency_links to xacro.egg-info/dependency_links.txt\n'}
[12.004121] (xacro) StdoutLine: {'line': b'writing entry points to xacro.egg-info/entry_points.txt\n'}
[12.004684] (xacro) StdoutLine: {'line': b'Built target ament_cmake_python_build_xacro_egg\n'}
[12.005218] (xacro) StdoutLine: {'line': b'writing top-level names to xacro.egg-info/top_level.txt\n'}
[12.005753] (xacro) StdoutLine: {'line': b"reading manifest file 'xacro.egg-info/SOURCES.txt'\n"}
[12.006294] (xacro) StdoutLine: {'line': b"writing manifest file 'xacro.egg-info/SOURCES.txt'\n"}
[12.006958] (xacro) StdoutLine: {'line': b'Installing xacro script to scripts\n'}
[12.050971] (-) TimerEvent: {}
[12.140515] (xacro) StdoutLine: {'line': b'Built target ament_cmake_python_build_xacro_scripts\n'}
[12.158026] (-) TimerEvent: {}
[12.231052] (xacro) CommandEnded: {'returncode': 0}
[12.263366] (-) TimerEvent: {}
[12.371179] (-) TimerEvent: {}
[12.478890] (-) TimerEvent: {}
[12.577058] (image_geometry) JobEnded: {'identifier': 'image_geometry', 'rc': 0}
[12.614140] (-) TimerEvent: {}
[12.627260] (gst_pipeline) JobStarted: {'identifier': 'gst_pipeline'}
[12.717481] (-) TimerEvent: {}
[12.737607] (xacro) JobProgress: {'identifier': 'xacro', 'progress': 'install'}
[12.739089] (xacro) Command: {'cmd': ['/usr/local/bin/cmake', '--install', '/root/Workspaces/rosgsthumble_ws/build/xacro'], 'cwd': '/root/Workspaces/rosgsthumble_ws/build/xacro', 'env': OrderedDict([('OPENBLAS_CORETYPE', 'ARMV8'), ('PYTHONIOENCODING', 'utf-8'), ('HOSTNAME', 'nano'), ('LD_LIBRARY_PATH', '/root/Workspaces/rosgsthumble_ws/install/realsense2_camera/lib:/root/Workspaces/rosgsthumble_ws/install/realsense2_camera_msgs/lib:/root/Workspaces/rosgsthumble_ws/install/image_geometry/lib:/root/Workspaces/rosgsthumble_ws/install/gst_pipeline_plugins/lib:/root/Workspaces/rosgsthumble_ws/install/gst_pipeline/lib:/root/Workspaces/rosgsthumble_ws/install/gst_msgs/lib:/root/Workspaces/rosgsthumble_ws/install/gst_bridge/lib:/root/Workspaces/rosgsthumble_ws/install/diagnostic_updater/lib:/root/Workspaces/rosgsthumble_ws/install/cv_bridge/lib:/root/Workspaces/rosgsthumble_ws/install/audio_msgs/lib:/opt/ros/humble/install/opt/rviz_ogre_vendor/lib:/opt/ros/humble/install/lib:/usr/local/cuda-10.2/targets/aarch64-linux/lib:'), ('SHLVL', '1'), ('OLDPWD', '/root/Workspaces'), ('HOME', '/root'), ('ROS_PYTHON_VERSION', '3'), ('COLCON_PREFIX_PATH', '/opt/ros/humble/install:/root/Workspaces/rosgsthumble_ws/install'), ('ROS_DISTRO', 'humble'), ('PULSE_SERVER', 'unix:/run/user/1000/pulse/native'), ('_', '/usr/bin/colcon'), ('ROS_VERSION', '2'), ('NVIDIA_DRIVER_CAPABILITIES', 'compute,utility,graphics'), ('PKG_CONFIG_PATH', '/opt/ros/humble/install/lib/aarch64-linux-gnu/pkgconfig:/opt/ros/humble/install/lib/pkgconfig'), ('TERM', 'xterm'), ('ROS_LOCALHOST_ONLY', '0'), ('PATH', '/root/Workspaces/rosgsthumble_ws/install/xacro/bin:/opt/ros/humble/install/bin:/usr/local/cuda-10.2/bin:/usr/local/cuda/bin:/usr/local/sbin:/usr/local/bin:/usr/sbin:/usr/bin:/sbin:/bin'), ('XDG_RUNTIME_DIR', '/run/user/1000'), ('DISPLAY', ''), ('LANG', 'en_US.UTF-8'), ('RMW_IMPLEMENTATION', 'rmw_cyclonedds_cpp'), ('LS_COLORS', 'rs=0:di=01;34:ln=01;36:mh=00:pi=40;33:so=01;35:do=01;35:bd=40;33;01:cd=40;33;01:or=40;31;01:mi=00:su=37;41:sg=30;43:ca=30;41:tw=30;42:ow=34;42:st=37;44:ex=01;32:*.tar=01;31:*.tgz=01;31:*.arc=01;31:*.arj=01;31:*.taz=01;31:*.lha=01;31:*.lz4=01;31:*.lzh=01;31:*.lzma=01;31:*.tlz=01;31:*.txz=01;31:*.tzo=01;31:*.t7z=01;31:*.zip=01;31:*.z=01;31:*.Z=01;31:*.dz=01;31:*.gz=01;31:*.lrz=01;31:*.lz=01;31:*.lzo=01;31:*.xz=01;31:*.zst=01;31:*.tzst=01;31:*.bz2=01;31:*.bz=01;31:*.tbz=01;31:*.tbz2=01;31:*.tz=01;31:*.deb=01;31:*.rpm=01;31:*.jar=01;31:*.war=01;31:*.ear=01;31:*.sar=01;31:*.rar=01;31:*.alz=01;31:*.ace=01;31:*.zoo=01;31:*.cpio=01;31:*.7z=01;31:*.rz=01;31:*.cab=01;31:*.wim=01;31:*.swm=01;31:*.dwm=01;31:*.esd=01;31:*.jpg=01;35:*.jpeg=01;35:*.mjpg=01;35:*.mjpeg=01;35:*.gif=01;35:*.bmp=01;35:*.pbm=01;35:*.pgm=01;35:*.ppm=01;35:*.tga=01;35:*.xbm=01;35:*.xpm=01;35:*.tif=01;35:*.tiff=01;35:*.png=01;35:*.svg=01;35:*.svgz=01;35:*.mng=01;35:*.pcx=01;35:*.mov=01;35:*.mpg=01;35:*.mpeg=01;35:*.m2v=01;35:*.mkv=01;35:*.webm=01;35:*.ogm=01;35:*.mp4=01;35:*.m4v=01;35:*.mp4v=01;35:*.vob=01;35:*.qt=01;35:*.nuv=01;35:*.wmv=01;35:*.asf=01;35:*.rm=01;35:*.rmvb=01;35:*.flc=01;35:*.avi=01;35:*.fli=01;35:*.flv=01;35:*.gl=01;35:*.dl=01;35:*.xcf=01;35:*.xwd=01;35:*.yuv=01;35:*.cgm=01;35:*.emf=01;35:*.ogv=01;35:*.ogx=01;35:*.aac=00;36:*.au=00;36:*.flac=00;36:*.m4a=00;36:*.mid=00;36:*.midi=00;36:*.mka=00;36:*.mp3=00;36:*.mpc=00;36:*.ogg=00;36:*.ra=00;36:*.wav=00;36:*.oga=00;36:*.opus=00;36:*.spx=00;36:*.xspf=00;36:'), ('ROS_ROOT', '/opt/ros/humble'), ('AMENT_PREFIX_PATH', '/opt/ros/humble/install'), ('DEBIAN_FRONTEND', 'noninteractive'), ('GST_PLUGIN_PATH', '/root/Workspaces/rosgsthumble_ws/install/gst_bridge/lib/gst_bridge/'), ('SHELL', '/bin/bash'), ('PWD', '/root/Workspaces/rosgsthumble_ws/build/xacro'), ('PYTHONPATH', '/root/Workspaces/rosgsthumble_ws/install/xacro/lib/python3.6/site-packages:/root/Workspaces/rosgsthumble_ws/install/realsense2_camera_msgs/lib/python3.6/site-packages:/root/Workspaces/rosgsthumble_ws/install/image_geometry/lib/python3.6/site-packages:/root/Workspaces/rosgsthumble_ws/install/gst_msgs/lib/python3.6/site-packages:/root/Workspaces/rosgsthumble_ws/install/diagnostic_common_diagnostics/lib/python3.6/site-packages:/root/Workspaces/rosgsthumble_ws/install/diagnostic_updater/lib/python3.6/site-packages:/root/Workspaces/rosgsthumble_ws/install/cv_bridge/lib/python3.6/site-packages:/root/Workspaces/rosgsthumble_ws/install/audio_msgs/lib/python3.6/site-packages:/opt/ros/humble/install/lib/python3.6/site-packages'), ('NVIDIA_VISIBLE_DEVICES', 'all'), ('COLCON', '1'), ('CMAKE_PREFIX_PATH', '/opt/ros/humble/install')]), 'shell': False}
[12.784873] (gst_pipeline) JobProgress: {'identifier': 'gst_pipeline', 'progress': 'cmake'}
[12.788538] (gst_pipeline) Command: {'cmd': ['/usr/local/bin/cmake', '/root/Workspaces/rosgsthumble_ws/src/ros-gst-bridge/gst_pipeline', '-Wno-dev', '-DAMENT_CMAKE_SYMLINK_INSTALL=1', '-DCMAKE_INSTALL_PREFIX=/root/Workspaces/rosgsthumble_ws/install/gst_pipeline'], 'cwd': '/root/Workspaces/rosgsthumble_ws/build/gst_pipeline', 'env': OrderedDict([('OPENBLAS_CORETYPE', 'ARMV8'), ('PYTHONIOENCODING', 'utf-8'), ('HOSTNAME', 'nano'), ('LD_LIBRARY_PATH', '/root/Workspaces/rosgsthumble_ws/install/gst_bridge/lib:/root/Workspaces/rosgsthumble_ws/install/gst_msgs/lib:/root/Workspaces/rosgsthumble_ws/install/cv_bridge/lib:/root/Workspaces/rosgsthumble_ws/install/audio_msgs/lib:/root/Workspaces/rosgsthumble_ws/install/realsense2_camera/lib:/root/Workspaces/rosgsthumble_ws/install/realsense2_camera_msgs/lib:/root/Workspaces/rosgsthumble_ws/install/image_geometry/lib:/root/Workspaces/rosgsthumble_ws/install/gst_pipeline_plugins/lib:/root/Workspaces/rosgsthumble_ws/install/gst_pipeline/lib:/root/Workspaces/rosgsthumble_ws/install/diagnostic_updater/lib:/opt/ros/humble/install/opt/rviz_ogre_vendor/lib:/opt/ros/humble/install/lib:/usr/local/cuda-10.2/targets/aarch64-linux/lib'), ('SHLVL', '1'), ('OLDPWD', '/root/Workspaces'), ('HOME', '/root'), ('ROS_PYTHON_VERSION', '3'), ('COLCON_PREFIX_PATH', '/opt/ros/humble/install:/root/Workspaces/rosgsthumble_ws/install'), ('ROS_DISTRO', 'humble'), ('PULSE_SERVER', 'unix:/run/user/1000/pulse/native'), ('_', '/usr/bin/colcon'), ('ROS_VERSION', '2'), ('NVIDIA_DRIVER_CAPABILITIES', 'compute,utility,graphics'), ('PKG_CONFIG_PATH', '/opt/ros/humble/install/lib/aarch64-linux-gnu/pkgconfig:/opt/ros/humble/install/lib/pkgconfig'), ('TERM', 'xterm'), ('ROS_LOCALHOST_ONLY', '0'), ('PATH', '/root/Workspaces/rosgsthumble_ws/install/xacro/bin:/opt/ros/humble/install/bin:/usr/local/cuda-10.2/bin:/usr/local/cuda/bin:/usr/local/sbin:/usr/local/bin:/usr/sbin:/usr/bin:/sbin:/bin'), ('XDG_RUNTIME_DIR', '/run/user/1000'), ('DISPLAY', ''), ('LANG', 'en_US.UTF-8'), ('RMW_IMPLEMENTATION', 'rmw_cyclonedds_cpp'), ('LS_COLORS', 'rs=0:di=01;34:ln=01;36:mh=00:pi=40;33:so=01;35:do=01;35:bd=40;33;01:cd=40;33;01:or=40;31;01:mi=00:su=37;41:sg=30;43:ca=30;41:tw=30;42:ow=34;42:st=37;44:ex=01;32:*.tar=01;31:*.tgz=01;31:*.arc=01;31:*.arj=01;31:*.taz=01;31:*.lha=01;31:*.lz4=01;31:*.lzh=01;31:*.lzma=01;31:*.tlz=01;31:*.txz=01;31:*.tzo=01;31:*.t7z=01;31:*.zip=01;31:*.z=01;31:*.Z=01;31:*.dz=01;31:*.gz=01;31:*.lrz=01;31:*.lz=01;31:*.lzo=01;31:*.xz=01;31:*.zst=01;31:*.tzst=01;31:*.bz2=01;31:*.bz=01;31:*.tbz=01;31:*.tbz2=01;31:*.tz=01;31:*.deb=01;31:*.rpm=01;31:*.jar=01;31:*.war=01;31:*.ear=01;31:*.sar=01;31:*.rar=01;31:*.alz=01;31:*.ace=01;31:*.zoo=01;31:*.cpio=01;31:*.7z=01;31:*.rz=01;31:*.cab=01;31:*.wim=01;31:*.swm=01;31:*.dwm=01;31:*.esd=01;31:*.jpg=01;35:*.jpeg=01;35:*.mjpg=01;35:*.mjpeg=01;35:*.gif=01;35:*.bmp=01;35:*.pbm=01;35:*.pgm=01;35:*.ppm=01;35:*.tga=01;35:*.xbm=01;35:*.xpm=01;35:*.tif=01;35:*.tiff=01;35:*.png=01;35:*.svg=01;35:*.svgz=01;35:*.mng=01;35:*.pcx=01;35:*.mov=01;35:*.mpg=01;35:*.mpeg=01;35:*.m2v=01;35:*.mkv=01;35:*.webm=01;35:*.ogm=01;35:*.mp4=01;35:*.m4v=01;35:*.mp4v=01;35:*.vob=01;35:*.qt=01;35:*.nuv=01;35:*.wmv=01;35:*.asf=01;35:*.rm=01;35:*.rmvb=01;35:*.flc=01;35:*.avi=01;35:*.fli=01;35:*.flv=01;35:*.gl=01;35:*.dl=01;35:*.xcf=01;35:*.xwd=01;35:*.yuv=01;35:*.cgm=01;35:*.emf=01;35:*.ogv=01;35:*.ogx=01;35:*.aac=00;36:*.au=00;36:*.flac=00;36:*.m4a=00;36:*.mid=00;36:*.midi=00;36:*.mka=00;36:*.mp3=00;36:*.mpc=00;36:*.ogg=00;36:*.ra=00;36:*.wav=00;36:*.oga=00;36:*.opus=00;36:*.spx=00;36:*.xspf=00;36:'), ('ROS_ROOT', '/opt/ros/humble'), ('AMENT_PREFIX_PATH', '/root/Workspaces/rosgsthumble_ws/install/gst_bridge:/root/Workspaces/rosgsthumble_ws/install/gst_msgs:/root/Workspaces/rosgsthumble_ws/install/cv_bridge:/root/Workspaces/rosgsthumble_ws/install/audio_msgs:/opt/ros/humble/install'), ('DEBIAN_FRONTEND', 'noninteractive'), ('GST_PLUGIN_PATH', '/root/Workspaces/rosgsthumble_ws/install/gst_bridge/lib/gst_bridge/'), ('SHELL', '/bin/bash'), ('PWD', '/root/Workspaces/rosgsthumble_ws/build/gst_pipeline'), ('PYTHONPATH', '/root/Workspaces/rosgsthumble_ws/install/gst_msgs/lib/python3.6/site-packages:/root/Workspaces/rosgsthumble_ws/install/cv_bridge/lib/python3.6/site-packages:/root/Workspaces/rosgsthumble_ws/install/audio_msgs/lib/python3.6/site-packages:/root/Workspaces/rosgsthumble_ws/install/xacro/lib/python3.6/site-packages:/root/Workspaces/rosgsthumble_ws/install/realsense2_camera_msgs/lib/python3.6/site-packages:/root/Workspaces/rosgsthumble_ws/install/image_geometry/lib/python3.6/site-packages:/root/Workspaces/rosgsthumble_ws/install/diagnostic_common_diagnostics/lib/python3.6/site-packages:/root/Workspaces/rosgsthumble_ws/install/diagnostic_updater/lib/python3.6/site-packages:/opt/ros/humble/install/lib/python3.6/site-packages'), ('NVIDIA_VISIBLE_DEVICES', 'all'), ('COLCON', '1'), ('CMAKE_PREFIX_PATH', '/root/Workspaces/rosgsthumble_ws/install/gst_bridge:/root/Workspaces/rosgsthumble_ws/install/gst_msgs:/root/Workspaces/rosgsthumble_ws/install/cv_bridge:/root/Workspaces/rosgsthumble_ws/install/audio_msgs:/opt/ros/humble/install')]), 'shell': False}
[12.817734] (-) TimerEvent: {}
[12.920715] (-) TimerEvent: {}
[12.951176] (xacro) StdoutLine: {'line': b'-- Install configuration: ""\n'}
[12.952980] (xacro) StdoutLine: {'line': b'-- Execute custom install script\n'}
[12.954373] (xacro) StdoutLine: {'line': b'-- Up-to-date symlink: /root/Workspaces/rosgsthumble_ws/install/xacro/share/xacro/environment/completion.bash\n'}
[12.956598] (xacro) StdoutLine: {'line': b'-- Up-to-date symlink: /root/Workspaces/rosgsthumble_ws/install/xacro/share/xacro/environment/pythonpath.sh\n'}
[12.958905] (xacro) StdoutLine: {'line': b'-- Up-to-date symlink: /root/Workspaces/rosgsthumble_ws/install/xacro/share/xacro/environment/pythonpath.dsv\n'}
[12.960965] (xacro) StdoutLine: {'line': b'-- Up-to-date symlink: /root/Workspaces/rosgsthumble_ws/install/xacro/lib/python3.6/site-packages/xacro-2.1.1-py3.6.egg-info/PKG-INFO\n'}
[12.961732] (xacro) StdoutLine: {'line': b'-- Up-to-date symlink: /root/Workspaces/rosgsthumble_ws/install/xacro/lib/python3.6/site-packages/xacro-2.1.1-py3.6.egg-info/SOURCES.txt\n'}
[12.962370] (xacro) StdoutLine: {'line': b'-- Up-to-date symlink: /root/Workspaces/rosgsthumble_ws/install/xacro/lib/python3.6/site-packages/xacro-2.1.1-py3.6.egg-info/dependency_links.txt\n'}
[12.967440] (xacro) StdoutLine: {'line': b'-- Up-to-date symlink: /root/Workspaces/rosgsthumble_ws/install/xacro/lib/python3.6/site-packages/xacro-2.1.1-py3.6.egg-info/entry_points.txt\n'}
[12.971209] (xacro) StdoutLine: {'line': b'-- Up-to-date symlink: /root/Workspaces/rosgsthumble_ws/install/xacro/lib/python3.6/site-packages/xacro-2.1.1-py3.6.egg-info/top_level.txt\n'}
[12.974381] (xacro) StdoutLine: {'line': b'-- Up-to-date symlink: /root/Workspaces/rosgsthumble_ws/install/xacro/lib/xacro//xacro\n'}
[12.976884] (xacro) StdoutLine: {'line': b'-- Up-to-date symlink: /root/Workspaces/rosgsthumble_ws/install/xacro/lib/python3.6/site-packages/xacro/__init__.py\n'}
[12.978223] (xacro) StdoutLine: {'line': b'-- Up-to-date symlink: /root/Workspaces/rosgsthumble_ws/install/xacro/lib/python3.6/site-packages/xacro/cli.py\n'}
[12.980064] (xacro) StdoutLine: {'line': b'-- Up-to-date symlink: /root/Workspaces/rosgsthumble_ws/install/xacro/lib/python3.6/site-packages/xacro/color.py\n'}
[12.981987] (xacro) StdoutLine: {'line': b'-- Up-to-date symlink: /root/Workspaces/rosgsthumble_ws/install/xacro/lib/python3.6/site-packages/xacro/substitution_args.py\n'}
[12.983869] (xacro) StdoutLine: {'line': b'-- Up-to-date symlink: /root/Workspaces/rosgsthumble_ws/install/xacro/lib/python3.6/site-packages/xacro/xmlutils.py\n'}
[12.986280] (xacro) StdoutLine: {'line': b'-- Up-to-date symlink: /root/Workspaces/rosgsthumble_ws/install/xacro/share/ament_index/resource_index/package_run_dependencies/xacro\n'}
[12.988796] (xacro) StdoutLine: {'line': b'-- Up-to-date symlink: /root/Workspaces/rosgsthumble_ws/install/xacro/share/ament_index/resource_index/parent_prefix_path/xacro\n'}
[12.991121] (xacro) StdoutLine: {'line': b'-- Up-to-date symlink: /root/Workspaces/rosgsthumble_ws/install/xacro/share/xacro/environment/ament_prefix_path.sh\n'}
[12.993483] (xacro) StdoutLine: {'line': b'-- Up-to-date symlink: /root/Workspaces/rosgsthumble_ws/install/xacro/share/xacro/environment/ament_prefix_path.dsv\n'}
[12.995561] (xacro) StdoutLine: {'line': b'-- Up-to-date symlink: /root/Workspaces/rosgsthumble_ws/install/xacro/share/xacro/environment/path.sh\n'}
[12.997996] (xacro) StdoutLine: {'line': b'-- Up-to-date symlink: /root/Workspaces/rosgsthumble_ws/install/xacro/share/xacro/environment/path.dsv\n'}
[13.002259] (xacro) StdoutLine: {'line': b'-- Up-to-date symlink: /root/Workspaces/rosgsthumble_ws/install/xacro/share/xacro/local_setup.bash\n'}
[13.005348] (xacro) StdoutLine: {'line': b'-- Up-to-date symlink: /root/Workspaces/rosgsthumble_ws/install/xacro/share/xacro/local_setup.sh\n'}
[13.006507] (xacro) StdoutLine: {'line': b'-- Up-to-date symlink: /root/Workspaces/rosgsthumble_ws/install/xacro/share/xacro/local_setup.zsh\n'}
[13.007355] (xacro) StdoutLine: {'line': b'-- Up-to-date symlink: /root/Workspaces/rosgsthumble_ws/install/xacro/share/xacro/local_setup.dsv\n'}
[13.007993] (xacro) StdoutLine: {'line': b'-- Symlinking: /root/Workspaces/rosgsthumble_ws/install/xacro/share/xacro/package.dsv\n'}
[13.019285] (xacro) StdoutLine: {'line': b'-- Up-to-date symlink: /root/Workspaces/rosgsthumble_ws/install/xacro/share/ament_index/resource_index/packages/xacro\n'}
[13.021458] (-) TimerEvent: {}
[13.024394] (xacro) StdoutLine: {'line': b'-- Up-to-date symlink: /root/Workspaces/rosgsthumble_ws/install/xacro/share/xacro/cmake/xacro-extras.cmake\n'}
[13.026712] (xacro) StdoutLine: {'line': b'-- Up-to-date symlink: /root/Workspaces/rosgsthumble_ws/install/xacro/share/xacro/cmake/xacroConfig.cmake\n'}
[13.028609] (xacro) StdoutLine: {'line': b'-- Up-to-date symlink: /root/Workspaces/rosgsthumble_ws/install/xacro/share/xacro/cmake/xacroConfig-version.cmake\n'}
[13.029945] (xacro) StdoutLine: {'line': b'-- Up-to-date symlink: /root/Workspaces/rosgsthumble_ws/install/xacro/share/xacro/package.xml\n'}
[13.054566] (gst_pipeline) StdoutLine: {'line': b'-- Found ament_cmake: 1.3.5 (/opt/ros/humble/install/share/ament_cmake/cmake)\n'}
[13.126736] (-) TimerEvent: {}
[13.217635] (xacro) StdoutLine: {'line': b"Listing '/root/Workspaces/rosgsthumble_ws/install/xacro/lib/python3.6/site-packages/xacro'...\n"}
[13.227275] (-) TimerEvent: {}
[13.246834] (xacro) StdoutLine: {'line': b'-- Up-to-date: /root/Workspaces/rosgsthumble_ws/install/xacro/bin/\n'}
[13.248971] (xacro) StdoutLine: {'line': b'-- Installing: /root/Workspaces/rosgsthumble_ws/install/xacro/bin//xacro\n'}
[13.325494] (diagnostic_common_diagnostics) StdoutLine: {'line': b'running egg_info\n'}
[13.337238] (-) TimerEvent: {}
[13.341019] (diagnostic_common_diagnostics) StdoutLine: {'line': b'writing diagnostic_common_diagnostics.egg-info/PKG-INFO\n'}
[13.347529] (diagnostic_common_diagnostics) StdoutLine: {'line': b'writing dependency_links to diagnostic_common_diagnostics.egg-info/dependency_links.txt\n'}
[13.363232] (diagnostic_common_diagnostics) StdoutLine: {'line': b'writing top-level names to diagnostic_common_diagnostics.egg-info/top_level.txt\n'}
[13.386463] (diagnostic_common_diagnostics) StdoutLine: {'line': b"reading manifest file 'diagnostic_common_diagnostics.egg-info/SOURCES.txt'\n"}
[13.405909] (diagnostic_common_diagnostics) StdoutLine: {'line': b"writing manifest file 'diagnostic_common_diagnostics.egg-info/SOURCES.txt'\n"}
[13.424918] (realsense2_camera_msgs) JobEnded: {'identifier': 'realsense2_camera_msgs', 'rc': 0}
[13.459947] (-) TimerEvent: {}
[13.468255] (realsense2_camera) JobStarted: {'identifier': 'realsense2_camera'}
[13.494976] (diagnostic_common_diagnostics) StdoutLine: {'line': b'Built target ament_cmake_python_build_diagnostic_common_diagnostics_egg\n'}
[13.565195] (-) TimerEvent: {}
[13.596599] (xacro) CommandEnded: {'returncode': 0}
[13.665535] (-) TimerEvent: {}
[13.771884] (-) TimerEvent: {}
[13.893347] (-) TimerEvent: {}
[13.924609] (diagnostic_common_diagnostics) CommandEnded: {'returncode': 0}
[13.943455] (realsense2_camera) JobProgress: {'identifier': 'realsense2_camera', 'progress': 'cmake'}
[13.949099] (realsense2_camera) JobProgress: {'identifier': 'realsense2_camera', 'progress': 'build'}
[13.950896] (realsense2_camera) Command: {'cmd': ['/usr/local/bin/cmake', '--build', '/root/Workspaces/rosgsthumble_ws/build/realsense2_camera', '--', '-j4', '-l4'], 'cwd': '/root/Workspaces/rosgsthumble_ws/build/realsense2_camera', 'env': OrderedDict([('OPENBLAS_CORETYPE', 'ARMV8'), ('PYTHONIOENCODING', 'utf-8'), ('HOSTNAME', 'nano'), ('LD_LIBRARY_PATH', '/root/Workspaces/rosgsthumble_ws/install/realsense2_camera_msgs/lib:/root/Workspaces/rosgsthumble_ws/install/cv_bridge/lib:/root/Workspaces/rosgsthumble_ws/install/realsense2_camera/lib:/root/Workspaces/rosgsthumble_ws/install/image_geometry/lib:/root/Workspaces/rosgsthumble_ws/install/gst_pipeline_plugins/lib:/root/Workspaces/rosgsthumble_ws/install/gst_pipeline/lib:/root/Workspaces/rosgsthumble_ws/install/gst_msgs/lib:/root/Workspaces/rosgsthumble_ws/install/gst_bridge/lib:/root/Workspaces/rosgsthumble_ws/install/diagnostic_updater/lib:/root/Workspaces/rosgsthumble_ws/install/audio_msgs/lib:/opt/ros/humble/install/opt/rviz_ogre_vendor/lib:/opt/ros/humble/install/lib:/usr/local/cuda-10.2/targets/aarch64-linux/lib'), ('SHLVL', '1'), ('OLDPWD', '/root/Workspaces'), ('HOME', '/root'), ('ROS_PYTHON_VERSION', '3'), ('COLCON_PREFIX_PATH', '/opt/ros/humble/install:/root/Workspaces/rosgsthumble_ws/install'), ('ROS_DISTRO', 'humble'), ('PULSE_SERVER', 'unix:/run/user/1000/pulse/native'), ('_', '/usr/bin/colcon'), ('ROS_VERSION', '2'), ('NVIDIA_DRIVER_CAPABILITIES', 'compute,utility,graphics'), ('PKG_CONFIG_PATH', '/opt/ros/humble/install/lib/aarch64-linux-gnu/pkgconfig:/opt/ros/humble/install/lib/pkgconfig'), ('TERM', 'xterm'), ('ROS_LOCALHOST_ONLY', '0'), ('PATH', '/root/Workspaces/rosgsthumble_ws/install/xacro/bin:/opt/ros/humble/install/bin:/usr/local/cuda-10.2/bin:/usr/local/cuda/bin:/usr/local/sbin:/usr/local/bin:/usr/sbin:/usr/bin:/sbin:/bin'), ('XDG_RUNTIME_DIR', '/run/user/1000'), ('DISPLAY', ''), ('LANG', 'en_US.UTF-8'), ('RMW_IMPLEMENTATION', 'rmw_cyclonedds_cpp'), ('LS_COLORS', 'rs=0:di=01;34:ln=01;36:mh=00:pi=40;33:so=01;35:do=01;35:bd=40;33;01:cd=40;33;01:or=40;31;01:mi=00:su=37;41:sg=30;43:ca=30;41:tw=30;42:ow=34;42:st=37;44:ex=01;32:*.tar=01;31:*.tgz=01;31:*.arc=01;31:*.arj=01;31:*.taz=01;31:*.lha=01;31:*.lz4=01;31:*.lzh=01;31:*.lzma=01;31:*.tlz=01;31:*.txz=01;31:*.tzo=01;31:*.t7z=01;31:*.zip=01;31:*.z=01;31:*.Z=01;31:*.dz=01;31:*.gz=01;31:*.lrz=01;31:*.lz=01;31:*.lzo=01;31:*.xz=01;31:*.zst=01;31:*.tzst=01;31:*.bz2=01;31:*.bz=01;31:*.tbz=01;31:*.tbz2=01;31:*.tz=01;31:*.deb=01;31:*.rpm=01;31:*.jar=01;31:*.war=01;31:*.ear=01;31:*.sar=01;31:*.rar=01;31:*.alz=01;31:*.ace=01;31:*.zoo=01;31:*.cpio=01;31:*.7z=01;31:*.rz=01;31:*.cab=01;31:*.wim=01;31:*.swm=01;31:*.dwm=01;31:*.esd=01;31:*.jpg=01;35:*.jpeg=01;35:*.mjpg=01;35:*.mjpeg=01;35:*.gif=01;35:*.bmp=01;35:*.pbm=01;35:*.pgm=01;35:*.ppm=01;35:*.tga=01;35:*.xbm=01;35:*.xpm=01;35:*.tif=01;35:*.tiff=01;35:*.png=01;35:*.svg=01;35:*.svgz=01;35:*.mng=01;35:*.pcx=01;35:*.mov=01;35:*.mpg=01;35:*.mpeg=01;35:*.m2v=01;35:*.mkv=01;35:*.webm=01;35:*.ogm=01;35:*.mp4=01;35:*.m4v=01;35:*.mp4v=01;35:*.vob=01;35:*.qt=01;35:*.nuv=01;35:*.wmv=01;35:*.asf=01;35:*.rm=01;35:*.rmvb=01;35:*.flc=01;35:*.avi=01;35:*.fli=01;35:*.flv=01;35:*.gl=01;35:*.dl=01;35:*.xcf=01;35:*.xwd=01;35:*.yuv=01;35:*.cgm=01;35:*.emf=01;35:*.ogv=01;35:*.ogx=01;35:*.aac=00;36:*.au=00;36:*.flac=00;36:*.m4a=00;36:*.mid=00;36:*.midi=00;36:*.mka=00;36:*.mp3=00;36:*.mpc=00;36:*.ogg=00;36:*.ra=00;36:*.wav=00;36:*.oga=00;36:*.opus=00;36:*.spx=00;36:*.xspf=00;36:'), ('ROS_ROOT', '/opt/ros/humble'), ('AMENT_PREFIX_PATH', '/root/Workspaces/rosgsthumble_ws/install/realsense2_camera_msgs:/root/Workspaces/rosgsthumble_ws/install/diagnostic_updater:/root/Workspaces/rosgsthumble_ws/install/cv_bridge:/opt/ros/humble/install'), ('DEBIAN_FRONTEND', 'noninteractive'), ('GST_PLUGIN_PATH', '/root/Workspaces/rosgsthumble_ws/install/gst_bridge/lib/gst_bridge/'), ('SHELL', '/bin/bash'), ('PWD', '/root/Workspaces/rosgsthumble_ws/build/realsense2_camera'), ('PYTHONPATH', '/root/Workspaces/rosgsthumble_ws/install/realsense2_camera_msgs/lib/python3.6/site-packages:/root/Workspaces/rosgsthumble_ws/install/diagnostic_updater/lib/python3.6/site-packages:/root/Workspaces/rosgsthumble_ws/install/cv_bridge/lib/python3.6/site-packages:/root/Workspaces/rosgsthumble_ws/install/xacro/lib/python3.6/site-packages:/root/Workspaces/rosgsthumble_ws/install/image_geometry/lib/python3.6/site-packages:/root/Workspaces/rosgsthumble_ws/install/gst_msgs/lib/python3.6/site-packages:/root/Workspaces/rosgsthumble_ws/install/diagnostic_common_diagnostics/lib/python3.6/site-packages:/root/Workspaces/rosgsthumble_ws/install/audio_msgs/lib/python3.6/site-packages:/opt/ros/humble/install/lib/python3.6/site-packages'), ('NVIDIA_VISIBLE_DEVICES', 'all'), ('COLCON', '1'), ('CMAKE_PREFIX_PATH', '/root/Workspaces/rosgsthumble_ws/install/realsense2_camera_msgs:/root/Workspaces/rosgsthumble_ws/install/diagnostic_updater:/root/Workspaces/rosgsthumble_ws/install/cv_bridge:/opt/ros/humble/install')]), 'shell': False}
[13.993615] (-) TimerEvent: {}
[14.095747] (-) TimerEvent: {}
[14.198230] (-) TimerEvent: {}
[14.306219] (-) TimerEvent: {}
[14.417741] (-) TimerEvent: {}
[14.518771] (realsense2_camera) StdoutLine: {'line': b'[  9%] Built target realsense2_camera_node\n'}
[14.519707] (-) TimerEvent: {}
[14.529844] (realsense2_camera) StdoutLine: {'line': b'[ 18%] Built target gtest\n'}
[14.572507] (realsense2_camera) StdoutLine: {'line': b'[ 27%] Built target gtest_main\n'}
[14.573567] (gst_pipeline) StdoutLine: {'line': b'-- Override CMake install command with custom implementation using symlinks instead of copying resources\n'}
[14.610448] (gst_pipeline) StdoutLine: {'line': b'-- Found rclcpp: 16.0.5 (/opt/ros/humble/install/share/rclcpp/cmake)\n'}
[14.624999] (-) TimerEvent: {}
[14.645089] (realsense2_camera) StdoutLine: {'line': b'[ 36%] Built target gtest_template\n'}
[14.651558] (xacro) JobEnded: {'identifier': 'xacro', 'rc': 0}
[14.685501] (realsense2_description) JobStarted: {'identifier': 'realsense2_description'}
[14.687158] (realsense2_camera) StdoutLine: {'line': b'[100%] Built target realsense2_camera\n'}
[14.730262] (-) TimerEvent: {}
[14.796396] (gst_pipeline) StdoutLine: {'line': b'-- Found rosidl_generator_c: 3.1.5 (/opt/ros/humble/install/share/rosidl_generator_c/cmake)\n'}
[14.809844] (gst_pipeline) StdoutLine: {'line': b'-- Found rosidl_adapter: 3.1.5 (/opt/ros/humble/install/share/rosidl_adapter/cmake)\n'}
[14.816096] (diagnostic_common_diagnostics) JobProgress: {'identifier': 'diagnostic_common_diagnostics', 'progress': 'install'}
[14.817558] (diagnostic_common_diagnostics) Command: {'cmd': ['/usr/local/bin/cmake', '--install', '/root/Workspaces/rosgsthumble_ws/build/diagnostic_common_diagnostics'], 'cwd': '/root/Workspaces/rosgsthumble_ws/build/diagnostic_common_diagnostics', 'env': OrderedDict([('OPENBLAS_CORETYPE', 'ARMV8'), ('PYTHONIOENCODING', 'utf-8'), ('HOSTNAME', 'nano'), ('LD_LIBRARY_PATH', '/root/Workspaces/rosgsthumble_ws/install/realsense2_camera/lib:/root/Workspaces/rosgsthumble_ws/install/realsense2_camera_msgs/lib:/root/Workspaces/rosgsthumble_ws/install/image_geometry/lib:/root/Workspaces/rosgsthumble_ws/install/gst_pipeline_plugins/lib:/root/Workspaces/rosgsthumble_ws/install/gst_pipeline/lib:/root/Workspaces/rosgsthumble_ws/install/gst_msgs/lib:/root/Workspaces/rosgsthumble_ws/install/gst_bridge/lib:/root/Workspaces/rosgsthumble_ws/install/diagnostic_updater/lib:/root/Workspaces/rosgsthumble_ws/install/cv_bridge/lib:/root/Workspaces/rosgsthumble_ws/install/audio_msgs/lib:/opt/ros/humble/install/opt/rviz_ogre_vendor/lib:/opt/ros/humble/install/lib:/usr/local/cuda-10.2/targets/aarch64-linux/lib:'), ('SHLVL', '1'), ('OLDPWD', '/root/Workspaces'), ('HOME', '/root'), ('ROS_PYTHON_VERSION', '3'), ('COLCON_PREFIX_PATH', '/opt/ros/humble/install:/root/Workspaces/rosgsthumble_ws/install'), ('ROS_DISTRO', 'humble'), ('PULSE_SERVER', 'unix:/run/user/1000/pulse/native'), ('_', '/usr/bin/colcon'), ('ROS_VERSION', '2'), ('NVIDIA_DRIVER_CAPABILITIES', 'compute,utility,graphics'), ('PKG_CONFIG_PATH', '/opt/ros/humble/install/lib/aarch64-linux-gnu/pkgconfig:/opt/ros/humble/install/lib/pkgconfig'), ('TERM', 'xterm'), ('ROS_LOCALHOST_ONLY', '0'), ('PATH', '/root/Workspaces/rosgsthumble_ws/install/xacro/bin:/opt/ros/humble/install/bin:/usr/local/cuda-10.2/bin:/usr/local/cuda/bin:/usr/local/sbin:/usr/local/bin:/usr/sbin:/usr/bin:/sbin:/bin'), ('XDG_RUNTIME_DIR', '/run/user/1000'), ('DISPLAY', ''), ('LANG', 'en_US.UTF-8'), ('RMW_IMPLEMENTATION', 'rmw_cyclonedds_cpp'), ('LS_COLORS', 'rs=0:di=01;34:ln=01;36:mh=00:pi=40;33:so=01;35:do=01;35:bd=40;33;01:cd=40;33;01:or=40;31;01:mi=00:su=37;41:sg=30;43:ca=30;41:tw=30;42:ow=34;42:st=37;44:ex=01;32:*.tar=01;31:*.tgz=01;31:*.arc=01;31:*.arj=01;31:*.taz=01;31:*.lha=01;31:*.lz4=01;31:*.lzh=01;31:*.lzma=01;31:*.tlz=01;31:*.txz=01;31:*.tzo=01;31:*.t7z=01;31:*.zip=01;31:*.z=01;31:*.Z=01;31:*.dz=01;31:*.gz=01;31:*.lrz=01;31:*.lz=01;31:*.lzo=01;31:*.xz=01;31:*.zst=01;31:*.tzst=01;31:*.bz2=01;31:*.bz=01;31:*.tbz=01;31:*.tbz2=01;31:*.tz=01;31:*.deb=01;31:*.rpm=01;31:*.jar=01;31:*.war=01;31:*.ear=01;31:*.sar=01;31:*.rar=01;31:*.alz=01;31:*.ace=01;31:*.zoo=01;31:*.cpio=01;31:*.7z=01;31:*.rz=01;31:*.cab=01;31:*.wim=01;31:*.swm=01;31:*.dwm=01;31:*.esd=01;31:*.jpg=01;35:*.jpeg=01;35:*.mjpg=01;35:*.mjpeg=01;35:*.gif=01;35:*.bmp=01;35:*.pbm=01;35:*.pgm=01;35:*.ppm=01;35:*.tga=01;35:*.xbm=01;35:*.xpm=01;35:*.tif=01;35:*.tiff=01;35:*.png=01;35:*.svg=01;35:*.svgz=01;35:*.mng=01;35:*.pcx=01;35:*.mov=01;35:*.mpg=01;35:*.mpeg=01;35:*.m2v=01;35:*.mkv=01;35:*.webm=01;35:*.ogm=01;35:*.mp4=01;35:*.m4v=01;35:*.mp4v=01;35:*.vob=01;35:*.qt=01;35:*.nuv=01;35:*.wmv=01;35:*.asf=01;35:*.rm=01;35:*.rmvb=01;35:*.flc=01;35:*.avi=01;35:*.fli=01;35:*.flv=01;35:*.gl=01;35:*.dl=01;35:*.xcf=01;35:*.xwd=01;35:*.yuv=01;35:*.cgm=01;35:*.emf=01;35:*.ogv=01;35:*.ogx=01;35:*.aac=00;36:*.au=00;36:*.flac=00;36:*.m4a=00;36:*.mid=00;36:*.midi=00;36:*.mka=00;36:*.mp3=00;36:*.mpc=00;36:*.ogg=00;36:*.ra=00;36:*.wav=00;36:*.oga=00;36:*.opus=00;36:*.spx=00;36:*.xspf=00;36:'), ('ROS_ROOT', '/opt/ros/humble'), ('AMENT_PREFIX_PATH', '/root/Workspaces/rosgsthumble_ws/install/diagnostic_updater:/opt/ros/humble/install'), ('DEBIAN_FRONTEND', 'noninteractive'), ('GST_PLUGIN_PATH', '/root/Workspaces/rosgsthumble_ws/install/gst_bridge/lib/gst_bridge/'), ('SHELL', '/bin/bash'), ('PWD', '/root/Workspaces/rosgsthumble_ws/build/diagnostic_common_diagnostics'), ('PYTHONPATH', '/root/Workspaces/rosgsthumble_ws/install/diagnostic_updater/lib/python3.6/site-packages:/root/Workspaces/rosgsthumble_ws/install/xacro/lib/python3.6/site-packages:/root/Workspaces/rosgsthumble_ws/install/realsense2_camera_msgs/lib/python3.6/site-packages:/root/Workspaces/rosgsthumble_ws/install/image_geometry/lib/python3.6/site-packages:/root/Workspaces/rosgsthumble_ws/install/gst_msgs/lib/python3.6/site-packages:/root/Workspaces/rosgsthumble_ws/install/diagnostic_common_diagnostics/lib/python3.6/site-packages:/root/Workspaces/rosgsthumble_ws/install/cv_bridge/lib/python3.6/site-packages:/root/Workspaces/rosgsthumble_ws/install/audio_msgs/lib/python3.6/site-packages:/opt/ros/humble/install/lib/python3.6/site-packages'), ('NVIDIA_VISIBLE_DEVICES', 'all'), ('COLCON', '1'), ('CMAKE_PREFIX_PATH', '/root/Workspaces/rosgsthumble_ws/install/diagnostic_updater:/opt/ros/humble/install')]), 'shell': False}
[14.832191] (realsense2_camera) CommandEnded: {'returncode': 0}
[14.841541] (-) TimerEvent: {}
[14.850701] (gst_pipeline) StdoutLine: {'line': b'-- Found rosidl_generator_cpp: 3.1.5 (/opt/ros/humble/install/share/rosidl_generator_cpp/cmake)\n'}
[14.862441] (realsense2_description) JobProgress: {'identifier': 'realsense2_description', 'progress': 'cmake'}
[14.867223] (realsense2_description) JobProgress: {'identifier': 'realsense2_description', 'progress': 'build'}
[14.868817] (realsense2_description) Command: {'cmd': ['/usr/local/bin/cmake', '--build', '/root/Workspaces/rosgsthumble_ws/build/realsense2_description', '--', '-j4', '-l4'], 'cwd': '/root/Workspaces/rosgsthumble_ws/build/realsense2_description', 'env': OrderedDict([('OPENBLAS_CORETYPE', 'ARMV8'), ('PYTHONIOENCODING', 'utf-8'), ('HOSTNAME', 'nano'), ('LD_LIBRARY_PATH', '/root/Workspaces/rosgsthumble_ws/install/realsense2_camera_msgs/lib:/root/Workspaces/rosgsthumble_ws/install/realsense2_camera/lib:/root/Workspaces/rosgsthumble_ws/install/image_geometry/lib:/root/Workspaces/rosgsthumble_ws/install/gst_pipeline_plugins/lib:/root/Workspaces/rosgsthumble_ws/install/gst_pipeline/lib:/root/Workspaces/rosgsthumble_ws/install/gst_msgs/lib:/root/Workspaces/rosgsthumble_ws/install/gst_bridge/lib:/root/Workspaces/rosgsthumble_ws/install/diagnostic_updater/lib:/root/Workspaces/rosgsthumble_ws/install/cv_bridge/lib:/root/Workspaces/rosgsthumble_ws/install/audio_msgs/lib:/opt/ros/humble/install/opt/rviz_ogre_vendor/lib:/opt/ros/humble/install/lib:/usr/local/cuda-10.2/targets/aarch64-linux/lib'), ('SHLVL', '1'), ('OLDPWD', '/root/Workspaces'), ('HOME', '/root'), ('ROS_PYTHON_VERSION', '3'), ('COLCON_PREFIX_PATH', '/opt/ros/humble/install:/root/Workspaces/rosgsthumble_ws/install'), ('ROS_DISTRO', 'humble'), ('PULSE_SERVER', 'unix:/run/user/1000/pulse/native'), ('_', '/usr/bin/colcon'), ('ROS_VERSION', '2'), ('NVIDIA_DRIVER_CAPABILITIES', 'compute,utility,graphics'), ('PKG_CONFIG_PATH', '/opt/ros/humble/install/lib/aarch64-linux-gnu/pkgconfig:/opt/ros/humble/install/lib/pkgconfig'), ('TERM', 'xterm'), ('ROS_LOCALHOST_ONLY', '0'), ('PATH', '/root/Workspaces/rosgsthumble_ws/install/xacro/bin:/opt/ros/humble/install/bin:/usr/local/cuda-10.2/bin:/usr/local/cuda/bin:/usr/local/sbin:/usr/local/bin:/usr/sbin:/usr/bin:/sbin:/bin'), ('XDG_RUNTIME_DIR', '/run/user/1000'), ('DISPLAY', ''), ('LANG', 'en_US.UTF-8'), ('RMW_IMPLEMENTATION', 'rmw_cyclonedds_cpp'), ('LS_COLORS', 'rs=0:di=01;34:ln=01;36:mh=00:pi=40;33:so=01;35:do=01;35:bd=40;33;01:cd=40;33;01:or=40;31;01:mi=00:su=37;41:sg=30;43:ca=30;41:tw=30;42:ow=34;42:st=37;44:ex=01;32:*.tar=01;31:*.tgz=01;31:*.arc=01;31:*.arj=01;31:*.taz=01;31:*.lha=01;31:*.lz4=01;31:*.lzh=01;31:*.lzma=01;31:*.tlz=01;31:*.txz=01;31:*.tzo=01;31:*.t7z=01;31:*.zip=01;31:*.z=01;31:*.Z=01;31:*.dz=01;31:*.gz=01;31:*.lrz=01;31:*.lz=01;31:*.lzo=01;31:*.xz=01;31:*.zst=01;31:*.tzst=01;31:*.bz2=01;31:*.bz=01;31:*.tbz=01;31:*.tbz2=01;31:*.tz=01;31:*.deb=01;31:*.rpm=01;31:*.jar=01;31:*.war=01;31:*.ear=01;31:*.sar=01;31:*.rar=01;31:*.alz=01;31:*.ace=01;31:*.zoo=01;31:*.cpio=01;31:*.7z=01;31:*.rz=01;31:*.cab=01;31:*.wim=01;31:*.swm=01;31:*.dwm=01;31:*.esd=01;31:*.jpg=01;35:*.jpeg=01;35:*.mjpg=01;35:*.mjpeg=01;35:*.gif=01;35:*.bmp=01;35:*.pbm=01;35:*.pgm=01;35:*.ppm=01;35:*.tga=01;35:*.xbm=01;35:*.xpm=01;35:*.tif=01;35:*.tiff=01;35:*.png=01;35:*.svg=01;35:*.svgz=01;35:*.mng=01;35:*.pcx=01;35:*.mov=01;35:*.mpg=01;35:*.mpeg=01;35:*.m2v=01;35:*.mkv=01;35:*.webm=01;35:*.ogm=01;35:*.mp4=01;35:*.m4v=01;35:*.mp4v=01;35:*.vob=01;35:*.qt=01;35:*.nuv=01;35:*.wmv=01;35:*.asf=01;35:*.rm=01;35:*.rmvb=01;35:*.flc=01;35:*.avi=01;35:*.fli=01;35:*.flv=01;35:*.gl=01;35:*.dl=01;35:*.xcf=01;35:*.xwd=01;35:*.yuv=01;35:*.cgm=01;35:*.emf=01;35:*.ogv=01;35:*.ogx=01;35:*.aac=00;36:*.au=00;36:*.flac=00;36:*.m4a=00;36:*.mid=00;36:*.midi=00;36:*.mka=00;36:*.mp3=00;36:*.mpc=00;36:*.ogg=00;36:*.ra=00;36:*.wav=00;36:*.oga=00;36:*.opus=00;36:*.spx=00;36:*.xspf=00;36:'), ('ROS_ROOT', '/opt/ros/humble'), ('AMENT_PREFIX_PATH', '/root/Workspaces/rosgsthumble_ws/install/xacro:/root/Workspaces/rosgsthumble_ws/install/realsense2_camera_msgs:/opt/ros/humble/install'), ('DEBIAN_FRONTEND', 'noninteractive'), ('GST_PLUGIN_PATH', '/root/Workspaces/rosgsthumble_ws/install/gst_bridge/lib/gst_bridge/'), ('SHELL', '/bin/bash'), ('PWD', '/root/Workspaces/rosgsthumble_ws/build/realsense2_description'), ('PYTHONPATH', '/root/Workspaces/rosgsthumble_ws/install/xacro/lib/python3.6/site-packages:/root/Workspaces/rosgsthumble_ws/install/realsense2_camera_msgs/lib/python3.6/site-packages:/root/Workspaces/rosgsthumble_ws/install/image_geometry/lib/python3.6/site-packages:/root/Workspaces/rosgsthumble_ws/install/gst_msgs/lib/python3.6/site-packages:/root/Workspaces/rosgsthumble_ws/install/diagnostic_common_diagnostics/lib/python3.6/site-packages:/root/Workspaces/rosgsthumble_ws/install/diagnostic_updater/lib/python3.6/site-packages:/root/Workspaces/rosgsthumble_ws/install/cv_bridge/lib/python3.6/site-packages:/root/Workspaces/rosgsthumble_ws/install/audio_msgs/lib/python3.6/site-packages:/opt/ros/humble/install/lib/python3.6/site-packages'), ('NVIDIA_VISIBLE_DEVICES', 'all'), ('COLCON', '1'), ('CMAKE_PREFIX_PATH', '/root/Workspaces/rosgsthumble_ws/install/xacro:/root/Workspaces/rosgsthumble_ws/install/realsense2_camera_msgs:/opt/ros/humble/install')]), 'shell': False}
[14.936194] (gst_pipeline) StdoutLine: {'line': b'-- Using all available rosidl_typesupport_c: rosidl_typesupport_fastrtps_c;rosidl_typesupport_introspection_c\n'}
[14.941661] (-) TimerEvent: {}
[15.031014] (diagnostic_common_diagnostics) StdoutLine: {'line': b'-- Install configuration: ""\n'}
[15.034144] (diagnostic_common_diagnostics) StdoutLine: {'line': b'-- Execute custom install script\n'}
[15.037577] (diagnostic_common_diagnostics) StdoutLine: {'line': b'-- Up-to-date symlink: /root/Workspaces/rosgsthumble_ws/install/diagnostic_common_diagnostics/share/diagnostic_common_diagnostics/environment/pythonpath.sh\n'}
[15.040719] (diagnostic_common_diagnostics) StdoutLine: {'line': b'-- Up-to-date symlink: /root/Workspaces/rosgsthumble_ws/install/diagnostic_common_diagnostics/share/diagnostic_common_diagnostics/environment/pythonpath.dsv\n'}
[15.045407] (-) TimerEvent: {}
[15.049591] (diagnostic_common_diagnostics) StdoutLine: {'line': b'-- Up-to-date symlink: /root/Workspaces/rosgsthumble_ws/install/diagnostic_common_diagnostics/lib/python3.6/site-packages/diagnostic_common_diagnostics-4.0.6-py3.6.egg-info/PKG-INFO\n'}
[15.055074] (diagnostic_common_diagnostics) StdoutLine: {'line': b'-- Up-to-date symlink: /root/Workspaces/rosgsthumble_ws/install/diagnostic_common_diagnostics/lib/python3.6/site-packages/diagnostic_common_diagnostics-4.0.6-py3.6.egg-info/SOURCES.txt\n'}
[15.059037] (diagnostic_common_diagnostics) StdoutLine: {'line': b'-- Up-to-date symlink: /root/Workspaces/rosgsthumble_ws/install/diagnostic_common_diagnostics/lib/python3.6/site-packages/diagnostic_common_diagnostics-4.0.6-py3.6.egg-info/dependency_links.txt\n'}
[15.062643] (diagnostic_common_diagnostics) StdoutLine: {'line': b'-- Up-to-date symlink: /root/Workspaces/rosgsthumble_ws/install/diagnostic_common_diagnostics/lib/python3.6/site-packages/diagnostic_common_diagnostics-4.0.6-py3.6.egg-info/top_level.txt\n'}
[15.064955] (diagnostic_common_diagnostics) StdoutLine: {'line': b'-- Up-to-date symlink: /root/Workspaces/rosgsthumble_ws/install/diagnostic_common_diagnostics/lib/python3.6/site-packages/diagnostic_common_diagnostics/__init__.py\n'}
[15.067250] (diagnostic_common_diagnostics) StdoutLine: {'line': b'-- Up-to-date symlink: /root/Workspaces/rosgsthumble_ws/install/diagnostic_common_diagnostics/lib/python3.6/site-packages/diagnostic_common_diagnostics/cpu_monitor.py\n'}
[15.069555] (diagnostic_common_diagnostics) StdoutLine: {'line': b'-- Up-to-date symlink: /root/Workspaces/rosgsthumble_ws/install/diagnostic_common_diagnostics/lib/python3.6/site-packages/diagnostic_common_diagnostics/hd_monitor.py\n'}
[15.080083] (diagnostic_common_diagnostics) StdoutLine: {'line': b'-- Up-to-date symlink: /root/Workspaces/rosgsthumble_ws/install/diagnostic_common_diagnostics/lib/python3.6/site-packages/diagnostic_common_diagnostics/ntp_monitor.py\n'}
[15.083196] (diagnostic_common_diagnostics) StdoutLine: {'line': b'-- Up-to-date symlink: /root/Workspaces/rosgsthumble_ws/install/diagnostic_common_diagnostics/lib/python3.6/site-packages/diagnostic_common_diagnostics/ram_monitor.py\n'}
[15.083860] (diagnostic_common_diagnostics) StdoutLine: {'line': b'-- Up-to-date symlink: /root/Workspaces/rosgsthumble_ws/install/diagnostic_common_diagnostics/lib/python3.6/site-packages/diagnostic_common_diagnostics/sensors_monitor.py\n'}
[15.084367] (diagnostic_common_diagnostics) StdoutLine: {'line': b'-- Up-to-date symlink: /root/Workspaces/rosgsthumble_ws/install/diagnostic_common_diagnostics/lib/diagnostic_common_diagnostics/cpu_monitor.py\n'}
[15.084924] (diagnostic_common_diagnostics) StdoutLine: {'line': b'-- Up-to-date symlink: /root/Workspaces/rosgsthumble_ws/install/diagnostic_common_diagnostics/lib/diagnostic_common_diagnostics/ntp_monitor.py\n'}
[15.085497] (diagnostic_common_diagnostics) StdoutLine: {'line': b'-- Up-to-date symlink: /root/Workspaces/rosgsthumble_ws/install/diagnostic_common_diagnostics/lib/diagnostic_common_diagnostics/ram_monitor.py\n'}
[15.086094] (diagnostic_common_diagnostics) StdoutLine: {'line': b'-- Up-to-date symlink: /root/Workspaces/rosgsthumble_ws/install/diagnostic_common_diagnostics/lib/diagnostic_common_diagnostics/sensors_monitor.py\n'}
[15.086854] (diagnostic_common_diagnostics) StdoutLine: {'line': b'-- Up-to-date symlink: /root/Workspaces/rosgsthumble_ws/install/diagnostic_common_diagnostics/lib/diagnostic_common_diagnostics/hd_monitor.py\n'}
[15.087833] (diagnostic_common_diagnostics) StdoutLine: {'line': b'-- Up-to-date symlink: /root/Workspaces/rosgsthumble_ws/install/diagnostic_common_diagnostics/share/ament_index/resource_index/package_run_dependencies/diagnostic_common_diagnostics\n'}
[15.088366] (diagnostic_common_diagnostics) StdoutLine: {'line': b'-- Up-to-date symlink: /root/Workspaces/rosgsthumble_ws/install/diagnostic_common_diagnostics/share/ament_index/resource_index/parent_prefix_path/diagnostic_common_diagnostics\n'}
[15.089341] (diagnostic_common_diagnostics) StdoutLine: {'line': b'-- Up-to-date symlink: /root/Workspaces/rosgsthumble_ws/install/diagnostic_common_diagnostics/share/diagnostic_common_diagnostics/environment/ament_prefix_path.sh\n'}
[15.089890] (diagnostic_common_diagnostics) StdoutLine: {'line': b'-- Up-to-date symlink: /root/Workspaces/rosgsthumble_ws/install/diagnostic_common_diagnostics/share/diagnostic_common_diagnostics/environment/ament_prefix_path.dsv\n'}
[15.090369] (diagnostic_common_diagnostics) StdoutLine: {'line': b'-- Up-to-date symlink: /root/Workspaces/rosgsthumble_ws/install/diagnostic_common_diagnostics/share/diagnostic_common_diagnostics/environment/path.sh\n'}
[15.090947] (diagnostic_common_diagnostics) StdoutLine: {'line': b'-- Up-to-date symlink: /root/Workspaces/rosgsthumble_ws/install/diagnostic_common_diagnostics/share/diagnostic_common_diagnostics/environment/path.dsv\n'}
[15.091483] (diagnostic_common_diagnostics) StdoutLine: {'line': b'-- Up-to-date symlink: /root/Workspaces/rosgsthumble_ws/install/diagnostic_common_diagnostics/share/diagnostic_common_diagnostics/local_setup.bash\n'}
[15.092478] (diagnostic_common_diagnostics) StdoutLine: {'line': b'-- Up-to-date symlink: /root/Workspaces/rosgsthumble_ws/install/diagnostic_common_diagnostics/share/diagnostic_common_diagnostics/local_setup.sh\n'}
[15.092979] (diagnostic_common_diagnostics) StdoutLine: {'line': b'-- Up-to-date symlink: /root/Workspaces/rosgsthumble_ws/install/diagnostic_common_diagnostics/share/diagnostic_common_diagnostics/local_setup.zsh\n'}
[15.093460] (diagnostic_common_diagnostics) StdoutLine: {'line': b'-- Up-to-date symlink: /root/Workspaces/rosgsthumble_ws/install/diagnostic_common_diagnostics/share/diagnostic_common_diagnostics/local_setup.dsv\n'}
[15.093925] (diagnostic_common_diagnostics) StdoutLine: {'line': b'-- Symlinking: /root/Workspaces/rosgsthumble_ws/install/diagnostic_common_diagnostics/share/diagnostic_common_diagnostics/package.dsv\n'}
[15.094472] (diagnostic_common_diagnostics) StdoutLine: {'line': b'-- Up-to-date symlink: /root/Workspaces/rosgsthumble_ws/install/diagnostic_common_diagnostics/share/ament_index/resource_index/packages/diagnostic_common_diagnostics\n'}
[15.095449] (diagnostic_common_diagnostics) StdoutLine: {'line': b'-- Up-to-date symlink: /root/Workspaces/rosgsthumble_ws/install/diagnostic_common_diagnostics/share/diagnostic_common_diagnostics/cmake/diagnostic_common_diagnosticsConfig.cmake\n'}
[15.095941] (diagnostic_common_diagnostics) StdoutLine: {'line': b'-- Up-to-date symlink: /root/Workspaces/rosgsthumble_ws/install/diagnostic_common_diagnostics/share/diagnostic_common_diagnostics/cmake/diagnostic_common_diagnosticsConfig-version.cmake\n'}
[15.096426] (gst_pipeline) StdoutLine: {'line': b'-- Using all available rosidl_typesupport_cpp: rosidl_typesupport_fastrtps_cpp;rosidl_typesupport_introspection_cpp\n'}
[15.096923] (diagnostic_common_diagnostics) StdoutLine: {'line': b'-- Up-to-date symlink: /root/Workspaces/rosgsthumble_ws/install/diagnostic_common_diagnostics/share/diagnostic_common_diagnostics/package.xml\n'}
[15.145592] (-) TimerEvent: {}
[15.191568] (realsense2_description) CommandEnded: {'returncode': 0}
[15.245853] (-) TimerEvent: {}
[15.291941] (diagnostic_common_diagnostics) StdoutLine: {'line': b"Listing '/root/Workspaces/rosgsthumble_ws/install/diagnostic_common_diagnostics/lib/python3.6/site-packages/diagnostic_common_diagnostics'...\n"}
[15.345704] (diagnostic_common_diagnostics) CommandEnded: {'returncode': 0}
[15.369528] (-) TimerEvent: {}
[15.493037] (-) TimerEvent: {}
[15.509502] (gst_pipeline) StdoutLine: {'line': b'-- Found rmw_implementation_cmake: 6.1.1 (/opt/ros/humble/install/share/rmw_implementation_cmake/cmake)\n'}
[15.519215] (gst_pipeline) StdoutLine: {'line': b'-- Found rmw_cyclonedds_cpp: 1.3.4 (/opt/ros/humble/install/share/rmw_cyclonedds_cpp/cmake)\n'}
[15.589734] (realsense2_camera) JobProgress: {'identifier': 'realsense2_camera', 'progress': 'install'}
[15.591632] (realsense2_camera) Command: {'cmd': ['/usr/local/bin/cmake', '--install', '/root/Workspaces/rosgsthumble_ws/build/realsense2_camera'], 'cwd': '/root/Workspaces/rosgsthumble_ws/build/realsense2_camera', 'env': OrderedDict([('OPENBLAS_CORETYPE', 'ARMV8'), ('PYTHONIOENCODING', 'utf-8'), ('HOSTNAME', 'nano'), ('LD_LIBRARY_PATH', '/root/Workspaces/rosgsthumble_ws/install/realsense2_camera_msgs/lib:/root/Workspaces/rosgsthumble_ws/install/cv_bridge/lib:/root/Workspaces/rosgsthumble_ws/install/realsense2_camera/lib:/root/Workspaces/rosgsthumble_ws/install/image_geometry/lib:/root/Workspaces/rosgsthumble_ws/install/gst_pipeline_plugins/lib:/root/Workspaces/rosgsthumble_ws/install/gst_pipeline/lib:/root/Workspaces/rosgsthumble_ws/install/gst_msgs/lib:/root/Workspaces/rosgsthumble_ws/install/gst_bridge/lib:/root/Workspaces/rosgsthumble_ws/install/diagnostic_updater/lib:/root/Workspaces/rosgsthumble_ws/install/audio_msgs/lib:/opt/ros/humble/install/opt/rviz_ogre_vendor/lib:/opt/ros/humble/install/lib:/usr/local/cuda-10.2/targets/aarch64-linux/lib'), ('SHLVL', '1'), ('OLDPWD', '/root/Workspaces'), ('HOME', '/root'), ('ROS_PYTHON_VERSION', '3'), ('COLCON_PREFIX_PATH', '/opt/ros/humble/install:/root/Workspaces/rosgsthumble_ws/install'), ('ROS_DISTRO', 'humble'), ('PULSE_SERVER', 'unix:/run/user/1000/pulse/native'), ('_', '/usr/bin/colcon'), ('ROS_VERSION', '2'), ('NVIDIA_DRIVER_CAPABILITIES', 'compute,utility,graphics'), ('PKG_CONFIG_PATH', '/opt/ros/humble/install/lib/aarch64-linux-gnu/pkgconfig:/opt/ros/humble/install/lib/pkgconfig'), ('TERM', 'xterm'), ('ROS_LOCALHOST_ONLY', '0'), ('PATH', '/root/Workspaces/rosgsthumble_ws/install/xacro/bin:/opt/ros/humble/install/bin:/usr/local/cuda-10.2/bin:/usr/local/cuda/bin:/usr/local/sbin:/usr/local/bin:/usr/sbin:/usr/bin:/sbin:/bin'), ('XDG_RUNTIME_DIR', '/run/user/1000'), ('DISPLAY', ''), ('LANG', 'en_US.UTF-8'), ('RMW_IMPLEMENTATION', 'rmw_cyclonedds_cpp'), ('LS_COLORS', 'rs=0:di=01;34:ln=01;36:mh=00:pi=40;33:so=01;35:do=01;35:bd=40;33;01:cd=40;33;01:or=40;31;01:mi=00:su=37;41:sg=30;43:ca=30;41:tw=30;42:ow=34;42:st=37;44:ex=01;32:*.tar=01;31:*.tgz=01;31:*.arc=01;31:*.arj=01;31:*.taz=01;31:*.lha=01;31:*.lz4=01;31:*.lzh=01;31:*.lzma=01;31:*.tlz=01;31:*.txz=01;31:*.tzo=01;31:*.t7z=01;31:*.zip=01;31:*.z=01;31:*.Z=01;31:*.dz=01;31:*.gz=01;31:*.lrz=01;31:*.lz=01;31:*.lzo=01;31:*.xz=01;31:*.zst=01;31:*.tzst=01;31:*.bz2=01;31:*.bz=01;31:*.tbz=01;31:*.tbz2=01;31:*.tz=01;31:*.deb=01;31:*.rpm=01;31:*.jar=01;31:*.war=01;31:*.ear=01;31:*.sar=01;31:*.rar=01;31:*.alz=01;31:*.ace=01;31:*.zoo=01;31:*.cpio=01;31:*.7z=01;31:*.rz=01;31:*.cab=01;31:*.wim=01;31:*.swm=01;31:*.dwm=01;31:*.esd=01;31:*.jpg=01;35:*.jpeg=01;35:*.mjpg=01;35:*.mjpeg=01;35:*.gif=01;35:*.bmp=01;35:*.pbm=01;35:*.pgm=01;35:*.ppm=01;35:*.tga=01;35:*.xbm=01;35:*.xpm=01;35:*.tif=01;35:*.tiff=01;35:*.png=01;35:*.svg=01;35:*.svgz=01;35:*.mng=01;35:*.pcx=01;35:*.mov=01;35:*.mpg=01;35:*.mpeg=01;35:*.m2v=01;35:*.mkv=01;35:*.webm=01;35:*.ogm=01;35:*.mp4=01;35:*.m4v=01;35:*.mp4v=01;35:*.vob=01;35:*.qt=01;35:*.nuv=01;35:*.wmv=01;35:*.asf=01;35:*.rm=01;35:*.rmvb=01;35:*.flc=01;35:*.avi=01;35:*.fli=01;35:*.flv=01;35:*.gl=01;35:*.dl=01;35:*.xcf=01;35:*.xwd=01;35:*.yuv=01;35:*.cgm=01;35:*.emf=01;35:*.ogv=01;35:*.ogx=01;35:*.aac=00;36:*.au=00;36:*.flac=00;36:*.m4a=00;36:*.mid=00;36:*.midi=00;36:*.mka=00;36:*.mp3=00;36:*.mpc=00;36:*.ogg=00;36:*.ra=00;36:*.wav=00;36:*.oga=00;36:*.opus=00;36:*.spx=00;36:*.xspf=00;36:'), ('ROS_ROOT', '/opt/ros/humble'), ('AMENT_PREFIX_PATH', '/root/Workspaces/rosgsthumble_ws/install/realsense2_camera_msgs:/root/Workspaces/rosgsthumble_ws/install/diagnostic_updater:/root/Workspaces/rosgsthumble_ws/install/cv_bridge:/opt/ros/humble/install'), ('DEBIAN_FRONTEND', 'noninteractive'), ('GST_PLUGIN_PATH', '/root/Workspaces/rosgsthumble_ws/install/gst_bridge/lib/gst_bridge/'), ('SHELL', '/bin/bash'), ('PWD', '/root/Workspaces/rosgsthumble_ws/build/realsense2_camera'), ('PYTHONPATH', '/root/Workspaces/rosgsthumble_ws/install/realsense2_camera_msgs/lib/python3.6/site-packages:/root/Workspaces/rosgsthumble_ws/install/diagnostic_updater/lib/python3.6/site-packages:/root/Workspaces/rosgsthumble_ws/install/cv_bridge/lib/python3.6/site-packages:/root/Workspaces/rosgsthumble_ws/install/xacro/lib/python3.6/site-packages:/root/Workspaces/rosgsthumble_ws/install/image_geometry/lib/python3.6/site-packages:/root/Workspaces/rosgsthumble_ws/install/gst_msgs/lib/python3.6/site-packages:/root/Workspaces/rosgsthumble_ws/install/diagnostic_common_diagnostics/lib/python3.6/site-packages:/root/Workspaces/rosgsthumble_ws/install/audio_msgs/lib/python3.6/site-packages:/opt/ros/humble/install/lib/python3.6/site-packages'), ('NVIDIA_VISIBLE_DEVICES', 'all'), ('COLCON', '1'), ('CMAKE_PREFIX_PATH', '/root/Workspaces/rosgsthumble_ws/install/realsense2_camera_msgs:/root/Workspaces/rosgsthumble_ws/install/diagnostic_updater:/root/Workspaces/rosgsthumble_ws/install/cv_bridge:/opt/ros/humble/install')]), 'shell': False}
[15.601095] (-) TimerEvent: {}
[15.604935] (realsense2_description) JobProgress: {'identifier': 'realsense2_description', 'progress': 'install'}
[15.606487] (realsense2_description) Command: {'cmd': ['/usr/local/bin/cmake', '--install', '/root/Workspaces/rosgsthumble_ws/build/realsense2_description'], 'cwd': '/root/Workspaces/rosgsthumble_ws/build/realsense2_description', 'env': OrderedDict([('OPENBLAS_CORETYPE', 'ARMV8'), ('PYTHONIOENCODING', 'utf-8'), ('HOSTNAME', 'nano'), ('LD_LIBRARY_PATH', '/root/Workspaces/rosgsthumble_ws/install/realsense2_camera_msgs/lib:/root/Workspaces/rosgsthumble_ws/install/realsense2_camera/lib:/root/Workspaces/rosgsthumble_ws/install/image_geometry/lib:/root/Workspaces/rosgsthumble_ws/install/gst_pipeline_plugins/lib:/root/Workspaces/rosgsthumble_ws/install/gst_pipeline/lib:/root/Workspaces/rosgsthumble_ws/install/gst_msgs/lib:/root/Workspaces/rosgsthumble_ws/install/gst_bridge/lib:/root/Workspaces/rosgsthumble_ws/install/diagnostic_updater/lib:/root/Workspaces/rosgsthumble_ws/install/cv_bridge/lib:/root/Workspaces/rosgsthumble_ws/install/audio_msgs/lib:/opt/ros/humble/install/opt/rviz_ogre_vendor/lib:/opt/ros/humble/install/lib:/usr/local/cuda-10.2/targets/aarch64-linux/lib'), ('SHLVL', '1'), ('OLDPWD', '/root/Workspaces'), ('HOME', '/root'), ('ROS_PYTHON_VERSION', '3'), ('COLCON_PREFIX_PATH', '/opt/ros/humble/install:/root/Workspaces/rosgsthumble_ws/install'), ('ROS_DISTRO', 'humble'), ('PULSE_SERVER', 'unix:/run/user/1000/pulse/native'), ('_', '/usr/bin/colcon'), ('ROS_VERSION', '2'), ('NVIDIA_DRIVER_CAPABILITIES', 'compute,utility,graphics'), ('PKG_CONFIG_PATH', '/opt/ros/humble/install/lib/aarch64-linux-gnu/pkgconfig:/opt/ros/humble/install/lib/pkgconfig'), ('TERM', 'xterm'), ('ROS_LOCALHOST_ONLY', '0'), ('PATH', '/root/Workspaces/rosgsthumble_ws/install/xacro/bin:/opt/ros/humble/install/bin:/usr/local/cuda-10.2/bin:/usr/local/cuda/bin:/usr/local/sbin:/usr/local/bin:/usr/sbin:/usr/bin:/sbin:/bin'), ('XDG_RUNTIME_DIR', '/run/user/1000'), ('DISPLAY', ''), ('LANG', 'en_US.UTF-8'), ('RMW_IMPLEMENTATION', 'rmw_cyclonedds_cpp'), ('LS_COLORS', 'rs=0:di=01;34:ln=01;36:mh=00:pi=40;33:so=01;35:do=01;35:bd=40;33;01:cd=40;33;01:or=40;31;01:mi=00:su=37;41:sg=30;43:ca=30;41:tw=30;42:ow=34;42:st=37;44:ex=01;32:*.tar=01;31:*.tgz=01;31:*.arc=01;31:*.arj=01;31:*.taz=01;31:*.lha=01;31:*.lz4=01;31:*.lzh=01;31:*.lzma=01;31:*.tlz=01;31:*.txz=01;31:*.tzo=01;31:*.t7z=01;31:*.zip=01;31:*.z=01;31:*.Z=01;31:*.dz=01;31:*.gz=01;31:*.lrz=01;31:*.lz=01;31:*.lzo=01;31:*.xz=01;31:*.zst=01;31:*.tzst=01;31:*.bz2=01;31:*.bz=01;31:*.tbz=01;31:*.tbz2=01;31:*.tz=01;31:*.deb=01;31:*.rpm=01;31:*.jar=01;31:*.war=01;31:*.ear=01;31:*.sar=01;31:*.rar=01;31:*.alz=01;31:*.ace=01;31:*.zoo=01;31:*.cpio=01;31:*.7z=01;31:*.rz=01;31:*.cab=01;31:*.wim=01;31:*.swm=01;31:*.dwm=01;31:*.esd=01;31:*.jpg=01;35:*.jpeg=01;35:*.mjpg=01;35:*.mjpeg=01;35:*.gif=01;35:*.bmp=01;35:*.pbm=01;35:*.pgm=01;35:*.ppm=01;35:*.tga=01;35:*.xbm=01;35:*.xpm=01;35:*.tif=01;35:*.tiff=01;35:*.png=01;35:*.svg=01;35:*.svgz=01;35:*.mng=01;35:*.pcx=01;35:*.mov=01;35:*.mpg=01;35:*.mpeg=01;35:*.m2v=01;35:*.mkv=01;35:*.webm=01;35:*.ogm=01;35:*.mp4=01;35:*.m4v=01;35:*.mp4v=01;35:*.vob=01;35:*.qt=01;35:*.nuv=01;35:*.wmv=01;35:*.asf=01;35:*.rm=01;35:*.rmvb=01;35:*.flc=01;35:*.avi=01;35:*.fli=01;35:*.flv=01;35:*.gl=01;35:*.dl=01;35:*.xcf=01;35:*.xwd=01;35:*.yuv=01;35:*.cgm=01;35:*.emf=01;35:*.ogv=01;35:*.ogx=01;35:*.aac=00;36:*.au=00;36:*.flac=00;36:*.m4a=00;36:*.mid=00;36:*.midi=00;36:*.mka=00;36:*.mp3=00;36:*.mpc=00;36:*.ogg=00;36:*.ra=00;36:*.wav=00;36:*.oga=00;36:*.opus=00;36:*.spx=00;36:*.xspf=00;36:'), ('ROS_ROOT', '/opt/ros/humble'), ('AMENT_PREFIX_PATH', '/root/Workspaces/rosgsthumble_ws/install/xacro:/root/Workspaces/rosgsthumble_ws/install/realsense2_camera_msgs:/opt/ros/humble/install'), ('DEBIAN_FRONTEND', 'noninteractive'), ('GST_PLUGIN_PATH', '/root/Workspaces/rosgsthumble_ws/install/gst_bridge/lib/gst_bridge/'), ('SHELL', '/bin/bash'), ('PWD', '/root/Workspaces/rosgsthumble_ws/build/realsense2_description'), ('PYTHONPATH', '/root/Workspaces/rosgsthumble_ws/install/xacro/lib/python3.6/site-packages:/root/Workspaces/rosgsthumble_ws/install/realsense2_camera_msgs/lib/python3.6/site-packages:/root/Workspaces/rosgsthumble_ws/install/image_geometry/lib/python3.6/site-packages:/root/Workspaces/rosgsthumble_ws/install/gst_msgs/lib/python3.6/site-packages:/root/Workspaces/rosgsthumble_ws/install/diagnostic_common_diagnostics/lib/python3.6/site-packages:/root/Workspaces/rosgsthumble_ws/install/diagnostic_updater/lib/python3.6/site-packages:/root/Workspaces/rosgsthumble_ws/install/cv_bridge/lib/python3.6/site-packages:/root/Workspaces/rosgsthumble_ws/install/audio_msgs/lib/python3.6/site-packages:/opt/ros/humble/install/lib/python3.6/site-packages'), ('NVIDIA_VISIBLE_DEVICES', 'all'), ('COLCON', '1'), ('CMAKE_PREFIX_PATH', '/root/Workspaces/rosgsthumble_ws/install/xacro:/root/Workspaces/rosgsthumble_ws/install/realsense2_camera_msgs:/opt/ros/humble/install')]), 'shell': False}
[15.701496] (gst_pipeline) StdoutLine: {'line': b"-- Using RMW implementation 'rmw_cyclonedds_cpp' as default\n"}
[15.702634] (-) TimerEvent: {}
[15.800595] (realsense2_camera) StdoutLine: {'line': b'-- Install configuration: "Release"\n'}
[15.803038] (realsense2_camera) StdoutLine: {'line': b'-- Execute custom install script\n'}
[15.803766] (-) TimerEvent: {}
[15.806423] (realsense2_camera) StdoutLine: {'line': b'-- Symlinking: /root/Workspaces/rosgsthumble_ws/install/realsense2_camera/lib/realsense2_camera/realsense2_camera_node\n'}
[15.819438] (realsense2_description) StdoutLine: {'line': b'-- Install configuration: ""\n'}
[15.821033] (realsense2_description) StdoutLine: {'line': b'-- Execute custom install script\n'}
[15.822808] (realsense2_description) StdoutLine: {'line': b'-- Up-to-date symlink: /root/Workspaces/rosgsthumble_ws/install/realsense2_description/share/realsense2_description/launch/launch_utils.py\n'}
[15.824637] (realsense2_description) StdoutLine: {'line': b'-- Up-to-date symlink: /root/Workspaces/rosgsthumble_ws/install/realsense2_description/share/realsense2_description/launch/view_model.launch.py\n'}
[15.825493] (realsense2_camera) StdoutLine: {'line': b'-- Symlinking: /root/Workspaces/rosgsthumble_ws/install/realsense2_camera/lib/librealsense2_camera.so\n'}
[15.827475] (realsense2_description) StdoutLine: {'line': b'-- Up-to-date symlink: /root/Workspaces/rosgsthumble_ws/install/realsense2_description/share/realsense2_description/meshes/d405.stl\n'}
[15.830105] (realsense2_description) StdoutLine: {'line': b'-- Up-to-date symlink: /root/Workspaces/rosgsthumble_ws/install/realsense2_description/share/realsense2_description/meshes/d415.stl\n'}
[15.831886] (realsense2_description) StdoutLine: {'line': b'-- Up-to-date symlink: /root/Workspaces/rosgsthumble_ws/install/realsense2_description/share/realsense2_description/meshes/d435.dae\n'}
[15.832440] (realsense2_description) StdoutLine: {'line': b'-- Up-to-date symlink: /root/Workspaces/rosgsthumble_ws/install/realsense2_description/share/realsense2_description/meshes/d455.stl\n'}
[15.833043] (realsense2_description) StdoutLine: {'line': b'-- Up-to-date symlink: /root/Workspaces/rosgsthumble_ws/install/realsense2_description/share/realsense2_description/meshes/l515.dae\n'}
[15.833556] (realsense2_description) StdoutLine: {'line': b'-- Up-to-date symlink: /root/Workspaces/rosgsthumble_ws/install/realsense2_description/share/realsense2_description/meshes/plug.stl\n'}
[15.837036] (realsense2_description) StdoutLine: {'line': b'-- Up-to-date symlink: /root/Workspaces/rosgsthumble_ws/install/realsense2_description/share/realsense2_description/meshes/plug_collision.stl\n'}
[15.837763] (realsense2_description) StdoutLine: {'line': b'-- Up-to-date symlink: /root/Workspaces/rosgsthumble_ws/install/realsense2_description/share/realsense2_description/rviz/urdf.rviz\n'}
[15.840531] (realsense2_description) StdoutLine: {'line': b'-- Up-to-date symlink: /root/Workspaces/rosgsthumble_ws/install/realsense2_description/share/realsense2_description/urdf/_d405.urdf.xacro\n'}
[15.842685] (realsense2_description) StdoutLine: {'line': b'-- Up-to-date symlink: /root/Workspaces/rosgsthumble_ws/install/realsense2_description/share/realsense2_description/urdf/_d415.urdf.xacro\n'}
[15.843581] (realsense2_description) StdoutLine: {'line': b'-- Up-to-date symlink: /root/Workspaces/rosgsthumble_ws/install/realsense2_description/share/realsense2_description/urdf/_d435.urdf.xacro\n'}
[15.844284] (realsense2_description) StdoutLine: {'line': b'-- Up-to-date symlink: /root/Workspaces/rosgsthumble_ws/install/realsense2_description/share/realsense2_description/urdf/_d435i.urdf.xacro\n'}
[15.844908] (realsense2_description) StdoutLine: {'line': b'-- Up-to-date symlink: /root/Workspaces/rosgsthumble_ws/install/realsense2_description/share/realsense2_description/urdf/_d435i_imu_modules.urdf.xacro\n'}
[15.845525] (realsense2_description) StdoutLine: {'line': b'-- Up-to-date symlink: /root/Workspaces/rosgsthumble_ws/install/realsense2_description/share/realsense2_description/urdf/_d455.urdf.xacro\n'}
[15.846127] (realsense2_description) StdoutLine: {'line': b'-- Up-to-date symlink: /root/Workspaces/rosgsthumble_ws/install/realsense2_description/share/realsense2_description/urdf/_materials.urdf.xacro\n'}
[15.846824] (realsense2_description) StdoutLine: {'line': b'-- Up-to-date symlink: /root/Workspaces/rosgsthumble_ws/install/realsense2_description/share/realsense2_description/urdf/_r410.urdf.xacro\n'}
[15.847327] (realsense2_description) StdoutLine: {'line': b'-- Up-to-date symlink: /root/Workspaces/rosgsthumble_ws/install/realsense2_description/share/realsense2_description/urdf/_r430.urdf.xacro\n'}
[15.847963] (realsense2_description) StdoutLine: {'line': b'-- Up-to-date symlink: /root/Workspaces/rosgsthumble_ws/install/realsense2_description/share/realsense2_description/urdf/_usb_plug.urdf.xacro\n'}
[15.848464] (realsense2_description) StdoutLine: {'line': b'-- Up-to-date symlink: /root/Workspaces/rosgsthumble_ws/install/realsense2_description/share/realsense2_description/urdf/test_d405_camera.urdf.xacro\n'}
[15.849055] (realsense2_description) StdoutLine: {'line': b'-- Up-to-date symlink: /root/Workspaces/rosgsthumble_ws/install/realsense2_description/share/realsense2_description/urdf/test_d415_camera.urdf.xacro\n'}
[15.849662] (realsense2_description) StdoutLine: {'line': b'-- Up-to-date symlink: /root/Workspaces/rosgsthumble_ws/install/realsense2_description/share/realsense2_description/urdf/test_d435_camera.urdf.xacro\n'}
[15.850213] (realsense2_description) StdoutLine: {'line': b'-- Up-to-date symlink: /root/Workspaces/rosgsthumble_ws/install/realsense2_description/share/realsense2_description/urdf/test_d435_multiple_cameras.urdf.xacro\n'}
[15.850874] (realsense2_description) StdoutLine: {'line': b'-- Up-to-date symlink: /root/Workspaces/rosgsthumble_ws/install/realsense2_description/share/realsense2_description/urdf/test_d435i_camera.urdf.xacro\n'}
[15.851513] (realsense2_description) StdoutLine: {'line': b'-- Up-to-date symlink: /root/Workspaces/rosgsthumble_ws/install/realsense2_description/share/realsense2_description/urdf/test_d455_camera.urdf.xacro\n'}
[15.852634] (realsense2_description) StdoutLine: {'line': b'-- Up-to-date symlink: /root/Workspaces/rosgsthumble_ws/install/realsense2_description/share/realsense2_description/urdf/test_r410_camera.urdf.xacro\n'}
[15.853314] (realsense2_description) StdoutLine: {'line': b'-- Up-to-date symlink: /root/Workspaces/rosgsthumble_ws/install/realsense2_description/share/realsense2_description/urdf/test_r430_camera.urdf.xacro\n'}
[15.853966] (realsense2_description) StdoutLine: {'line': b'-- Up-to-date symlink: /root/Workspaces/rosgsthumble_ws/install/realsense2_description/share/ament_index/resource_index/package_run_dependencies/realsense2_description\n'}
[15.857206] (realsense2_description) StdoutLine: {'line': b'-- Up-to-date symlink: /root/Workspaces/rosgsthumble_ws/install/realsense2_description/share/ament_index/resource_index/parent_prefix_path/realsense2_description\n'}
[15.858529] (realsense2_description) StdoutLine: {'line': b'-- Up-to-date symlink: /root/Workspaces/rosgsthumble_ws/install/realsense2_description/share/realsense2_description/environment/ament_prefix_path.sh\n'}
[15.859167] (realsense2_description) StdoutLine: {'line': b'-- Up-to-date symlink: /root/Workspaces/rosgsthumble_ws/install/realsense2_description/share/realsense2_description/environment/ament_prefix_path.dsv\n'}
[15.859703] (realsense2_description) StdoutLine: {'line': b'-- Up-to-date symlink: /root/Workspaces/rosgsthumble_ws/install/realsense2_description/share/realsense2_description/environment/path.sh\n'}
[15.860247] (realsense2_description) StdoutLine: {'line': b'-- Up-to-date symlink: /root/Workspaces/rosgsthumble_ws/install/realsense2_description/share/realsense2_description/environment/path.dsv\n'}
[15.860806] (realsense2_description) StdoutLine: {'line': b'-- Up-to-date symlink: /root/Workspaces/rosgsthumble_ws/install/realsense2_description/share/realsense2_description/local_setup.bash\n'}
[15.861365] (realsense2_description) StdoutLine: {'line': b'-- Up-to-date symlink: /root/Workspaces/rosgsthumble_ws/install/realsense2_description/share/realsense2_description/local_setup.sh\n'}
[15.861891] (realsense2_description) StdoutLine: {'line': b'-- Up-to-date symlink: /root/Workspaces/rosgsthumble_ws/install/realsense2_description/share/realsense2_description/local_setup.zsh\n'}
[15.862408] (realsense2_description) StdoutLine: {'line': b'-- Up-to-date symlink: /root/Workspaces/rosgsthumble_ws/install/realsense2_description/share/realsense2_description/local_setup.dsv\n'}
[15.863724] (realsense2_description) StdoutLine: {'line': b'-- Symlinking: /root/Workspaces/rosgsthumble_ws/install/realsense2_description/share/realsense2_description/package.dsv\n'}
[15.866112] (realsense2_camera) StdoutLine: {'line': b'-- Symlinking: /root/Workspaces/rosgsthumble_ws/install/realsense2_camera/include/base_realsense_node.h\n'}
[15.879575] (realsense2_description) StdoutLine: {'line': b'-- Up-to-date symlink: /root/Workspaces/rosgsthumble_ws/install/realsense2_description/share/ament_index/resource_index/packages/realsense2_description\n'}
[15.880465] (realsense2_description) StdoutLine: {'line': b'-- Up-to-date symlink: /root/Workspaces/rosgsthumble_ws/install/realsense2_description/share/realsense2_description/cmake/realsense2_descriptionConfig.cmake\n'}
[15.881115] (realsense2_description) StdoutLine: {'line': b'-- Up-to-date symlink: /root/Workspaces/rosgsthumble_ws/install/realsense2_description/share/realsense2_description/cmake/realsense2_descriptionConfig-version.cmake\n'}
[15.881912] (realsense2_description) StdoutLine: {'line': b'-- Up-to-date symlink: /root/Workspaces/rosgsthumble_ws/install/realsense2_description/share/realsense2_description/package.xml\n'}
[15.895001] (realsense2_camera) StdoutLine: {'line': b'-- Symlinking: /root/Workspaces/rosgsthumble_ws/install/realsense2_camera/include/constants.h\n'}
[15.903423] (realsense2_camera) StdoutLine: {'line': b'-- Symlinking: /root/Workspaces/rosgsthumble_ws/install/realsense2_camera/include/dynamic_params.h\n'}
[15.904298] (-) TimerEvent: {}
[15.916318] (realsense2_camera) StdoutLine: {'line': b'-- Symlinking: /root/Workspaces/rosgsthumble_ws/install/realsense2_camera/include/gl_window.h\n'}
[15.932152] (realsense2_description) CommandEnded: {'returncode': 0}
[15.939839] (realsense2_camera) StdoutLine: {'line': b'-- Symlinking: /root/Workspaces/rosgsthumble_ws/install/realsense2_camera/include/image_publisher.h\n'}
[15.945848] (realsense2_camera) StdoutLine: {'line': b'-- Symlinking: /root/Workspaces/rosgsthumble_ws/install/realsense2_camera/include/named_filter.h\n'}
[15.968610] (realsense2_camera) StdoutLine: {'line': b'-- Symlinking: /root/Workspaces/rosgsthumble_ws/install/realsense2_camera/include/profile_manager.h\n'}
[15.991774] (realsense2_camera) StdoutLine: {'line': b'-- Symlinking: /root/Workspaces/rosgsthumble_ws/install/realsense2_camera/include/realsense_node_factory.h\n'}
[15.995478] (realsense2_camera) StdoutLine: {'line': b'-- Symlinking: /root/Workspaces/rosgsthumble_ws/install/realsense2_camera/include/ros_param_backend.h\n'}
[15.997804] (realsense2_camera) StdoutLine: {'line': b'-- Symlinking: /root/Workspaces/rosgsthumble_ws/install/realsense2_camera/include/ros_sensor.h\n'}
[15.999684] (realsense2_camera) StdoutLine: {'line': b'-- Symlinking: /root/Workspaces/rosgsthumble_ws/install/realsense2_camera/include/ros_utils.h\n'}
[16.023085] (-) TimerEvent: {}
[16.029952] (realsense2_camera) StdoutLine: {'line': b'-- Symlinking: /root/Workspaces/rosgsthumble_ws/install/realsense2_camera/include/sensor_params.h\n'}
[16.051060] (realsense2_camera) StdoutLine: {'line': b'-- Symlinking: /root/Workspaces/rosgsthumble_ws/install/realsense2_camera/share/realsense2_camera/launch/default.rviz\n'}
[16.056532] (realsense2_camera) StdoutLine: {'line': b'-- Symlinking: /root/Workspaces/rosgsthumble_ws/install/realsense2_camera/share/realsense2_camera/launch/rs_intra_process_demo_launch.py\n'}
[16.061655] (realsense2_camera) StdoutLine: {'line': b'-- Symlinking: /root/Workspaces/rosgsthumble_ws/install/realsense2_camera/share/realsense2_camera/launch/rs_launch.py\n'}
[16.066800] (realsense2_camera) StdoutLine: {'line': b'-- Symlinking: /root/Workspaces/rosgsthumble_ws/install/realsense2_camera/share/realsense2_camera/launch/rs_multi_camera_launch.py\n'}
[16.095645] (realsense2_camera) StdoutLine: {'line': b'-- Symlinking: /root/Workspaces/rosgsthumble_ws/install/realsense2_camera/share/realsense2_camera/examples/align_depth/README.md\n'}
[16.113254] (realsense2_camera) StdoutLine: {'line': b'-- Symlinking: /root/Workspaces/rosgsthumble_ws/install/realsense2_camera/share/realsense2_camera/examples/align_depth/rs_align_depth_launch.py\n'}
[16.120694] (realsense2_camera) StdoutLine: {'line': b'-- Symlinking: /root/Workspaces/rosgsthumble_ws/install/realsense2_camera/share/realsense2_camera/examples/dual_camera/README.md\n'}
[16.124557] (-) TimerEvent: {}
[16.128998] (realsense2_camera) StdoutLine: {'line': b'-- Symlinking: /root/Workspaces/rosgsthumble_ws/install/realsense2_camera/share/realsense2_camera/examples/dual_camera/rs_dual_camera_launch.py\n'}
[16.132864] (realsense2_camera) StdoutLine: {'line': b'-- Symlinking: /root/Workspaces/rosgsthumble_ws/install/realsense2_camera/share/realsense2_camera/examples/dual_camera/rviz/dual_camera_pointcloud.rviz\n'}
[16.136979] (realsense2_camera) StdoutLine: {'line': b'-- Symlinking: /root/Workspaces/rosgsthumble_ws/install/realsense2_camera/share/realsense2_camera/examples/launch_from_rosbag/README.md\n'}
[16.137660] (realsense2_camera) StdoutLine: {'line': b'-- Symlinking: /root/Workspaces/rosgsthumble_ws/install/realsense2_camera/share/realsense2_camera/examples/launch_from_rosbag/rs_launch_from_rosbag.py\n'}
[16.138236] (realsense2_camera) StdoutLine: {'line': b'-- Symlinking: /root/Workspaces/rosgsthumble_ws/install/realsense2_camera/share/realsense2_camera/examples/launch_params_from_file/README.md\n'}
[16.144184] (realsense2_camera) StdoutLine: {'line': b'-- Symlinking: /root/Workspaces/rosgsthumble_ws/install/realsense2_camera/share/realsense2_camera/examples/launch_params_from_file/config/config.yaml\n'}
[16.166820] (realsense2_camera) StdoutLine: {'line': b'-- Symlinking: /root/Workspaces/rosgsthumble_ws/install/realsense2_camera/share/realsense2_camera/examples/launch_params_from_file/rs_launch_get_params_from_yaml.py\n'}
[16.168146] (realsense2_camera) StdoutLine: {'line': b'-- Symlinking: /root/Workspaces/rosgsthumble_ws/install/realsense2_camera/share/realsense2_camera/examples/pointcloud/README.md\n'}
[16.198000] (realsense2_camera) StdoutLine: {'line': b'-- Symlinking: /root/Workspaces/rosgsthumble_ws/install/realsense2_camera/share/realsense2_camera/examples/pointcloud/rs_d405_pointcloud_launch.py\n'}
[16.202980] (realsense2_camera) StdoutLine: {'line': b'-- Symlinking: /root/Workspaces/rosgsthumble_ws/install/realsense2_camera/share/realsense2_camera/examples/pointcloud/rs_d455_pointcloud_launch.py\n'}
[16.218796] (realsense2_camera) StdoutLine: {'line': b'-- Symlinking: /root/Workspaces/rosgsthumble_ws/install/realsense2_camera/share/realsense2_camera/examples/pointcloud/rs_pointcloud_launch.py\n'}
[16.225144] (-) TimerEvent: {}
[16.227646] (realsense2_camera) StdoutLine: {'line': b'-- Symlinking: /root/Workspaces/rosgsthumble_ws/install/realsense2_camera/share/realsense2_camera/examples/pointcloud/rviz/pointcloud.rviz\n'}
[16.248547] (realsense2_camera) StdoutLine: {'line': b'-- Symlinking: /root/Workspaces/rosgsthumble_ws/install/realsense2_camera/share/realsense2_camera/examples/pointcloud/rviz/urdf_pointcloud.rviz\n'}
[16.279335] (realsense2_camera) StdoutLine: {'line': b'-- Symlinking: /root/Workspaces/rosgsthumble_ws/install/realsense2_camera/share/realsense2_camera/environment/library_path.sh\n'}
[16.286831] (realsense2_camera) StdoutLine: {'line': b'-- Symlinking: /root/Workspaces/rosgsthumble_ws/install/realsense2_camera/share/realsense2_camera/environment/library_path.dsv\n'}
[16.311630] (realsense2_camera) StdoutLine: {'line': b'-- Symlinking: /root/Workspaces/rosgsthumble_ws/install/realsense2_camera/share/ament_index/resource_index/package_run_dependencies/realsense2_camera\n'}
[16.324924] (realsense2_camera) StdoutLine: {'line': b'-- Symlinking: /root/Workspaces/rosgsthumble_ws/install/realsense2_camera/share/ament_index/resource_index/parent_prefix_path/realsense2_camera\n'}
[16.338382] (-) TimerEvent: {}
[16.341721] (realsense2_camera) StdoutLine: {'line': b'-- Symlinking: /root/Workspaces/rosgsthumble_ws/install/realsense2_camera/share/realsense2_camera/environment/ament_prefix_path.sh\n'}
[16.349425] (realsense2_camera) StdoutLine: {'line': b'-- Symlinking: /root/Workspaces/rosgsthumble_ws/install/realsense2_camera/share/realsense2_camera/environment/ament_prefix_path.dsv\n'}
[16.353870] (realsense2_camera) StdoutLine: {'line': b'-- Symlinking: /root/Workspaces/rosgsthumble_ws/install/realsense2_camera/share/realsense2_camera/environment/path.sh\n'}
[16.377406] (realsense2_camera) StdoutLine: {'line': b'-- Symlinking: /root/Workspaces/rosgsthumble_ws/install/realsense2_camera/share/realsense2_camera/environment/path.dsv\n'}
[16.404879] (realsense2_camera) StdoutLine: {'line': b'-- Symlinking: /root/Workspaces/rosgsthumble_ws/install/realsense2_camera/share/realsense2_camera/local_setup.bash\n'}
[16.412513] (realsense2_camera) StdoutLine: {'line': b'-- Symlinking: /root/Workspaces/rosgsthumble_ws/install/realsense2_camera/share/realsense2_camera/local_setup.sh\n'}
[16.413126] (realsense2_camera) StdoutLine: {'line': b'-- Symlinking: /root/Workspaces/rosgsthumble_ws/install/realsense2_camera/share/realsense2_camera/local_setup.zsh\n'}
[16.421760] (realsense2_camera) StdoutLine: {'line': b'-- Symlinking: /root/Workspaces/rosgsthumble_ws/install/realsense2_camera/share/realsense2_camera/local_setup.dsv\n'}
[16.439097] (realsense2_camera) StdoutLine: {'line': b'-- Symlinking: /root/Workspaces/rosgsthumble_ws/install/realsense2_camera/share/realsense2_camera/package.dsv\n'}
[16.467857] (-) TimerEvent: {}
[16.477725] (realsense2_camera) StdoutLine: {'line': b'-- Symlinking: /root/Workspaces/rosgsthumble_ws/install/realsense2_camera/share/ament_index/resource_index/packages/realsense2_camera\n'}
[16.479800] (realsense2_camera) StdoutLine: {'line': b'-- Symlinking: /root/Workspaces/rosgsthumble_ws/install/realsense2_camera/share/ament_index/resource_index/rclcpp_components/realsense2_camera\n'}
[16.483848] (realsense2_camera) StdoutLine: {'line': b'-- Symlinking: /root/Workspaces/rosgsthumble_ws/install/realsense2_camera/share/realsense2_camera/cmake/ament_cmake_export_include_directories-extras.cmake\n'}
[16.488444] (realsense2_camera) StdoutLine: {'line': b'-- Symlinking: /root/Workspaces/rosgsthumble_ws/install/realsense2_camera/share/realsense2_camera/cmake/ament_cmake_export_libraries-extras.cmake\n'}
[16.490028] (realsense2_camera) StdoutLine: {'line': b'-- Symlinking: /root/Workspaces/rosgsthumble_ws/install/realsense2_camera/share/realsense2_camera/cmake/ament_cmake_export_dependencies-extras.cmake\n'}
[16.496706] (diagnostic_common_diagnostics) JobEnded: {'identifier': 'diagnostic_common_diagnostics', 'rc': 0}
[16.570135] (-) TimerEvent: {}
[16.577226] (vision_opencv) JobStarted: {'identifier': 'vision_opencv'}
[16.579822] (realsense2_camera) StdoutLine: {'line': b'-- Symlinking: /root/Workspaces/rosgsthumble_ws/install/realsense2_camera/share/realsense2_camera/cmake/realsense2_cameraConfig.cmake\n'}
[16.584271] (realsense2_camera) StdoutLine: {'line': b'-- Symlinking: /root/Workspaces/rosgsthumble_ws/install/realsense2_camera/share/realsense2_camera/cmake/realsense2_cameraConfig-version.cmake\n'}
[16.585978] (realsense2_camera) StdoutLine: {'line': b'-- Symlinking: /root/Workspaces/rosgsthumble_ws/install/realsense2_camera/share/realsense2_camera/package.xml\n'}
[16.675444] (-) TimerEvent: {}
[16.762516] (gst_pipeline) StdoutLine: {'line': b'-- Found rclcpp_components: 16.0.5 (/opt/ros/humble/install/share/rclcpp_components/cmake)\n'}
[16.780662] (-) TimerEvent: {}
[16.872073] (realsense2_description) JobEnded: {'identifier': 'realsense2_description', 'rc': 0}
[16.913476] (-) TimerEvent: {}
[16.924345] (realsense2_camera) CommandEnded: {'returncode': 0}
[17.018729] (-) TimerEvent: {}
[17.097705] (diagnostics) JobStarted: {'identifier': 'diagnostics'}
[17.118306] (gst_pipeline) StdoutLine: {'line': b'-- Found gst_bridge: 0.0.0 (/root/Workspaces/rosgsthumble_ws/install/gst_bridge/share/gst_bridge/cmake)\n'}
[17.141028] (-) TimerEvent: {}
[17.256878] (-) TimerEvent: {}
[17.260173] (vision_opencv) JobProgress: {'identifier': 'vision_opencv', 'progress': 'cmake'}
[17.265320] (vision_opencv) JobProgress: {'identifier': 'vision_opencv', 'progress': 'build'}
[17.266546] (vision_opencv) Command: {'cmd': ['/usr/local/bin/cmake', '--build', '/root/Workspaces/rosgsthumble_ws/build/vision_opencv', '--', '-j4', '-l4'], 'cwd': '/root/Workspaces/rosgsthumble_ws/build/vision_opencv', 'env': OrderedDict([('OPENBLAS_CORETYPE', 'ARMV8'), ('PYTHONIOENCODING', 'utf-8'), ('HOSTNAME', 'nano'), ('LD_LIBRARY_PATH', '/root/Workspaces/rosgsthumble_ws/install/image_geometry/lib:/root/Workspaces/rosgsthumble_ws/install/cv_bridge/lib:/root/Workspaces/rosgsthumble_ws/install/realsense2_camera/lib:/root/Workspaces/rosgsthumble_ws/install/realsense2_camera_msgs/lib:/root/Workspaces/rosgsthumble_ws/install/gst_pipeline_plugins/lib:/root/Workspaces/rosgsthumble_ws/install/gst_pipeline/lib:/root/Workspaces/rosgsthumble_ws/install/gst_msgs/lib:/root/Workspaces/rosgsthumble_ws/install/gst_bridge/lib:/root/Workspaces/rosgsthumble_ws/install/diagnostic_updater/lib:/root/Workspaces/rosgsthumble_ws/install/audio_msgs/lib:/opt/ros/humble/install/opt/rviz_ogre_vendor/lib:/opt/ros/humble/install/lib:/usr/local/cuda-10.2/targets/aarch64-linux/lib'), ('SHLVL', '1'), ('OLDPWD', '/root/Workspaces'), ('HOME', '/root'), ('ROS_PYTHON_VERSION', '3'), ('COLCON_PREFIX_PATH', '/opt/ros/humble/install:/root/Workspaces/rosgsthumble_ws/install'), ('ROS_DISTRO', 'humble'), ('PULSE_SERVER', 'unix:/run/user/1000/pulse/native'), ('_', '/usr/bin/colcon'), ('ROS_VERSION', '2'), ('NVIDIA_DRIVER_CAPABILITIES', 'compute,utility,graphics'), ('PKG_CONFIG_PATH', '/opt/ros/humble/install/lib/aarch64-linux-gnu/pkgconfig:/opt/ros/humble/install/lib/pkgconfig'), ('TERM', 'xterm'), ('ROS_LOCALHOST_ONLY', '0'), ('PATH', '/root/Workspaces/rosgsthumble_ws/install/xacro/bin:/opt/ros/humble/install/bin:/usr/local/cuda-10.2/bin:/usr/local/cuda/bin:/usr/local/sbin:/usr/local/bin:/usr/sbin:/usr/bin:/sbin:/bin'), ('XDG_RUNTIME_DIR', '/run/user/1000'), ('DISPLAY', ''), ('LANG', 'en_US.UTF-8'), ('RMW_IMPLEMENTATION', 'rmw_cyclonedds_cpp'), ('LS_COLORS', 'rs=0:di=01;34:ln=01;36:mh=00:pi=40;33:so=01;35:do=01;35:bd=40;33;01:cd=40;33;01:or=40;31;01:mi=00:su=37;41:sg=30;43:ca=30;41:tw=30;42:ow=34;42:st=37;44:ex=01;32:*.tar=01;31:*.tgz=01;31:*.arc=01;31:*.arj=01;31:*.taz=01;31:*.lha=01;31:*.lz4=01;31:*.lzh=01;31:*.lzma=01;31:*.tlz=01;31:*.txz=01;31:*.tzo=01;31:*.t7z=01;31:*.zip=01;31:*.z=01;31:*.Z=01;31:*.dz=01;31:*.gz=01;31:*.lrz=01;31:*.lz=01;31:*.lzo=01;31:*.xz=01;31:*.zst=01;31:*.tzst=01;31:*.bz2=01;31:*.bz=01;31:*.tbz=01;31:*.tbz2=01;31:*.tz=01;31:*.deb=01;31:*.rpm=01;31:*.jar=01;31:*.war=01;31:*.ear=01;31:*.sar=01;31:*.rar=01;31:*.alz=01;31:*.ace=01;31:*.zoo=01;31:*.cpio=01;31:*.7z=01;31:*.rz=01;31:*.cab=01;31:*.wim=01;31:*.swm=01;31:*.dwm=01;31:*.esd=01;31:*.jpg=01;35:*.jpeg=01;35:*.mjpg=01;35:*.mjpeg=01;35:*.gif=01;35:*.bmp=01;35:*.pbm=01;35:*.pgm=01;35:*.ppm=01;35:*.tga=01;35:*.xbm=01;35:*.xpm=01;35:*.tif=01;35:*.tiff=01;35:*.png=01;35:*.svg=01;35:*.svgz=01;35:*.mng=01;35:*.pcx=01;35:*.mov=01;35:*.mpg=01;35:*.mpeg=01;35:*.m2v=01;35:*.mkv=01;35:*.webm=01;35:*.ogm=01;35:*.mp4=01;35:*.m4v=01;35:*.mp4v=01;35:*.vob=01;35:*.qt=01;35:*.nuv=01;35:*.wmv=01;35:*.asf=01;35:*.rm=01;35:*.rmvb=01;35:*.flc=01;35:*.avi=01;35:*.fli=01;35:*.flv=01;35:*.gl=01;35:*.dl=01;35:*.xcf=01;35:*.xwd=01;35:*.yuv=01;35:*.cgm=01;35:*.emf=01;35:*.ogv=01;35:*.ogx=01;35:*.aac=00;36:*.au=00;36:*.flac=00;36:*.m4a=00;36:*.mid=00;36:*.midi=00;36:*.mka=00;36:*.mp3=00;36:*.mpc=00;36:*.ogg=00;36:*.ra=00;36:*.wav=00;36:*.oga=00;36:*.opus=00;36:*.spx=00;36:*.xspf=00;36:'), ('ROS_ROOT', '/opt/ros/humble'), ('AMENT_PREFIX_PATH', '/root/Workspaces/rosgsthumble_ws/install/image_geometry:/root/Workspaces/rosgsthumble_ws/install/cv_bridge:/opt/ros/humble/install'), ('DEBIAN_FRONTEND', 'noninteractive'), ('GST_PLUGIN_PATH', '/root/Workspaces/rosgsthumble_ws/install/gst_bridge/lib/gst_bridge/'), ('SHELL', '/bin/bash'), ('PWD', '/root/Workspaces/rosgsthumble_ws/build/vision_opencv'), ('PYTHONPATH', '/root/Workspaces/rosgsthumble_ws/install/image_geometry/lib/python3.6/site-packages:/root/Workspaces/rosgsthumble_ws/install/cv_bridge/lib/python3.6/site-packages:/root/Workspaces/rosgsthumble_ws/install/xacro/lib/python3.6/site-packages:/root/Workspaces/rosgsthumble_ws/install/realsense2_camera_msgs/lib/python3.6/site-packages:/root/Workspaces/rosgsthumble_ws/install/gst_msgs/lib/python3.6/site-packages:/root/Workspaces/rosgsthumble_ws/install/diagnostic_common_diagnostics/lib/python3.6/site-packages:/root/Workspaces/rosgsthumble_ws/install/diagnostic_updater/lib/python3.6/site-packages:/root/Workspaces/rosgsthumble_ws/install/audio_msgs/lib/python3.6/site-packages:/opt/ros/humble/install/lib/python3.6/site-packages'), ('NVIDIA_VISIBLE_DEVICES', 'all'), ('COLCON', '1'), ('CMAKE_PREFIX_PATH', '/root/Workspaces/rosgsthumble_ws/install/image_geometry:/root/Workspaces/rosgsthumble_ws/install/cv_bridge:/opt/ros/humble/install')]), 'shell': False}
[17.297218] (diagnostics) JobProgress: {'identifier': 'diagnostics', 'progress': 'cmake'}
[17.300307] (diagnostics) JobProgress: {'identifier': 'diagnostics', 'progress': 'build'}
[17.301567] (diagnostics) Command: {'cmd': ['/usr/local/bin/cmake', '--build', '/root/Workspaces/rosgsthumble_ws/build/diagnostics', '--', '-j4', '-l4'], 'cwd': '/root/Workspaces/rosgsthumble_ws/build/diagnostics', 'env': OrderedDict([('OPENBLAS_CORETYPE', 'ARMV8'), ('PYTHONIOENCODING', 'utf-8'), ('HOSTNAME', 'nano'), ('LD_LIBRARY_PATH', '/root/Workspaces/rosgsthumble_ws/install/realsense2_camera/lib:/root/Workspaces/rosgsthumble_ws/install/realsense2_camera_msgs/lib:/root/Workspaces/rosgsthumble_ws/install/image_geometry/lib:/root/Workspaces/rosgsthumble_ws/install/gst_pipeline_plugins/lib:/root/Workspaces/rosgsthumble_ws/install/gst_pipeline/lib:/root/Workspaces/rosgsthumble_ws/install/gst_msgs/lib:/root/Workspaces/rosgsthumble_ws/install/gst_bridge/lib:/root/Workspaces/rosgsthumble_ws/install/diagnostic_updater/lib:/root/Workspaces/rosgsthumble_ws/install/cv_bridge/lib:/root/Workspaces/rosgsthumble_ws/install/audio_msgs/lib:/opt/ros/humble/install/opt/rviz_ogre_vendor/lib:/opt/ros/humble/install/lib:/usr/local/cuda-10.2/targets/aarch64-linux/lib:'), ('SHLVL', '1'), ('OLDPWD', '/root/Workspaces'), ('HOME', '/root'), ('ROS_PYTHON_VERSION', '3'), ('COLCON_PREFIX_PATH', '/opt/ros/humble/install:/root/Workspaces/rosgsthumble_ws/install'), ('ROS_DISTRO', 'humble'), ('PULSE_SERVER', 'unix:/run/user/1000/pulse/native'), ('_', '/usr/bin/colcon'), ('ROS_VERSION', '2'), ('NVIDIA_DRIVER_CAPABILITIES', 'compute,utility,graphics'), ('PKG_CONFIG_PATH', '/opt/ros/humble/install/lib/aarch64-linux-gnu/pkgconfig:/opt/ros/humble/install/lib/pkgconfig'), ('TERM', 'xterm'), ('ROS_LOCALHOST_ONLY', '0'), ('PATH', '/root/Workspaces/rosgsthumble_ws/install/xacro/bin:/opt/ros/humble/install/bin:/usr/local/cuda-10.2/bin:/usr/local/cuda/bin:/usr/local/sbin:/usr/local/bin:/usr/sbin:/usr/bin:/sbin:/bin'), ('XDG_RUNTIME_DIR', '/run/user/1000'), ('DISPLAY', ''), ('LANG', 'en_US.UTF-8'), ('RMW_IMPLEMENTATION', 'rmw_cyclonedds_cpp'), ('LS_COLORS', 'rs=0:di=01;34:ln=01;36:mh=00:pi=40;33:so=01;35:do=01;35:bd=40;33;01:cd=40;33;01:or=40;31;01:mi=00:su=37;41:sg=30;43:ca=30;41:tw=30;42:ow=34;42:st=37;44:ex=01;32:*.tar=01;31:*.tgz=01;31:*.arc=01;31:*.arj=01;31:*.taz=01;31:*.lha=01;31:*.lz4=01;31:*.lzh=01;31:*.lzma=01;31:*.tlz=01;31:*.txz=01;31:*.tzo=01;31:*.t7z=01;31:*.zip=01;31:*.z=01;31:*.Z=01;31:*.dz=01;31:*.gz=01;31:*.lrz=01;31:*.lz=01;31:*.lzo=01;31:*.xz=01;31:*.zst=01;31:*.tzst=01;31:*.bz2=01;31:*.bz=01;31:*.tbz=01;31:*.tbz2=01;31:*.tz=01;31:*.deb=01;31:*.rpm=01;31:*.jar=01;31:*.war=01;31:*.ear=01;31:*.sar=01;31:*.rar=01;31:*.alz=01;31:*.ace=01;31:*.zoo=01;31:*.cpio=01;31:*.7z=01;31:*.rz=01;31:*.cab=01;31:*.wim=01;31:*.swm=01;31:*.dwm=01;31:*.esd=01;31:*.jpg=01;35:*.jpeg=01;35:*.mjpg=01;35:*.mjpeg=01;35:*.gif=01;35:*.bmp=01;35:*.pbm=01;35:*.pgm=01;35:*.ppm=01;35:*.tga=01;35:*.xbm=01;35:*.xpm=01;35:*.tif=01;35:*.tiff=01;35:*.png=01;35:*.svg=01;35:*.svgz=01;35:*.mng=01;35:*.pcx=01;35:*.mov=01;35:*.mpg=01;35:*.mpeg=01;35:*.m2v=01;35:*.mkv=01;35:*.webm=01;35:*.ogm=01;35:*.mp4=01;35:*.m4v=01;35:*.mp4v=01;35:*.vob=01;35:*.qt=01;35:*.nuv=01;35:*.wmv=01;35:*.asf=01;35:*.rm=01;35:*.rmvb=01;35:*.flc=01;35:*.avi=01;35:*.fli=01;35:*.flv=01;35:*.gl=01;35:*.dl=01;35:*.xcf=01;35:*.xwd=01;35:*.yuv=01;35:*.cgm=01;35:*.emf=01;35:*.ogv=01;35:*.ogx=01;35:*.aac=00;36:*.au=00;36:*.flac=00;36:*.m4a=00;36:*.mid=00;36:*.midi=00;36:*.mka=00;36:*.mp3=00;36:*.mpc=00;36:*.ogg=00;36:*.ra=00;36:*.wav=00;36:*.oga=00;36:*.opus=00;36:*.spx=00;36:*.xspf=00;36:'), ('ROS_ROOT', '/opt/ros/humble'), ('AMENT_PREFIX_PATH', '/root/Workspaces/rosgsthumble_ws/install/diagnostic_common_diagnostics:/root/Workspaces/rosgsthumble_ws/install/diagnostic_updater:/opt/ros/humble/install'), ('DEBIAN_FRONTEND', 'noninteractive'), ('GST_PLUGIN_PATH', '/root/Workspaces/rosgsthumble_ws/install/gst_bridge/lib/gst_bridge/'), ('SHELL', '/bin/bash'), ('PWD', '/root/Workspaces/rosgsthumble_ws/build/diagnostics'), ('PYTHONPATH', '/root/Workspaces/rosgsthumble_ws/install/diagnostic_common_diagnostics/lib/python3.6/site-packages:/root/Workspaces/rosgsthumble_ws/install/diagnostic_updater/lib/python3.6/site-packages:/root/Workspaces/rosgsthumble_ws/install/xacro/lib/python3.6/site-packages:/root/Workspaces/rosgsthumble_ws/install/realsense2_camera_msgs/lib/python3.6/site-packages:/root/Workspaces/rosgsthumble_ws/install/image_geometry/lib/python3.6/site-packages:/root/Workspaces/rosgsthumble_ws/install/gst_msgs/lib/python3.6/site-packages:/root/Workspaces/rosgsthumble_ws/install/cv_bridge/lib/python3.6/site-packages:/root/Workspaces/rosgsthumble_ws/install/audio_msgs/lib/python3.6/site-packages:/opt/ros/humble/install/lib/python3.6/site-packages'), ('NVIDIA_VISIBLE_DEVICES', 'all'), ('COLCON', '1'), ('CMAKE_PREFIX_PATH', '/root/Workspaces/rosgsthumble_ws/install/diagnostic_common_diagnostics:/root/Workspaces/rosgsthumble_ws/install/diagnostic_updater:/opt/ros/humble/install')]), 'shell': False}
[17.357109] (-) TimerEvent: {}
[17.458478] (-) TimerEvent: {}
[17.559465] (-) TimerEvent: {}
[17.583014] (vision_opencv) CommandEnded: {'returncode': 0}
[17.664765] (-) TimerEvent: {}
[17.788636] (-) TimerEvent: {}
[17.877329] (realsense2_camera) JobEnded: {'identifier': 'realsense2_camera', 'rc': 0}
[17.886851] (diagnostics) CommandEnded: {'returncode': 0}
[17.890992] (-) TimerEvent: {}
[17.896715] (webrtc_camera_node) JobStarted: {'identifier': 'webrtc_camera_node'}
[17.991158] (-) TimerEvent: {}
[18.051030] (vision_opencv) JobProgress: {'identifier': 'vision_opencv', 'progress': 'install'}
[18.052399] (vision_opencv) Command: {'cmd': ['/usr/local/bin/cmake', '--install', '/root/Workspaces/rosgsthumble_ws/build/vision_opencv'], 'cwd': '/root/Workspaces/rosgsthumble_ws/build/vision_opencv', 'env': OrderedDict([('OPENBLAS_CORETYPE', 'ARMV8'), ('PYTHONIOENCODING', 'utf-8'), ('HOSTNAME', 'nano'), ('LD_LIBRARY_PATH', '/root/Workspaces/rosgsthumble_ws/install/image_geometry/lib:/root/Workspaces/rosgsthumble_ws/install/cv_bridge/lib:/root/Workspaces/rosgsthumble_ws/install/realsense2_camera/lib:/root/Workspaces/rosgsthumble_ws/install/realsense2_camera_msgs/lib:/root/Workspaces/rosgsthumble_ws/install/gst_pipeline_plugins/lib:/root/Workspaces/rosgsthumble_ws/install/gst_pipeline/lib:/root/Workspaces/rosgsthumble_ws/install/gst_msgs/lib:/root/Workspaces/rosgsthumble_ws/install/gst_bridge/lib:/root/Workspaces/rosgsthumble_ws/install/diagnostic_updater/lib:/root/Workspaces/rosgsthumble_ws/install/audio_msgs/lib:/opt/ros/humble/install/opt/rviz_ogre_vendor/lib:/opt/ros/humble/install/lib:/usr/local/cuda-10.2/targets/aarch64-linux/lib'), ('SHLVL', '1'), ('OLDPWD', '/root/Workspaces'), ('HOME', '/root'), ('ROS_PYTHON_VERSION', '3'), ('COLCON_PREFIX_PATH', '/opt/ros/humble/install:/root/Workspaces/rosgsthumble_ws/install'), ('ROS_DISTRO', 'humble'), ('PULSE_SERVER', 'unix:/run/user/1000/pulse/native'), ('_', '/usr/bin/colcon'), ('ROS_VERSION', '2'), ('NVIDIA_DRIVER_CAPABILITIES', 'compute,utility,graphics'), ('PKG_CONFIG_PATH', '/opt/ros/humble/install/lib/aarch64-linux-gnu/pkgconfig:/opt/ros/humble/install/lib/pkgconfig'), ('TERM', 'xterm'), ('ROS_LOCALHOST_ONLY', '0'), ('PATH', '/root/Workspaces/rosgsthumble_ws/install/xacro/bin:/opt/ros/humble/install/bin:/usr/local/cuda-10.2/bin:/usr/local/cuda/bin:/usr/local/sbin:/usr/local/bin:/usr/sbin:/usr/bin:/sbin:/bin'), ('XDG_RUNTIME_DIR', '/run/user/1000'), ('DISPLAY', ''), ('LANG', 'en_US.UTF-8'), ('RMW_IMPLEMENTATION', 'rmw_cyclonedds_cpp'), ('LS_COLORS', 'rs=0:di=01;34:ln=01;36:mh=00:pi=40;33:so=01;35:do=01;35:bd=40;33;01:cd=40;33;01:or=40;31;01:mi=00:su=37;41:sg=30;43:ca=30;41:tw=30;42:ow=34;42:st=37;44:ex=01;32:*.tar=01;31:*.tgz=01;31:*.arc=01;31:*.arj=01;31:*.taz=01;31:*.lha=01;31:*.lz4=01;31:*.lzh=01;31:*.lzma=01;31:*.tlz=01;31:*.txz=01;31:*.tzo=01;31:*.t7z=01;31:*.zip=01;31:*.z=01;31:*.Z=01;31:*.dz=01;31:*.gz=01;31:*.lrz=01;31:*.lz=01;31:*.lzo=01;31:*.xz=01;31:*.zst=01;31:*.tzst=01;31:*.bz2=01;31:*.bz=01;31:*.tbz=01;31:*.tbz2=01;31:*.tz=01;31:*.deb=01;31:*.rpm=01;31:*.jar=01;31:*.war=01;31:*.ear=01;31:*.sar=01;31:*.rar=01;31:*.alz=01;31:*.ace=01;31:*.zoo=01;31:*.cpio=01;31:*.7z=01;31:*.rz=01;31:*.cab=01;31:*.wim=01;31:*.swm=01;31:*.dwm=01;31:*.esd=01;31:*.jpg=01;35:*.jpeg=01;35:*.mjpg=01;35:*.mjpeg=01;35:*.gif=01;35:*.bmp=01;35:*.pbm=01;35:*.pgm=01;35:*.ppm=01;35:*.tga=01;35:*.xbm=01;35:*.xpm=01;35:*.tif=01;35:*.tiff=01;35:*.png=01;35:*.svg=01;35:*.svgz=01;35:*.mng=01;35:*.pcx=01;35:*.mov=01;35:*.mpg=01;35:*.mpeg=01;35:*.m2v=01;35:*.mkv=01;35:*.webm=01;35:*.ogm=01;35:*.mp4=01;35:*.m4v=01;35:*.mp4v=01;35:*.vob=01;35:*.qt=01;35:*.nuv=01;35:*.wmv=01;35:*.asf=01;35:*.rm=01;35:*.rmvb=01;35:*.flc=01;35:*.avi=01;35:*.fli=01;35:*.flv=01;35:*.gl=01;35:*.dl=01;35:*.xcf=01;35:*.xwd=01;35:*.yuv=01;35:*.cgm=01;35:*.emf=01;35:*.ogv=01;35:*.ogx=01;35:*.aac=00;36:*.au=00;36:*.flac=00;36:*.m4a=00;36:*.mid=00;36:*.midi=00;36:*.mka=00;36:*.mp3=00;36:*.mpc=00;36:*.ogg=00;36:*.ra=00;36:*.wav=00;36:*.oga=00;36:*.opus=00;36:*.spx=00;36:*.xspf=00;36:'), ('ROS_ROOT', '/opt/ros/humble'), ('AMENT_PREFIX_PATH', '/root/Workspaces/rosgsthumble_ws/install/image_geometry:/root/Workspaces/rosgsthumble_ws/install/cv_bridge:/opt/ros/humble/install'), ('DEBIAN_FRONTEND', 'noninteractive'), ('GST_PLUGIN_PATH', '/root/Workspaces/rosgsthumble_ws/install/gst_bridge/lib/gst_bridge/'), ('SHELL', '/bin/bash'), ('PWD', '/root/Workspaces/rosgsthumble_ws/build/vision_opencv'), ('PYTHONPATH', '/root/Workspaces/rosgsthumble_ws/install/image_geometry/lib/python3.6/site-packages:/root/Workspaces/rosgsthumble_ws/install/cv_bridge/lib/python3.6/site-packages:/root/Workspaces/rosgsthumble_ws/install/xacro/lib/python3.6/site-packages:/root/Workspaces/rosgsthumble_ws/install/realsense2_camera_msgs/lib/python3.6/site-packages:/root/Workspaces/rosgsthumble_ws/install/gst_msgs/lib/python3.6/site-packages:/root/Workspaces/rosgsthumble_ws/install/diagnostic_common_diagnostics/lib/python3.6/site-packages:/root/Workspaces/rosgsthumble_ws/install/diagnostic_updater/lib/python3.6/site-packages:/root/Workspaces/rosgsthumble_ws/install/audio_msgs/lib/python3.6/site-packages:/opt/ros/humble/install/lib/python3.6/site-packages'), ('NVIDIA_VISIBLE_DEVICES', 'all'), ('COLCON', '1'), ('CMAKE_PREFIX_PATH', '/root/Workspaces/rosgsthumble_ws/install/image_geometry:/root/Workspaces/rosgsthumble_ws/install/cv_bridge:/opt/ros/humble/install')]), 'shell': False}
[18.078269] (webrtc_camera_node) JobProgress: {'identifier': 'webrtc_camera_node', 'progress': 'cmake'}
[18.082329] (webrtc_camera_node) JobProgress: {'identifier': 'webrtc_camera_node', 'progress': 'build'}
[18.084042] (webrtc_camera_node) Command: {'cmd': ['/usr/local/bin/cmake', '--build', '/root/Workspaces/rosgsthumble_ws/build/webrtc_camera_node', '--', '-j4', '-l4'], 'cwd': '/root/Workspaces/rosgsthumble_ws/build/webrtc_camera_node', 'env': OrderedDict([('OPENBLAS_CORETYPE', 'ARMV8'), ('PYTHONIOENCODING', 'utf-8'), ('HOSTNAME', 'nano'), ('LD_LIBRARY_PATH', '/root/Workspaces/rosgsthumble_ws/install/gst_bridge/lib:/root/Workspaces/rosgsthumble_ws/install/audio_msgs/lib:/root/Workspaces/rosgsthumble_ws/install/realsense2_camera/lib:/root/Workspaces/rosgsthumble_ws/install/realsense2_camera_msgs/lib:/root/Workspaces/rosgsthumble_ws/install/image_geometry/lib:/root/Workspaces/rosgsthumble_ws/install/gst_pipeline_plugins/lib:/root/Workspaces/rosgsthumble_ws/install/gst_pipeline/lib:/root/Workspaces/rosgsthumble_ws/install/gst_msgs/lib:/root/Workspaces/rosgsthumble_ws/install/diagnostic_updater/lib:/root/Workspaces/rosgsthumble_ws/install/cv_bridge/lib:/opt/ros/humble/install/opt/rviz_ogre_vendor/lib:/opt/ros/humble/install/lib:/usr/local/cuda-10.2/targets/aarch64-linux/lib'), ('SHLVL', '1'), ('OLDPWD', '/root/Workspaces'), ('HOME', '/root'), ('ROS_PYTHON_VERSION', '3'), ('COLCON_PREFIX_PATH', '/opt/ros/humble/install:/root/Workspaces/rosgsthumble_ws/install'), ('ROS_DISTRO', 'humble'), ('PULSE_SERVER', 'unix:/run/user/1000/pulse/native'), ('_', '/usr/bin/colcon'), ('ROS_VERSION', '2'), ('NVIDIA_DRIVER_CAPABILITIES', 'compute,utility,graphics'), ('PKG_CONFIG_PATH', '/opt/ros/humble/install/lib/aarch64-linux-gnu/pkgconfig:/opt/ros/humble/install/lib/pkgconfig'), ('TERM', 'xterm'), ('ROS_LOCALHOST_ONLY', '0'), ('PATH', '/root/Workspaces/rosgsthumble_ws/install/xacro/bin:/opt/ros/humble/install/bin:/usr/local/cuda-10.2/bin:/usr/local/cuda/bin:/usr/local/sbin:/usr/local/bin:/usr/sbin:/usr/bin:/sbin:/bin'), ('XDG_RUNTIME_DIR', '/run/user/1000'), ('DISPLAY', ''), ('LANG', 'en_US.UTF-8'), ('RMW_IMPLEMENTATION', 'rmw_cyclonedds_cpp'), ('LS_COLORS', 'rs=0:di=01;34:ln=01;36:mh=00:pi=40;33:so=01;35:do=01;35:bd=40;33;01:cd=40;33;01:or=40;31;01:mi=00:su=37;41:sg=30;43:ca=30;41:tw=30;42:ow=34;42:st=37;44:ex=01;32:*.tar=01;31:*.tgz=01;31:*.arc=01;31:*.arj=01;31:*.taz=01;31:*.lha=01;31:*.lz4=01;31:*.lzh=01;31:*.lzma=01;31:*.tlz=01;31:*.txz=01;31:*.tzo=01;31:*.t7z=01;31:*.zip=01;31:*.z=01;31:*.Z=01;31:*.dz=01;31:*.gz=01;31:*.lrz=01;31:*.lz=01;31:*.lzo=01;31:*.xz=01;31:*.zst=01;31:*.tzst=01;31:*.bz2=01;31:*.bz=01;31:*.tbz=01;31:*.tbz2=01;31:*.tz=01;31:*.deb=01;31:*.rpm=01;31:*.jar=01;31:*.war=01;31:*.ear=01;31:*.sar=01;31:*.rar=01;31:*.alz=01;31:*.ace=01;31:*.zoo=01;31:*.cpio=01;31:*.7z=01;31:*.rz=01;31:*.cab=01;31:*.wim=01;31:*.swm=01;31:*.dwm=01;31:*.esd=01;31:*.jpg=01;35:*.jpeg=01;35:*.mjpg=01;35:*.mjpeg=01;35:*.gif=01;35:*.bmp=01;35:*.pbm=01;35:*.pgm=01;35:*.ppm=01;35:*.tga=01;35:*.xbm=01;35:*.xpm=01;35:*.tif=01;35:*.tiff=01;35:*.png=01;35:*.svg=01;35:*.svgz=01;35:*.mng=01;35:*.pcx=01;35:*.mov=01;35:*.mpg=01;35:*.mpeg=01;35:*.m2v=01;35:*.mkv=01;35:*.webm=01;35:*.ogm=01;35:*.mp4=01;35:*.m4v=01;35:*.mp4v=01;35:*.vob=01;35:*.qt=01;35:*.nuv=01;35:*.wmv=01;35:*.asf=01;35:*.rm=01;35:*.rmvb=01;35:*.flc=01;35:*.avi=01;35:*.fli=01;35:*.flv=01;35:*.gl=01;35:*.dl=01;35:*.xcf=01;35:*.xwd=01;35:*.yuv=01;35:*.cgm=01;35:*.emf=01;35:*.ogv=01;35:*.ogx=01;35:*.aac=00;36:*.au=00;36:*.flac=00;36:*.m4a=00;36:*.mid=00;36:*.midi=00;36:*.mka=00;36:*.mp3=00;36:*.mpc=00;36:*.ogg=00;36:*.ra=00;36:*.wav=00;36:*.oga=00;36:*.opus=00;36:*.spx=00;36:*.xspf=00;36:'), ('ROS_ROOT', '/opt/ros/humble'), ('AMENT_PREFIX_PATH', '/root/Workspaces/rosgsthumble_ws/install/gst_bridge:/root/Workspaces/rosgsthumble_ws/install/audio_msgs:/opt/ros/humble/install'), ('DEBIAN_FRONTEND', 'noninteractive'), ('GST_PLUGIN_PATH', '/root/Workspaces/rosgsthumble_ws/install/gst_bridge/lib/gst_bridge/'), ('SHELL', '/bin/bash'), ('PWD', '/root/Workspaces/rosgsthumble_ws/build/webrtc_camera_node'), ('PYTHONPATH', '/root/Workspaces/rosgsthumble_ws/install/audio_msgs/lib/python3.6/site-packages:/root/Workspaces/rosgsthumble_ws/install/xacro/lib/python3.6/site-packages:/root/Workspaces/rosgsthumble_ws/install/realsense2_camera_msgs/lib/python3.6/site-packages:/root/Workspaces/rosgsthumble_ws/install/image_geometry/lib/python3.6/site-packages:/root/Workspaces/rosgsthumble_ws/install/gst_msgs/lib/python3.6/site-packages:/root/Workspaces/rosgsthumble_ws/install/diagnostic_common_diagnostics/lib/python3.6/site-packages:/root/Workspaces/rosgsthumble_ws/install/diagnostic_updater/lib/python3.6/site-packages:/root/Workspaces/rosgsthumble_ws/install/cv_bridge/lib/python3.6/site-packages:/opt/ros/humble/install/lib/python3.6/site-packages'), ('NVIDIA_VISIBLE_DEVICES', 'all'), ('COLCON', '1'), ('CMAKE_PREFIX_PATH', '/root/Workspaces/rosgsthumble_ws/install/gst_bridge:/root/Workspaces/rosgsthumble_ws/install/audio_msgs:/opt/ros/humble/install')]), 'shell': False}
[18.092691] (-) TimerEvent: {}
[18.164183] (diagnostics) JobProgress: {'identifier': 'diagnostics', 'progress': 'install'}
[18.165048] (diagnostics) Command: {'cmd': ['/usr/local/bin/cmake', '--install', '/root/Workspaces/rosgsthumble_ws/build/diagnostics'], 'cwd': '/root/Workspaces/rosgsthumble_ws/build/diagnostics', 'env': OrderedDict([('OPENBLAS_CORETYPE', 'ARMV8'), ('PYTHONIOENCODING', 'utf-8'), ('HOSTNAME', 'nano'), ('LD_LIBRARY_PATH', '/root/Workspaces/rosgsthumble_ws/install/realsense2_camera/lib:/root/Workspaces/rosgsthumble_ws/install/realsense2_camera_msgs/lib:/root/Workspaces/rosgsthumble_ws/install/image_geometry/lib:/root/Workspaces/rosgsthumble_ws/install/gst_pipeline_plugins/lib:/root/Workspaces/rosgsthumble_ws/install/gst_pipeline/lib:/root/Workspaces/rosgsthumble_ws/install/gst_msgs/lib:/root/Workspaces/rosgsthumble_ws/install/gst_bridge/lib:/root/Workspaces/rosgsthumble_ws/install/diagnostic_updater/lib:/root/Workspaces/rosgsthumble_ws/install/cv_bridge/lib:/root/Workspaces/rosgsthumble_ws/install/audio_msgs/lib:/opt/ros/humble/install/opt/rviz_ogre_vendor/lib:/opt/ros/humble/install/lib:/usr/local/cuda-10.2/targets/aarch64-linux/lib:'), ('SHLVL', '1'), ('OLDPWD', '/root/Workspaces'), ('HOME', '/root'), ('ROS_PYTHON_VERSION', '3'), ('COLCON_PREFIX_PATH', '/opt/ros/humble/install:/root/Workspaces/rosgsthumble_ws/install'), ('ROS_DISTRO', 'humble'), ('PULSE_SERVER', 'unix:/run/user/1000/pulse/native'), ('_', '/usr/bin/colcon'), ('ROS_VERSION', '2'), ('NVIDIA_DRIVER_CAPABILITIES', 'compute,utility,graphics'), ('PKG_CONFIG_PATH', '/opt/ros/humble/install/lib/aarch64-linux-gnu/pkgconfig:/opt/ros/humble/install/lib/pkgconfig'), ('TERM', 'xterm'), ('ROS_LOCALHOST_ONLY', '0'), ('PATH', '/root/Workspaces/rosgsthumble_ws/install/xacro/bin:/opt/ros/humble/install/bin:/usr/local/cuda-10.2/bin:/usr/local/cuda/bin:/usr/local/sbin:/usr/local/bin:/usr/sbin:/usr/bin:/sbin:/bin'), ('XDG_RUNTIME_DIR', '/run/user/1000'), ('DISPLAY', ''), ('LANG', 'en_US.UTF-8'), ('RMW_IMPLEMENTATION', 'rmw_cyclonedds_cpp'), ('LS_COLORS', 'rs=0:di=01;34:ln=01;36:mh=00:pi=40;33:so=01;35:do=01;35:bd=40;33;01:cd=40;33;01:or=40;31;01:mi=00:su=37;41:sg=30;43:ca=30;41:tw=30;42:ow=34;42:st=37;44:ex=01;32:*.tar=01;31:*.tgz=01;31:*.arc=01;31:*.arj=01;31:*.taz=01;31:*.lha=01;31:*.lz4=01;31:*.lzh=01;31:*.lzma=01;31:*.tlz=01;31:*.txz=01;31:*.tzo=01;31:*.t7z=01;31:*.zip=01;31:*.z=01;31:*.Z=01;31:*.dz=01;31:*.gz=01;31:*.lrz=01;31:*.lz=01;31:*.lzo=01;31:*.xz=01;31:*.zst=01;31:*.tzst=01;31:*.bz2=01;31:*.bz=01;31:*.tbz=01;31:*.tbz2=01;31:*.tz=01;31:*.deb=01;31:*.rpm=01;31:*.jar=01;31:*.war=01;31:*.ear=01;31:*.sar=01;31:*.rar=01;31:*.alz=01;31:*.ace=01;31:*.zoo=01;31:*.cpio=01;31:*.7z=01;31:*.rz=01;31:*.cab=01;31:*.wim=01;31:*.swm=01;31:*.dwm=01;31:*.esd=01;31:*.jpg=01;35:*.jpeg=01;35:*.mjpg=01;35:*.mjpeg=01;35:*.gif=01;35:*.bmp=01;35:*.pbm=01;35:*.pgm=01;35:*.ppm=01;35:*.tga=01;35:*.xbm=01;35:*.xpm=01;35:*.tif=01;35:*.tiff=01;35:*.png=01;35:*.svg=01;35:*.svgz=01;35:*.mng=01;35:*.pcx=01;35:*.mov=01;35:*.mpg=01;35:*.mpeg=01;35:*.m2v=01;35:*.mkv=01;35:*.webm=01;35:*.ogm=01;35:*.mp4=01;35:*.m4v=01;35:*.mp4v=01;35:*.vob=01;35:*.qt=01;35:*.nuv=01;35:*.wmv=01;35:*.asf=01;35:*.rm=01;35:*.rmvb=01;35:*.flc=01;35:*.avi=01;35:*.fli=01;35:*.flv=01;35:*.gl=01;35:*.dl=01;35:*.xcf=01;35:*.xwd=01;35:*.yuv=01;35:*.cgm=01;35:*.emf=01;35:*.ogv=01;35:*.ogx=01;35:*.aac=00;36:*.au=00;36:*.flac=00;36:*.m4a=00;36:*.mid=00;36:*.midi=00;36:*.mka=00;36:*.mp3=00;36:*.mpc=00;36:*.ogg=00;36:*.ra=00;36:*.wav=00;36:*.oga=00;36:*.opus=00;36:*.spx=00;36:*.xspf=00;36:'), ('ROS_ROOT', '/opt/ros/humble'), ('AMENT_PREFIX_PATH', '/root/Workspaces/rosgsthumble_ws/install/diagnostic_common_diagnostics:/root/Workspaces/rosgsthumble_ws/install/diagnostic_updater:/opt/ros/humble/install'), ('DEBIAN_FRONTEND', 'noninteractive'), ('GST_PLUGIN_PATH', '/root/Workspaces/rosgsthumble_ws/install/gst_bridge/lib/gst_bridge/'), ('SHELL', '/bin/bash'), ('PWD', '/root/Workspaces/rosgsthumble_ws/build/diagnostics'), ('PYTHONPATH', '/root/Workspaces/rosgsthumble_ws/install/diagnostic_common_diagnostics/lib/python3.6/site-packages:/root/Workspaces/rosgsthumble_ws/install/diagnostic_updater/lib/python3.6/site-packages:/root/Workspaces/rosgsthumble_ws/install/xacro/lib/python3.6/site-packages:/root/Workspaces/rosgsthumble_ws/install/realsense2_camera_msgs/lib/python3.6/site-packages:/root/Workspaces/rosgsthumble_ws/install/image_geometry/lib/python3.6/site-packages:/root/Workspaces/rosgsthumble_ws/install/gst_msgs/lib/python3.6/site-packages:/root/Workspaces/rosgsthumble_ws/install/cv_bridge/lib/python3.6/site-packages:/root/Workspaces/rosgsthumble_ws/install/audio_msgs/lib/python3.6/site-packages:/opt/ros/humble/install/lib/python3.6/site-packages'), ('NVIDIA_VISIBLE_DEVICES', 'all'), ('COLCON', '1'), ('CMAKE_PREFIX_PATH', '/root/Workspaces/rosgsthumble_ws/install/diagnostic_common_diagnostics:/root/Workspaces/rosgsthumble_ws/install/diagnostic_updater:/opt/ros/humble/install')]), 'shell': False}
[18.192786] (-) TimerEvent: {}
[18.274751] (vision_opencv) StdoutLine: {'line': b'-- Install configuration: ""\n'}
[18.277746] (vision_opencv) StdoutLine: {'line': b'-- Execute custom install script\n'}
[18.279891] (vision_opencv) StdoutLine: {'line': b'-- Up-to-date symlink: /root/Workspaces/rosgsthumble_ws/install/vision_opencv/share/ament_index/resource_index/package_run_dependencies/vision_opencv\n'}
[18.281903] (vision_opencv) StdoutLine: {'line': b'-- Up-to-date symlink: /root/Workspaces/rosgsthumble_ws/install/vision_opencv/share/ament_index/resource_index/parent_prefix_path/vision_opencv\n'}
[18.283952] (vision_opencv) StdoutLine: {'line': b'-- Up-to-date symlink: /root/Workspaces/rosgsthumble_ws/install/vision_opencv/share/vision_opencv/environment/ament_prefix_path.sh\n'}
[18.285892] (vision_opencv) StdoutLine: {'line': b'-- Up-to-date symlink: /root/Workspaces/rosgsthumble_ws/install/vision_opencv/share/vision_opencv/environment/ament_prefix_path.dsv\n'}
[18.287976] (vision_opencv) StdoutLine: {'line': b'-- Up-to-date symlink: /root/Workspaces/rosgsthumble_ws/install/vision_opencv/share/vision_opencv/environment/path.sh\n'}
[18.289940] (vision_opencv) StdoutLine: {'line': b'-- Up-to-date symlink: /root/Workspaces/rosgsthumble_ws/install/vision_opencv/share/vision_opencv/environment/path.dsv\n'}
[18.291898] (vision_opencv) StdoutLine: {'line': b'-- Up-to-date symlink: /root/Workspaces/rosgsthumble_ws/install/vision_opencv/share/vision_opencv/local_setup.bash\n'}
[18.292918] (-) TimerEvent: {}
[18.295302] (vision_opencv) StdoutLine: {'line': b'-- Up-to-date symlink: /root/Workspaces/rosgsthumble_ws/install/vision_opencv/share/vision_opencv/local_setup.sh\n'}
[18.296959] (vision_opencv) StdoutLine: {'line': b'-- Up-to-date symlink: /root/Workspaces/rosgsthumble_ws/install/vision_opencv/share/vision_opencv/local_setup.zsh\n'}
[18.298643] (vision_opencv) StdoutLine: {'line': b'-- Up-to-date symlink: /root/Workspaces/rosgsthumble_ws/install/vision_opencv/share/vision_opencv/local_setup.dsv\n'}
[18.300156] (vision_opencv) StdoutLine: {'line': b'-- Symlinking: /root/Workspaces/rosgsthumble_ws/install/vision_opencv/share/vision_opencv/package.dsv\n'}
[18.326618] (vision_opencv) StdoutLine: {'line': b'-- Up-to-date symlink: /root/Workspaces/rosgsthumble_ws/install/vision_opencv/share/ament_index/resource_index/packages/vision_opencv\n'}
[18.328797] (vision_opencv) StdoutLine: {'line': b'-- Up-to-date symlink: /root/Workspaces/rosgsthumble_ws/install/vision_opencv/share/vision_opencv/cmake/vision_opencvConfig.cmake\n'}
[18.332037] (vision_opencv) StdoutLine: {'line': b'-- Up-to-date symlink: /root/Workspaces/rosgsthumble_ws/install/vision_opencv/share/vision_opencv/cmake/vision_opencvConfig-version.cmake\n'}
[18.333869] (vision_opencv) StdoutLine: {'line': b'-- Up-to-date symlink: /root/Workspaces/rosgsthumble_ws/install/vision_opencv/share/vision_opencv/package.xml\n'}
[18.344433] (gst_pipeline) StdoutLine: {'line': b'-- Found image_transport: 3.1.6 (/opt/ros/humble/install/share/image_transport/cmake)\n'}
[18.365138] (vision_opencv) CommandEnded: {'returncode': 0}
[18.398202] (-) TimerEvent: {}
[18.416315] (diagnostics) StdoutLine: {'line': b'-- Install configuration: ""\n'}
[18.418482] (diagnostics) StdoutLine: {'line': b'-- Execute custom install script\n'}
[18.420873] (diagnostics) StdoutLine: {'line': b'-- Up-to-date symlink: /root/Workspaces/rosgsthumble_ws/install/diagnostics/share/ament_index/resource_index/package_run_dependencies/diagnostics\n'}
[18.433597] (diagnostics) StdoutLine: {'line': b'-- Up-to-date symlink: /root/Workspaces/rosgsthumble_ws/install/diagnostics/share/ament_index/resource_index/parent_prefix_path/diagnostics\n'}
[18.440289] (diagnostics) StdoutLine: {'line': b'-- Up-to-date symlink: /root/Workspaces/rosgsthumble_ws/install/diagnostics/share/diagnostics/environment/ament_prefix_path.sh\n'}
[18.449056] (diagnostics) StdoutLine: {'line': b'-- Up-to-date symlink: /root/Workspaces/rosgsthumble_ws/install/diagnostics/share/diagnostics/environment/ament_prefix_path.dsv\n'}
[18.452947] (diagnostics) StdoutLine: {'line': b'-- Up-to-date symlink: /root/Workspaces/rosgsthumble_ws/install/diagnostics/share/diagnostics/environment/path.sh\n'}
[18.455270] (diagnostics) StdoutLine: {'line': b'-- Up-to-date symlink: /root/Workspaces/rosgsthumble_ws/install/diagnostics/share/diagnostics/environment/path.dsv\n'}
[18.456897] (diagnostics) StdoutLine: {'line': b'-- Up-to-date symlink: /root/Workspaces/rosgsthumble_ws/install/diagnostics/share/diagnostics/local_setup.bash\n'}
[18.457451] (diagnostics) StdoutLine: {'line': b'-- Up-to-date symlink: /root/Workspaces/rosgsthumble_ws/install/diagnostics/share/diagnostics/local_setup.sh\n'}
[18.457993] (diagnostics) StdoutLine: {'line': b'-- Up-to-date symlink: /root/Workspaces/rosgsthumble_ws/install/diagnostics/share/diagnostics/local_setup.zsh\n'}
[18.458534] (diagnostics) StdoutLine: {'line': b'-- Up-to-date symlink: /root/Workspaces/rosgsthumble_ws/install/diagnostics/share/diagnostics/local_setup.dsv\n'}
[18.459256] (diagnostics) StdoutLine: {'line': b'-- Symlinking: /root/Workspaces/rosgsthumble_ws/install/diagnostics/share/diagnostics/package.dsv\n'}
[18.459856] (webrtc_camera_node) StdoutLine: {'line': b'[  2%] \x1b[32mBuilding CXX object _deps/ixwebsocket-build/CMakeFiles/ixwebsocket.dir/ixwebsocket/IXDNSLookup.cpp.o\x1b[0m\n'}
[18.460509] (webrtc_camera_node) StdoutLine: {'line': b'[  4%] \x1b[32mBuilding CXX object _deps/ixwebsocket-build/CMakeFiles/ixwebsocket.dir/ixwebsocket/IXBench.cpp.o\x1b[0m\n'}
[18.461116] (webrtc_camera_node) StdoutLine: {'line': b'[  7%] \x1b[32mBuilding CXX object _deps/ixwebsocket-build/CMakeFiles/ixwebsocket.dir/ixwebsocket/IXCancellationRequest.cpp.o\x1b[0m\n'}
[18.461723] (webrtc_camera_node) StdoutLine: {'line': b'[  9%] \x1b[32mBuilding CXX object _deps/ixwebsocket-build/CMakeFiles/ixwebsocket.dir/ixwebsocket/IXConnectionState.cpp.o\x1b[0m\n'}
[18.462378] (diagnostics) StdoutLine: {'line': b'-- Up-to-date symlink: /root/Workspaces/rosgsthumble_ws/install/diagnostics/share/ament_index/resource_index/packages/diagnostics\n'}
[18.463139] (diagnostics) StdoutLine: {'line': b'-- Up-to-date symlink: /root/Workspaces/rosgsthumble_ws/install/diagnostics/share/diagnostics/cmake/diagnosticsConfig.cmake\n'}
[18.479975] (diagnostics) StdoutLine: {'line': b'-- Up-to-date symlink: /root/Workspaces/rosgsthumble_ws/install/diagnostics/share/diagnostics/cmake/diagnosticsConfig-version.cmake\n'}
[18.480862] (diagnostics) StdoutLine: {'line': b'-- Up-to-date symlink: /root/Workspaces/rosgsthumble_ws/install/diagnostics/share/diagnostics/package.xml\n'}
[18.503550] (-) TimerEvent: {}
[18.618797] (-) TimerEvent: {}
[18.619893] (gst_pipeline) StdoutLine: {'line': b'-- Found cv_bridge: 3.2.1 (/root/Workspaces/rosgsthumble_ws/install/cv_bridge/share/cv_bridge/cmake)\n'}
[18.718992] (-) TimerEvent: {}
[18.749719] (diagnostics) CommandEnded: {'returncode': 0}
[18.827013] (-) TimerEvent: {}
[18.933550] (-) TimerEvent: {}
[19.034897] (-) TimerEvent: {}
[19.123370] (gst_pipeline) StdoutLine: {'line': b'-- Found std_srvs: 4.2.3 (/opt/ros/humble/install/share/std_srvs/cmake)\n'}
[19.135337] (-) TimerEvent: {}
[19.239772] (-) TimerEvent: {}
[19.258130] (gst_pipeline) StdoutLine: {'line': b'-- Found gst_msgs: 0.0.0 (/root/Workspaces/rosgsthumble_ws/install/gst_msgs/share/gst_msgs/cmake)\n'}
[19.339931] (-) TimerEvent: {}
[19.449869] (-) TimerEvent: {}
[19.557010] (-) TimerEvent: {}
[19.664081] (-) TimerEvent: {}
[19.771032] (-) TimerEvent: {}
[19.850842] (gst_pipeline) StdoutLine: {'line': b'-- Configuring incomplete, errors occurred!\n'}
[19.853249] (gst_pipeline) StderrLine: {'line': b'\x1b[31mCMake Error at CMakeLists.txt:85 (ament_clang_format):\n'}
[19.855628] (gst_pipeline) StderrLine: {'line': b'  Unknown CMake command "ament_clang_format".\n'}
[19.857798] (gst_pipeline) StderrLine: {'line': b'\n'}
[19.859943] (gst_pipeline) StderrLine: {'line': b'\x1b[0m\n'}
[19.876349] (-) TimerEvent: {}
[19.899290] (webrtc_camera_node) StdoutLine: {'line': b'[ 12%] \x1b[32mBuilding CXX object _deps/ixwebsocket-build/CMakeFiles/ixwebsocket.dir/ixwebsocket/IXExponentialBackoff.cpp.o\x1b[0m\n'}
[19.939911] (vision_opencv) JobEnded: {'identifier': 'vision_opencv', 'rc': 0}
[19.981693] (-) TimerEvent: {}
[20.035869] (webrtc_camera_node) StdoutLine: {'line': b'[ 14%] \x1b[32mBuilding CXX object _deps/ixwebsocket-build/CMakeFiles/ixwebsocket.dir/ixwebsocket/IXGetFreePort.cpp.o\x1b[0m\n'}
[20.083198] (-) TimerEvent: {}
[20.171028] (webrtc_camera_node) StdoutLine: {'line': b'[ 17%] \x1b[32mBuilding CXX object _deps/ixwebsocket-build/CMakeFiles/ixwebsocket.dir/ixwebsocket/IXGzipCodec.cpp.o\x1b[0m\n'}
[20.188524] (-) TimerEvent: {}
[20.217686] (diagnostics) JobEnded: {'identifier': 'diagnostics', 'rc': 0}
[20.227353] (webrtc_camera_node) StdoutLine: {'line': b'[ 19%] \x1b[32mBuilding CXX object _deps/ixwebsocket-build/CMakeFiles/ixwebsocket.dir/ixwebsocket/IXHttp.cpp.o\x1b[0m\n'}
[20.232205] (gst_pipeline) CommandEnded: {'returncode': 1}
[20.288776] (-) TimerEvent: {}
[20.390152] (-) TimerEvent: {}
[20.491312] (-) TimerEvent: {}
[20.597522] (-) TimerEvent: {}
[20.703878] (-) TimerEvent: {}
[20.734448] (gst_pipeline) JobEnded: {'identifier': 'gst_pipeline', 'rc': 1}
[20.804133] (-) TimerEvent: {}
[20.905267] (-) TimerEvent: {}
[20.982539] (webrtc_camera_node) StdoutLine: {'line': b'[ 21%] \x1b[32mBuilding CXX object _deps/ixwebsocket-build/CMakeFiles/ixwebsocket.dir/ixwebsocket/IXHttpClient.cpp.o\x1b[0m\n'}
[21.005485] (-) TimerEvent: {}
[21.106956] (-) TimerEvent: {}
[21.208360] (-) TimerEvent: {}
[21.309542] (-) TimerEvent: {}
[21.410461] (-) TimerEvent: {}
[21.513536] (-) TimerEvent: {}
[21.564466] (webrtc_camera_node) StdoutLine: {'line': b'[ 24%] \x1b[32mBuilding CXX object _deps/ixwebsocket-build/CMakeFiles/ixwebsocket.dir/ixwebsocket/IXHttpServer.cpp.o\x1b[0m\n'}
[21.613747] (-) TimerEvent: {}
[21.715169] (-) TimerEvent: {}
[21.816712] (-) TimerEvent: {}
[21.867372] (webrtc_camera_node) StdoutLine: {'line': b'[ 26%] \x1b[32mBuilding CXX object _deps/ixwebsocket-build/CMakeFiles/ixwebsocket.dir/ixwebsocket/IXNetSystem.cpp.o\x1b[0m\n'}
[21.916925] (-) TimerEvent: {}
[22.018234] (-) TimerEvent: {}
[22.048086] (webrtc_camera_node) StdoutLine: {'line': b'[ 29%] \x1b[32mBuilding CXX object _deps/ixwebsocket-build/CMakeFiles/ixwebsocket.dir/ixwebsocket/IXSelectInterrupt.cpp.o\x1b[0m\n'}
[22.118451] (-) TimerEvent: {}
[22.221599] (-) TimerEvent: {}
[22.324900] (-) TimerEvent: {}
[22.427429] (-) TimerEvent: {}
[22.530778] (-) TimerEvent: {}
[22.633634] (-) TimerEvent: {}
[22.736731] (-) TimerEvent: {}
[22.804471] (webrtc_camera_node) StdoutLine: {'line': b'[ 31%] \x1b[32mBuilding CXX object _deps/ixwebsocket-build/CMakeFiles/ixwebsocket.dir/ixwebsocket/IXSelectInterruptFactory.cpp.o\x1b[0m\n'}
[22.836953] (-) TimerEvent: {}
[22.940629] (-) TimerEvent: {}
[23.044139] (-) TimerEvent: {}
[23.147507] (-) TimerEvent: {}
[23.250136] (-) TimerEvent: {}
[23.353389] (-) TimerEvent: {}
[23.455942] (-) TimerEvent: {}
[23.547280] (webrtc_camera_node) StdoutLine: {'line': b'[ 34%] \x1b[32mBuilding CXX object _deps/ixwebsocket-build/CMakeFiles/ixwebsocket.dir/ixwebsocket/IXSelectInterruptPipe.cpp.o\x1b[0m\n'}
[23.556151] (-) TimerEvent: {}
[23.658781] (-) TimerEvent: {}
[23.761334] (-) TimerEvent: {}
[23.863903] (-) TimerEvent: {}
[23.945411] (webrtc_camera_node) StdoutLine: {'line': b'[ 36%] \x1b[32mBuilding CXX object _deps/ixwebsocket-build/CMakeFiles/ixwebsocket.dir/ixwebsocket/IXSelectInterruptEvent.cpp.o\x1b[0m\n'}
[23.964125] (-) TimerEvent: {}
[24.067401] (-) TimerEvent: {}
[24.170757] (-) TimerEvent: {}
[24.273933] (-) TimerEvent: {}
[24.376796] (-) TimerEvent: {}
[24.479757] (-) TimerEvent: {}
[24.582372] (-) TimerEvent: {}
[24.683845] (-) TimerEvent: {}
[24.786047] (-) TimerEvent: {}
[24.869980] (webrtc_camera_node) StdoutLine: {'line': b'[ 39%] \x1b[32mBuilding CXX object _deps/ixwebsocket-build/CMakeFiles/ixwebsocket.dir/ixwebsocket/IXSetThreadName.cpp.o\x1b[0m\n'}
[24.886274] (-) TimerEvent: {}
[24.989198] (-) TimerEvent: {}
[25.092143] (-) TimerEvent: {}
[25.195741] (-) TimerEvent: {}
[25.295961] (webrtc_camera_node) StdoutLine: {'line': b'[ 41%] \x1b[32mBuilding CXX object _deps/ixwebsocket-build/CMakeFiles/ixwebsocket.dir/ixwebsocket/IXSocket.cpp.o\x1b[0m\n'}
[25.298319] (-) TimerEvent: {}
[25.401693] (-) TimerEvent: {}
[25.440624] (webrtc_camera_node) StdoutLine: {'line': b'[ 43%] \x1b[32mBuilding CXX object _deps/ixwebsocket-build/CMakeFiles/ixwebsocket.dir/ixwebsocket/IXSocketConnect.cpp.o\x1b[0m\n'}
[25.501907] (-) TimerEvent: {}
[25.546876] (webrtc_camera_node) StdoutLine: {'line': b'[ 46%] \x1b[32mBuilding CXX object _deps/ixwebsocket-build/CMakeFiles/ixwebsocket.dir/ixwebsocket/IXSocketFactory.cpp.o\x1b[0m\n'}
[25.602123] (-) TimerEvent: {}
[25.705406] (-) TimerEvent: {}
[25.808843] (-) TimerEvent: {}
[25.912339] (-) TimerEvent: {}
[26.015355] (-) TimerEvent: {}
[26.117654] (-) TimerEvent: {}
[26.221006] (-) TimerEvent: {}
[26.255384] (webrtc_camera_node) StdoutLine: {'line': b'[ 48%] \x1b[32mBuilding CXX object _deps/ixwebsocket-build/CMakeFiles/ixwebsocket.dir/ixwebsocket/IXSocketServer.cpp.o\x1b[0m\n'}
[26.321218] (-) TimerEvent: {}
[26.423876] (-) TimerEvent: {}
[26.526644] (-) TimerEvent: {}
[26.629956] (-) TimerEvent: {}
[26.712411] (webrtc_camera_node) StdoutLine: {'line': b'[ 51%] \x1b[32mBuilding CXX object _deps/ixwebsocket-build/CMakeFiles/ixwebsocket.dir/ixwebsocket/IXSocketTLSOptions.cpp.o\x1b[0m\n'}
[26.730188] (-) TimerEvent: {}
[26.832792] (-) TimerEvent: {}
[26.936095] (-) TimerEvent: {}
[26.947677] (webrtc_camera_node) StdoutLine: {'line': b'[ 53%] \x1b[32mBuilding CXX object _deps/ixwebsocket-build/CMakeFiles/ixwebsocket.dir/ixwebsocket/IXStrCaseCompare.cpp.o\x1b[0m\n'}
[27.036308] (-) TimerEvent: {}
[27.139555] (-) TimerEvent: {}
[27.158977] (webrtc_camera_node) StdoutLine: {'line': b'[ 56%] \x1b[32mBuilding CXX object _deps/ixwebsocket-build/CMakeFiles/ixwebsocket.dir/ixwebsocket/IXUdpSocket.cpp.o\x1b[0m\n'}
[27.239761] (-) TimerEvent: {}
[27.342934] (-) TimerEvent: {}
[27.446450] (-) TimerEvent: {}
[27.549996] (-) TimerEvent: {}
[27.653373] (-) TimerEvent: {}
[27.755749] (-) TimerEvent: {}
[27.759715] (webrtc_camera_node) StdoutLine: {'line': b'[ 58%] \x1b[32mBuilding CXX object _deps/ixwebsocket-build/CMakeFiles/ixwebsocket.dir/ixwebsocket/IXUrlParser.cpp.o\x1b[0m\n'}
[27.855965] (-) TimerEvent: {}
[27.958861] (-) TimerEvent: {}
[28.015882] (webrtc_camera_node) StdoutLine: {'line': b'[ 60%] \x1b[32mBuilding CXX object _deps/ixwebsocket-build/CMakeFiles/ixwebsocket.dir/ixwebsocket/IXUuid.cpp.o\x1b[0m\n'}
[28.059061] (-) TimerEvent: {}
[28.160866] (-) TimerEvent: {}
[28.262144] (-) TimerEvent: {}
[28.363504] (webrtc_camera_node) StdoutLine: {'line': b'[ 63%] \x1b[32mBuilding CXX object _deps/ixwebsocket-build/CMakeFiles/ixwebsocket.dir/ixwebsocket/IXUserAgent.cpp.o\x1b[0m\n'}
[28.364370] (-) TimerEvent: {}
[28.467163] (-) TimerEvent: {}
[28.548844] (webrtc_camera_node) StdoutLine: {'line': b'[ 65%] \x1b[32mBuilding CXX object _deps/ixwebsocket-build/CMakeFiles/ixwebsocket.dir/ixwebsocket/IXWebSocket.cpp.o\x1b[0m\n'}
[28.567377] (-) TimerEvent: {}
[28.670533] (-) TimerEvent: {}
[28.773719] (-) TimerEvent: {}
[28.877634] (-) TimerEvent: {}
[28.981059] (-) TimerEvent: {}
[29.084715] (-) TimerEvent: {}
[29.188006] (-) TimerEvent: {}
[29.279783] (webrtc_camera_node) StdoutLine: {'line': b'[ 68%] \x1b[32mBuilding CXX object _deps/ixwebsocket-build/CMakeFiles/ixwebsocket.dir/ixwebsocket/IXWebSocketCloseConstants.cpp.o\x1b[0m\n'}
[29.288215] (-) TimerEvent: {}
[29.389823] (-) TimerEvent: {}
[29.403140] (webrtc_camera_node) StdoutLine: {'line': b'[ 70%] \x1b[32mBuilding CXX object _deps/ixwebsocket-build/CMakeFiles/ixwebsocket.dir/ixwebsocket/IXWebSocketHandshake.cpp.o\x1b[0m\n'}
[29.490038] (-) TimerEvent: {}
[29.592686] (-) TimerEvent: {}
[29.661481] (webrtc_camera_node) StdoutLine: {'line': b'[ 73%] \x1b[32mBuilding CXX object _deps/ixwebsocket-build/CMakeFiles/ixwebsocket.dir/ixwebsocket/IXWebSocketHttpHeaders.cpp.o\x1b[0m\n'}
[29.692904] (-) TimerEvent: {}
[29.795065] (-) TimerEvent: {}
[29.869384] (webrtc_camera_node) StdoutLine: {'line': b'[ 75%] \x1b[32mBuilding CXX object _deps/ixwebsocket-build/CMakeFiles/ixwebsocket.dir/ixwebsocket/IXWebSocketPerMessageDeflate.cpp.o\x1b[0m\n'}
[29.895274] (-) TimerEvent: {}
[29.997068] (-) TimerEvent: {}
[30.099011] (-) TimerEvent: {}
[30.201142] (-) TimerEvent: {}
[30.303178] (-) TimerEvent: {}
[30.404914] (-) TimerEvent: {}
[30.506737] (-) TimerEvent: {}
[30.608997] (-) TimerEvent: {}
[30.711433] (-) TimerEvent: {}
[30.814751] (-) TimerEvent: {}
[30.918204] (-) TimerEvent: {}
[31.020819] (-) TimerEvent: {}
[31.122903] (-) TimerEvent: {}
[31.210400] (webrtc_camera_node) StdoutLine: {'line': b'[ 78%] \x1b[32mBuilding CXX object _deps/ixwebsocket-build/CMakeFiles/ixwebsocket.dir/ixwebsocket/IXWebSocketPerMessageDeflateCodec.cpp.o\x1b[0m\n'}
[31.223100] (-) TimerEvent: {}
[31.324535] (-) TimerEvent: {}
[31.425977] (-) TimerEvent: {}
[31.527922] (-) TimerEvent: {}
[31.612597] (webrtc_camera_node) StdoutLine: {'line': b'[ 80%] \x1b[32mBuilding CXX object _deps/ixwebsocket-build/CMakeFiles/ixwebsocket.dir/ixwebsocket/IXWebSocketPerMessageDeflateOptions.cpp.o\x1b[0m\n'}
[31.628144] (-) TimerEvent: {}
[31.729273] (-) TimerEvent: {}
[31.830233] (-) TimerEvent: {}
[31.932164] (-) TimerEvent: {}
[32.034030] (-) TimerEvent: {}
[32.136501] (-) TimerEvent: {}
[32.238747] (-) TimerEvent: {}
[32.341136] (-) TimerEvent: {}
[32.443670] (-) TimerEvent: {}
[32.531818] (webrtc_camera_node) StdoutLine: {'line': b'[ 82%] \x1b[32mBuilding CXX object _deps/ixwebsocket-build/CMakeFiles/ixwebsocket.dir/ixwebsocket/IXWebSocketProxyServer.cpp.o\x1b[0m\n'}
[32.543913] (-) TimerEvent: {}
[32.645121] (-) TimerEvent: {}
[32.682998] (webrtc_camera_node) StdoutLine: {'line': b'[ 85%] \x1b[32mBuilding CXX object _deps/ixwebsocket-build/CMakeFiles/ixwebsocket.dir/ixwebsocket/IXWebSocketServer.cpp.o\x1b[0m\n'}
[32.745322] (-) TimerEvent: {}
[32.760827] (webrtc_camera_node) StdoutLine: {'line': b'[ 87%] \x1b[32mBuilding CXX object _deps/ixwebsocket-build/CMakeFiles/ixwebsocket.dir/ixwebsocket/IXWebSocketTransport.cpp.o\x1b[0m\n'}
[32.845542] (-) TimerEvent: {}
[32.946809] (-) TimerEvent: {}
[33.048981] (-) TimerEvent: {}
[33.151333] (-) TimerEvent: {}
[33.253517] (-) TimerEvent: {}
[33.356203] (-) TimerEvent: {}
[33.457766] (-) TimerEvent: {}
[33.559932] (-) TimerEvent: {}
[33.661326] (-) TimerEvent: {}
[33.762531] (-) TimerEvent: {}
[33.864985] (-) TimerEvent: {}
[33.968592] (-) TimerEvent: {}
[34.072059] (-) TimerEvent: {}
[34.172942] (-) TimerEvent: {}
[34.273787] (-) TimerEvent: {}
[34.374743] (-) TimerEvent: {}
[34.475978] (-) TimerEvent: {}
[34.577842] (-) TimerEvent: {}
[34.680041] (-) TimerEvent: {}
[34.781991] (-) TimerEvent: {}
[34.884079] (-) TimerEvent: {}
[34.985889] (-) TimerEvent: {}
[35.088207] (-) TimerEvent: {}
[35.190064] (-) TimerEvent: {}
[35.292079] (-) TimerEvent: {}
[35.394047] (-) TimerEvent: {}
[35.496106] (-) TimerEvent: {}
[35.597330] (-) TimerEvent: {}
[35.700694] (-) TimerEvent: {}
[35.804073] (-) TimerEvent: {}
[35.904913] (-) TimerEvent: {}
[36.005742] (-) TimerEvent: {}
[36.106579] (-) TimerEvent: {}
[36.207441] (-) TimerEvent: {}
[36.308266] (-) TimerEvent: {}
[36.409100] (-) TimerEvent: {}
[36.510200] (-) TimerEvent: {}
[36.611352] (-) TimerEvent: {}
[36.613754] (webrtc_camera_node) StdoutLine: {'line': b'[ 90%] \x1b[32m\x1b[1mLinking CXX static library libixwebsocket.a\x1b[0m\n'}
[36.711962] (-) TimerEvent: {}
[36.812729] (-) TimerEvent: {}
[36.894798] (webrtc_camera_node) StdoutLine: {'line': b'[ 90%] Built target ixwebsocket\n'}
[36.912922] (-) TimerEvent: {}
[36.931008] (webrtc_camera_node) StdoutLine: {'line': b'[ 92%] \x1b[32mBuilding CXX object CMakeFiles/send_camera_node.dir/src/send_camera_node.cpp.o\x1b[0m\n'}
[36.933830] (webrtc_camera_node) StdoutLine: {'line': b'[ 95%] \x1b[32mBuilding CXX object CMakeFiles/receive_camera_node.dir/src/receive_camera_node.cpp.o\x1b[0m\n'}
[37.013120] (-) TimerEvent: {}
[37.114023] (-) TimerEvent: {}
[37.214877] (-) TimerEvent: {}
[37.318769] (-) TimerEvent: {}
[37.419558] (-) TimerEvent: {}
[37.520358] (-) TimerEvent: {}
[37.621144] (-) TimerEvent: {}
[37.721919] (-) TimerEvent: {}
[37.822728] (-) TimerEvent: {}
[37.923495] (-) TimerEvent: {}
[38.024252] (-) TimerEvent: {}
[38.125024] (-) TimerEvent: {}
[38.225840] (-) TimerEvent: {}
[38.326709] (-) TimerEvent: {}
[38.427537] (-) TimerEvent: {}
[38.528375] (-) TimerEvent: {}
[38.629196] (-) TimerEvent: {}
[38.729997] (-) TimerEvent: {}
[38.830920] (-) TimerEvent: {}
[38.931708] (-) TimerEvent: {}
[39.032519] (-) TimerEvent: {}
[39.133322] (-) TimerEvent: {}
[39.234147] (-) TimerEvent: {}
[39.335092] (-) TimerEvent: {}
[39.435914] (-) TimerEvent: {}
[39.536762] (-) TimerEvent: {}
[39.637619] (-) TimerEvent: {}
[39.738446] (-) TimerEvent: {}
[39.839363] (-) TimerEvent: {}
[39.940226] (-) TimerEvent: {}
[40.041058] (-) TimerEvent: {}
[40.141880] (-) TimerEvent: {}
[40.242806] (-) TimerEvent: {}
[40.344420] (-) TimerEvent: {}
[40.445239] (-) TimerEvent: {}
[40.546039] (-) TimerEvent: {}
[40.646966] (-) TimerEvent: {}
[40.747845] (-) TimerEvent: {}
[40.848679] (-) TimerEvent: {}
[40.949519] (-) TimerEvent: {}
[41.050362] (-) TimerEvent: {}
[41.151287] (-) TimerEvent: {}
[41.252137] (-) TimerEvent: {}
[41.352977] (-) TimerEvent: {}
[41.453810] (-) TimerEvent: {}
[41.554722] (-) TimerEvent: {}
[41.655553] (-) TimerEvent: {}
[41.756364] (-) TimerEvent: {}
[41.857223] (-) TimerEvent: {}
[41.958076] (-) TimerEvent: {}
[42.058970] (-) TimerEvent: {}
[42.159810] (-) TimerEvent: {}
[42.260626] (-) TimerEvent: {}
[42.361444] (-) TimerEvent: {}
[42.462270] (-) TimerEvent: {}
[42.563129] (-) TimerEvent: {}
[42.663965] (-) TimerEvent: {}
[42.764808] (-) TimerEvent: {}
[42.865620] (-) TimerEvent: {}
[42.966525] (-) TimerEvent: {}
[43.067488] (-) TimerEvent: {}
[43.168352] (-) TimerEvent: {}
[43.269189] (-) TimerEvent: {}
[43.370017] (-) TimerEvent: {}
[43.470888] (-) TimerEvent: {}
[43.571728] (-) TimerEvent: {}
[43.672575] (-) TimerEvent: {}
[43.773450] (-) TimerEvent: {}
[43.874285] (-) TimerEvent: {}
[43.975194] (-) TimerEvent: {}
[44.076041] (-) TimerEvent: {}
[44.176908] (-) TimerEvent: {}
[44.277739] (-) TimerEvent: {}
[44.378711] (-) TimerEvent: {}
[44.479551] (-) TimerEvent: {}
[44.580404] (-) TimerEvent: {}
[44.681249] (-) TimerEvent: {}
[44.782108] (-) TimerEvent: {}
[44.883002] (-) TimerEvent: {}
[44.983860] (-) TimerEvent: {}
[45.084723] (-) TimerEvent: {}
[45.185601] (-) TimerEvent: {}
[45.286452] (-) TimerEvent: {}
[45.387362] (-) TimerEvent: {}
[45.488196] (-) TimerEvent: {}
[45.589029] (-) TimerEvent: {}
[45.689867] (-) TimerEvent: {}
[45.790758] (-) TimerEvent: {}
[45.891577] (-) TimerEvent: {}
[45.992701] (-) TimerEvent: {}
[46.093542] (-) TimerEvent: {}
[46.194378] (-) TimerEvent: {}
[46.296244] (-) TimerEvent: {}
[46.397101] (-) TimerEvent: {}
[46.497946] (-) TimerEvent: {}
[46.598850] (-) TimerEvent: {}
[46.699704] (-) TimerEvent: {}
[46.800549] (-) TimerEvent: {}
[46.901425] (-) TimerEvent: {}
[47.002280] (-) TimerEvent: {}
[47.103198] (-) TimerEvent: {}
[47.204041] (-) TimerEvent: {}
[47.304895] (-) TimerEvent: {}
[47.405759] (-) TimerEvent: {}
[47.506642] (-) TimerEvent: {}
[47.607637] (-) TimerEvent: {}
[47.708508] (-) TimerEvent: {}
[47.809965] (-) TimerEvent: {}
[47.910994] (-) TimerEvent: {}
[48.012218] (-) TimerEvent: {}
[48.116196] (-) TimerEvent: {}
[48.217039] (-) TimerEvent: {}
[48.317849] (-) TimerEvent: {}
[48.418741] (-) TimerEvent: {}
[48.519562] (-) TimerEvent: {}
[48.620408] (-) TimerEvent: {}
[48.721239] (-) TimerEvent: {}
[48.822768] (-) TimerEvent: {}
[48.923608] (-) TimerEvent: {}
[49.024447] (-) TimerEvent: {}
[49.125318] (-) TimerEvent: {}
[49.226189] (-) TimerEvent: {}
[49.327087] (-) TimerEvent: {}
[49.427946] (-) TimerEvent: {}
[49.529350] (-) TimerEvent: {}
[49.630158] (-) TimerEvent: {}
[49.731006] (-) TimerEvent: {}
[49.832019] (-) TimerEvent: {}
[49.932834] (-) TimerEvent: {}
[50.033714] (-) TimerEvent: {}
[50.135140] (-) TimerEvent: {}
[50.236006] (-) TimerEvent: {}
[50.336860] (-) TimerEvent: {}
[50.437704] (-) TimerEvent: {}
[50.538658] (-) TimerEvent: {}
[50.639515] (-) TimerEvent: {}
[50.740363] (-) TimerEvent: {}
[50.841202] (-) TimerEvent: {}
[50.942069] (-) TimerEvent: {}
[51.042943] (-) TimerEvent: {}
[51.143788] (-) TimerEvent: {}
[51.245050] (-) TimerEvent: {}
[51.345911] (-) TimerEvent: {}
[51.446811] (-) TimerEvent: {}
[51.548057] (-) TimerEvent: {}
[51.648921] (-) TimerEvent: {}
[51.749789] (-) TimerEvent: {}
[51.850796] (-) TimerEvent: {}
[51.951651] (-) TimerEvent: {}
[52.052501] (-) TimerEvent: {}
[52.153374] (-) TimerEvent: {}
[52.254225] (-) TimerEvent: {}
[52.355221] (-) TimerEvent: {}
[52.456114] (-) TimerEvent: {}
[52.557053] (-) TimerEvent: {}
[52.657907] (-) TimerEvent: {}
[52.758766] (-) TimerEvent: {}
[52.859641] (-) TimerEvent: {}
[52.960965] (-) TimerEvent: {}
[53.061815] (-) TimerEvent: {}
[53.162719] (-) TimerEvent: {}
[53.263566] (-) TimerEvent: {}
[53.364407] (-) TimerEvent: {}
[53.465248] (-) TimerEvent: {}
[53.566108] (-) TimerEvent: {}
[53.666983] (-) TimerEvent: {}
[53.767836] (-) TimerEvent: {}
[53.868672] (-) TimerEvent: {}
[53.969523] (-) TimerEvent: {}
[54.070373] (-) TimerEvent: {}
[54.171280] (-) TimerEvent: {}
[54.272133] (-) TimerEvent: {}
[54.372975] (-) TimerEvent: {}
[54.473880] (-) TimerEvent: {}
[54.574767] (-) TimerEvent: {}
[54.675620] (-) TimerEvent: {}
[54.776482] (-) TimerEvent: {}
[54.877378] (-) TimerEvent: {}
[54.978234] (-) TimerEvent: {}
[55.079164] (-) TimerEvent: {}
[55.180061] (-) TimerEvent: {}
[55.280918] (-) TimerEvent: {}
[55.381779] (-) TimerEvent: {}
[55.482721] (-) TimerEvent: {}
[55.583583] (-) TimerEvent: {}
[55.684533] (-) TimerEvent: {}
[55.785376] (-) TimerEvent: {}
[55.886220] (-) TimerEvent: {}
[55.987138] (-) TimerEvent: {}
[56.087985] (-) TimerEvent: {}
[56.188847] (-) TimerEvent: {}
[56.289713] (-) TimerEvent: {}
[56.390561] (-) TimerEvent: {}
[56.491530] (-) TimerEvent: {}
[56.592420] (-) TimerEvent: {}
[56.693252] (-) TimerEvent: {}
[56.794107] (-) TimerEvent: {}
[56.895030] (-) TimerEvent: {}
[56.995841] (-) TimerEvent: {}
[57.096669] (-) TimerEvent: {}
[57.197474] (-) TimerEvent: {}
[57.298306] (-) TimerEvent: {}
[57.399180] (-) TimerEvent: {}
[57.500013] (-) TimerEvent: {}
[57.600844] (-) TimerEvent: {}
[57.701941] (-) TimerEvent: {}
[57.802753] (-) TimerEvent: {}
[57.903947] (-) TimerEvent: {}
[58.004862] (-) TimerEvent: {}
[58.105665] (-) TimerEvent: {}
[58.206484] (-) TimerEvent: {}
[58.307377] (-) TimerEvent: {}
[58.408203] (-) TimerEvent: {}
[58.509021] (-) TimerEvent: {}
[58.609855] (-) TimerEvent: {}
[58.710746] (-) TimerEvent: {}
[58.811560] (-) TimerEvent: {}
[58.912378] (-) TimerEvent: {}
[59.013189] (-) TimerEvent: {}
[59.113998] (-) TimerEvent: {}
[59.214865] (-) TimerEvent: {}
[59.315678] (-) TimerEvent: {}
[59.416498] (-) TimerEvent: {}
[59.517336] (-) TimerEvent: {}
[59.618163] (-) TimerEvent: {}
[59.719063] (-) TimerEvent: {}
[59.819902] (-) TimerEvent: {}
[59.920751] (-) TimerEvent: {}
[60.022477] (-) TimerEvent: {}
[60.123419] (-) TimerEvent: {}
[60.224917] (-) TimerEvent: {}
[60.325824] (-) TimerEvent: {}
[60.426749] (-) TimerEvent: {}
[60.527604] (-) TimerEvent: {}
[60.628483] (-) TimerEvent: {}
[60.729357] (-) TimerEvent: {}
[60.830215] (-) TimerEvent: {}
[60.931138] (-) TimerEvent: {}
[61.031993] (-) TimerEvent: {}
[61.132845] (-) TimerEvent: {}
[61.233711] (-) TimerEvent: {}
[61.334569] (-) TimerEvent: {}
[61.435435] (-) TimerEvent: {}
[61.536278] (-) TimerEvent: {}
[61.637586] (-) TimerEvent: {}
[61.738440] (-) TimerEvent: {}
[61.839354] (-) TimerEvent: {}
[61.940216] (-) TimerEvent: {}
[62.041071] (-) TimerEvent: {}
[62.141907] (-) TimerEvent: {}
[62.242756] (-) TimerEvent: {}
[62.343613] (-) TimerEvent: {}
[62.444457] (-) TimerEvent: {}
[62.545296] (-) TimerEvent: {}
[62.646158] (-) TimerEvent: {}
[62.747034] (-) TimerEvent: {}
[62.848087] (-) TimerEvent: {}
[62.948945] (-) TimerEvent: {}
[63.049813] (-) TimerEvent: {}
[63.151025] (-) TimerEvent: {}
[63.251853] (-) TimerEvent: {}
[63.352676] (-) TimerEvent: {}
[63.453498] (-) TimerEvent: {}
[63.555151] (-) TimerEvent: {}
[63.655973] (-) TimerEvent: {}
[63.756809] (-) TimerEvent: {}
[63.857604] (-) TimerEvent: {}
[63.958440] (-) TimerEvent: {}
[64.059364] (-) TimerEvent: {}
[64.158851] (webrtc_camera_node) StdoutLine: {'line': b'[ 97%] \x1b[32m\x1b[1mLinking CXX executable send_camera_node\x1b[0m\n'}
[64.159757] (-) TimerEvent: {}
[64.260483] (-) TimerEvent: {}
[64.361358] (-) TimerEvent: {}
[64.462335] (-) TimerEvent: {}
[64.466269] (webrtc_camera_node) StdoutLine: {'line': b'[100%] \x1b[32m\x1b[1mLinking CXX executable receive_camera_node\x1b[0m\n'}
[64.562541] (-) TimerEvent: {}
[64.663607] (-) TimerEvent: {}
[64.765674] (-) TimerEvent: {}
[64.866669] (-) TimerEvent: {}
[64.967664] (-) TimerEvent: {}
[65.068768] (-) TimerEvent: {}
[65.169868] (-) TimerEvent: {}
[65.270965] (-) TimerEvent: {}
[65.372027] (-) TimerEvent: {}
[65.473091] (-) TimerEvent: {}
[65.574022] (-) TimerEvent: {}
[65.675070] (-) TimerEvent: {}
[65.776383] (-) TimerEvent: {}
[65.877343] (-) TimerEvent: {}
[65.978199] (-) TimerEvent: {}
[66.079152] (-) TimerEvent: {}
[66.180073] (-) TimerEvent: {}
[66.278396] (webrtc_camera_node) StdoutLine: {'line': b'[100%] Built target send_camera_node\n'}
[66.280252] (-) TimerEvent: {}
[66.381236] (-) TimerEvent: {}
[66.482047] (-) TimerEvent: {}
[66.557504] (webrtc_camera_node) StdoutLine: {'line': b'[100%] Built target receive_camera_node\n'}
[66.582246] (-) TimerEvent: {}
[66.595220] (webrtc_camera_node) JobEnded: {'identifier': 'webrtc_camera_node', 'rc': 'SIGINT'}
[66.611021] (gst_pipeline_plugins) JobSkipped: {'identifier': 'gst_pipeline_plugins'}
[66.611279] (-) EventReactorShutdown: {}
