[3.397s] DEBUG:colcon:Command line arguments: ['/usr/bin/colcon', 'build', '--symlink-install', '--cmake-args', '-Wno-dev']
[3.397s] DEBUG:colcon:Parsed command line arguments: Namespace(ament_cmake_args=None, base_paths=['.'], build_base='build', catkin_cmake_args=None, catkin_skip_building_tests=False, cmake_args=['-Wno-dev'], cmake_clean_cache=False, cmake_clean_first=False, cmake_force_configure=False, cmake_target=None, cmake_target_skip_unavailable=False, continue_on_error=False, event_handlers=None, executor='parallel', ignore_user_meta=False, install_base='install', log_base=None, log_level=None, main=<bound method BuildVerb.main of <colcon_core.verb.build.BuildVerb object at 0x7faaba7048>>, merge_install=False, metas=['./colcon.meta'], packages_above=None, packages_above_and_dependencies=None, packages_above_depth=None, packages_end=None, packages_ignore=None, packages_ignore_regex=None, packages_select=None, packages_select_build_failed=False, packages_select_by_dep=None, packages_select_regex=None, packages_select_test_failures=False, packages_skip=None, packages_skip_build_finished=False, packages_skip_by_dep=None, packages_skip_regex=None, packages_skip_test_passed=False, packages_skip_up_to=None, packages_start=None, packages_up_to=None, packages_up_to_regex=None, parallel_workers=4, paths=None, symlink_install=True, test_result_base=None, verb_extension=<colcon_core.verb.build.BuildVerb object at 0x7faaba7048>, verb_name='build', verb_parser=<colcon_defaults.argument_parser.defaults.DefaultArgumentsDecorator object at 0x7faab17588>)
[3.641s] Level 1:colcon.colcon_core.package_discovery:discover_packages(colcon_meta) check parameters
[3.641s] Level 1:colcon.colcon_core.package_discovery:discover_packages(recursive) check parameters
[3.641s] Level 1:colcon.colcon_core.package_discovery:discover_packages(ignore) check parameters
[3.642s] Level 1:colcon.colcon_core.package_discovery:discover_packages(path) check parameters
[3.642s] Level 1:colcon.colcon_core.package_discovery:discover_packages(colcon_meta) discover
[3.643s] Level 1:colcon.colcon_core.package_discovery:discover_packages(recursive) discover
[3.643s] INFO:colcon.colcon_core.package_discovery:Crawling recursively for packages in '/root/Workspaces/rosgsthumble_ws'
[3.644s] Level 1:colcon.colcon_core.package_identification:_identify(.) by extensions ['ignore', 'ignore_ament_install']
[3.644s] Level 1:colcon.colcon_core.package_identification:_identify(.) by extension 'ignore'
[3.645s] Level 1:colcon.colcon_core.package_identification:_identify(.) by extension 'ignore_ament_install'
[3.645s] Level 1:colcon.colcon_core.package_identification:_identify(.) by extensions ['colcon_pkg']
[3.645s] Level 1:colcon.colcon_core.package_identification:_identify(.) by extension 'colcon_pkg'
[3.646s] Level 1:colcon.colcon_core.package_identification:_identify(.) by extensions ['colcon_meta']
[3.646s] Level 1:colcon.colcon_core.package_identification:_identify(.) by extension 'colcon_meta'
[3.646s] Level 1:colcon.colcon_core.package_identification:_identify(.) by extensions ['ros']
[3.646s] Level 1:colcon.colcon_core.package_identification:_identify(.) by extension 'ros'
[3.832s] Level 1:colcon.colcon_core.package_identification:_identify(.) by extensions ['cmake', 'python']
[3.833s] Level 1:colcon.colcon_core.package_identification:_identify(.) by extension 'cmake'
[3.833s] Level 1:colcon.colcon_core.package_identification:_identify(.) by extension 'python'
[3.834s] Level 1:colcon.colcon_core.package_identification:_identify(.) by extensions ['python_setup_py']
[3.834s] Level 1:colcon.colcon_core.package_identification:_identify(.) by extension 'python_setup_py'
[3.834s] Level 1:colcon.colcon_core.package_identification:_identify(build) by extensions ['ignore', 'ignore_ament_install']
[3.835s] Level 1:colcon.colcon_core.package_identification:_identify(build) by extension 'ignore'
[3.835s] Level 1:colcon.colcon_core.package_identification:_identify(build) ignored
[3.837s] Level 1:colcon.colcon_core.package_identification:_identify(install) by extensions ['ignore', 'ignore_ament_install']
[3.838s] Level 1:colcon.colcon_core.package_identification:_identify(install) by extension 'ignore'
[3.838s] Level 1:colcon.colcon_core.package_identification:_identify(install) ignored
[3.838s] Level 1:colcon.colcon_core.package_identification:_identify(log) by extensions ['ignore', 'ignore_ament_install']
[3.839s] Level 1:colcon.colcon_core.package_identification:_identify(log) by extension 'ignore'
[3.839s] Level 1:colcon.colcon_core.package_identification:_identify(log) ignored
[3.839s] Level 1:colcon.colcon_core.package_identification:_identify(src) by extensions ['ignore', 'ignore_ament_install']
[3.840s] Level 1:colcon.colcon_core.package_identification:_identify(src) by extension 'ignore'
[3.840s] Level 1:colcon.colcon_core.package_identification:_identify(src) by extension 'ignore_ament_install'
[3.841s] Level 1:colcon.colcon_core.package_identification:_identify(src) by extensions ['colcon_pkg']
[3.841s] Level 1:colcon.colcon_core.package_identification:_identify(src) by extension 'colcon_pkg'
[3.841s] Level 1:colcon.colcon_core.package_identification:_identify(src) by extensions ['colcon_meta']
[3.841s] Level 1:colcon.colcon_core.package_identification:_identify(src) by extension 'colcon_meta'
[3.842s] Level 1:colcon.colcon_core.package_identification:_identify(src) by extensions ['ros']
[3.842s] Level 1:colcon.colcon_core.package_identification:_identify(src) by extension 'ros'
[3.842s] Level 1:colcon.colcon_core.package_identification:_identify(src) by extensions ['cmake', 'python']
[3.842s] Level 1:colcon.colcon_core.package_identification:_identify(src) by extension 'cmake'
[3.843s] Level 1:colcon.colcon_core.package_identification:_identify(src) by extension 'python'
[3.843s] Level 1:colcon.colcon_core.package_identification:_identify(src) by extensions ['python_setup_py']
[3.843s] Level 1:colcon.colcon_core.package_identification:_identify(src) by extension 'python_setup_py'
[3.844s] Level 1:colcon.colcon_core.package_identification:_identify(src/diagnostics) by extensions ['ignore', 'ignore_ament_install']
[3.844s] Level 1:colcon.colcon_core.package_identification:_identify(src/diagnostics) by extension 'ignore'
[3.844s] Level 1:colcon.colcon_core.package_identification:_identify(src/diagnostics) by extension 'ignore_ament_install'
[3.845s] Level 1:colcon.colcon_core.package_identification:_identify(src/diagnostics) by extensions ['colcon_pkg']
[3.845s] Level 1:colcon.colcon_core.package_identification:_identify(src/diagnostics) by extension 'colcon_pkg'
[3.845s] Level 1:colcon.colcon_core.package_identification:_identify(src/diagnostics) by extensions ['colcon_meta']
[3.845s] Level 1:colcon.colcon_core.package_identification:_identify(src/diagnostics) by extension 'colcon_meta'
[3.846s] Level 1:colcon.colcon_core.package_identification:_identify(src/diagnostics) by extensions ['ros']
[3.846s] Level 1:colcon.colcon_core.package_identification:_identify(src/diagnostics) by extension 'ros'
[3.846s] Level 1:colcon.colcon_core.package_identification:_identify(src/diagnostics) by extensions ['cmake', 'python']
[3.847s] Level 1:colcon.colcon_core.package_identification:_identify(src/diagnostics) by extension 'cmake'
[3.847s] Level 1:colcon.colcon_core.package_identification:_identify(src/diagnostics) by extension 'python'
[3.847s] Level 1:colcon.colcon_core.package_identification:_identify(src/diagnostics) by extensions ['python_setup_py']
[3.847s] Level 1:colcon.colcon_core.package_identification:_identify(src/diagnostics) by extension 'python_setup_py'
[3.848s] Level 1:colcon.colcon_core.package_identification:_identify(src/diagnostics/diagnostic_aggregator) by extensions ['ignore', 'ignore_ament_install']
[3.849s] Level 1:colcon.colcon_core.package_identification:_identify(src/diagnostics/diagnostic_aggregator) by extension 'ignore'
[3.849s] Level 1:colcon.colcon_core.package_identification:_identify(src/diagnostics/diagnostic_aggregator) ignored
[3.849s] Level 1:colcon.colcon_core.package_identification:_identify(src/diagnostics/diagnostic_common_diagnostics) by extensions ['ignore', 'ignore_ament_install']
[3.850s] Level 1:colcon.colcon_core.package_identification:_identify(src/diagnostics/diagnostic_common_diagnostics) by extension 'ignore'
[3.850s] Level 1:colcon.colcon_core.package_identification:_identify(src/diagnostics/diagnostic_common_diagnostics) by extension 'ignore_ament_install'
[3.851s] Level 1:colcon.colcon_core.package_identification:_identify(src/diagnostics/diagnostic_common_diagnostics) by extensions ['colcon_pkg']
[3.851s] Level 1:colcon.colcon_core.package_identification:_identify(src/diagnostics/diagnostic_common_diagnostics) by extension 'colcon_pkg'
[3.851s] Level 1:colcon.colcon_core.package_identification:_identify(src/diagnostics/diagnostic_common_diagnostics) by extensions ['colcon_meta']
[3.851s] Level 1:colcon.colcon_core.package_identification:_identify(src/diagnostics/diagnostic_common_diagnostics) by extension 'colcon_meta'
[3.852s] Level 1:colcon.colcon_core.package_identification:_identify(src/diagnostics/diagnostic_common_diagnostics) by extensions ['ros']
[3.852s] Level 1:colcon.colcon_core.package_identification:_identify(src/diagnostics/diagnostic_common_diagnostics) by extension 'ros'
[3.865s] DEBUG:colcon.colcon_core.package_identification:Package 'src/diagnostics/diagnostic_common_diagnostics' with type 'ros.ament_cmake' and name 'diagnostic_common_diagnostics'
[3.866s] Level 1:colcon.colcon_core.package_identification:_identify(src/diagnostics/diagnostic_remote_logging) by extensions ['ignore', 'ignore_ament_install']
[3.867s] Level 1:colcon.colcon_core.package_identification:_identify(src/diagnostics/diagnostic_remote_logging) by extension 'ignore'
[3.867s] Level 1:colcon.colcon_core.package_identification:_identify(src/diagnostics/diagnostic_remote_logging) ignored
[3.868s] Level 1:colcon.colcon_core.package_identification:_identify(src/diagnostics/diagnostic_updater) by extensions ['ignore', 'ignore_ament_install']
[3.868s] Level 1:colcon.colcon_core.package_identification:_identify(src/diagnostics/diagnostic_updater) by extension 'ignore'
[3.868s] Level 1:colcon.colcon_core.package_identification:_identify(src/diagnostics/diagnostic_updater) by extension 'ignore_ament_install'
[3.869s] Level 1:colcon.colcon_core.package_identification:_identify(src/diagnostics/diagnostic_updater) by extensions ['colcon_pkg']
[3.869s] Level 1:colcon.colcon_core.package_identification:_identify(src/diagnostics/diagnostic_updater) by extension 'colcon_pkg'
[3.869s] Level 1:colcon.colcon_core.package_identification:_identify(src/diagnostics/diagnostic_updater) by extensions ['colcon_meta']
[3.869s] Level 1:colcon.colcon_core.package_identification:_identify(src/diagnostics/diagnostic_updater) by extension 'colcon_meta'
[3.870s] Level 1:colcon.colcon_core.package_identification:_identify(src/diagnostics/diagnostic_updater) by extensions ['ros']
[3.870s] Level 1:colcon.colcon_core.package_identification:_identify(src/diagnostics/diagnostic_updater) by extension 'ros'
[3.876s] DEBUG:colcon.colcon_core.package_identification:Package 'src/diagnostics/diagnostic_updater' with type 'ros.ament_cmake' and name 'diagnostic_updater'
[3.877s] Level 1:colcon.colcon_core.package_identification:_identify(src/diagnostics/diagnostics) by extensions ['ignore', 'ignore_ament_install']
[3.877s] Level 1:colcon.colcon_core.package_identification:_identify(src/diagnostics/diagnostics) by extension 'ignore'
[3.878s] Level 1:colcon.colcon_core.package_identification:_identify(src/diagnostics/diagnostics) by extension 'ignore_ament_install'
[3.878s] Level 1:colcon.colcon_core.package_identification:_identify(src/diagnostics/diagnostics) by extensions ['colcon_pkg']
[3.878s] Level 1:colcon.colcon_core.package_identification:_identify(src/diagnostics/diagnostics) by extension 'colcon_pkg'
[3.878s] Level 1:colcon.colcon_core.package_identification:_identify(src/diagnostics/diagnostics) by extensions ['colcon_meta']
[3.879s] Level 1:colcon.colcon_core.package_identification:_identify(src/diagnostics/diagnostics) by extension 'colcon_meta'
[3.879s] Level 1:colcon.colcon_core.package_identification:_identify(src/diagnostics/diagnostics) by extensions ['ros']
[3.879s] Level 1:colcon.colcon_core.package_identification:_identify(src/diagnostics/diagnostics) by extension 'ros'
[3.882s] DEBUG:colcon.colcon_core.package_identification:Package 'src/diagnostics/diagnostics' with type 'ros.ament_cmake' and name 'diagnostics'
[3.883s] Level 1:colcon.colcon_core.package_identification:_identify(src/diagnostics/self_test) by extensions ['ignore', 'ignore_ament_install']
[3.883s] Level 1:colcon.colcon_core.package_identification:_identify(src/diagnostics/self_test) by extension 'ignore'
[3.884s] Level 1:colcon.colcon_core.package_identification:_identify(src/diagnostics/self_test) ignored
[3.884s] Level 1:colcon.colcon_core.package_identification:_identify(src/realsense-ros) by extensions ['ignore', 'ignore_ament_install']
[3.885s] Level 1:colcon.colcon_core.package_identification:_identify(src/realsense-ros) by extension 'ignore'
[3.885s] Level 1:colcon.colcon_core.package_identification:_identify(src/realsense-ros) by extension 'ignore_ament_install'
[3.885s] Level 1:colcon.colcon_core.package_identification:_identify(src/realsense-ros) by extensions ['colcon_pkg']
[3.886s] Level 1:colcon.colcon_core.package_identification:_identify(src/realsense-ros) by extension 'colcon_pkg'
[3.886s] Level 1:colcon.colcon_core.package_identification:_identify(src/realsense-ros) by extensions ['colcon_meta']
[3.886s] Level 1:colcon.colcon_core.package_identification:_identify(src/realsense-ros) by extension 'colcon_meta'
[3.886s] Level 1:colcon.colcon_core.package_identification:_identify(src/realsense-ros) by extensions ['ros']
[3.886s] Level 1:colcon.colcon_core.package_identification:_identify(src/realsense-ros) by extension 'ros'
[3.887s] Level 1:colcon.colcon_core.package_identification:_identify(src/realsense-ros) by extensions ['cmake', 'python']
[3.887s] Level 1:colcon.colcon_core.package_identification:_identify(src/realsense-ros) by extension 'cmake'
[3.887s] Level 1:colcon.colcon_core.package_identification:_identify(src/realsense-ros) by extension 'python'
[3.888s] Level 1:colcon.colcon_core.package_identification:_identify(src/realsense-ros) by extensions ['python_setup_py']
[3.888s] Level 1:colcon.colcon_core.package_identification:_identify(src/realsense-ros) by extension 'python_setup_py'
[3.888s] Level 1:colcon.colcon_core.package_identification:_identify(src/realsense-ros/realsense2_camera) by extensions ['ignore', 'ignore_ament_install']
[3.889s] Level 1:colcon.colcon_core.package_identification:_identify(src/realsense-ros/realsense2_camera) by extension 'ignore'
[3.889s] Level 1:colcon.colcon_core.package_identification:_identify(src/realsense-ros/realsense2_camera) by extension 'ignore_ament_install'
[3.890s] Level 1:colcon.colcon_core.package_identification:_identify(src/realsense-ros/realsense2_camera) by extensions ['colcon_pkg']
[3.890s] Level 1:colcon.colcon_core.package_identification:_identify(src/realsense-ros/realsense2_camera) by extension 'colcon_pkg'
[3.890s] Level 1:colcon.colcon_core.package_identification:_identify(src/realsense-ros/realsense2_camera) by extensions ['colcon_meta']
[3.890s] Level 1:colcon.colcon_core.package_identification:_identify(src/realsense-ros/realsense2_camera) by extension 'colcon_meta'
[3.891s] Level 1:colcon.colcon_core.package_identification:_identify(src/realsense-ros/realsense2_camera) by extensions ['ros']
[3.891s] Level 1:colcon.colcon_core.package_identification:_identify(src/realsense-ros/realsense2_camera) by extension 'ros'
[3.938s] DEBUG:colcon.colcon_core.package_identification:Package 'src/realsense-ros/realsense2_camera' with type 'ros.ament_cmake' and name 'realsense2_camera'
[3.939s] Level 1:colcon.colcon_core.package_identification:_identify(src/realsense-ros/realsense2_camera_msgs) by extensions ['ignore', 'ignore_ament_install']
[3.939s] Level 1:colcon.colcon_core.package_identification:_identify(src/realsense-ros/realsense2_camera_msgs) by extension 'ignore'
[3.940s] Level 1:colcon.colcon_core.package_identification:_identify(src/realsense-ros/realsense2_camera_msgs) by extension 'ignore_ament_install'
[3.940s] Level 1:colcon.colcon_core.package_identification:_identify(src/realsense-ros/realsense2_camera_msgs) by extensions ['colcon_pkg']
[3.940s] Level 1:colcon.colcon_core.package_identification:_identify(src/realsense-ros/realsense2_camera_msgs) by extension 'colcon_pkg'
[3.941s] Level 1:colcon.colcon_core.package_identification:_identify(src/realsense-ros/realsense2_camera_msgs) by extensions ['colcon_meta']
[3.941s] Level 1:colcon.colcon_core.package_identification:_identify(src/realsense-ros/realsense2_camera_msgs) by extension 'colcon_meta'
[3.941s] Level 1:colcon.colcon_core.package_identification:_identify(src/realsense-ros/realsense2_camera_msgs) by extensions ['ros']
[3.941s] Level 1:colcon.colcon_core.package_identification:_identify(src/realsense-ros/realsense2_camera_msgs) by extension 'ros'
[3.946s] DEBUG:colcon.colcon_core.package_identification:Package 'src/realsense-ros/realsense2_camera_msgs' with type 'ros.ament_cmake' and name 'realsense2_camera_msgs'
[3.947s] Level 1:colcon.colcon_core.package_identification:_identify(src/realsense-ros/realsense2_description) by extensions ['ignore', 'ignore_ament_install']
[3.947s] Level 1:colcon.colcon_core.package_identification:_identify(src/realsense-ros/realsense2_description) by extension 'ignore'
[3.947s] Level 1:colcon.colcon_core.package_identification:_identify(src/realsense-ros/realsense2_description) by extension 'ignore_ament_install'
[3.948s] Level 1:colcon.colcon_core.package_identification:_identify(src/realsense-ros/realsense2_description) by extensions ['colcon_pkg']
[3.948s] Level 1:colcon.colcon_core.package_identification:_identify(src/realsense-ros/realsense2_description) by extension 'colcon_pkg'
[3.948s] Level 1:colcon.colcon_core.package_identification:_identify(src/realsense-ros/realsense2_description) by extensions ['colcon_meta']
[3.948s] Level 1:colcon.colcon_core.package_identification:_identify(src/realsense-ros/realsense2_description) by extension 'colcon_meta'
[3.949s] Level 1:colcon.colcon_core.package_identification:_identify(src/realsense-ros/realsense2_description) by extensions ['ros']
[3.949s] Level 1:colcon.colcon_core.package_identification:_identify(src/realsense-ros/realsense2_description) by extension 'ros'
[3.955s] DEBUG:colcon.colcon_core.package_identification:Package 'src/realsense-ros/realsense2_description' with type 'ros.ament_cmake' and name 'realsense2_description'
[3.955s] Level 1:colcon.colcon_core.package_identification:_identify(src/realsense-ros/scripts) by extensions ['ignore', 'ignore_ament_install']
[3.956s] Level 1:colcon.colcon_core.package_identification:_identify(src/realsense-ros/scripts) by extension 'ignore'
[3.956s] Level 1:colcon.colcon_core.package_identification:_identify(src/realsense-ros/scripts) by extension 'ignore_ament_install'
[3.957s] Level 1:colcon.colcon_core.package_identification:_identify(src/realsense-ros/scripts) by extensions ['colcon_pkg']
[3.957s] Level 1:colcon.colcon_core.package_identification:_identify(src/realsense-ros/scripts) by extension 'colcon_pkg'
[3.957s] Level 1:colcon.colcon_core.package_identification:_identify(src/realsense-ros/scripts) by extensions ['colcon_meta']
[3.957s] Level 1:colcon.colcon_core.package_identification:_identify(src/realsense-ros/scripts) by extension 'colcon_meta'
[3.958s] Level 1:colcon.colcon_core.package_identification:_identify(src/realsense-ros/scripts) by extensions ['ros']
[3.958s] Level 1:colcon.colcon_core.package_identification:_identify(src/realsense-ros/scripts) by extension 'ros'
[3.958s] Level 1:colcon.colcon_core.package_identification:_identify(src/realsense-ros/scripts) by extensions ['cmake', 'python']
[3.958s] Level 1:colcon.colcon_core.package_identification:_identify(src/realsense-ros/scripts) by extension 'cmake'
[3.959s] Level 1:colcon.colcon_core.package_identification:_identify(src/realsense-ros/scripts) by extension 'python'
[3.959s] Level 1:colcon.colcon_core.package_identification:_identify(src/realsense-ros/scripts) by extensions ['python_setup_py']
[3.959s] Level 1:colcon.colcon_core.package_identification:_identify(src/realsense-ros/scripts) by extension 'python_setup_py'
[3.960s] Level 1:colcon.colcon_core.package_identification:_identify(src/ros-gst-bridge) by extensions ['ignore', 'ignore_ament_install']
[3.960s] Level 1:colcon.colcon_core.package_identification:_identify(src/ros-gst-bridge) by extension 'ignore'
[3.960s] Level 1:colcon.colcon_core.package_identification:_identify(src/ros-gst-bridge) by extension 'ignore_ament_install'
[3.961s] Level 1:colcon.colcon_core.package_identification:_identify(src/ros-gst-bridge) by extensions ['colcon_pkg']
[3.961s] Level 1:colcon.colcon_core.package_identification:_identify(src/ros-gst-bridge) by extension 'colcon_pkg'
[3.961s] Level 1:colcon.colcon_core.package_identification:_identify(src/ros-gst-bridge) by extensions ['colcon_meta']
[3.961s] Level 1:colcon.colcon_core.package_identification:_identify(src/ros-gst-bridge) by extension 'colcon_meta'
[3.962s] Level 1:colcon.colcon_core.package_identification:_identify(src/ros-gst-bridge) by extensions ['ros']
[3.962s] Level 1:colcon.colcon_core.package_identification:_identify(src/ros-gst-bridge) by extension 'ros'
[3.962s] Level 1:colcon.colcon_core.package_identification:_identify(src/ros-gst-bridge) by extensions ['cmake', 'python']
[3.963s] Level 1:colcon.colcon_core.package_identification:_identify(src/ros-gst-bridge) by extension 'cmake'
[3.963s] Level 1:colcon.colcon_core.package_identification:_identify(src/ros-gst-bridge) by extension 'python'
[3.963s] Level 1:colcon.colcon_core.package_identification:_identify(src/ros-gst-bridge) by extensions ['python_setup_py']
[3.963s] Level 1:colcon.colcon_core.package_identification:_identify(src/ros-gst-bridge) by extension 'python_setup_py'
[3.964s] Level 1:colcon.colcon_core.package_identification:_identify(src/ros-gst-bridge/audio_msgs) by extensions ['ignore', 'ignore_ament_install']
[3.964s] Level 1:colcon.colcon_core.package_identification:_identify(src/ros-gst-bridge/audio_msgs) by extension 'ignore'
[3.965s] Level 1:colcon.colcon_core.package_identification:_identify(src/ros-gst-bridge/audio_msgs) by extension 'ignore_ament_install'
[3.965s] Level 1:colcon.colcon_core.package_identification:_identify(src/ros-gst-bridge/audio_msgs) by extensions ['colcon_pkg']
[3.965s] Level 1:colcon.colcon_core.package_identification:_identify(src/ros-gst-bridge/audio_msgs) by extension 'colcon_pkg'
[3.965s] Level 1:colcon.colcon_core.package_identification:_identify(src/ros-gst-bridge/audio_msgs) by extensions ['colcon_meta']
[3.966s] Level 1:colcon.colcon_core.package_identification:_identify(src/ros-gst-bridge/audio_msgs) by extension 'colcon_meta'
[3.966s] Level 1:colcon.colcon_core.package_identification:_identify(src/ros-gst-bridge/audio_msgs) by extensions ['ros']
[3.966s] Level 1:colcon.colcon_core.package_identification:_identify(src/ros-gst-bridge/audio_msgs) by extension 'ros'
[3.970s] DEBUG:colcon.colcon_core.package_identification:Package 'src/ros-gst-bridge/audio_msgs' with type 'ros.ament_cmake' and name 'audio_msgs'
[3.970s] Level 1:colcon.colcon_core.package_identification:_identify(src/ros-gst-bridge/docker-long) by extensions ['ignore', 'ignore_ament_install']
[3.971s] Level 1:colcon.colcon_core.package_identification:_identify(src/ros-gst-bridge/docker-long) by extension 'ignore'
[3.971s] Level 1:colcon.colcon_core.package_identification:_identify(src/ros-gst-bridge/docker-long) by extension 'ignore_ament_install'
[3.971s] Level 1:colcon.colcon_core.package_identification:_identify(src/ros-gst-bridge/docker-long) by extensions ['colcon_pkg']
[3.972s] Level 1:colcon.colcon_core.package_identification:_identify(src/ros-gst-bridge/docker-long) by extension 'colcon_pkg'
[3.972s] Level 1:colcon.colcon_core.package_identification:_identify(src/ros-gst-bridge/docker-long) by extensions ['colcon_meta']
[3.972s] Level 1:colcon.colcon_core.package_identification:_identify(src/ros-gst-bridge/docker-long) by extension 'colcon_meta'
[3.972s] Level 1:colcon.colcon_core.package_identification:_identify(src/ros-gst-bridge/docker-long) by extensions ['ros']
[3.973s] Level 1:colcon.colcon_core.package_identification:_identify(src/ros-gst-bridge/docker-long) by extension 'ros'
[3.973s] Level 1:colcon.colcon_core.package_identification:_identify(src/ros-gst-bridge/docker-long) by extensions ['cmake', 'python']
[3.973s] Level 1:colcon.colcon_core.package_identification:_identify(src/ros-gst-bridge/docker-long) by extension 'cmake'
[3.974s] Level 1:colcon.colcon_core.package_identification:_identify(src/ros-gst-bridge/docker-long) by extension 'python'
[3.974s] Level 1:colcon.colcon_core.package_identification:_identify(src/ros-gst-bridge/docker-long) by extensions ['python_setup_py']
[3.974s] Level 1:colcon.colcon_core.package_identification:_identify(src/ros-gst-bridge/docker-long) by extension 'python_setup_py'
[3.975s] Level 1:colcon.colcon_core.package_identification:_identify(src/ros-gst-bridge/docker-short) by extensions ['ignore', 'ignore_ament_install']
[3.975s] Level 1:colcon.colcon_core.package_identification:_identify(src/ros-gst-bridge/docker-short) by extension 'ignore'
[3.975s] Level 1:colcon.colcon_core.package_identification:_identify(src/ros-gst-bridge/docker-short) by extension 'ignore_ament_install'
[3.976s] Level 1:colcon.colcon_core.package_identification:_identify(src/ros-gst-bridge/docker-short) by extensions ['colcon_pkg']
[3.976s] Level 1:colcon.colcon_core.package_identification:_identify(src/ros-gst-bridge/docker-short) by extension 'colcon_pkg'
[3.976s] Level 1:colcon.colcon_core.package_identification:_identify(src/ros-gst-bridge/docker-short) by extensions ['colcon_meta']
[3.976s] Level 1:colcon.colcon_core.package_identification:_identify(src/ros-gst-bridge/docker-short) by extension 'colcon_meta'
[3.977s] Level 1:colcon.colcon_core.package_identification:_identify(src/ros-gst-bridge/docker-short) by extensions ['ros']
[3.977s] Level 1:colcon.colcon_core.package_identification:_identify(src/ros-gst-bridge/docker-short) by extension 'ros'
[3.977s] Level 1:colcon.colcon_core.package_identification:_identify(src/ros-gst-bridge/docker-short) by extensions ['cmake', 'python']
[3.977s] Level 1:colcon.colcon_core.package_identification:_identify(src/ros-gst-bridge/docker-short) by extension 'cmake'
[3.978s] Level 1:colcon.colcon_core.package_identification:_identify(src/ros-gst-bridge/docker-short) by extension 'python'
[3.978s] Level 1:colcon.colcon_core.package_identification:_identify(src/ros-gst-bridge/docker-short) by extensions ['python_setup_py']
[3.978s] Level 1:colcon.colcon_core.package_identification:_identify(src/ros-gst-bridge/docker-short) by extension 'python_setup_py'
[3.979s] Level 1:colcon.colcon_core.package_identification:_identify(src/ros-gst-bridge/gst_bridge) by extensions ['ignore', 'ignore_ament_install']
[3.979s] Level 1:colcon.colcon_core.package_identification:_identify(src/ros-gst-bridge/gst_bridge) by extension 'ignore'
[3.979s] Level 1:colcon.colcon_core.package_identification:_identify(src/ros-gst-bridge/gst_bridge) by extension 'ignore_ament_install'
[3.980s] Level 1:colcon.colcon_core.package_identification:_identify(src/ros-gst-bridge/gst_bridge) by extensions ['colcon_pkg']
[3.980s] Level 1:colcon.colcon_core.package_identification:_identify(src/ros-gst-bridge/gst_bridge) by extension 'colcon_pkg'
[3.980s] Level 1:colcon.colcon_core.package_identification:_identify(src/ros-gst-bridge/gst_bridge) by extensions ['colcon_meta']
[3.980s] Level 1:colcon.colcon_core.package_identification:_identify(src/ros-gst-bridge/gst_bridge) by extension 'colcon_meta'
[3.981s] Level 1:colcon.colcon_core.package_identification:_identify(src/ros-gst-bridge/gst_bridge) by extensions ['ros']
[3.981s] Level 1:colcon.colcon_core.package_identification:_identify(src/ros-gst-bridge/gst_bridge) by extension 'ros'
[3.985s] DEBUG:colcon.colcon_core.package_identification:Package 'src/ros-gst-bridge/gst_bridge' with type 'ros.ament_cmake' and name 'gst_bridge'
[3.986s] Level 1:colcon.colcon_core.package_identification:_identify(src/ros-gst-bridge/gst_msgs) by extensions ['ignore', 'ignore_ament_install']
[3.986s] Level 1:colcon.colcon_core.package_identification:_identify(src/ros-gst-bridge/gst_msgs) by extension 'ignore'
[3.987s] Level 1:colcon.colcon_core.package_identification:_identify(src/ros-gst-bridge/gst_msgs) by extension 'ignore_ament_install'
[3.987s] Level 1:colcon.colcon_core.package_identification:_identify(src/ros-gst-bridge/gst_msgs) by extensions ['colcon_pkg']
[3.987s] Level 1:colcon.colcon_core.package_identification:_identify(src/ros-gst-bridge/gst_msgs) by extension 'colcon_pkg'
[3.987s] Level 1:colcon.colcon_core.package_identification:_identify(src/ros-gst-bridge/gst_msgs) by extensions ['colcon_meta']
[3.988s] Level 1:colcon.colcon_core.package_identification:_identify(src/ros-gst-bridge/gst_msgs) by extension 'colcon_meta'
[3.988s] Level 1:colcon.colcon_core.package_identification:_identify(src/ros-gst-bridge/gst_msgs) by extensions ['ros']
[3.988s] Level 1:colcon.colcon_core.package_identification:_identify(src/ros-gst-bridge/gst_msgs) by extension 'ros'
[3.991s] DEBUG:colcon.colcon_core.package_identification:Package 'src/ros-gst-bridge/gst_msgs' with type 'ros.ament_cmake' and name 'gst_msgs'
[3.992s] Level 1:colcon.colcon_core.package_identification:_identify(src/ros-gst-bridge/gst_pipeline) by extensions ['ignore', 'ignore_ament_install']
[3.992s] Level 1:colcon.colcon_core.package_identification:_identify(src/ros-gst-bridge/gst_pipeline) by extension 'ignore'
[3.993s] Level 1:colcon.colcon_core.package_identification:_identify(src/ros-gst-bridge/gst_pipeline) by extension 'ignore_ament_install'
[3.993s] Level 1:colcon.colcon_core.package_identification:_identify(src/ros-gst-bridge/gst_pipeline) by extensions ['colcon_pkg']
[3.993s] Level 1:colcon.colcon_core.package_identification:_identify(src/ros-gst-bridge/gst_pipeline) by extension 'colcon_pkg'
[3.994s] Level 1:colcon.colcon_core.package_identification:_identify(src/ros-gst-bridge/gst_pipeline) by extensions ['colcon_meta']
[3.994s] Level 1:colcon.colcon_core.package_identification:_identify(src/ros-gst-bridge/gst_pipeline) by extension 'colcon_meta'
[3.994s] Level 1:colcon.colcon_core.package_identification:_identify(src/ros-gst-bridge/gst_pipeline) by extensions ['ros']
[3.994s] Level 1:colcon.colcon_core.package_identification:_identify(src/ros-gst-bridge/gst_pipeline) by extension 'ros'
[4.000s] DEBUG:colcon.colcon_core.package_identification:Package 'src/ros-gst-bridge/gst_pipeline' with type 'ros.ament_cmake' and name 'gst_pipeline'
[4.000s] Level 1:colcon.colcon_core.package_identification:_identify(src/ros-gst-bridge/gst_pipeline_plugins) by extensions ['ignore', 'ignore_ament_install']
[4.001s] Level 1:colcon.colcon_core.package_identification:_identify(src/ros-gst-bridge/gst_pipeline_plugins) by extension 'ignore'
[4.001s] Level 1:colcon.colcon_core.package_identification:_identify(src/ros-gst-bridge/gst_pipeline_plugins) by extension 'ignore_ament_install'
[4.001s] Level 1:colcon.colcon_core.package_identification:_identify(src/ros-gst-bridge/gst_pipeline_plugins) by extensions ['colcon_pkg']
[4.002s] Level 1:colcon.colcon_core.package_identification:_identify(src/ros-gst-bridge/gst_pipeline_plugins) by extension 'colcon_pkg'
[4.002s] Level 1:colcon.colcon_core.package_identification:_identify(src/ros-gst-bridge/gst_pipeline_plugins) by extensions ['colcon_meta']
[4.002s] Level 1:colcon.colcon_core.package_identification:_identify(src/ros-gst-bridge/gst_pipeline_plugins) by extension 'colcon_meta'
[4.002s] Level 1:colcon.colcon_core.package_identification:_identify(src/ros-gst-bridge/gst_pipeline_plugins) by extensions ['ros']
[4.003s] Level 1:colcon.colcon_core.package_identification:_identify(src/ros-gst-bridge/gst_pipeline_plugins) by extension 'ros'
[4.007s] DEBUG:colcon.colcon_core.package_identification:Package 'src/ros-gst-bridge/gst_pipeline_plugins' with type 'ros.ament_cmake' and name 'gst_pipeline_plugins'
[4.008s] Level 1:colcon.colcon_core.package_identification:_identify(src/ros-gst-bridge/gst_pipeline_plugins_webrtc) by extensions ['ignore', 'ignore_ament_install']
[4.009s] Level 1:colcon.colcon_core.package_identification:_identify(src/ros-gst-bridge/gst_pipeline_plugins_webrtc) by extension 'ignore'
[4.009s] Level 1:colcon.colcon_core.package_identification:_identify(src/ros-gst-bridge/gst_pipeline_plugins_webrtc) ignored
[4.009s] Level 1:colcon.colcon_core.package_identification:_identify(src/vision_opencv) by extensions ['ignore', 'ignore_ament_install']
[4.010s] Level 1:colcon.colcon_core.package_identification:_identify(src/vision_opencv) by extension 'ignore'
[4.010s] Level 1:colcon.colcon_core.package_identification:_identify(src/vision_opencv) by extension 'ignore_ament_install'
[4.010s] Level 1:colcon.colcon_core.package_identification:_identify(src/vision_opencv) by extensions ['colcon_pkg']
[4.011s] Level 1:colcon.colcon_core.package_identification:_identify(src/vision_opencv) by extension 'colcon_pkg'
[4.011s] Level 1:colcon.colcon_core.package_identification:_identify(src/vision_opencv) by extensions ['colcon_meta']
[4.011s] Level 1:colcon.colcon_core.package_identification:_identify(src/vision_opencv) by extension 'colcon_meta'
[4.011s] Level 1:colcon.colcon_core.package_identification:_identify(src/vision_opencv) by extensions ['ros']
[4.012s] Level 1:colcon.colcon_core.package_identification:_identify(src/vision_opencv) by extension 'ros'
[4.012s] Level 1:colcon.colcon_core.package_identification:_identify(src/vision_opencv) by extensions ['cmake', 'python']
[4.012s] Level 1:colcon.colcon_core.package_identification:_identify(src/vision_opencv) by extension 'cmake'
[4.013s] Level 1:colcon.colcon_core.package_identification:_identify(src/vision_opencv) by extension 'python'
[4.013s] Level 1:colcon.colcon_core.package_identification:_identify(src/vision_opencv) by extensions ['python_setup_py']
[4.013s] Level 1:colcon.colcon_core.package_identification:_identify(src/vision_opencv) by extension 'python_setup_py'
[4.014s] Level 1:colcon.colcon_core.package_identification:_identify(src/vision_opencv/cv_bridge) by extensions ['ignore', 'ignore_ament_install']
[4.014s] Level 1:colcon.colcon_core.package_identification:_identify(src/vision_opencv/cv_bridge) by extension 'ignore'
[4.014s] Level 1:colcon.colcon_core.package_identification:_identify(src/vision_opencv/cv_bridge) by extension 'ignore_ament_install'
[4.015s] Level 1:colcon.colcon_core.package_identification:_identify(src/vision_opencv/cv_bridge) by extensions ['colcon_pkg']
[4.015s] Level 1:colcon.colcon_core.package_identification:_identify(src/vision_opencv/cv_bridge) by extension 'colcon_pkg'
[4.015s] Level 1:colcon.colcon_core.package_identification:_identify(src/vision_opencv/cv_bridge) by extensions ['colcon_meta']
[4.015s] Level 1:colcon.colcon_core.package_identification:_identify(src/vision_opencv/cv_bridge) by extension 'colcon_meta'
[4.016s] Level 1:colcon.colcon_core.package_identification:_identify(src/vision_opencv/cv_bridge) by extensions ['ros']
[4.016s] Level 1:colcon.colcon_core.package_identification:_identify(src/vision_opencv/cv_bridge) by extension 'ros'
[4.022s] DEBUG:colcon.colcon_core.package_identification:Package 'src/vision_opencv/cv_bridge' with type 'ros.ament_cmake' and name 'cv_bridge'
[4.023s] Level 1:colcon.colcon_core.package_identification:_identify(src/vision_opencv/image_geometry) by extensions ['ignore', 'ignore_ament_install']
[4.023s] Level 1:colcon.colcon_core.package_identification:_identify(src/vision_opencv/image_geometry) by extension 'ignore'
[4.024s] Level 1:colcon.colcon_core.package_identification:_identify(src/vision_opencv/image_geometry) by extension 'ignore_ament_install'
[4.024s] Level 1:colcon.colcon_core.package_identification:_identify(src/vision_opencv/image_geometry) by extensions ['colcon_pkg']
[4.024s] Level 1:colcon.colcon_core.package_identification:_identify(src/vision_opencv/image_geometry) by extension 'colcon_pkg'
[4.024s] Level 1:colcon.colcon_core.package_identification:_identify(src/vision_opencv/image_geometry) by extensions ['colcon_meta']
[4.025s] Level 1:colcon.colcon_core.package_identification:_identify(src/vision_opencv/image_geometry) by extension 'colcon_meta'
[4.025s] Level 1:colcon.colcon_core.package_identification:_identify(src/vision_opencv/image_geometry) by extensions ['ros']
[4.025s] Level 1:colcon.colcon_core.package_identification:_identify(src/vision_opencv/image_geometry) by extension 'ros'
[4.029s] DEBUG:colcon.colcon_core.package_identification:Package 'src/vision_opencv/image_geometry' with type 'ros.ament_cmake' and name 'image_geometry'
[4.030s] Level 1:colcon.colcon_core.package_identification:_identify(src/vision_opencv/opencv_tests) by extensions ['ignore', 'ignore_ament_install']
[4.030s] Level 1:colcon.colcon_core.package_identification:_identify(src/vision_opencv/opencv_tests) by extension 'ignore'
[4.031s] Level 1:colcon.colcon_core.package_identification:_identify(src/vision_opencv/opencv_tests) ignored
[4.031s] Level 1:colcon.colcon_core.package_identification:_identify(src/vision_opencv/vision_opencv) by extensions ['ignore', 'ignore_ament_install']
[4.032s] Level 1:colcon.colcon_core.package_identification:_identify(src/vision_opencv/vision_opencv) by extension 'ignore'
[4.032s] Level 1:colcon.colcon_core.package_identification:_identify(src/vision_opencv/vision_opencv) by extension 'ignore_ament_install'
[4.032s] Level 1:colcon.colcon_core.package_identification:_identify(src/vision_opencv/vision_opencv) by extensions ['colcon_pkg']
[4.032s] Level 1:colcon.colcon_core.package_identification:_identify(src/vision_opencv/vision_opencv) by extension 'colcon_pkg'
[4.033s] Level 1:colcon.colcon_core.package_identification:_identify(src/vision_opencv/vision_opencv) by extensions ['colcon_meta']
[4.033s] Level 1:colcon.colcon_core.package_identification:_identify(src/vision_opencv/vision_opencv) by extension 'colcon_meta'
[4.033s] Level 1:colcon.colcon_core.package_identification:_identify(src/vision_opencv/vision_opencv) by extensions ['ros']
[4.033s] Level 1:colcon.colcon_core.package_identification:_identify(src/vision_opencv/vision_opencv) by extension 'ros'
[4.036s] DEBUG:colcon.colcon_core.package_identification:Package 'src/vision_opencv/vision_opencv' with type 'ros.ament_cmake' and name 'vision_opencv'
[4.037s] Level 1:colcon.colcon_core.package_identification:_identify(src/webrtc_camera_node) by extensions ['ignore', 'ignore_ament_install']
[4.037s] Level 1:colcon.colcon_core.package_identification:_identify(src/webrtc_camera_node) by extension 'ignore'
[4.038s] Level 1:colcon.colcon_core.package_identification:_identify(src/webrtc_camera_node) by extension 'ignore_ament_install'
[4.038s] Level 1:colcon.colcon_core.package_identification:_identify(src/webrtc_camera_node) by extensions ['colcon_pkg']
[4.038s] Level 1:colcon.colcon_core.package_identification:_identify(src/webrtc_camera_node) by extension 'colcon_pkg'
[4.039s] Level 1:colcon.colcon_core.package_identification:_identify(src/webrtc_camera_node) by extensions ['colcon_meta']
[4.039s] Level 1:colcon.colcon_core.package_identification:_identify(src/webrtc_camera_node) by extension 'colcon_meta'
[4.039s] Level 1:colcon.colcon_core.package_identification:_identify(src/webrtc_camera_node) by extensions ['ros']
[4.039s] Level 1:colcon.colcon_core.package_identification:_identify(src/webrtc_camera_node) by extension 'ros'
[4.043s] DEBUG:colcon.colcon_core.package_identification:Package 'src/webrtc_camera_node' with type 'ros.ament_cmake' and name 'webrtc_camera_node'
[4.043s] Level 1:colcon.colcon_core.package_identification:_identify(src/xacro) by extensions ['ignore', 'ignore_ament_install']
[4.044s] Level 1:colcon.colcon_core.package_identification:_identify(src/xacro) by extension 'ignore'
[4.044s] Level 1:colcon.colcon_core.package_identification:_identify(src/xacro) by extension 'ignore_ament_install'
[4.045s] Level 1:colcon.colcon_core.package_identification:_identify(src/xacro) by extensions ['colcon_pkg']
[4.045s] Level 1:colcon.colcon_core.package_identification:_identify(src/xacro) by extension 'colcon_pkg'
[4.047s] Level 1:colcon.colcon_core.package_identification:_identify(src/xacro) by extensions ['colcon_meta']
[4.047s] Level 1:colcon.colcon_core.package_identification:_identify(src/xacro) by extension 'colcon_meta'
[4.048s] Level 1:colcon.colcon_core.package_identification:_identify(src/xacro) by extensions ['ros']
[4.048s] Level 1:colcon.colcon_core.package_identification:_identify(src/xacro) by extension 'ros'
[4.052s] DEBUG:colcon.colcon_core.package_identification:Package 'src/xacro' with type 'ros.ament_cmake' and name 'xacro'
[4.052s] Level 1:colcon.colcon_core.package_discovery:discover_packages(recursive) using defaults
[4.053s] Level 1:colcon.colcon_core.package_discovery:discover_packages(ignore) discover
[4.054s] Level 1:colcon.colcon_core.package_discovery:discover_packages(ignore) using defaults
[4.054s] Level 1:colcon.colcon_core.package_discovery:discover_packages(path) discover
[4.054s] Level 1:colcon.colcon_core.package_discovery:discover_packages(path) using defaults
[4.255s] INFO:colcon.colcon_metadata.metadata.colcon_pkg:Updating descriptor of package 'src/xacro' from colcon.pkg: {'hooks': ['share/xacro/environment/completion.bash']}
[4.312s] Level 5:colcon.colcon_core.verb:set package 'audio_msgs' build argument 'cmake_args' from command line to '['-Wno-dev']'
[4.313s] Level 5:colcon.colcon_core.verb:set package 'audio_msgs' build argument 'cmake_target' from command line to 'None'
[4.313s] Level 5:colcon.colcon_core.verb:set package 'audio_msgs' build argument 'cmake_target_skip_unavailable' from command line to 'False'
[4.313s] Level 5:colcon.colcon_core.verb:set package 'audio_msgs' build argument 'cmake_clean_cache' from command line to 'False'
[4.313s] Level 5:colcon.colcon_core.verb:set package 'audio_msgs' build argument 'cmake_clean_first' from command line to 'False'
[4.313s] Level 5:colcon.colcon_core.verb:set package 'audio_msgs' build argument 'cmake_force_configure' from command line to 'False'
[4.314s] Level 5:colcon.colcon_core.verb:set package 'audio_msgs' build argument 'ament_cmake_args' from command line to 'None'
[4.314s] Level 5:colcon.colcon_core.verb:set package 'audio_msgs' build argument 'catkin_cmake_args' from command line to 'None'
[4.314s] Level 5:colcon.colcon_core.verb:set package 'audio_msgs' build argument 'catkin_skip_building_tests' from command line to 'False'
[4.314s] DEBUG:colcon.colcon_core.verb:Building package 'audio_msgs' with the following arguments: {'ament_cmake_args': None, 'build_base': '/root/Workspaces/rosgsthumble_ws/build/audio_msgs', 'catkin_cmake_args': None, 'catkin_skip_building_tests': False, 'cmake_args': ['-Wno-dev'], 'cmake_clean_cache': False, 'cmake_clean_first': False, 'cmake_force_configure': False, 'cmake_target': None, 'cmake_target_skip_unavailable': False, 'install_base': '/root/Workspaces/rosgsthumble_ws/install/audio_msgs', 'merge_install': False, 'path': '/root/Workspaces/rosgsthumble_ws/src/ros-gst-bridge/audio_msgs', 'symlink_install': True, 'test_result_base': None}
[4.332s] Level 5:colcon.colcon_core.verb:set package 'cv_bridge' build argument 'cmake_args' from command line to '['-Wno-dev']'
[4.332s] Level 5:colcon.colcon_core.verb:set package 'cv_bridge' build argument 'cmake_target' from command line to 'None'
[4.332s] Level 5:colcon.colcon_core.verb:set package 'cv_bridge' build argument 'cmake_target_skip_unavailable' from command line to 'False'
[4.333s] Level 5:colcon.colcon_core.verb:set package 'cv_bridge' build argument 'cmake_clean_cache' from command line to 'False'
[4.333s] Level 5:colcon.colcon_core.verb:set package 'cv_bridge' build argument 'cmake_clean_first' from command line to 'False'
[4.333s] Level 5:colcon.colcon_core.verb:set package 'cv_bridge' build argument 'cmake_force_configure' from command line to 'False'
[4.333s] Level 5:colcon.colcon_core.verb:set package 'cv_bridge' build argument 'ament_cmake_args' from command line to 'None'
[4.333s] Level 5:colcon.colcon_core.verb:set package 'cv_bridge' build argument 'catkin_cmake_args' from command line to 'None'
[4.333s] Level 5:colcon.colcon_core.verb:set package 'cv_bridge' build argument 'catkin_skip_building_tests' from command line to 'False'
[4.334s] DEBUG:colcon.colcon_core.verb:Building package 'cv_bridge' with the following arguments: {'ament_cmake_args': None, 'build_base': '/root/Workspaces/rosgsthumble_ws/build/cv_bridge', 'catkin_cmake_args': None, 'catkin_skip_building_tests': False, 'cmake_args': ['-Wno-dev'], 'cmake_clean_cache': False, 'cmake_clean_first': False, 'cmake_force_configure': False, 'cmake_target': None, 'cmake_target_skip_unavailable': False, 'install_base': '/root/Workspaces/rosgsthumble_ws/install/cv_bridge', 'merge_install': False, 'path': '/root/Workspaces/rosgsthumble_ws/src/vision_opencv/cv_bridge', 'symlink_install': True, 'test_result_base': None}
[4.351s] Level 5:colcon.colcon_core.verb:set package 'diagnostic_updater' build argument 'cmake_args' from command line to '['-Wno-dev']'
[4.352s] Level 5:colcon.colcon_core.verb:set package 'diagnostic_updater' build argument 'cmake_target' from command line to 'None'
[4.352s] Level 5:colcon.colcon_core.verb:set package 'diagnostic_updater' build argument 'cmake_target_skip_unavailable' from command line to 'False'
[4.352s] Level 5:colcon.colcon_core.verb:set package 'diagnostic_updater' build argument 'cmake_clean_cache' from command line to 'False'
[4.352s] Level 5:colcon.colcon_core.verb:set package 'diagnostic_updater' build argument 'cmake_clean_first' from command line to 'False'
[4.352s] Level 5:colcon.colcon_core.verb:set package 'diagnostic_updater' build argument 'cmake_force_configure' from command line to 'False'
[4.352s] Level 5:colcon.colcon_core.verb:set package 'diagnostic_updater' build argument 'ament_cmake_args' from command line to 'None'
[4.353s] Level 5:colcon.colcon_core.verb:set package 'diagnostic_updater' build argument 'catkin_cmake_args' from command line to 'None'
[4.353s] Level 5:colcon.colcon_core.verb:set package 'diagnostic_updater' build argument 'catkin_skip_building_tests' from command line to 'False'
[4.353s] DEBUG:colcon.colcon_core.verb:Building package 'diagnostic_updater' with the following arguments: {'ament_cmake_args': None, 'build_base': '/root/Workspaces/rosgsthumble_ws/build/diagnostic_updater', 'catkin_cmake_args': None, 'catkin_skip_building_tests': False, 'cmake_args': ['-Wno-dev'], 'cmake_clean_cache': False, 'cmake_clean_first': False, 'cmake_force_configure': False, 'cmake_target': None, 'cmake_target_skip_unavailable': False, 'install_base': '/root/Workspaces/rosgsthumble_ws/install/diagnostic_updater', 'merge_install': False, 'path': '/root/Workspaces/rosgsthumble_ws/src/diagnostics/diagnostic_updater', 'symlink_install': True, 'test_result_base': None}
[4.371s] Level 5:colcon.colcon_core.verb:set package 'gst_msgs' build argument 'cmake_args' from command line to '['-Wno-dev']'
[4.371s] Level 5:colcon.colcon_core.verb:set package 'gst_msgs' build argument 'cmake_target' from command line to 'None'
[4.371s] Level 5:colcon.colcon_core.verb:set package 'gst_msgs' build argument 'cmake_target_skip_unavailable' from command line to 'False'
[4.371s] Level 5:colcon.colcon_core.verb:set package 'gst_msgs' build argument 'cmake_clean_cache' from command line to 'False'
[4.371s] Level 5:colcon.colcon_core.verb:set package 'gst_msgs' build argument 'cmake_clean_first' from command line to 'False'
[4.371s] Level 5:colcon.colcon_core.verb:set package 'gst_msgs' build argument 'cmake_force_configure' from command line to 'False'
[4.372s] Level 5:colcon.colcon_core.verb:set package 'gst_msgs' build argument 'ament_cmake_args' from command line to 'None'
[4.372s] Level 5:colcon.colcon_core.verb:set package 'gst_msgs' build argument 'catkin_cmake_args' from command line to 'None'
[4.372s] Level 5:colcon.colcon_core.verb:set package 'gst_msgs' build argument 'catkin_skip_building_tests' from command line to 'False'
[4.372s] DEBUG:colcon.colcon_core.verb:Building package 'gst_msgs' with the following arguments: {'ament_cmake_args': None, 'build_base': '/root/Workspaces/rosgsthumble_ws/build/gst_msgs', 'catkin_cmake_args': None, 'catkin_skip_building_tests': False, 'cmake_args': ['-Wno-dev'], 'cmake_clean_cache': False, 'cmake_clean_first': False, 'cmake_force_configure': False, 'cmake_target': None, 'cmake_target_skip_unavailable': False, 'install_base': '/root/Workspaces/rosgsthumble_ws/install/gst_msgs', 'merge_install': False, 'path': '/root/Workspaces/rosgsthumble_ws/src/ros-gst-bridge/gst_msgs', 'symlink_install': True, 'test_result_base': None}
[4.390s] Level 5:colcon.colcon_core.verb:set package 'image_geometry' build argument 'cmake_args' from command line to '['-Wno-dev']'
[4.390s] Level 5:colcon.colcon_core.verb:set package 'image_geometry' build argument 'cmake_target' from command line to 'None'
[4.391s] Level 5:colcon.colcon_core.verb:set package 'image_geometry' build argument 'cmake_target_skip_unavailable' from command line to 'False'
[4.391s] Level 5:colcon.colcon_core.verb:set package 'image_geometry' build argument 'cmake_clean_cache' from command line to 'False'
[4.391s] Level 5:colcon.colcon_core.verb:set package 'image_geometry' build argument 'cmake_clean_first' from command line to 'False'
[4.391s] Level 5:colcon.colcon_core.verb:set package 'image_geometry' build argument 'cmake_force_configure' from command line to 'False'
[4.391s] Level 5:colcon.colcon_core.verb:set package 'image_geometry' build argument 'ament_cmake_args' from command line to 'None'
[4.392s] Level 5:colcon.colcon_core.verb:set package 'image_geometry' build argument 'catkin_cmake_args' from command line to 'None'
[4.392s] Level 5:colcon.colcon_core.verb:set package 'image_geometry' build argument 'catkin_skip_building_tests' from command line to 'False'
[4.392s] DEBUG:colcon.colcon_core.verb:Building package 'image_geometry' with the following arguments: {'ament_cmake_args': None, 'build_base': '/root/Workspaces/rosgsthumble_ws/build/image_geometry', 'catkin_cmake_args': None, 'catkin_skip_building_tests': False, 'cmake_args': ['-Wno-dev'], 'cmake_clean_cache': False, 'cmake_clean_first': False, 'cmake_force_configure': False, 'cmake_target': None, 'cmake_target_skip_unavailable': False, 'install_base': '/root/Workspaces/rosgsthumble_ws/install/image_geometry', 'merge_install': False, 'path': '/root/Workspaces/rosgsthumble_ws/src/vision_opencv/image_geometry', 'symlink_install': True, 'test_result_base': None}
[4.410s] Level 5:colcon.colcon_core.verb:set package 'realsense2_camera_msgs' build argument 'cmake_args' from command line to '['-Wno-dev']'
[4.411s] Level 5:colcon.colcon_core.verb:set package 'realsense2_camera_msgs' build argument 'cmake_target' from command line to 'None'
[4.411s] Level 5:colcon.colcon_core.verb:set package 'realsense2_camera_msgs' build argument 'cmake_target_skip_unavailable' from command line to 'False'
[4.411s] Level 5:colcon.colcon_core.verb:set package 'realsense2_camera_msgs' build argument 'cmake_clean_cache' from command line to 'False'
[4.411s] Level 5:colcon.colcon_core.verb:set package 'realsense2_camera_msgs' build argument 'cmake_clean_first' from command line to 'False'
[4.412s] Level 5:colcon.colcon_core.verb:set package 'realsense2_camera_msgs' build argument 'cmake_force_configure' from command line to 'False'
[4.412s] Level 5:colcon.colcon_core.verb:set package 'realsense2_camera_msgs' build argument 'ament_cmake_args' from command line to 'None'
[4.412s] Level 5:colcon.colcon_core.verb:set package 'realsense2_camera_msgs' build argument 'catkin_cmake_args' from command line to 'None'
[4.412s] Level 5:colcon.colcon_core.verb:set package 'realsense2_camera_msgs' build argument 'catkin_skip_building_tests' from command line to 'False'
[4.412s] DEBUG:colcon.colcon_core.verb:Building package 'realsense2_camera_msgs' with the following arguments: {'ament_cmake_args': None, 'build_base': '/root/Workspaces/rosgsthumble_ws/build/realsense2_camera_msgs', 'catkin_cmake_args': None, 'catkin_skip_building_tests': False, 'cmake_args': ['-Wno-dev'], 'cmake_clean_cache': False, 'cmake_clean_first': False, 'cmake_force_configure': False, 'cmake_target': None, 'cmake_target_skip_unavailable': False, 'install_base': '/root/Workspaces/rosgsthumble_ws/install/realsense2_camera_msgs', 'merge_install': False, 'path': '/root/Workspaces/rosgsthumble_ws/src/realsense-ros/realsense2_camera_msgs', 'symlink_install': True, 'test_result_base': None}
[4.430s] Level 5:colcon.colcon_core.verb:set package 'xacro' build argument 'cmake_args' from command line to '['-Wno-dev']'
[4.430s] Level 5:colcon.colcon_core.verb:set package 'xacro' build argument 'cmake_target' from command line to 'None'
[4.431s] Level 5:colcon.colcon_core.verb:set package 'xacro' build argument 'cmake_target_skip_unavailable' from command line to 'False'
[4.431s] Level 5:colcon.colcon_core.verb:set package 'xacro' build argument 'cmake_clean_cache' from command line to 'False'
[4.431s] Level 5:colcon.colcon_core.verb:set package 'xacro' build argument 'cmake_clean_first' from command line to 'False'
[4.431s] Level 5:colcon.colcon_core.verb:set package 'xacro' build argument 'cmake_force_configure' from command line to 'False'
[4.431s] Level 5:colcon.colcon_core.verb:set package 'xacro' build argument 'ament_cmake_args' from command line to 'None'
[4.432s] Level 5:colcon.colcon_core.verb:set package 'xacro' build argument 'catkin_cmake_args' from command line to 'None'
[4.432s] Level 5:colcon.colcon_core.verb:set package 'xacro' build argument 'catkin_skip_building_tests' from command line to 'False'
[4.432s] DEBUG:colcon.colcon_core.verb:Building package 'xacro' with the following arguments: {'ament_cmake_args': None, 'build_base': '/root/Workspaces/rosgsthumble_ws/build/xacro', 'catkin_cmake_args': None, 'catkin_skip_building_tests': False, 'cmake_args': ['-Wno-dev'], 'cmake_clean_cache': False, 'cmake_clean_first': False, 'cmake_force_configure': False, 'cmake_target': None, 'cmake_target_skip_unavailable': False, 'install_base': '/root/Workspaces/rosgsthumble_ws/install/xacro', 'merge_install': False, 'path': '/root/Workspaces/rosgsthumble_ws/src/xacro', 'symlink_install': True, 'test_result_base': None}
[4.450s] Level 5:colcon.colcon_core.verb:set package 'diagnostic_common_diagnostics' build argument 'cmake_args' from command line to '['-Wno-dev']'
[4.450s] Level 5:colcon.colcon_core.verb:set package 'diagnostic_common_diagnostics' build argument 'cmake_target' from command line to 'None'
[4.450s] Level 5:colcon.colcon_core.verb:set package 'diagnostic_common_diagnostics' build argument 'cmake_target_skip_unavailable' from command line to 'False'
[4.450s] Level 5:colcon.colcon_core.verb:set package 'diagnostic_common_diagnostics' build argument 'cmake_clean_cache' from command line to 'False'
[4.450s] Level 5:colcon.colcon_core.verb:set package 'diagnostic_common_diagnostics' build argument 'cmake_clean_first' from command line to 'False'
[4.451s] Level 5:colcon.colcon_core.verb:set package 'diagnostic_common_diagnostics' build argument 'cmake_force_configure' from command line to 'False'
[4.451s] Level 5:colcon.colcon_core.verb:set package 'diagnostic_common_diagnostics' build argument 'ament_cmake_args' from command line to 'None'
[4.451s] Level 5:colcon.colcon_core.verb:set package 'diagnostic_common_diagnostics' build argument 'catkin_cmake_args' from command line to 'None'
[4.451s] Level 5:colcon.colcon_core.verb:set package 'diagnostic_common_diagnostics' build argument 'catkin_skip_building_tests' from command line to 'False'
[4.451s] DEBUG:colcon.colcon_core.verb:Building package 'diagnostic_common_diagnostics' with the following arguments: {'ament_cmake_args': None, 'build_base': '/root/Workspaces/rosgsthumble_ws/build/diagnostic_common_diagnostics', 'catkin_cmake_args': None, 'catkin_skip_building_tests': False, 'cmake_args': ['-Wno-dev'], 'cmake_clean_cache': False, 'cmake_clean_first': False, 'cmake_force_configure': False, 'cmake_target': None, 'cmake_target_skip_unavailable': False, 'install_base': '/root/Workspaces/rosgsthumble_ws/install/diagnostic_common_diagnostics', 'merge_install': False, 'path': '/root/Workspaces/rosgsthumble_ws/src/diagnostics/diagnostic_common_diagnostics', 'symlink_install': True, 'test_result_base': None}
[4.469s] Level 5:colcon.colcon_core.verb:set package 'gst_bridge' build argument 'cmake_args' from command line to '['-Wno-dev']'
[4.469s] Level 5:colcon.colcon_core.verb:set package 'gst_bridge' build argument 'cmake_target' from command line to 'None'
[4.470s] Level 5:colcon.colcon_core.verb:set package 'gst_bridge' build argument 'cmake_target_skip_unavailable' from command line to 'False'
[4.470s] Level 5:colcon.colcon_core.verb:set package 'gst_bridge' build argument 'cmake_clean_cache' from command line to 'False'
[4.470s] Level 5:colcon.colcon_core.verb:set package 'gst_bridge' build argument 'cmake_clean_first' from command line to 'False'
[4.470s] Level 5:colcon.colcon_core.verb:set package 'gst_bridge' build argument 'cmake_force_configure' from command line to 'False'
[4.470s] Level 5:colcon.colcon_core.verb:set package 'gst_bridge' build argument 'ament_cmake_args' from command line to 'None'
[4.470s] Level 5:colcon.colcon_core.verb:set package 'gst_bridge' build argument 'catkin_cmake_args' from command line to 'None'
[4.471s] Level 5:colcon.colcon_core.verb:set package 'gst_bridge' build argument 'catkin_skip_building_tests' from command line to 'False'
[4.471s] DEBUG:colcon.colcon_core.verb:Building package 'gst_bridge' with the following arguments: {'ament_cmake_args': None, 'build_base': '/root/Workspaces/rosgsthumble_ws/build/gst_bridge', 'catkin_cmake_args': None, 'catkin_skip_building_tests': False, 'cmake_args': ['-Wno-dev'], 'cmake_clean_cache': False, 'cmake_clean_first': False, 'cmake_force_configure': False, 'cmake_target': None, 'cmake_target_skip_unavailable': False, 'install_base': '/root/Workspaces/rosgsthumble_ws/install/gst_bridge', 'merge_install': False, 'path': '/root/Workspaces/rosgsthumble_ws/src/ros-gst-bridge/gst_bridge', 'symlink_install': True, 'test_result_base': None}
[4.488s] Level 5:colcon.colcon_core.verb:set package 'realsense2_camera' build argument 'cmake_args' from command line to '['-Wno-dev']'
[4.489s] Level 5:colcon.colcon_core.verb:set package 'realsense2_camera' build argument 'cmake_target' from command line to 'None'
[4.489s] Level 5:colcon.colcon_core.verb:set package 'realsense2_camera' build argument 'cmake_target_skip_unavailable' from command line to 'False'
[4.489s] Level 5:colcon.colcon_core.verb:set package 'realsense2_camera' build argument 'cmake_clean_cache' from command line to 'False'
[4.489s] Level 5:colcon.colcon_core.verb:set package 'realsense2_camera' build argument 'cmake_clean_first' from command line to 'False'
[4.489s] Level 5:colcon.colcon_core.verb:set package 'realsense2_camera' build argument 'cmake_force_configure' from command line to 'False'
[4.490s] Level 5:colcon.colcon_core.verb:set package 'realsense2_camera' build argument 'ament_cmake_args' from command line to 'None'
[4.490s] Level 5:colcon.colcon_core.verb:set package 'realsense2_camera' build argument 'catkin_cmake_args' from command line to 'None'
[4.490s] Level 5:colcon.colcon_core.verb:set package 'realsense2_camera' build argument 'catkin_skip_building_tests' from command line to 'False'
[4.490s] DEBUG:colcon.colcon_core.verb:Building package 'realsense2_camera' with the following arguments: {'ament_cmake_args': None, 'build_base': '/root/Workspaces/rosgsthumble_ws/build/realsense2_camera', 'catkin_cmake_args': None, 'catkin_skip_building_tests': False, 'cmake_args': ['-Wno-dev'], 'cmake_clean_cache': False, 'cmake_clean_first': False, 'cmake_force_configure': False, 'cmake_target': None, 'cmake_target_skip_unavailable': False, 'install_base': '/root/Workspaces/rosgsthumble_ws/install/realsense2_camera', 'merge_install': False, 'path': '/root/Workspaces/rosgsthumble_ws/src/realsense-ros/realsense2_camera', 'symlink_install': True, 'test_result_base': None}
[4.508s] Level 5:colcon.colcon_core.verb:set package 'realsense2_description' build argument 'cmake_args' from command line to '['-Wno-dev']'
[4.508s] Level 5:colcon.colcon_core.verb:set package 'realsense2_description' build argument 'cmake_target' from command line to 'None'
[4.508s] Level 5:colcon.colcon_core.verb:set package 'realsense2_description' build argument 'cmake_target_skip_unavailable' from command line to 'False'
[4.509s] Level 5:colcon.colcon_core.verb:set package 'realsense2_description' build argument 'cmake_clean_cache' from command line to 'False'
[4.509s] Level 5:colcon.colcon_core.verb:set package 'realsense2_description' build argument 'cmake_clean_first' from command line to 'False'
[4.509s] Level 5:colcon.colcon_core.verb:set package 'realsense2_description' build argument 'cmake_force_configure' from command line to 'False'
[4.509s] Level 5:colcon.colcon_core.verb:set package 'realsense2_description' build argument 'ament_cmake_args' from command line to 'None'
[4.509s] Level 5:colcon.colcon_core.verb:set package 'realsense2_description' build argument 'catkin_cmake_args' from command line to 'None'
[4.509s] Level 5:colcon.colcon_core.verb:set package 'realsense2_description' build argument 'catkin_skip_building_tests' from command line to 'False'
[4.510s] DEBUG:colcon.colcon_core.verb:Building package 'realsense2_description' with the following arguments: {'ament_cmake_args': None, 'build_base': '/root/Workspaces/rosgsthumble_ws/build/realsense2_description', 'catkin_cmake_args': None, 'catkin_skip_building_tests': False, 'cmake_args': ['-Wno-dev'], 'cmake_clean_cache': False, 'cmake_clean_first': False, 'cmake_force_configure': False, 'cmake_target': None, 'cmake_target_skip_unavailable': False, 'install_base': '/root/Workspaces/rosgsthumble_ws/install/realsense2_description', 'merge_install': False, 'path': '/root/Workspaces/rosgsthumble_ws/src/realsense-ros/realsense2_description', 'symlink_install': True, 'test_result_base': None}
[4.527s] Level 5:colcon.colcon_core.verb:set package 'vision_opencv' build argument 'cmake_args' from command line to '['-Wno-dev']'
[4.528s] Level 5:colcon.colcon_core.verb:set package 'vision_opencv' build argument 'cmake_target' from command line to 'None'
[4.528s] Level 5:colcon.colcon_core.verb:set package 'vision_opencv' build argument 'cmake_target_skip_unavailable' from command line to 'False'
[4.528s] Level 5:colcon.colcon_core.verb:set package 'vision_opencv' build argument 'cmake_clean_cache' from command line to 'False'
[4.528s] Level 5:colcon.colcon_core.verb:set package 'vision_opencv' build argument 'cmake_clean_first' from command line to 'False'
[4.528s] Level 5:colcon.colcon_core.verb:set package 'vision_opencv' build argument 'cmake_force_configure' from command line to 'False'
[4.528s] Level 5:colcon.colcon_core.verb:set package 'vision_opencv' build argument 'ament_cmake_args' from command line to 'None'
[4.529s] Level 5:colcon.colcon_core.verb:set package 'vision_opencv' build argument 'catkin_cmake_args' from command line to 'None'
[4.529s] Level 5:colcon.colcon_core.verb:set package 'vision_opencv' build argument 'catkin_skip_building_tests' from command line to 'False'
[4.529s] DEBUG:colcon.colcon_core.verb:Building package 'vision_opencv' with the following arguments: {'ament_cmake_args': None, 'build_base': '/root/Workspaces/rosgsthumble_ws/build/vision_opencv', 'catkin_cmake_args': None, 'catkin_skip_building_tests': False, 'cmake_args': ['-Wno-dev'], 'cmake_clean_cache': False, 'cmake_clean_first': False, 'cmake_force_configure': False, 'cmake_target': None, 'cmake_target_skip_unavailable': False, 'install_base': '/root/Workspaces/rosgsthumble_ws/install/vision_opencv', 'merge_install': False, 'path': '/root/Workspaces/rosgsthumble_ws/src/vision_opencv/vision_opencv', 'symlink_install': True, 'test_result_base': None}
[4.547s] Level 5:colcon.colcon_core.verb:set package 'diagnostics' build argument 'cmake_args' from command line to '['-Wno-dev']'
[4.547s] Level 5:colcon.colcon_core.verb:set package 'diagnostics' build argument 'cmake_target' from command line to 'None'
[4.547s] Level 5:colcon.colcon_core.verb:set package 'diagnostics' build argument 'cmake_target_skip_unavailable' from command line to 'False'
[4.547s] Level 5:colcon.colcon_core.verb:set package 'diagnostics' build argument 'cmake_clean_cache' from command line to 'False'
[4.547s] Level 5:colcon.colcon_core.verb:set package 'diagnostics' build argument 'cmake_clean_first' from command line to 'False'
[4.548s] Level 5:colcon.colcon_core.verb:set package 'diagnostics' build argument 'cmake_force_configure' from command line to 'False'
[4.548s] Level 5:colcon.colcon_core.verb:set package 'diagnostics' build argument 'ament_cmake_args' from command line to 'None'
[4.548s] Level 5:colcon.colcon_core.verb:set package 'diagnostics' build argument 'catkin_cmake_args' from command line to 'None'
[4.548s] Level 5:colcon.colcon_core.verb:set package 'diagnostics' build argument 'catkin_skip_building_tests' from command line to 'False'
[4.548s] DEBUG:colcon.colcon_core.verb:Building package 'diagnostics' with the following arguments: {'ament_cmake_args': None, 'build_base': '/root/Workspaces/rosgsthumble_ws/build/diagnostics', 'catkin_cmake_args': None, 'catkin_skip_building_tests': False, 'cmake_args': ['-Wno-dev'], 'cmake_clean_cache': False, 'cmake_clean_first': False, 'cmake_force_configure': False, 'cmake_target': None, 'cmake_target_skip_unavailable': False, 'install_base': '/root/Workspaces/rosgsthumble_ws/install/diagnostics', 'merge_install': False, 'path': '/root/Workspaces/rosgsthumble_ws/src/diagnostics/diagnostics', 'symlink_install': True, 'test_result_base': None}
[4.566s] Level 5:colcon.colcon_core.verb:set package 'gst_pipeline' build argument 'cmake_args' from command line to '['-Wno-dev']'
[4.566s] Level 5:colcon.colcon_core.verb:set package 'gst_pipeline' build argument 'cmake_target' from command line to 'None'
[4.567s] Level 5:colcon.colcon_core.verb:set package 'gst_pipeline' build argument 'cmake_target_skip_unavailable' from command line to 'False'
[4.567s] Level 5:colcon.colcon_core.verb:set package 'gst_pipeline' build argument 'cmake_clean_cache' from command line to 'False'
[4.567s] Level 5:colcon.colcon_core.verb:set package 'gst_pipeline' build argument 'cmake_clean_first' from command line to 'False'
[4.567s] Level 5:colcon.colcon_core.verb:set package 'gst_pipeline' build argument 'cmake_force_configure' from command line to 'False'
[4.567s] Level 5:colcon.colcon_core.verb:set package 'gst_pipeline' build argument 'ament_cmake_args' from command line to 'None'
[4.567s] Level 5:colcon.colcon_core.verb:set package 'gst_pipeline' build argument 'catkin_cmake_args' from command line to 'None'
[4.568s] Level 5:colcon.colcon_core.verb:set package 'gst_pipeline' build argument 'catkin_skip_building_tests' from command line to 'False'
[4.568s] DEBUG:colcon.colcon_core.verb:Building package 'gst_pipeline' with the following arguments: {'ament_cmake_args': None, 'build_base': '/root/Workspaces/rosgsthumble_ws/build/gst_pipeline', 'catkin_cmake_args': None, 'catkin_skip_building_tests': False, 'cmake_args': ['-Wno-dev'], 'cmake_clean_cache': False, 'cmake_clean_first': False, 'cmake_force_configure': False, 'cmake_target': None, 'cmake_target_skip_unavailable': False, 'install_base': '/root/Workspaces/rosgsthumble_ws/install/gst_pipeline', 'merge_install': False, 'path': '/root/Workspaces/rosgsthumble_ws/src/ros-gst-bridge/gst_pipeline', 'symlink_install': True, 'test_result_base': None}
[4.586s] Level 5:colcon.colcon_core.verb:set package 'webrtc_camera_node' build argument 'cmake_args' from command line to '['-Wno-dev']'
[4.586s] Level 5:colcon.colcon_core.verb:set package 'webrtc_camera_node' build argument 'cmake_target' from command line to 'None'
[4.586s] Level 5:colcon.colcon_core.verb:set package 'webrtc_camera_node' build argument 'cmake_target_skip_unavailable' from command line to 'False'
[4.587s] Level 5:colcon.colcon_core.verb:set package 'webrtc_camera_node' build argument 'cmake_clean_cache' from command line to 'False'
[4.587s] Level 5:colcon.colcon_core.verb:set package 'webrtc_camera_node' build argument 'cmake_clean_first' from command line to 'False'
[4.587s] Level 5:colcon.colcon_core.verb:set package 'webrtc_camera_node' build argument 'cmake_force_configure' from command line to 'False'
[4.587s] Level 5:colcon.colcon_core.verb:set package 'webrtc_camera_node' build argument 'ament_cmake_args' from command line to 'None'
[4.587s] Level 5:colcon.colcon_core.verb:set package 'webrtc_camera_node' build argument 'catkin_cmake_args' from command line to 'None'
[4.587s] Level 5:colcon.colcon_core.verb:set package 'webrtc_camera_node' build argument 'catkin_skip_building_tests' from command line to 'False'
[4.588s] DEBUG:colcon.colcon_core.verb:Building package 'webrtc_camera_node' with the following arguments: {'ament_cmake_args': None, 'build_base': '/root/Workspaces/rosgsthumble_ws/build/webrtc_camera_node', 'catkin_cmake_args': None, 'catkin_skip_building_tests': False, 'cmake_args': ['-Wno-dev'], 'cmake_clean_cache': False, 'cmake_clean_first': False, 'cmake_force_configure': False, 'cmake_target': None, 'cmake_target_skip_unavailable': False, 'install_base': '/root/Workspaces/rosgsthumble_ws/install/webrtc_camera_node', 'merge_install': False, 'path': '/root/Workspaces/rosgsthumble_ws/src/webrtc_camera_node', 'symlink_install': True, 'test_result_base': None}
[4.605s] Level 5:colcon.colcon_core.verb:set package 'gst_pipeline_plugins' build argument 'cmake_args' from command line to '['-Wno-dev']'
[4.605s] Level 5:colcon.colcon_core.verb:set package 'gst_pipeline_plugins' build argument 'cmake_target' from command line to 'None'
[4.606s] Level 5:colcon.colcon_core.verb:set package 'gst_pipeline_plugins' build argument 'cmake_target_skip_unavailable' from command line to 'False'
[4.606s] Level 5:colcon.colcon_core.verb:set package 'gst_pipeline_plugins' build argument 'cmake_clean_cache' from command line to 'False'
[4.606s] Level 5:colcon.colcon_core.verb:set package 'gst_pipeline_plugins' build argument 'cmake_clean_first' from command line to 'False'
[4.606s] Level 5:colcon.colcon_core.verb:set package 'gst_pipeline_plugins' build argument 'cmake_force_configure' from command line to 'False'
[4.606s] Level 5:colcon.colcon_core.verb:set package 'gst_pipeline_plugins' build argument 'ament_cmake_args' from command line to 'None'
[4.606s] Level 5:colcon.colcon_core.verb:set package 'gst_pipeline_plugins' build argument 'catkin_cmake_args' from command line to 'None'
[4.607s] Level 5:colcon.colcon_core.verb:set package 'gst_pipeline_plugins' build argument 'catkin_skip_building_tests' from command line to 'False'
[4.607s] DEBUG:colcon.colcon_core.verb:Building package 'gst_pipeline_plugins' with the following arguments: {'ament_cmake_args': None, 'build_base': '/root/Workspaces/rosgsthumble_ws/build/gst_pipeline_plugins', 'catkin_cmake_args': None, 'catkin_skip_building_tests': False, 'cmake_args': ['-Wno-dev'], 'cmake_clean_cache': False, 'cmake_clean_first': False, 'cmake_force_configure': False, 'cmake_target': None, 'cmake_target_skip_unavailable': False, 'install_base': '/root/Workspaces/rosgsthumble_ws/install/gst_pipeline_plugins', 'merge_install': False, 'path': '/root/Workspaces/rosgsthumble_ws/src/ros-gst-bridge/gst_pipeline_plugins', 'symlink_install': True, 'test_result_base': None}
[4.622s] INFO:colcon.colcon_core.executor:Executing jobs using 'parallel' executor
[4.706s] DEBUG:colcon.colcon_parallel_executor.executor.parallel:run_until_complete
[4.708s] INFO:colcon.colcon_ros.task.ament_cmake.build:Building ROS package in '/root/Workspaces/rosgsthumble_ws/src/ros-gst-bridge/audio_msgs' with build type 'ament_cmake'
[4.709s] INFO:colcon.colcon_cmake.task.cmake.build:Building CMake package in '/root/Workspaces/rosgsthumble_ws/src/ros-gst-bridge/audio_msgs'
[4.773s] INFO:colcon.colcon_core.plugin_system:Skipping extension 'colcon_core.shell.bat': Not used on non-Windows systems
[4.775s] INFO:colcon.colcon_core.shell:Skip shell extension 'powershell' for command environment: Not usable outside of PowerShell
[4.775s] DEBUG:colcon.colcon_core.shell:Skip shell extension 'dsv' for command environment
[4.881s] INFO:colcon.colcon_ros.task.ament_cmake.build:Building ROS package in '/root/Workspaces/rosgsthumble_ws/src/vision_opencv/cv_bridge' with build type 'ament_cmake'
[4.883s] INFO:colcon.colcon_cmake.task.cmake.build:Building CMake package in '/root/Workspaces/rosgsthumble_ws/src/vision_opencv/cv_bridge'
[4.925s] INFO:colcon.colcon_core.shell:Skip shell extension 'powershell' for command environment: Not usable outside of PowerShell
[4.925s] DEBUG:colcon.colcon_core.shell:Skip shell extension 'dsv' for command environment
[5.020s] INFO:colcon.colcon_ros.task.ament_cmake.build:Building ROS package in '/root/Workspaces/rosgsthumble_ws/src/diagnostics/diagnostic_updater' with build type 'ament_cmake'
[5.021s] INFO:colcon.colcon_cmake.task.cmake.build:Building CMake package in '/root/Workspaces/rosgsthumble_ws/src/diagnostics/diagnostic_updater'
[5.067s] INFO:colcon.colcon_core.shell:Skip shell extension 'powershell' for command environment: Not usable outside of PowerShell
[5.067s] DEBUG:colcon.colcon_core.shell:Skip shell extension 'dsv' for command environment
[5.161s] INFO:colcon.colcon_ros.task.ament_cmake.build:Building ROS package in '/root/Workspaces/rosgsthumble_ws/src/ros-gst-bridge/gst_msgs' with build type 'ament_cmake'
[5.163s] INFO:colcon.colcon_cmake.task.cmake.build:Building CMake package in '/root/Workspaces/rosgsthumble_ws/src/ros-gst-bridge/gst_msgs'
[5.203s] INFO:colcon.colcon_core.shell:Skip shell extension 'powershell' for command environment: Not usable outside of PowerShell
[5.204s] DEBUG:colcon.colcon_core.shell:Skip shell extension 'dsv' for command environment
[5.324s] DEBUG:colcon.colcon_core.event_handler.log_command:Invoking command in '/root/Workspaces/rosgsthumble_ws/build/audio_msgs': /usr/local/bin/cmake --build /root/Workspaces/rosgsthumble_ws/build/audio_msgs -- -j4 -l4
[5.359s] DEBUG:colcon.colcon_core.event_handler.log_command:Invoking command in '/root/Workspaces/rosgsthumble_ws/build/cv_bridge': /usr/local/bin/cmake --build /root/Workspaces/rosgsthumble_ws/build/cv_bridge -- -j4 -l4
[5.377s] DEBUG:colcon.colcon_core.event_handler.log_command:Invoking command in '/root/Workspaces/rosgsthumble_ws/build/diagnostic_updater': /usr/local/bin/cmake --build /root/Workspaces/rosgsthumble_ws/build/diagnostic_updater -- -j4 -l4
[5.399s] DEBUG:colcon.colcon_core.event_handler.log_command:Invoking command in '/root/Workspaces/rosgsthumble_ws/build/gst_msgs': /usr/local/bin/cmake --build /root/Workspaces/rosgsthumble_ws/build/gst_msgs -- -j4 -l4
[8.014s] DEBUG:colcon.colcon_core.event_handler.log_command:Invoked command in '/root/Workspaces/rosgsthumble_ws/build/diagnostic_updater' returned '0': /usr/local/bin/cmake --build /root/Workspaces/rosgsthumble_ws/build/diagnostic_updater -- -j4 -l4
[8.071s] DEBUG:colcon.colcon_core.event_handler.log_command:Invoked command in '/root/Workspaces/rosgsthumble_ws/build/audio_msgs' returned '0': /usr/local/bin/cmake --build /root/Workspaces/rosgsthumble_ws/build/audio_msgs -- -j4 -l4
[8.602s] DEBUG:colcon.colcon_core.event_handler.log_command:Invoking command in '/root/Workspaces/rosgsthumble_ws/build/diagnostic_updater': /usr/local/bin/cmake --install /root/Workspaces/rosgsthumble_ws/build/diagnostic_updater
[8.623s] DEBUG:colcon.colcon_core.event_handler.log_command:Invoking command in '/root/Workspaces/rosgsthumble_ws/build/audio_msgs': /usr/local/bin/cmake --install /root/Workspaces/rosgsthumble_ws/build/audio_msgs
[8.652s] DEBUG:colcon.colcon_core.event_handler.log_command:Invoked command in '/root/Workspaces/rosgsthumble_ws/build/gst_msgs' returned '0': /usr/local/bin/cmake --build /root/Workspaces/rosgsthumble_ws/build/gst_msgs -- -j4 -l4
[8.836s] DEBUG:colcon.colcon_core.event_handler.log_command:Invoked command in '/root/Workspaces/rosgsthumble_ws/build/cv_bridge' returned '0': /usr/local/bin/cmake --build /root/Workspaces/rosgsthumble_ws/build/cv_bridge -- -j4 -l4
[9.188s] DEBUG:colcon.colcon_core.event_handler.log_command:Invoking command in '/root/Workspaces/rosgsthumble_ws/build/cv_bridge': /usr/local/bin/cmake --install /root/Workspaces/rosgsthumble_ws/build/cv_bridge
[9.254s] Level 1:colcon.colcon_core.environment:create_environment_scripts_only(diagnostic_updater)
[9.268s] DEBUG:colcon.colcon_core.event_handler.log_command:Invoked command in '/root/Workspaces/rosgsthumble_ws/build/diagnostic_updater' returned '0': /usr/local/bin/cmake --install /root/Workspaces/rosgsthumble_ws/build/diagnostic_updater
[9.352s] Level 1:colcon.colcon_core.environment:checking '/root/Workspaces/rosgsthumble_ws/install/diagnostic_updater' for CMake module files
[9.356s] Level 1:colcon.colcon_core.environment:checking '/root/Workspaces/rosgsthumble_ws/install/diagnostic_updater' for CMake config files
[9.359s] Level 1:colcon.colcon_core.shell:create_environment_hook('diagnostic_updater', 'cmake_prefix_path')
[9.402s] INFO:colcon.colcon_core.shell:Creating environment hook '/root/Workspaces/rosgsthumble_ws/install/diagnostic_updater/share/diagnostic_updater/hook/cmake_prefix_path.ps1'
[9.409s] INFO:colcon.colcon_core.shell:Creating environment descriptor '/root/Workspaces/rosgsthumble_ws/install/diagnostic_updater/share/diagnostic_updater/hook/cmake_prefix_path.dsv'
[9.413s] INFO:colcon.colcon_core.shell:Creating environment hook '/root/Workspaces/rosgsthumble_ws/install/diagnostic_updater/share/diagnostic_updater/hook/cmake_prefix_path.sh'
[9.431s] Level 1:colcon.colcon_core.environment:checking '/root/Workspaces/rosgsthumble_ws/install/diagnostic_updater/lib'
[9.432s] Level 1:colcon.colcon_core.environment:checking '/root/Workspaces/rosgsthumble_ws/install/diagnostic_updater/bin'
[9.433s] Level 1:colcon.colcon_core.environment:checking '/root/Workspaces/rosgsthumble_ws/install/diagnostic_updater/lib/pkgconfig/diagnostic_updater.pc'
[9.434s] Level 1:colcon.colcon_core.environment:checking '/root/Workspaces/rosgsthumble_ws/install/diagnostic_updater/lib/python3.6/site-packages'
[9.434s] Level 1:colcon.colcon_core.shell:create_environment_hook('diagnostic_updater', 'pythonpath')
[9.482s] INFO:colcon.colcon_core.shell:Creating environment hook '/root/Workspaces/rosgsthumble_ws/install/diagnostic_updater/share/diagnostic_updater/hook/pythonpath.ps1'
[9.486s] INFO:colcon.colcon_core.shell:Creating environment descriptor '/root/Workspaces/rosgsthumble_ws/install/diagnostic_updater/share/diagnostic_updater/hook/pythonpath.dsv'
[9.490s] INFO:colcon.colcon_core.shell:Creating environment hook '/root/Workspaces/rosgsthumble_ws/install/diagnostic_updater/share/diagnostic_updater/hook/pythonpath.sh'
[9.495s] Level 1:colcon.colcon_core.environment:checking '/root/Workspaces/rosgsthumble_ws/install/diagnostic_updater/bin'
[9.542s] INFO:colcon.colcon_core.shell:Creating package script '/root/Workspaces/rosgsthumble_ws/install/diagnostic_updater/share/diagnostic_updater/package.ps1'
[9.549s] INFO:colcon.colcon_core.shell:Creating package descriptor '/root/Workspaces/rosgsthumble_ws/install/diagnostic_updater/share/diagnostic_updater/package.dsv'
[9.553s] INFO:colcon.colcon_core.shell:Creating package script '/root/Workspaces/rosgsthumble_ws/install/diagnostic_updater/share/diagnostic_updater/package.sh'
[9.559s] INFO:colcon.colcon_core.shell:Creating package script '/root/Workspaces/rosgsthumble_ws/install/diagnostic_updater/share/diagnostic_updater/package.bash'
[9.565s] INFO:colcon.colcon_core.shell:Creating package script '/root/Workspaces/rosgsthumble_ws/install/diagnostic_updater/share/diagnostic_updater/package.zsh'
[9.571s] Level 1:colcon.colcon_core.environment:create_file_with_runtime_dependencies(/root/Workspaces/rosgsthumble_ws/install/diagnostic_updater/share/colcon-core/packages/diagnostic_updater)
[9.591s] Level 1:colcon.colcon_core.environment:create_environment_scripts_only(audio_msgs)
[9.610s] DEBUG:colcon.colcon_core.event_handler.log_command:Invoked command in '/root/Workspaces/rosgsthumble_ws/build/audio_msgs' returned '0': /usr/local/bin/cmake --install /root/Workspaces/rosgsthumble_ws/build/audio_msgs
[9.664s] Level 1:colcon.colcon_core.environment:checking '/root/Workspaces/rosgsthumble_ws/install/audio_msgs' for CMake module files
[9.671s] Level 1:colcon.colcon_core.environment:checking '/root/Workspaces/rosgsthumble_ws/install/audio_msgs' for CMake config files
[9.678s] Level 1:colcon.colcon_core.shell:create_environment_hook('audio_msgs', 'cmake_prefix_path')
[9.726s] INFO:colcon.colcon_core.shell:Creating environment hook '/root/Workspaces/rosgsthumble_ws/install/audio_msgs/share/audio_msgs/hook/cmake_prefix_path.ps1'
[9.730s] INFO:colcon.colcon_core.shell:Creating environment descriptor '/root/Workspaces/rosgsthumble_ws/install/audio_msgs/share/audio_msgs/hook/cmake_prefix_path.dsv'
[9.732s] INFO:colcon.colcon_core.shell:Creating environment hook '/root/Workspaces/rosgsthumble_ws/install/audio_msgs/share/audio_msgs/hook/cmake_prefix_path.sh'
[9.736s] Level 1:colcon.colcon_core.environment:checking '/root/Workspaces/rosgsthumble_ws/install/audio_msgs/lib'
[9.737s] Level 1:colcon.colcon_core.shell:create_environment_hook('audio_msgs', 'ld_library_path_lib')
[9.781s] INFO:colcon.colcon_core.shell:Creating environment hook '/root/Workspaces/rosgsthumble_ws/install/audio_msgs/share/audio_msgs/hook/ld_library_path_lib.ps1'
[9.783s] INFO:colcon.colcon_core.shell:Creating environment descriptor '/root/Workspaces/rosgsthumble_ws/install/audio_msgs/share/audio_msgs/hook/ld_library_path_lib.dsv'
[9.785s] INFO:colcon.colcon_core.shell:Creating environment hook '/root/Workspaces/rosgsthumble_ws/install/audio_msgs/share/audio_msgs/hook/ld_library_path_lib.sh'
[9.787s] Level 1:colcon.colcon_core.environment:checking '/root/Workspaces/rosgsthumble_ws/install/audio_msgs/bin'
[9.788s] Level 1:colcon.colcon_core.environment:checking '/root/Workspaces/rosgsthumble_ws/install/audio_msgs/lib/pkgconfig/audio_msgs.pc'
[9.789s] Level 1:colcon.colcon_core.environment:checking '/root/Workspaces/rosgsthumble_ws/install/audio_msgs/lib/python3.6/site-packages'
[9.790s] Level 1:colcon.colcon_core.shell:create_environment_hook('audio_msgs', 'pythonpath')
[9.831s] INFO:colcon.colcon_core.shell:Creating environment hook '/root/Workspaces/rosgsthumble_ws/install/audio_msgs/share/audio_msgs/hook/pythonpath.ps1'
[9.834s] INFO:colcon.colcon_core.shell:Creating environment descriptor '/root/Workspaces/rosgsthumble_ws/install/audio_msgs/share/audio_msgs/hook/pythonpath.dsv'
[9.836s] INFO:colcon.colcon_core.shell:Creating environment hook '/root/Workspaces/rosgsthumble_ws/install/audio_msgs/share/audio_msgs/hook/pythonpath.sh'
[9.838s] Level 1:colcon.colcon_core.environment:checking '/root/Workspaces/rosgsthumble_ws/install/audio_msgs/bin'
[9.882s] INFO:colcon.colcon_core.shell:Creating package script '/root/Workspaces/rosgsthumble_ws/install/audio_msgs/share/audio_msgs/package.ps1'
[9.885s] INFO:colcon.colcon_core.shell:Creating package descriptor '/root/Workspaces/rosgsthumble_ws/install/audio_msgs/share/audio_msgs/package.dsv'
[9.888s] INFO:colcon.colcon_core.shell:Creating package script '/root/Workspaces/rosgsthumble_ws/install/audio_msgs/share/audio_msgs/package.sh'
[9.890s] INFO:colcon.colcon_core.shell:Creating package script '/root/Workspaces/rosgsthumble_ws/install/audio_msgs/share/audio_msgs/package.bash'
[9.892s] INFO:colcon.colcon_core.shell:Creating package script '/root/Workspaces/rosgsthumble_ws/install/audio_msgs/share/audio_msgs/package.zsh'
[9.894s] Level 1:colcon.colcon_core.environment:create_file_with_runtime_dependencies(/root/Workspaces/rosgsthumble_ws/install/audio_msgs/share/colcon-core/packages/audio_msgs)
[9.911s] Level 1:colcon.colcon_core.environment:create_environment_scripts_only(cv_bridge)
[9.929s] DEBUG:colcon.colcon_core.event_handler.log_command:Invoked command in '/root/Workspaces/rosgsthumble_ws/build/cv_bridge' returned '0': /usr/local/bin/cmake --install /root/Workspaces/rosgsthumble_ws/build/cv_bridge
[9.974s] Level 1:colcon.colcon_core.environment:checking '/root/Workspaces/rosgsthumble_ws/install/cv_bridge' for CMake module files
[9.978s] Level 1:colcon.colcon_core.environment:checking '/root/Workspaces/rosgsthumble_ws/install/cv_bridge' for CMake config files
[9.980s] Level 1:colcon.colcon_core.shell:create_environment_hook('cv_bridge', 'cmake_prefix_path')
[10.020s] INFO:colcon.colcon_core.shell:Creating environment hook '/root/Workspaces/rosgsthumble_ws/install/cv_bridge/share/cv_bridge/hook/cmake_prefix_path.ps1'
[10.024s] INFO:colcon.colcon_core.shell:Creating environment descriptor '/root/Workspaces/rosgsthumble_ws/install/cv_bridge/share/cv_bridge/hook/cmake_prefix_path.dsv'
[10.026s] INFO:colcon.colcon_core.shell:Creating environment hook '/root/Workspaces/rosgsthumble_ws/install/cv_bridge/share/cv_bridge/hook/cmake_prefix_path.sh'
[10.030s] Level 1:colcon.colcon_core.environment:checking '/root/Workspaces/rosgsthumble_ws/install/cv_bridge/lib'
[10.030s] Level 1:colcon.colcon_core.shell:create_environment_hook('cv_bridge', 'ld_library_path_lib')
[10.071s] INFO:colcon.colcon_core.shell:Creating environment hook '/root/Workspaces/rosgsthumble_ws/install/cv_bridge/share/cv_bridge/hook/ld_library_path_lib.ps1'
[10.074s] INFO:colcon.colcon_core.shell:Creating environment descriptor '/root/Workspaces/rosgsthumble_ws/install/cv_bridge/share/cv_bridge/hook/ld_library_path_lib.dsv'
[10.076s] INFO:colcon.colcon_core.shell:Creating environment hook '/root/Workspaces/rosgsthumble_ws/install/cv_bridge/share/cv_bridge/hook/ld_library_path_lib.sh'
[10.078s] Level 1:colcon.colcon_core.environment:checking '/root/Workspaces/rosgsthumble_ws/install/cv_bridge/bin'
[10.078s] Level 1:colcon.colcon_core.environment:checking '/root/Workspaces/rosgsthumble_ws/install/cv_bridge/lib/pkgconfig/cv_bridge.pc'
[10.079s] Level 1:colcon.colcon_core.environment:checking '/root/Workspaces/rosgsthumble_ws/install/cv_bridge/lib/python3.6/site-packages'
[10.080s] Level 1:colcon.colcon_core.shell:create_environment_hook('cv_bridge', 'pythonpath')
[10.120s] INFO:colcon.colcon_core.shell:Creating environment hook '/root/Workspaces/rosgsthumble_ws/install/cv_bridge/share/cv_bridge/hook/pythonpath.ps1'
[10.122s] INFO:colcon.colcon_core.shell:Creating environment descriptor '/root/Workspaces/rosgsthumble_ws/install/cv_bridge/share/cv_bridge/hook/pythonpath.dsv'
[10.125s] INFO:colcon.colcon_core.shell:Creating environment hook '/root/Workspaces/rosgsthumble_ws/install/cv_bridge/share/cv_bridge/hook/pythonpath.sh'
[10.127s] Level 1:colcon.colcon_core.environment:checking '/root/Workspaces/rosgsthumble_ws/install/cv_bridge/bin'
[10.168s] INFO:colcon.colcon_core.shell:Creating package script '/root/Workspaces/rosgsthumble_ws/install/cv_bridge/share/cv_bridge/package.ps1'
[10.171s] INFO:colcon.colcon_core.shell:Creating package descriptor '/root/Workspaces/rosgsthumble_ws/install/cv_bridge/share/cv_bridge/package.dsv'
[10.174s] INFO:colcon.colcon_core.shell:Creating package script '/root/Workspaces/rosgsthumble_ws/install/cv_bridge/share/cv_bridge/package.sh'
[10.178s] INFO:colcon.colcon_core.shell:Creating package script '/root/Workspaces/rosgsthumble_ws/install/cv_bridge/share/cv_bridge/package.bash'
[10.180s] INFO:colcon.colcon_core.shell:Creating package script '/root/Workspaces/rosgsthumble_ws/install/cv_bridge/share/cv_bridge/package.zsh'
[10.182s] Level 1:colcon.colcon_core.environment:create_file_with_runtime_dependencies(/root/Workspaces/rosgsthumble_ws/install/cv_bridge/share/colcon-core/packages/cv_bridge)
[10.205s] DEBUG:colcon.colcon_core.event_handler.log_command:Invoking command in '/root/Workspaces/rosgsthumble_ws/build/gst_msgs': /usr/local/bin/cmake --install /root/Workspaces/rosgsthumble_ws/build/gst_msgs
[10.253s] Level 1:colcon.colcon_core.environment:create_environment_scripts_only(diagnostic_updater)
[10.322s] Level 1:colcon.colcon_core.environment:checking '/root/Workspaces/rosgsthumble_ws/install/diagnostic_updater' for CMake module files
[10.326s] Level 1:colcon.colcon_core.environment:checking '/root/Workspaces/rosgsthumble_ws/install/diagnostic_updater' for CMake config files
[10.329s] Level 1:colcon.colcon_core.shell:create_environment_hook('diagnostic_updater', 'cmake_prefix_path')
[10.370s] INFO:colcon.colcon_core.shell:Creating environment hook '/root/Workspaces/rosgsthumble_ws/install/diagnostic_updater/share/diagnostic_updater/hook/cmake_prefix_path.ps1'
[10.373s] INFO:colcon.colcon_core.shell:Creating environment descriptor '/root/Workspaces/rosgsthumble_ws/install/diagnostic_updater/share/diagnostic_updater/hook/cmake_prefix_path.dsv'
[10.375s] INFO:colcon.colcon_core.shell:Creating environment hook '/root/Workspaces/rosgsthumble_ws/install/diagnostic_updater/share/diagnostic_updater/hook/cmake_prefix_path.sh'
[10.379s] Level 1:colcon.colcon_core.environment:checking '/root/Workspaces/rosgsthumble_ws/install/diagnostic_updater/lib'
[10.379s] Level 1:colcon.colcon_core.environment:checking '/root/Workspaces/rosgsthumble_ws/install/diagnostic_updater/bin'
[10.380s] Level 1:colcon.colcon_core.environment:checking '/root/Workspaces/rosgsthumble_ws/install/diagnostic_updater/lib/pkgconfig/diagnostic_updater.pc'
[10.381s] Level 1:colcon.colcon_core.environment:checking '/root/Workspaces/rosgsthumble_ws/install/diagnostic_updater/lib/python3.6/site-packages'
[10.381s] Level 1:colcon.colcon_core.shell:create_environment_hook('diagnostic_updater', 'pythonpath')
[10.426s] INFO:colcon.colcon_core.shell:Creating environment hook '/root/Workspaces/rosgsthumble_ws/install/diagnostic_updater/share/diagnostic_updater/hook/pythonpath.ps1'
[10.428s] INFO:colcon.colcon_core.shell:Creating environment descriptor '/root/Workspaces/rosgsthumble_ws/install/diagnostic_updater/share/diagnostic_updater/hook/pythonpath.dsv'
[10.430s] INFO:colcon.colcon_core.shell:Creating environment hook '/root/Workspaces/rosgsthumble_ws/install/diagnostic_updater/share/diagnostic_updater/hook/pythonpath.sh'
[10.432s] Level 1:colcon.colcon_core.environment:checking '/root/Workspaces/rosgsthumble_ws/install/diagnostic_updater/bin'
[10.478s] INFO:colcon.colcon_core.shell:Creating package script '/root/Workspaces/rosgsthumble_ws/install/diagnostic_updater/share/diagnostic_updater/package.ps1'
[10.482s] INFO:colcon.colcon_core.shell:Creating package descriptor '/root/Workspaces/rosgsthumble_ws/install/diagnostic_updater/share/diagnostic_updater/package.dsv'
[10.485s] INFO:colcon.colcon_core.shell:Creating package script '/root/Workspaces/rosgsthumble_ws/install/diagnostic_updater/share/diagnostic_updater/package.sh'
[10.488s] INFO:colcon.colcon_core.shell:Creating package script '/root/Workspaces/rosgsthumble_ws/install/diagnostic_updater/share/diagnostic_updater/package.bash'
[10.490s] INFO:colcon.colcon_core.shell:Creating package script '/root/Workspaces/rosgsthumble_ws/install/diagnostic_updater/share/diagnostic_updater/package.zsh'
[10.492s] Level 1:colcon.colcon_core.environment:create_file_with_runtime_dependencies(/root/Workspaces/rosgsthumble_ws/install/diagnostic_updater/share/colcon-core/packages/diagnostic_updater)
[10.501s] INFO:colcon.colcon_ros.task.ament_cmake.build:Building ROS package in '/root/Workspaces/rosgsthumble_ws/src/realsense-ros/realsense2_camera_msgs' with build type 'ament_cmake'
[10.502s] INFO:colcon.colcon_cmake.task.cmake.build:Building CMake package in '/root/Workspaces/rosgsthumble_ws/src/realsense-ros/realsense2_camera_msgs'
[10.550s] INFO:colcon.colcon_core.shell:Skip shell extension 'powershell' for command environment: Not usable outside of PowerShell
[10.551s] DEBUG:colcon.colcon_core.shell:Skip shell extension 'dsv' for command environment
[10.809s] Level 1:colcon.colcon_core.environment:create_environment_scripts_only(audio_msgs)
[10.865s] Level 1:colcon.colcon_core.environment:checking '/root/Workspaces/rosgsthumble_ws/install/audio_msgs' for CMake module files
[10.877s] Level 1:colcon.colcon_core.environment:checking '/root/Workspaces/rosgsthumble_ws/install/audio_msgs' for CMake config files
[10.882s] Level 1:colcon.colcon_core.shell:create_environment_hook('audio_msgs', 'cmake_prefix_path')
[10.918s] INFO:colcon.colcon_core.shell:Creating environment hook '/root/Workspaces/rosgsthumble_ws/install/audio_msgs/share/audio_msgs/hook/cmake_prefix_path.ps1'
[10.922s] INFO:colcon.colcon_core.shell:Creating environment descriptor '/root/Workspaces/rosgsthumble_ws/install/audio_msgs/share/audio_msgs/hook/cmake_prefix_path.dsv'
[10.923s] INFO:colcon.colcon_core.shell:Creating environment hook '/root/Workspaces/rosgsthumble_ws/install/audio_msgs/share/audio_msgs/hook/cmake_prefix_path.sh'
[10.927s] Level 1:colcon.colcon_core.environment:checking '/root/Workspaces/rosgsthumble_ws/install/audio_msgs/lib'
[10.928s] Level 1:colcon.colcon_core.shell:create_environment_hook('audio_msgs', 'ld_library_path_lib')
[10.967s] INFO:colcon.colcon_core.shell:Creating environment hook '/root/Workspaces/rosgsthumble_ws/install/audio_msgs/share/audio_msgs/hook/ld_library_path_lib.ps1'
[10.969s] INFO:colcon.colcon_core.shell:Creating environment descriptor '/root/Workspaces/rosgsthumble_ws/install/audio_msgs/share/audio_msgs/hook/ld_library_path_lib.dsv'
[10.970s] INFO:colcon.colcon_core.shell:Creating environment hook '/root/Workspaces/rosgsthumble_ws/install/audio_msgs/share/audio_msgs/hook/ld_library_path_lib.sh'
[10.972s] Level 1:colcon.colcon_core.environment:checking '/root/Workspaces/rosgsthumble_ws/install/audio_msgs/bin'
[10.973s] Level 1:colcon.colcon_core.environment:checking '/root/Workspaces/rosgsthumble_ws/install/audio_msgs/lib/pkgconfig/audio_msgs.pc'
[10.973s] Level 1:colcon.colcon_core.environment:checking '/root/Workspaces/rosgsthumble_ws/install/audio_msgs/lib/python3.6/site-packages'
[10.974s] Level 1:colcon.colcon_core.shell:create_environment_hook('audio_msgs', 'pythonpath')
[11.011s] INFO:colcon.colcon_core.shell:Creating environment hook '/root/Workspaces/rosgsthumble_ws/install/audio_msgs/share/audio_msgs/hook/pythonpath.ps1'
[11.013s] INFO:colcon.colcon_core.shell:Creating environment descriptor '/root/Workspaces/rosgsthumble_ws/install/audio_msgs/share/audio_msgs/hook/pythonpath.dsv'
[11.014s] INFO:colcon.colcon_core.shell:Creating environment hook '/root/Workspaces/rosgsthumble_ws/install/audio_msgs/share/audio_msgs/hook/pythonpath.sh'
[11.016s] Level 1:colcon.colcon_core.environment:checking '/root/Workspaces/rosgsthumble_ws/install/audio_msgs/bin'
[11.054s] INFO:colcon.colcon_core.shell:Creating package script '/root/Workspaces/rosgsthumble_ws/install/audio_msgs/share/audio_msgs/package.ps1'
[11.059s] INFO:colcon.colcon_core.shell:Creating package descriptor '/root/Workspaces/rosgsthumble_ws/install/audio_msgs/share/audio_msgs/package.dsv'
[11.062s] INFO:colcon.colcon_core.shell:Creating package script '/root/Workspaces/rosgsthumble_ws/install/audio_msgs/share/audio_msgs/package.sh'
[11.064s] INFO:colcon.colcon_core.shell:Creating package script '/root/Workspaces/rosgsthumble_ws/install/audio_msgs/share/audio_msgs/package.bash'
[11.066s] INFO:colcon.colcon_core.shell:Creating package script '/root/Workspaces/rosgsthumble_ws/install/audio_msgs/share/audio_msgs/package.zsh'
[11.068s] Level 1:colcon.colcon_core.environment:create_file_with_runtime_dependencies(/root/Workspaces/rosgsthumble_ws/install/audio_msgs/share/colcon-core/packages/audio_msgs)
[11.112s] Level 1:colcon.colcon_core.environment:create_environment_scripts_only(cv_bridge)
[11.164s] Level 1:colcon.colcon_core.environment:checking '/root/Workspaces/rosgsthumble_ws/install/cv_bridge' for CMake module files
[11.168s] Level 1:colcon.colcon_core.environment:checking '/root/Workspaces/rosgsthumble_ws/install/cv_bridge' for CMake config files
[11.171s] Level 1:colcon.colcon_core.shell:create_environment_hook('cv_bridge', 'cmake_prefix_path')
[11.208s] INFO:colcon.colcon_core.shell:Creating environment hook '/root/Workspaces/rosgsthumble_ws/install/cv_bridge/share/cv_bridge/hook/cmake_prefix_path.ps1'
[11.211s] INFO:colcon.colcon_core.shell:Creating environment descriptor '/root/Workspaces/rosgsthumble_ws/install/cv_bridge/share/cv_bridge/hook/cmake_prefix_path.dsv'
[11.213s] INFO:colcon.colcon_core.shell:Creating environment hook '/root/Workspaces/rosgsthumble_ws/install/cv_bridge/share/cv_bridge/hook/cmake_prefix_path.sh'
[11.216s] Level 1:colcon.colcon_core.environment:checking '/root/Workspaces/rosgsthumble_ws/install/cv_bridge/lib'
[11.217s] Level 1:colcon.colcon_core.shell:create_environment_hook('cv_bridge', 'ld_library_path_lib')
[11.254s] INFO:colcon.colcon_core.shell:Creating environment hook '/root/Workspaces/rosgsthumble_ws/install/cv_bridge/share/cv_bridge/hook/ld_library_path_lib.ps1'
[11.256s] INFO:colcon.colcon_core.shell:Creating environment descriptor '/root/Workspaces/rosgsthumble_ws/install/cv_bridge/share/cv_bridge/hook/ld_library_path_lib.dsv'
[11.258s] INFO:colcon.colcon_core.shell:Creating environment hook '/root/Workspaces/rosgsthumble_ws/install/cv_bridge/share/cv_bridge/hook/ld_library_path_lib.sh'
[11.259s] Level 1:colcon.colcon_core.environment:checking '/root/Workspaces/rosgsthumble_ws/install/cv_bridge/bin'
[11.260s] Level 1:colcon.colcon_core.environment:checking '/root/Workspaces/rosgsthumble_ws/install/cv_bridge/lib/pkgconfig/cv_bridge.pc'
[11.261s] Level 1:colcon.colcon_core.environment:checking '/root/Workspaces/rosgsthumble_ws/install/cv_bridge/lib/python3.6/site-packages'
[11.261s] Level 1:colcon.colcon_core.shell:create_environment_hook('cv_bridge', 'pythonpath')
[11.302s] INFO:colcon.colcon_core.shell:Creating environment hook '/root/Workspaces/rosgsthumble_ws/install/cv_bridge/share/cv_bridge/hook/pythonpath.ps1'
[11.304s] INFO:colcon.colcon_core.shell:Creating environment descriptor '/root/Workspaces/rosgsthumble_ws/install/cv_bridge/share/cv_bridge/hook/pythonpath.dsv'
[11.306s] INFO:colcon.colcon_core.shell:Creating environment hook '/root/Workspaces/rosgsthumble_ws/install/cv_bridge/share/cv_bridge/hook/pythonpath.sh'
[11.308s] Level 1:colcon.colcon_core.environment:checking '/root/Workspaces/rosgsthumble_ws/install/cv_bridge/bin'
[11.346s] INFO:colcon.colcon_core.shell:Creating package script '/root/Workspaces/rosgsthumble_ws/install/cv_bridge/share/cv_bridge/package.ps1'
[11.350s] INFO:colcon.colcon_core.shell:Creating package descriptor '/root/Workspaces/rosgsthumble_ws/install/cv_bridge/share/cv_bridge/package.dsv'
[11.353s] INFO:colcon.colcon_core.shell:Creating package script '/root/Workspaces/rosgsthumble_ws/install/cv_bridge/share/cv_bridge/package.sh'
[11.356s] INFO:colcon.colcon_core.shell:Creating package script '/root/Workspaces/rosgsthumble_ws/install/cv_bridge/share/cv_bridge/package.bash'
[11.357s] INFO:colcon.colcon_core.shell:Creating package script '/root/Workspaces/rosgsthumble_ws/install/cv_bridge/share/cv_bridge/package.zsh'
[11.359s] Level 1:colcon.colcon_core.environment:create_file_with_runtime_dependencies(/root/Workspaces/rosgsthumble_ws/install/cv_bridge/share/colcon-core/packages/cv_bridge)
[11.360s] INFO:colcon.colcon_ros.task.ament_cmake.build:Building ROS package in '/root/Workspaces/rosgsthumble_ws/src/ros-gst-bridge/gst_bridge' with build type 'ament_cmake'
[11.361s] INFO:colcon.colcon_cmake.task.cmake.build:Building CMake package in '/root/Workspaces/rosgsthumble_ws/src/ros-gst-bridge/gst_bridge'
[11.400s] INFO:colcon.colcon_core.shell:Skip shell extension 'powershell' for command environment: Not usable outside of PowerShell
[11.401s] DEBUG:colcon.colcon_core.shell:Skip shell extension 'dsv' for command environment
[11.504s] INFO:colcon.colcon_ros.task.ament_cmake.build:Building ROS package in '/root/Workspaces/rosgsthumble_ws/src/vision_opencv/image_geometry' with build type 'ament_cmake'
[11.505s] INFO:colcon.colcon_cmake.task.cmake.build:Building CMake package in '/root/Workspaces/rosgsthumble_ws/src/vision_opencv/image_geometry'
[11.546s] INFO:colcon.colcon_core.shell:Skip shell extension 'powershell' for command environment: Not usable outside of PowerShell
[11.547s] DEBUG:colcon.colcon_core.shell:Skip shell extension 'dsv' for command environment
[11.665s] DEBUG:colcon.colcon_core.event_handler.log_command:Invoking command in '/root/Workspaces/rosgsthumble_ws/build/realsense2_camera_msgs': /usr/local/bin/cmake --build /root/Workspaces/rosgsthumble_ws/build/realsense2_camera_msgs -- -j4 -l4
[11.667s] Level 1:colcon.colcon_core.environment:create_environment_scripts_only(gst_msgs)
[11.684s] DEBUG:colcon.colcon_core.event_handler.log_command:Invoked command in '/root/Workspaces/rosgsthumble_ws/build/gst_msgs' returned '0': /usr/local/bin/cmake --install /root/Workspaces/rosgsthumble_ws/build/gst_msgs
[11.729s] Level 1:colcon.colcon_core.environment:checking '/root/Workspaces/rosgsthumble_ws/install/gst_msgs' for CMake module files
[11.735s] Level 1:colcon.colcon_core.environment:checking '/root/Workspaces/rosgsthumble_ws/install/gst_msgs' for CMake config files
[11.742s] Level 1:colcon.colcon_core.shell:create_environment_hook('gst_msgs', 'cmake_prefix_path')
[11.782s] INFO:colcon.colcon_core.shell:Creating environment hook '/root/Workspaces/rosgsthumble_ws/install/gst_msgs/share/gst_msgs/hook/cmake_prefix_path.ps1'
[11.784s] INFO:colcon.colcon_core.shell:Creating environment descriptor '/root/Workspaces/rosgsthumble_ws/install/gst_msgs/share/gst_msgs/hook/cmake_prefix_path.dsv'
[11.786s] INFO:colcon.colcon_core.shell:Creating environment hook '/root/Workspaces/rosgsthumble_ws/install/gst_msgs/share/gst_msgs/hook/cmake_prefix_path.sh'
[11.789s] Level 1:colcon.colcon_core.environment:checking '/root/Workspaces/rosgsthumble_ws/install/gst_msgs/lib'
[11.790s] Level 1:colcon.colcon_core.shell:create_environment_hook('gst_msgs', 'ld_library_path_lib')
[11.828s] INFO:colcon.colcon_core.shell:Creating environment hook '/root/Workspaces/rosgsthumble_ws/install/gst_msgs/share/gst_msgs/hook/ld_library_path_lib.ps1'
[11.832s] INFO:colcon.colcon_core.shell:Creating environment descriptor '/root/Workspaces/rosgsthumble_ws/install/gst_msgs/share/gst_msgs/hook/ld_library_path_lib.dsv'
[11.833s] INFO:colcon.colcon_core.shell:Creating environment hook '/root/Workspaces/rosgsthumble_ws/install/gst_msgs/share/gst_msgs/hook/ld_library_path_lib.sh'
[11.835s] Level 1:colcon.colcon_core.environment:checking '/root/Workspaces/rosgsthumble_ws/install/gst_msgs/bin'
[11.836s] Level 1:colcon.colcon_core.environment:checking '/root/Workspaces/rosgsthumble_ws/install/gst_msgs/lib/pkgconfig/gst_msgs.pc'
[11.837s] Level 1:colcon.colcon_core.environment:checking '/root/Workspaces/rosgsthumble_ws/install/gst_msgs/lib/python3.6/site-packages'
[11.837s] Level 1:colcon.colcon_core.shell:create_environment_hook('gst_msgs', 'pythonpath')
[11.877s] INFO:colcon.colcon_core.shell:Creating environment hook '/root/Workspaces/rosgsthumble_ws/install/gst_msgs/share/gst_msgs/hook/pythonpath.ps1'
[11.879s] INFO:colcon.colcon_core.shell:Creating environment descriptor '/root/Workspaces/rosgsthumble_ws/install/gst_msgs/share/gst_msgs/hook/pythonpath.dsv'
[11.880s] INFO:colcon.colcon_core.shell:Creating environment hook '/root/Workspaces/rosgsthumble_ws/install/gst_msgs/share/gst_msgs/hook/pythonpath.sh'
[11.883s] Level 1:colcon.colcon_core.environment:checking '/root/Workspaces/rosgsthumble_ws/install/gst_msgs/bin'
[11.927s] INFO:colcon.colcon_core.shell:Creating package script '/root/Workspaces/rosgsthumble_ws/install/gst_msgs/share/gst_msgs/package.ps1'
[11.931s] INFO:colcon.colcon_core.shell:Creating package descriptor '/root/Workspaces/rosgsthumble_ws/install/gst_msgs/share/gst_msgs/package.dsv'
[11.937s] INFO:colcon.colcon_core.shell:Creating package script '/root/Workspaces/rosgsthumble_ws/install/gst_msgs/share/gst_msgs/package.sh'
[11.939s] INFO:colcon.colcon_core.shell:Creating package script '/root/Workspaces/rosgsthumble_ws/install/gst_msgs/share/gst_msgs/package.bash'
[11.941s] INFO:colcon.colcon_core.shell:Creating package script '/root/Workspaces/rosgsthumble_ws/install/gst_msgs/share/gst_msgs/package.zsh'
[11.945s] Level 1:colcon.colcon_core.environment:create_file_with_runtime_dependencies(/root/Workspaces/rosgsthumble_ws/install/gst_msgs/share/colcon-core/packages/gst_msgs)
[12.002s] DEBUG:colcon.colcon_core.event_handler.log_command:Invoking command in '/root/Workspaces/rosgsthumble_ws/build/gst_bridge': AMENT_PREFIX_PATH=/root/Workspaces/rosgsthumble_ws/install/audio_msgs:${AMENT_PREFIX_PATH} CMAKE_PREFIX_PATH=/root/Workspaces/rosgsthumble_ws/install/audio_msgs:${CMAKE_PREFIX_PATH} LD_LIBRARY_PATH=/root/Workspaces/rosgsthumble_ws/install/audio_msgs/lib:/root/Workspaces/rosgsthumble_ws/install/realsense2_camera/lib:/root/Workspaces/rosgsthumble_ws/install/realsense2_camera_msgs/lib:/root/Workspaces/rosgsthumble_ws/install/image_geometry/lib:/root/Workspaces/rosgsthumble_ws/install/gst_pipeline_plugins/lib:/root/Workspaces/rosgsthumble_ws/install/gst_pipeline/lib:/root/Workspaces/rosgsthumble_ws/install/gst_msgs/lib:/root/Workspaces/rosgsthumble_ws/install/gst_bridge/lib:/root/Workspaces/rosgsthumble_ws/install/diagnostic_updater/lib:/root/Workspaces/rosgsthumble_ws/install/cv_bridge/lib:/opt/ros/humble/install/opt/rviz_ogre_vendor/lib:/opt/ros/humble/install/lib:/usr/local/cuda-10.2/targets/aarch64-linux/lib PYTHONPATH=/root/Workspaces/rosgsthumble_ws/install/audio_msgs/lib/python3.6/site-packages:/root/Workspaces/rosgsthumble_ws/install/xacro/lib/python3.6/site-packages:/root/Workspaces/rosgsthumble_ws/install/realsense2_camera_msgs/lib/python3.6/site-packages:/root/Workspaces/rosgsthumble_ws/install/image_geometry/lib/python3.6/site-packages:/root/Workspaces/rosgsthumble_ws/install/gst_msgs/lib/python3.6/site-packages:/root/Workspaces/rosgsthumble_ws/install/diagnostic_common_diagnostics/lib/python3.6/site-packages:/root/Workspaces/rosgsthumble_ws/install/diagnostic_updater/lib/python3.6/site-packages:/root/Workspaces/rosgsthumble_ws/install/cv_bridge/lib/python3.6/site-packages:/opt/ros/humble/install/lib/python3.6/site-packages /usr/local/bin/cmake --build /root/Workspaces/rosgsthumble_ws/build/gst_bridge -- -j4 -l4
[12.037s] DEBUG:colcon.colcon_core.event_handler.log_command:Invoking command in '/root/Workspaces/rosgsthumble_ws/build/image_geometry': /usr/local/bin/cmake --build /root/Workspaces/rosgsthumble_ws/build/image_geometry -- -j4 -l4
[12.951s] DEBUG:colcon.colcon_core.event_handler.log_command:Invoked command in '/root/Workspaces/rosgsthumble_ws/build/gst_bridge' returned '0': AMENT_PREFIX_PATH=/root/Workspaces/rosgsthumble_ws/install/audio_msgs:${AMENT_PREFIX_PATH} CMAKE_PREFIX_PATH=/root/Workspaces/rosgsthumble_ws/install/audio_msgs:${CMAKE_PREFIX_PATH} LD_LIBRARY_PATH=/root/Workspaces/rosgsthumble_ws/install/audio_msgs/lib:/root/Workspaces/rosgsthumble_ws/install/realsense2_camera/lib:/root/Workspaces/rosgsthumble_ws/install/realsense2_camera_msgs/lib:/root/Workspaces/rosgsthumble_ws/install/image_geometry/lib:/root/Workspaces/rosgsthumble_ws/install/gst_pipeline_plugins/lib:/root/Workspaces/rosgsthumble_ws/install/gst_pipeline/lib:/root/Workspaces/rosgsthumble_ws/install/gst_msgs/lib:/root/Workspaces/rosgsthumble_ws/install/gst_bridge/lib:/root/Workspaces/rosgsthumble_ws/install/diagnostic_updater/lib:/root/Workspaces/rosgsthumble_ws/install/cv_bridge/lib:/opt/ros/humble/install/opt/rviz_ogre_vendor/lib:/opt/ros/humble/install/lib:/usr/local/cuda-10.2/targets/aarch64-linux/lib PYTHONPATH=/root/Workspaces/rosgsthumble_ws/install/audio_msgs/lib/python3.6/site-packages:/root/Workspaces/rosgsthumble_ws/install/xacro/lib/python3.6/site-packages:/root/Workspaces/rosgsthumble_ws/install/realsense2_camera_msgs/lib/python3.6/site-packages:/root/Workspaces/rosgsthumble_ws/install/image_geometry/lib/python3.6/site-packages:/root/Workspaces/rosgsthumble_ws/install/gst_msgs/lib/python3.6/site-packages:/root/Workspaces/rosgsthumble_ws/install/diagnostic_common_diagnostics/lib/python3.6/site-packages:/root/Workspaces/rosgsthumble_ws/install/diagnostic_updater/lib/python3.6/site-packages:/root/Workspaces/rosgsthumble_ws/install/cv_bridge/lib/python3.6/site-packages:/opt/ros/humble/install/lib/python3.6/site-packages /usr/local/bin/cmake --build /root/Workspaces/rosgsthumble_ws/build/gst_bridge -- -j4 -l4
[13.388s] DEBUG:colcon.colcon_core.event_handler.log_command:Invoking command in '/root/Workspaces/rosgsthumble_ws/build/gst_bridge': AMENT_PREFIX_PATH=/root/Workspaces/rosgsthumble_ws/install/audio_msgs:${AMENT_PREFIX_PATH} CMAKE_PREFIX_PATH=/root/Workspaces/rosgsthumble_ws/install/audio_msgs:${CMAKE_PREFIX_PATH} LD_LIBRARY_PATH=/root/Workspaces/rosgsthumble_ws/install/audio_msgs/lib:/root/Workspaces/rosgsthumble_ws/install/realsense2_camera/lib:/root/Workspaces/rosgsthumble_ws/install/realsense2_camera_msgs/lib:/root/Workspaces/rosgsthumble_ws/install/image_geometry/lib:/root/Workspaces/rosgsthumble_ws/install/gst_pipeline_plugins/lib:/root/Workspaces/rosgsthumble_ws/install/gst_pipeline/lib:/root/Workspaces/rosgsthumble_ws/install/gst_msgs/lib:/root/Workspaces/rosgsthumble_ws/install/gst_bridge/lib:/root/Workspaces/rosgsthumble_ws/install/diagnostic_updater/lib:/root/Workspaces/rosgsthumble_ws/install/cv_bridge/lib:/opt/ros/humble/install/opt/rviz_ogre_vendor/lib:/opt/ros/humble/install/lib:/usr/local/cuda-10.2/targets/aarch64-linux/lib PYTHONPATH=/root/Workspaces/rosgsthumble_ws/install/audio_msgs/lib/python3.6/site-packages:/root/Workspaces/rosgsthumble_ws/install/xacro/lib/python3.6/site-packages:/root/Workspaces/rosgsthumble_ws/install/realsense2_camera_msgs/lib/python3.6/site-packages:/root/Workspaces/rosgsthumble_ws/install/image_geometry/lib/python3.6/site-packages:/root/Workspaces/rosgsthumble_ws/install/gst_msgs/lib/python3.6/site-packages:/root/Workspaces/rosgsthumble_ws/install/diagnostic_common_diagnostics/lib/python3.6/site-packages:/root/Workspaces/rosgsthumble_ws/install/diagnostic_updater/lib/python3.6/site-packages:/root/Workspaces/rosgsthumble_ws/install/cv_bridge/lib/python3.6/site-packages:/opt/ros/humble/install/lib/python3.6/site-packages /usr/local/bin/cmake --install /root/Workspaces/rosgsthumble_ws/build/gst_bridge
[13.493s] Level 1:colcon.colcon_core.environment:create_environment_scripts_only(gst_msgs)
[13.557s] Level 1:colcon.colcon_core.environment:checking '/root/Workspaces/rosgsthumble_ws/install/gst_msgs' for CMake module files
[13.563s] Level 1:colcon.colcon_core.environment:checking '/root/Workspaces/rosgsthumble_ws/install/gst_msgs' for CMake config files
[13.571s] Level 1:colcon.colcon_core.shell:create_environment_hook('gst_msgs', 'cmake_prefix_path')
[13.633s] INFO:colcon.colcon_core.shell:Creating environment hook '/root/Workspaces/rosgsthumble_ws/install/gst_msgs/share/gst_msgs/hook/cmake_prefix_path.ps1'
[13.638s] INFO:colcon.colcon_core.shell:Creating environment descriptor '/root/Workspaces/rosgsthumble_ws/install/gst_msgs/share/gst_msgs/hook/cmake_prefix_path.dsv'
[13.640s] INFO:colcon.colcon_core.shell:Creating environment hook '/root/Workspaces/rosgsthumble_ws/install/gst_msgs/share/gst_msgs/hook/cmake_prefix_path.sh'
[13.648s] Level 1:colcon.colcon_core.environment:checking '/root/Workspaces/rosgsthumble_ws/install/gst_msgs/lib'
[13.648s] Level 1:colcon.colcon_core.shell:create_environment_hook('gst_msgs', 'ld_library_path_lib')
[13.700s] INFO:colcon.colcon_core.shell:Creating environment hook '/root/Workspaces/rosgsthumble_ws/install/gst_msgs/share/gst_msgs/hook/ld_library_path_lib.ps1'
[13.703s] INFO:colcon.colcon_core.shell:Creating environment descriptor '/root/Workspaces/rosgsthumble_ws/install/gst_msgs/share/gst_msgs/hook/ld_library_path_lib.dsv'
[13.705s] INFO:colcon.colcon_core.shell:Creating environment hook '/root/Workspaces/rosgsthumble_ws/install/gst_msgs/share/gst_msgs/hook/ld_library_path_lib.sh'
[13.707s] Level 1:colcon.colcon_core.environment:checking '/root/Workspaces/rosgsthumble_ws/install/gst_msgs/bin'
[13.707s] Level 1:colcon.colcon_core.environment:checking '/root/Workspaces/rosgsthumble_ws/install/gst_msgs/lib/pkgconfig/gst_msgs.pc'
[13.708s] Level 1:colcon.colcon_core.environment:checking '/root/Workspaces/rosgsthumble_ws/install/gst_msgs/lib/python3.6/site-packages'
[13.709s] Level 1:colcon.colcon_core.shell:create_environment_hook('gst_msgs', 'pythonpath')
[13.748s] INFO:colcon.colcon_core.shell:Creating environment hook '/root/Workspaces/rosgsthumble_ws/install/gst_msgs/share/gst_msgs/hook/pythonpath.ps1'
[13.751s] INFO:colcon.colcon_core.shell:Creating environment descriptor '/root/Workspaces/rosgsthumble_ws/install/gst_msgs/share/gst_msgs/hook/pythonpath.dsv'
[13.753s] INFO:colcon.colcon_core.shell:Creating environment hook '/root/Workspaces/rosgsthumble_ws/install/gst_msgs/share/gst_msgs/hook/pythonpath.sh'
[13.756s] Level 1:colcon.colcon_core.environment:checking '/root/Workspaces/rosgsthumble_ws/install/gst_msgs/bin'
[13.796s] INFO:colcon.colcon_core.shell:Creating package script '/root/Workspaces/rosgsthumble_ws/install/gst_msgs/share/gst_msgs/package.ps1'
[13.799s] INFO:colcon.colcon_core.shell:Creating package descriptor '/root/Workspaces/rosgsthumble_ws/install/gst_msgs/share/gst_msgs/package.dsv'
[13.802s] INFO:colcon.colcon_core.shell:Creating package script '/root/Workspaces/rosgsthumble_ws/install/gst_msgs/share/gst_msgs/package.sh'
[13.805s] INFO:colcon.colcon_core.shell:Creating package script '/root/Workspaces/rosgsthumble_ws/install/gst_msgs/share/gst_msgs/package.bash'
[13.810s] INFO:colcon.colcon_core.shell:Creating package script '/root/Workspaces/rosgsthumble_ws/install/gst_msgs/share/gst_msgs/package.zsh'
[13.812s] Level 1:colcon.colcon_core.environment:create_file_with_runtime_dependencies(/root/Workspaces/rosgsthumble_ws/install/gst_msgs/share/colcon-core/packages/gst_msgs)
[13.815s] INFO:colcon.colcon_ros.task.ament_cmake.build:Building ROS package in '/root/Workspaces/rosgsthumble_ws/src/xacro' with build type 'ament_cmake'
[13.816s] INFO:colcon.colcon_cmake.task.cmake.build:Building CMake package in '/root/Workspaces/rosgsthumble_ws/src/xacro'
[13.860s] INFO:colcon.colcon_core.shell:Skip shell extension 'powershell' for command environment: Not usable outside of PowerShell
[13.861s] DEBUG:colcon.colcon_core.shell:Skip shell extension 'dsv' for command environment
[13.974s] Level 1:colcon.colcon_core.environment:create_environment_scripts_only(gst_bridge)
[13.986s] DEBUG:colcon.colcon_core.event_handler.log_command:Invoked command in '/root/Workspaces/rosgsthumble_ws/build/gst_bridge' returned '0': AMENT_PREFIX_PATH=/root/Workspaces/rosgsthumble_ws/install/audio_msgs:${AMENT_PREFIX_PATH} CMAKE_PREFIX_PATH=/root/Workspaces/rosgsthumble_ws/install/audio_msgs:${CMAKE_PREFIX_PATH} LD_LIBRARY_PATH=/root/Workspaces/rosgsthumble_ws/install/audio_msgs/lib:/root/Workspaces/rosgsthumble_ws/install/realsense2_camera/lib:/root/Workspaces/rosgsthumble_ws/install/realsense2_camera_msgs/lib:/root/Workspaces/rosgsthumble_ws/install/image_geometry/lib:/root/Workspaces/rosgsthumble_ws/install/gst_pipeline_plugins/lib:/root/Workspaces/rosgsthumble_ws/install/gst_pipeline/lib:/root/Workspaces/rosgsthumble_ws/install/gst_msgs/lib:/root/Workspaces/rosgsthumble_ws/install/gst_bridge/lib:/root/Workspaces/rosgsthumble_ws/install/diagnostic_updater/lib:/root/Workspaces/rosgsthumble_ws/install/cv_bridge/lib:/opt/ros/humble/install/opt/rviz_ogre_vendor/lib:/opt/ros/humble/install/lib:/usr/local/cuda-10.2/targets/aarch64-linux/lib PYTHONPATH=/root/Workspaces/rosgsthumble_ws/install/audio_msgs/lib/python3.6/site-packages:/root/Workspaces/rosgsthumble_ws/install/xacro/lib/python3.6/site-packages:/root/Workspaces/rosgsthumble_ws/install/realsense2_camera_msgs/lib/python3.6/site-packages:/root/Workspaces/rosgsthumble_ws/install/image_geometry/lib/python3.6/site-packages:/root/Workspaces/rosgsthumble_ws/install/gst_msgs/lib/python3.6/site-packages:/root/Workspaces/rosgsthumble_ws/install/diagnostic_common_diagnostics/lib/python3.6/site-packages:/root/Workspaces/rosgsthumble_ws/install/diagnostic_updater/lib/python3.6/site-packages:/root/Workspaces/rosgsthumble_ws/install/cv_bridge/lib/python3.6/site-packages:/opt/ros/humble/install/lib/python3.6/site-packages /usr/local/bin/cmake --install /root/Workspaces/rosgsthumble_ws/build/gst_bridge
[14.053s] Level 1:colcon.colcon_core.environment:checking '/root/Workspaces/rosgsthumble_ws/install/gst_bridge' for CMake module files
[14.059s] Level 1:colcon.colcon_core.environment:checking '/root/Workspaces/rosgsthumble_ws/install/gst_bridge' for CMake config files
[14.061s] Level 1:colcon.colcon_core.shell:create_environment_hook('gst_bridge', 'cmake_prefix_path')
[14.106s] INFO:colcon.colcon_core.shell:Creating environment hook '/root/Workspaces/rosgsthumble_ws/install/gst_bridge/share/gst_bridge/hook/cmake_prefix_path.ps1'
[14.109s] INFO:colcon.colcon_core.shell:Creating environment descriptor '/root/Workspaces/rosgsthumble_ws/install/gst_bridge/share/gst_bridge/hook/cmake_prefix_path.dsv'
[14.111s] INFO:colcon.colcon_core.shell:Creating environment hook '/root/Workspaces/rosgsthumble_ws/install/gst_bridge/share/gst_bridge/hook/cmake_prefix_path.sh'
[14.115s] Level 1:colcon.colcon_core.environment:checking '/root/Workspaces/rosgsthumble_ws/install/gst_bridge/lib'
[14.115s] Level 1:colcon.colcon_core.shell:create_environment_hook('gst_bridge', 'ld_library_path_lib')
[14.164s] INFO:colcon.colcon_core.shell:Creating environment hook '/root/Workspaces/rosgsthumble_ws/install/gst_bridge/share/gst_bridge/hook/ld_library_path_lib.ps1'
[14.167s] INFO:colcon.colcon_core.shell:Creating environment descriptor '/root/Workspaces/rosgsthumble_ws/install/gst_bridge/share/gst_bridge/hook/ld_library_path_lib.dsv'
[14.169s] INFO:colcon.colcon_core.shell:Creating environment hook '/root/Workspaces/rosgsthumble_ws/install/gst_bridge/share/gst_bridge/hook/ld_library_path_lib.sh'
[14.171s] Level 1:colcon.colcon_core.environment:checking '/root/Workspaces/rosgsthumble_ws/install/gst_bridge/bin'
[14.171s] Level 1:colcon.colcon_core.environment:checking '/root/Workspaces/rosgsthumble_ws/install/gst_bridge/lib/pkgconfig/gst_bridge.pc'
[14.172s] Level 1:colcon.colcon_core.environment:checking '/root/Workspaces/rosgsthumble_ws/install/gst_bridge/lib/python3.6/site-packages'
[14.173s] Level 1:colcon.colcon_core.environment:checking '/root/Workspaces/rosgsthumble_ws/install/gst_bridge/bin'
[14.213s] INFO:colcon.colcon_core.shell:Creating package script '/root/Workspaces/rosgsthumble_ws/install/gst_bridge/share/gst_bridge/package.ps1'
[14.216s] INFO:colcon.colcon_core.shell:Creating package descriptor '/root/Workspaces/rosgsthumble_ws/install/gst_bridge/share/gst_bridge/package.dsv'
[14.218s] INFO:colcon.colcon_core.shell:Creating package script '/root/Workspaces/rosgsthumble_ws/install/gst_bridge/share/gst_bridge/package.sh'
[14.220s] INFO:colcon.colcon_core.shell:Creating package script '/root/Workspaces/rosgsthumble_ws/install/gst_bridge/share/gst_bridge/package.bash'
[14.222s] INFO:colcon.colcon_core.shell:Creating package script '/root/Workspaces/rosgsthumble_ws/install/gst_bridge/share/gst_bridge/package.zsh'
[14.223s] Level 1:colcon.colcon_core.environment:create_file_with_runtime_dependencies(/root/Workspaces/rosgsthumble_ws/install/gst_bridge/share/colcon-core/packages/gst_bridge)
[14.258s] DEBUG:colcon.colcon_core.event_handler.log_command:Invoking command in '/root/Workspaces/rosgsthumble_ws/build/xacro': /usr/local/bin/cmake --build /root/Workspaces/rosgsthumble_ws/build/xacro -- -j4 -l4
[14.266s] DEBUG:colcon.colcon_core.event_handler.log_command:Invoked command in '/root/Workspaces/rosgsthumble_ws/build/realsense2_camera_msgs' returned '0': /usr/local/bin/cmake --build /root/Workspaces/rosgsthumble_ws/build/realsense2_camera_msgs -- -j4 -l4
[14.553s] DEBUG:colcon.colcon_core.event_handler.log_command:Invoked command in '/root/Workspaces/rosgsthumble_ws/build/image_geometry' returned '0': /usr/local/bin/cmake --build /root/Workspaces/rosgsthumble_ws/build/image_geometry -- -j4 -l4
[14.818s] Level 1:colcon.colcon_core.environment:create_environment_scripts_only(gst_bridge)
[14.884s] Level 1:colcon.colcon_core.environment:checking '/root/Workspaces/rosgsthumble_ws/install/gst_bridge' for CMake module files
[14.890s] Level 1:colcon.colcon_core.environment:checking '/root/Workspaces/rosgsthumble_ws/install/gst_bridge' for CMake config files
[14.892s] Level 1:colcon.colcon_core.shell:create_environment_hook('gst_bridge', 'cmake_prefix_path')
[14.937s] INFO:colcon.colcon_core.shell:Creating environment hook '/root/Workspaces/rosgsthumble_ws/install/gst_bridge/share/gst_bridge/hook/cmake_prefix_path.ps1'
[14.940s] INFO:colcon.colcon_core.shell:Creating environment descriptor '/root/Workspaces/rosgsthumble_ws/install/gst_bridge/share/gst_bridge/hook/cmake_prefix_path.dsv'
[14.943s] INFO:colcon.colcon_core.shell:Creating environment hook '/root/Workspaces/rosgsthumble_ws/install/gst_bridge/share/gst_bridge/hook/cmake_prefix_path.sh'
[14.949s] Level 1:colcon.colcon_core.environment:checking '/root/Workspaces/rosgsthumble_ws/install/gst_bridge/lib'
[14.950s] Level 1:colcon.colcon_core.shell:create_environment_hook('gst_bridge', 'ld_library_path_lib')
[15.022s] INFO:colcon.colcon_core.shell:Creating environment hook '/root/Workspaces/rosgsthumble_ws/install/gst_bridge/share/gst_bridge/hook/ld_library_path_lib.ps1'
[15.024s] INFO:colcon.colcon_core.shell:Creating environment descriptor '/root/Workspaces/rosgsthumble_ws/install/gst_bridge/share/gst_bridge/hook/ld_library_path_lib.dsv'
[15.026s] INFO:colcon.colcon_core.shell:Creating environment hook '/root/Workspaces/rosgsthumble_ws/install/gst_bridge/share/gst_bridge/hook/ld_library_path_lib.sh'
[15.028s] Level 1:colcon.colcon_core.environment:checking '/root/Workspaces/rosgsthumble_ws/install/gst_bridge/bin'
[15.029s] Level 1:colcon.colcon_core.environment:checking '/root/Workspaces/rosgsthumble_ws/install/gst_bridge/lib/pkgconfig/gst_bridge.pc'
[15.030s] Level 1:colcon.colcon_core.environment:checking '/root/Workspaces/rosgsthumble_ws/install/gst_bridge/lib/python3.6/site-packages'
[15.031s] Level 1:colcon.colcon_core.environment:checking '/root/Workspaces/rosgsthumble_ws/install/gst_bridge/bin'
[15.077s] INFO:colcon.colcon_core.shell:Creating package script '/root/Workspaces/rosgsthumble_ws/install/gst_bridge/share/gst_bridge/package.ps1'
[15.081s] INFO:colcon.colcon_core.shell:Creating package descriptor '/root/Workspaces/rosgsthumble_ws/install/gst_bridge/share/gst_bridge/package.dsv'
[15.085s] INFO:colcon.colcon_core.shell:Creating package script '/root/Workspaces/rosgsthumble_ws/install/gst_bridge/share/gst_bridge/package.sh'
[15.088s] INFO:colcon.colcon_core.shell:Creating package script '/root/Workspaces/rosgsthumble_ws/install/gst_bridge/share/gst_bridge/package.bash'
[15.090s] INFO:colcon.colcon_core.shell:Creating package script '/root/Workspaces/rosgsthumble_ws/install/gst_bridge/share/gst_bridge/package.zsh'
[15.093s] Level 1:colcon.colcon_core.environment:create_file_with_runtime_dependencies(/root/Workspaces/rosgsthumble_ws/install/gst_bridge/share/colcon-core/packages/gst_bridge)
[15.107s] INFO:colcon.colcon_ros.task.ament_cmake.build:Building ROS package in '/root/Workspaces/rosgsthumble_ws/src/diagnostics/diagnostic_common_diagnostics' with build type 'ament_cmake'
[15.110s] INFO:colcon.colcon_cmake.task.cmake.build:Building CMake package in '/root/Workspaces/rosgsthumble_ws/src/diagnostics/diagnostic_common_diagnostics'
[15.154s] INFO:colcon.colcon_core.shell:Skip shell extension 'powershell' for command environment: Not usable outside of PowerShell
[15.155s] DEBUG:colcon.colcon_core.shell:Skip shell extension 'dsv' for command environment
[15.287s] DEBUG:colcon.colcon_core.event_handler.log_command:Invoking command in '/root/Workspaces/rosgsthumble_ws/build/image_geometry': /usr/local/bin/cmake --install /root/Workspaces/rosgsthumble_ws/build/image_geometry
[15.307s] DEBUG:colcon.colcon_core.event_handler.log_command:Invoking command in '/root/Workspaces/rosgsthumble_ws/build/realsense2_camera_msgs': /usr/local/bin/cmake --install /root/Workspaces/rosgsthumble_ws/build/realsense2_camera_msgs
[15.333s] DEBUG:colcon.colcon_core.event_handler.log_command:Invoking command in '/root/Workspaces/rosgsthumble_ws/build/diagnostic_common_diagnostics': AMENT_PREFIX_PATH=/root/Workspaces/rosgsthumble_ws/install/diagnostic_updater:${AMENT_PREFIX_PATH} CMAKE_PREFIX_PATH=/root/Workspaces/rosgsthumble_ws/install/diagnostic_updater:${CMAKE_PREFIX_PATH} PYTHONPATH=/root/Workspaces/rosgsthumble_ws/install/diagnostic_updater/lib/python3.6/site-packages:/root/Workspaces/rosgsthumble_ws/install/xacro/lib/python3.6/site-packages:/root/Workspaces/rosgsthumble_ws/install/realsense2_camera_msgs/lib/python3.6/site-packages:/root/Workspaces/rosgsthumble_ws/install/image_geometry/lib/python3.6/site-packages:/root/Workspaces/rosgsthumble_ws/install/gst_msgs/lib/python3.6/site-packages:/root/Workspaces/rosgsthumble_ws/install/diagnostic_common_diagnostics/lib/python3.6/site-packages:/root/Workspaces/rosgsthumble_ws/install/cv_bridge/lib/python3.6/site-packages:/root/Workspaces/rosgsthumble_ws/install/audio_msgs/lib/python3.6/site-packages:/opt/ros/humble/install/lib/python3.6/site-packages /usr/local/bin/cmake --build /root/Workspaces/rosgsthumble_ws/build/diagnostic_common_diagnostics -- -j4 -l4
[16.183s] Level 1:colcon.colcon_core.environment:create_environment_scripts_only(image_geometry)
[16.187s] DEBUG:colcon.colcon_core.event_handler.log_command:Invoked command in '/root/Workspaces/rosgsthumble_ws/build/image_geometry' returned '0': /usr/local/bin/cmake --install /root/Workspaces/rosgsthumble_ws/build/image_geometry
[16.253s] Level 1:colcon.colcon_core.environment:checking '/root/Workspaces/rosgsthumble_ws/install/image_geometry' for CMake module files
[16.258s] Level 1:colcon.colcon_core.environment:checking '/root/Workspaces/rosgsthumble_ws/install/image_geometry' for CMake config files
[16.260s] Level 1:colcon.colcon_core.shell:create_environment_hook('image_geometry', 'cmake_prefix_path')
[16.302s] INFO:colcon.colcon_core.shell:Creating environment hook '/root/Workspaces/rosgsthumble_ws/install/image_geometry/share/image_geometry/hook/cmake_prefix_path.ps1'
[16.307s] INFO:colcon.colcon_core.shell:Creating environment descriptor '/root/Workspaces/rosgsthumble_ws/install/image_geometry/share/image_geometry/hook/cmake_prefix_path.dsv'
[16.310s] INFO:colcon.colcon_core.shell:Creating environment hook '/root/Workspaces/rosgsthumble_ws/install/image_geometry/share/image_geometry/hook/cmake_prefix_path.sh'
[16.315s] Level 1:colcon.colcon_core.environment:checking '/root/Workspaces/rosgsthumble_ws/install/image_geometry/lib'
[16.316s] Level 1:colcon.colcon_core.shell:create_environment_hook('image_geometry', 'ld_library_path_lib')
[16.363s] INFO:colcon.colcon_core.shell:Creating environment hook '/root/Workspaces/rosgsthumble_ws/install/image_geometry/share/image_geometry/hook/ld_library_path_lib.ps1'
[16.367s] INFO:colcon.colcon_core.shell:Creating environment descriptor '/root/Workspaces/rosgsthumble_ws/install/image_geometry/share/image_geometry/hook/ld_library_path_lib.dsv'
[16.370s] INFO:colcon.colcon_core.shell:Creating environment hook '/root/Workspaces/rosgsthumble_ws/install/image_geometry/share/image_geometry/hook/ld_library_path_lib.sh'
[16.373s] Level 1:colcon.colcon_core.environment:checking '/root/Workspaces/rosgsthumble_ws/install/image_geometry/bin'
[16.374s] Level 1:colcon.colcon_core.environment:checking '/root/Workspaces/rosgsthumble_ws/install/image_geometry/lib/pkgconfig/image_geometry.pc'
[16.376s] Level 1:colcon.colcon_core.environment:checking '/root/Workspaces/rosgsthumble_ws/install/image_geometry/lib/python3.6/site-packages'
[16.377s] Level 1:colcon.colcon_core.shell:create_environment_hook('image_geometry', 'pythonpath')
[16.419s] INFO:colcon.colcon_core.shell:Creating environment hook '/root/Workspaces/rosgsthumble_ws/install/image_geometry/share/image_geometry/hook/pythonpath.ps1'
[16.424s] INFO:colcon.colcon_core.shell:Creating environment descriptor '/root/Workspaces/rosgsthumble_ws/install/image_geometry/share/image_geometry/hook/pythonpath.dsv'
[16.427s] INFO:colcon.colcon_core.shell:Creating environment hook '/root/Workspaces/rosgsthumble_ws/install/image_geometry/share/image_geometry/hook/pythonpath.sh'
[16.431s] Level 1:colcon.colcon_core.environment:checking '/root/Workspaces/rosgsthumble_ws/install/image_geometry/bin'
[16.478s] INFO:colcon.colcon_core.shell:Creating package script '/root/Workspaces/rosgsthumble_ws/install/image_geometry/share/image_geometry/package.ps1'
[16.483s] INFO:colcon.colcon_core.shell:Creating package descriptor '/root/Workspaces/rosgsthumble_ws/install/image_geometry/share/image_geometry/package.dsv'
[16.487s] INFO:colcon.colcon_core.shell:Creating package script '/root/Workspaces/rosgsthumble_ws/install/image_geometry/share/image_geometry/package.sh'
[16.491s] INFO:colcon.colcon_core.shell:Creating package script '/root/Workspaces/rosgsthumble_ws/install/image_geometry/share/image_geometry/package.bash'
[16.494s] INFO:colcon.colcon_core.shell:Creating package script '/root/Workspaces/rosgsthumble_ws/install/image_geometry/share/image_geometry/package.zsh'
[16.497s] Level 1:colcon.colcon_core.environment:create_file_with_runtime_dependencies(/root/Workspaces/rosgsthumble_ws/install/image_geometry/share/colcon-core/packages/image_geometry)
[16.511s] Level 1:colcon.colcon_core.environment:create_environment_scripts_only(realsense2_camera_msgs)
[16.520s] DEBUG:colcon.colcon_core.event_handler.log_command:Invoked command in '/root/Workspaces/rosgsthumble_ws/build/realsense2_camera_msgs' returned '0': /usr/local/bin/cmake --install /root/Workspaces/rosgsthumble_ws/build/realsense2_camera_msgs
[16.629s] Level 1:colcon.colcon_core.environment:checking '/root/Workspaces/rosgsthumble_ws/install/realsense2_camera_msgs' for CMake module files
[16.635s] Level 1:colcon.colcon_core.environment:checking '/root/Workspaces/rosgsthumble_ws/install/realsense2_camera_msgs' for CMake config files
[16.642s] Level 1:colcon.colcon_core.shell:create_environment_hook('realsense2_camera_msgs', 'cmake_prefix_path')
[16.707s] INFO:colcon.colcon_core.shell:Creating environment hook '/root/Workspaces/rosgsthumble_ws/install/realsense2_camera_msgs/share/realsense2_camera_msgs/hook/cmake_prefix_path.ps1'
[16.718s] INFO:colcon.colcon_core.shell:Creating environment descriptor '/root/Workspaces/rosgsthumble_ws/install/realsense2_camera_msgs/share/realsense2_camera_msgs/hook/cmake_prefix_path.dsv'
[16.721s] INFO:colcon.colcon_core.shell:Creating environment hook '/root/Workspaces/rosgsthumble_ws/install/realsense2_camera_msgs/share/realsense2_camera_msgs/hook/cmake_prefix_path.sh'
[16.727s] Level 1:colcon.colcon_core.environment:checking '/root/Workspaces/rosgsthumble_ws/install/realsense2_camera_msgs/lib'
[16.728s] Level 1:colcon.colcon_core.shell:create_environment_hook('realsense2_camera_msgs', 'ld_library_path_lib')
[16.784s] INFO:colcon.colcon_core.shell:Creating environment hook '/root/Workspaces/rosgsthumble_ws/install/realsense2_camera_msgs/share/realsense2_camera_msgs/hook/ld_library_path_lib.ps1'
[16.788s] INFO:colcon.colcon_core.shell:Creating environment descriptor '/root/Workspaces/rosgsthumble_ws/install/realsense2_camera_msgs/share/realsense2_camera_msgs/hook/ld_library_path_lib.dsv'
[16.791s] INFO:colcon.colcon_core.shell:Creating environment hook '/root/Workspaces/rosgsthumble_ws/install/realsense2_camera_msgs/share/realsense2_camera_msgs/hook/ld_library_path_lib.sh'
[16.795s] Level 1:colcon.colcon_core.environment:checking '/root/Workspaces/rosgsthumble_ws/install/realsense2_camera_msgs/bin'
[16.795s] Level 1:colcon.colcon_core.environment:checking '/root/Workspaces/rosgsthumble_ws/install/realsense2_camera_msgs/lib/pkgconfig/realsense2_camera_msgs.pc'
[16.797s] Level 1:colcon.colcon_core.environment:checking '/root/Workspaces/rosgsthumble_ws/install/realsense2_camera_msgs/lib/python3.6/site-packages'
[16.798s] Level 1:colcon.colcon_core.shell:create_environment_hook('realsense2_camera_msgs', 'pythonpath')
[16.846s] INFO:colcon.colcon_core.shell:Creating environment hook '/root/Workspaces/rosgsthumble_ws/install/realsense2_camera_msgs/share/realsense2_camera_msgs/hook/pythonpath.ps1'
[16.850s] INFO:colcon.colcon_core.shell:Creating environment descriptor '/root/Workspaces/rosgsthumble_ws/install/realsense2_camera_msgs/share/realsense2_camera_msgs/hook/pythonpath.dsv'
[16.852s] INFO:colcon.colcon_core.shell:Creating environment hook '/root/Workspaces/rosgsthumble_ws/install/realsense2_camera_msgs/share/realsense2_camera_msgs/hook/pythonpath.sh'
[16.855s] Level 1:colcon.colcon_core.environment:checking '/root/Workspaces/rosgsthumble_ws/install/realsense2_camera_msgs/bin'
[16.904s] INFO:colcon.colcon_core.shell:Creating package script '/root/Workspaces/rosgsthumble_ws/install/realsense2_camera_msgs/share/realsense2_camera_msgs/package.ps1'
[16.907s] INFO:colcon.colcon_core.shell:Creating package descriptor '/root/Workspaces/rosgsthumble_ws/install/realsense2_camera_msgs/share/realsense2_camera_msgs/package.dsv'
[16.911s] INFO:colcon.colcon_core.shell:Creating package script '/root/Workspaces/rosgsthumble_ws/install/realsense2_camera_msgs/share/realsense2_camera_msgs/package.sh'
[16.914s] INFO:colcon.colcon_core.shell:Creating package script '/root/Workspaces/rosgsthumble_ws/install/realsense2_camera_msgs/share/realsense2_camera_msgs/package.bash'
[16.916s] INFO:colcon.colcon_core.shell:Creating package script '/root/Workspaces/rosgsthumble_ws/install/realsense2_camera_msgs/share/realsense2_camera_msgs/package.zsh'
[16.918s] Level 1:colcon.colcon_core.environment:create_file_with_runtime_dependencies(/root/Workspaces/rosgsthumble_ws/install/realsense2_camera_msgs/share/colcon-core/packages/realsense2_camera_msgs)
[16.944s] DEBUG:colcon.colcon_core.event_handler.log_command:Invoked command in '/root/Workspaces/rosgsthumble_ws/build/xacro' returned '0': /usr/local/bin/cmake --build /root/Workspaces/rosgsthumble_ws/build/xacro -- -j4 -l4
[16.997s] Level 1:colcon.colcon_core.environment:create_environment_scripts_only(image_geometry)
[17.059s] Level 1:colcon.colcon_core.environment:checking '/root/Workspaces/rosgsthumble_ws/install/image_geometry' for CMake module files
[17.062s] Level 1:colcon.colcon_core.environment:checking '/root/Workspaces/rosgsthumble_ws/install/image_geometry' for CMake config files
[17.065s] Level 1:colcon.colcon_core.shell:create_environment_hook('image_geometry', 'cmake_prefix_path')
[17.111s] INFO:colcon.colcon_core.shell:Creating environment hook '/root/Workspaces/rosgsthumble_ws/install/image_geometry/share/image_geometry/hook/cmake_prefix_path.ps1'
[17.114s] INFO:colcon.colcon_core.shell:Creating environment descriptor '/root/Workspaces/rosgsthumble_ws/install/image_geometry/share/image_geometry/hook/cmake_prefix_path.dsv'
[17.115s] INFO:colcon.colcon_core.shell:Creating environment hook '/root/Workspaces/rosgsthumble_ws/install/image_geometry/share/image_geometry/hook/cmake_prefix_path.sh'
[17.119s] Level 1:colcon.colcon_core.environment:checking '/root/Workspaces/rosgsthumble_ws/install/image_geometry/lib'
[17.120s] Level 1:colcon.colcon_core.shell:create_environment_hook('image_geometry', 'ld_library_path_lib')
[17.164s] INFO:colcon.colcon_core.shell:Creating environment hook '/root/Workspaces/rosgsthumble_ws/install/image_geometry/share/image_geometry/hook/ld_library_path_lib.ps1'
[17.166s] INFO:colcon.colcon_core.shell:Creating environment descriptor '/root/Workspaces/rosgsthumble_ws/install/image_geometry/share/image_geometry/hook/ld_library_path_lib.dsv'
[17.168s] INFO:colcon.colcon_core.shell:Creating environment hook '/root/Workspaces/rosgsthumble_ws/install/image_geometry/share/image_geometry/hook/ld_library_path_lib.sh'
[17.170s] Level 1:colcon.colcon_core.environment:checking '/root/Workspaces/rosgsthumble_ws/install/image_geometry/bin'
[17.171s] Level 1:colcon.colcon_core.environment:checking '/root/Workspaces/rosgsthumble_ws/install/image_geometry/lib/pkgconfig/image_geometry.pc'
[17.172s] Level 1:colcon.colcon_core.environment:checking '/root/Workspaces/rosgsthumble_ws/install/image_geometry/lib/python3.6/site-packages'
[17.172s] Level 1:colcon.colcon_core.shell:create_environment_hook('image_geometry', 'pythonpath')
[17.218s] INFO:colcon.colcon_core.shell:Creating environment hook '/root/Workspaces/rosgsthumble_ws/install/image_geometry/share/image_geometry/hook/pythonpath.ps1'
[17.220s] INFO:colcon.colcon_core.shell:Creating environment descriptor '/root/Workspaces/rosgsthumble_ws/install/image_geometry/share/image_geometry/hook/pythonpath.dsv'
[17.222s] INFO:colcon.colcon_core.shell:Creating environment hook '/root/Workspaces/rosgsthumble_ws/install/image_geometry/share/image_geometry/hook/pythonpath.sh'
[17.225s] Level 1:colcon.colcon_core.environment:checking '/root/Workspaces/rosgsthumble_ws/install/image_geometry/bin'
[17.268s] INFO:colcon.colcon_core.shell:Creating package script '/root/Workspaces/rosgsthumble_ws/install/image_geometry/share/image_geometry/package.ps1'
[17.271s] INFO:colcon.colcon_core.shell:Creating package descriptor '/root/Workspaces/rosgsthumble_ws/install/image_geometry/share/image_geometry/package.dsv'
[17.274s] INFO:colcon.colcon_core.shell:Creating package script '/root/Workspaces/rosgsthumble_ws/install/image_geometry/share/image_geometry/package.sh'
[17.277s] INFO:colcon.colcon_core.shell:Creating package script '/root/Workspaces/rosgsthumble_ws/install/image_geometry/share/image_geometry/package.bash'
[17.279s] INFO:colcon.colcon_core.shell:Creating package script '/root/Workspaces/rosgsthumble_ws/install/image_geometry/share/image_geometry/package.zsh'
[17.281s] Level 1:colcon.colcon_core.environment:create_file_with_runtime_dependencies(/root/Workspaces/rosgsthumble_ws/install/image_geometry/share/colcon-core/packages/image_geometry)
[17.286s] INFO:colcon.colcon_ros.task.ament_cmake.build:Building ROS package in '/root/Workspaces/rosgsthumble_ws/src/ros-gst-bridge/gst_pipeline' with build type 'ament_cmake'
[17.287s] INFO:colcon.colcon_cmake.task.cmake.build:Building CMake package in '/root/Workspaces/rosgsthumble_ws/src/ros-gst-bridge/gst_pipeline'
[17.332s] INFO:colcon.colcon_core.shell:Skip shell extension 'powershell' for command environment: Not usable outside of PowerShell
[17.333s] DEBUG:colcon.colcon_core.shell:Skip shell extension 'dsv' for command environment
[17.447s] DEBUG:colcon.colcon_core.event_handler.log_command:Invoking command in '/root/Workspaces/rosgsthumble_ws/build/xacro': /usr/local/bin/cmake --install /root/Workspaces/rosgsthumble_ws/build/xacro
[17.497s] DEBUG:colcon.colcon_core.event_handler.log_command:Invoking command in '/root/Workspaces/rosgsthumble_ws/build/gst_pipeline': AMENT_PREFIX_PATH=/root/Workspaces/rosgsthumble_ws/install/gst_bridge:/root/Workspaces/rosgsthumble_ws/install/gst_msgs:/root/Workspaces/rosgsthumble_ws/install/cv_bridge:/root/Workspaces/rosgsthumble_ws/install/audio_msgs:${AMENT_PREFIX_PATH} CMAKE_PREFIX_PATH=/root/Workspaces/rosgsthumble_ws/install/gst_bridge:/root/Workspaces/rosgsthumble_ws/install/gst_msgs:/root/Workspaces/rosgsthumble_ws/install/cv_bridge:/root/Workspaces/rosgsthumble_ws/install/audio_msgs:${CMAKE_PREFIX_PATH} LD_LIBRARY_PATH=/root/Workspaces/rosgsthumble_ws/install/gst_bridge/lib:/root/Workspaces/rosgsthumble_ws/install/gst_msgs/lib:/root/Workspaces/rosgsthumble_ws/install/cv_bridge/lib:/root/Workspaces/rosgsthumble_ws/install/audio_msgs/lib:/root/Workspaces/rosgsthumble_ws/install/realsense2_camera/lib:/root/Workspaces/rosgsthumble_ws/install/realsense2_camera_msgs/lib:/root/Workspaces/rosgsthumble_ws/install/image_geometry/lib:/root/Workspaces/rosgsthumble_ws/install/gst_pipeline_plugins/lib:/root/Workspaces/rosgsthumble_ws/install/gst_pipeline/lib:/root/Workspaces/rosgsthumble_ws/install/diagnostic_updater/lib:/opt/ros/humble/install/opt/rviz_ogre_vendor/lib:/opt/ros/humble/install/lib:/usr/local/cuda-10.2/targets/aarch64-linux/lib PYTHONPATH=/root/Workspaces/rosgsthumble_ws/install/gst_msgs/lib/python3.6/site-packages:/root/Workspaces/rosgsthumble_ws/install/cv_bridge/lib/python3.6/site-packages:/root/Workspaces/rosgsthumble_ws/install/audio_msgs/lib/python3.6/site-packages:/root/Workspaces/rosgsthumble_ws/install/xacro/lib/python3.6/site-packages:/root/Workspaces/rosgsthumble_ws/install/realsense2_camera_msgs/lib/python3.6/site-packages:/root/Workspaces/rosgsthumble_ws/install/image_geometry/lib/python3.6/site-packages:/root/Workspaces/rosgsthumble_ws/install/diagnostic_common_diagnostics/lib/python3.6/site-packages:/root/Workspaces/rosgsthumble_ws/install/diagnostic_updater/lib/python3.6/site-packages:/opt/ros/humble/install/lib/python3.6/site-packages /usr/local/bin/cmake /root/Workspaces/rosgsthumble_ws/src/ros-gst-bridge/gst_pipeline -Wno-dev -DAMENT_CMAKE_SYMLINK_INSTALL=1 -DCMAKE_INSTALL_PREFIX=/root/Workspaces/rosgsthumble_ws/install/gst_pipeline
[17.802s] Level 1:colcon.colcon_core.environment:create_environment_scripts_only(realsense2_camera_msgs)
[17.866s] Level 1:colcon.colcon_core.environment:checking '/root/Workspaces/rosgsthumble_ws/install/realsense2_camera_msgs' for CMake module files
[17.871s] Level 1:colcon.colcon_core.environment:checking '/root/Workspaces/rosgsthumble_ws/install/realsense2_camera_msgs' for CMake config files
[17.879s] Level 1:colcon.colcon_core.shell:create_environment_hook('realsense2_camera_msgs', 'cmake_prefix_path')
[17.923s] INFO:colcon.colcon_core.shell:Creating environment hook '/root/Workspaces/rosgsthumble_ws/install/realsense2_camera_msgs/share/realsense2_camera_msgs/hook/cmake_prefix_path.ps1'
[17.928s] INFO:colcon.colcon_core.shell:Creating environment descriptor '/root/Workspaces/rosgsthumble_ws/install/realsense2_camera_msgs/share/realsense2_camera_msgs/hook/cmake_prefix_path.dsv'
[17.932s] INFO:colcon.colcon_core.shell:Creating environment hook '/root/Workspaces/rosgsthumble_ws/install/realsense2_camera_msgs/share/realsense2_camera_msgs/hook/cmake_prefix_path.sh'
[17.939s] Level 1:colcon.colcon_core.environment:checking '/root/Workspaces/rosgsthumble_ws/install/realsense2_camera_msgs/lib'
[17.940s] Level 1:colcon.colcon_core.shell:create_environment_hook('realsense2_camera_msgs', 'ld_library_path_lib')
[17.990s] INFO:colcon.colcon_core.shell:Creating environment hook '/root/Workspaces/rosgsthumble_ws/install/realsense2_camera_msgs/share/realsense2_camera_msgs/hook/ld_library_path_lib.ps1'
[17.993s] INFO:colcon.colcon_core.shell:Creating environment descriptor '/root/Workspaces/rosgsthumble_ws/install/realsense2_camera_msgs/share/realsense2_camera_msgs/hook/ld_library_path_lib.dsv'
[17.994s] INFO:colcon.colcon_core.shell:Creating environment hook '/root/Workspaces/rosgsthumble_ws/install/realsense2_camera_msgs/share/realsense2_camera_msgs/hook/ld_library_path_lib.sh'
[17.996s] Level 1:colcon.colcon_core.environment:checking '/root/Workspaces/rosgsthumble_ws/install/realsense2_camera_msgs/bin'
[17.997s] Level 1:colcon.colcon_core.environment:checking '/root/Workspaces/rosgsthumble_ws/install/realsense2_camera_msgs/lib/pkgconfig/realsense2_camera_msgs.pc'
[17.998s] Level 1:colcon.colcon_core.environment:checking '/root/Workspaces/rosgsthumble_ws/install/realsense2_camera_msgs/lib/python3.6/site-packages'
[17.998s] Level 1:colcon.colcon_core.shell:create_environment_hook('realsense2_camera_msgs', 'pythonpath')
[18.045s] INFO:colcon.colcon_core.shell:Creating environment hook '/root/Workspaces/rosgsthumble_ws/install/realsense2_camera_msgs/share/realsense2_camera_msgs/hook/pythonpath.ps1'
[18.048s] INFO:colcon.colcon_core.shell:Creating environment descriptor '/root/Workspaces/rosgsthumble_ws/install/realsense2_camera_msgs/share/realsense2_camera_msgs/hook/pythonpath.dsv'
[18.051s] INFO:colcon.colcon_core.shell:Creating environment hook '/root/Workspaces/rosgsthumble_ws/install/realsense2_camera_msgs/share/realsense2_camera_msgs/hook/pythonpath.sh'
[18.057s] Level 1:colcon.colcon_core.environment:checking '/root/Workspaces/rosgsthumble_ws/install/realsense2_camera_msgs/bin'
[18.111s] INFO:colcon.colcon_core.shell:Creating package script '/root/Workspaces/rosgsthumble_ws/install/realsense2_camera_msgs/share/realsense2_camera_msgs/package.ps1'
[18.116s] INFO:colcon.colcon_core.shell:Creating package descriptor '/root/Workspaces/rosgsthumble_ws/install/realsense2_camera_msgs/share/realsense2_camera_msgs/package.dsv'
[18.120s] INFO:colcon.colcon_core.shell:Creating package script '/root/Workspaces/rosgsthumble_ws/install/realsense2_camera_msgs/share/realsense2_camera_msgs/package.sh'
[18.123s] INFO:colcon.colcon_core.shell:Creating package script '/root/Workspaces/rosgsthumble_ws/install/realsense2_camera_msgs/share/realsense2_camera_msgs/package.bash'
[18.126s] INFO:colcon.colcon_core.shell:Creating package script '/root/Workspaces/rosgsthumble_ws/install/realsense2_camera_msgs/share/realsense2_camera_msgs/package.zsh'
[18.129s] Level 1:colcon.colcon_core.environment:create_file_with_runtime_dependencies(/root/Workspaces/rosgsthumble_ws/install/realsense2_camera_msgs/share/colcon-core/packages/realsense2_camera_msgs)
[18.133s] INFO:colcon.colcon_ros.task.ament_cmake.build:Building ROS package in '/root/Workspaces/rosgsthumble_ws/src/realsense-ros/realsense2_camera' with build type 'ament_cmake'
[18.134s] INFO:colcon.colcon_cmake.task.cmake.build:Building CMake package in '/root/Workspaces/rosgsthumble_ws/src/realsense-ros/realsense2_camera'
[18.187s] INFO:colcon.colcon_core.shell:Skip shell extension 'powershell' for command environment: Not usable outside of PowerShell
[18.187s] DEBUG:colcon.colcon_core.shell:Skip shell extension 'dsv' for command environment
[18.302s] Level 1:colcon.colcon_core.environment:create_environment_scripts_only(xacro)
[18.314s] DEBUG:colcon.colcon_core.event_handler.log_command:Invoked command in '/root/Workspaces/rosgsthumble_ws/build/xacro' returned '0': /usr/local/bin/cmake --install /root/Workspaces/rosgsthumble_ws/build/xacro
[18.366s] Level 1:colcon.colcon_core.environment:checking '/root/Workspaces/rosgsthumble_ws/install/xacro' for CMake module files
[18.370s] Level 1:colcon.colcon_core.environment:checking '/root/Workspaces/rosgsthumble_ws/install/xacro' for CMake config files
[18.373s] Level 1:colcon.colcon_core.shell:create_environment_hook('xacro', 'cmake_prefix_path')
[18.413s] INFO:colcon.colcon_core.shell:Creating environment hook '/root/Workspaces/rosgsthumble_ws/install/xacro/share/xacro/hook/cmake_prefix_path.ps1'
[18.415s] INFO:colcon.colcon_core.shell:Creating environment descriptor '/root/Workspaces/rosgsthumble_ws/install/xacro/share/xacro/hook/cmake_prefix_path.dsv'
[18.417s] INFO:colcon.colcon_core.shell:Creating environment hook '/root/Workspaces/rosgsthumble_ws/install/xacro/share/xacro/hook/cmake_prefix_path.sh'
[18.421s] Level 1:colcon.colcon_core.environment:checking '/root/Workspaces/rosgsthumble_ws/install/xacro/lib'
[18.421s] Level 1:colcon.colcon_core.environment:checking '/root/Workspaces/rosgsthumble_ws/install/xacro/bin'
[18.422s] Level 1:colcon.colcon_core.shell:create_environment_hook('xacro', 'path')
[18.463s] INFO:colcon.colcon_core.shell:Creating environment hook '/root/Workspaces/rosgsthumble_ws/install/xacro/share/xacro/hook/path.ps1'
[18.465s] INFO:colcon.colcon_core.shell:Creating environment descriptor '/root/Workspaces/rosgsthumble_ws/install/xacro/share/xacro/hook/path.dsv'
[18.467s] INFO:colcon.colcon_core.shell:Creating environment hook '/root/Workspaces/rosgsthumble_ws/install/xacro/share/xacro/hook/path.sh'
[18.469s] Level 1:colcon.colcon_core.environment:checking '/root/Workspaces/rosgsthumble_ws/install/xacro/lib/pkgconfig/xacro.pc'
[18.470s] Level 1:colcon.colcon_core.environment:checking '/root/Workspaces/rosgsthumble_ws/install/xacro/lib/python3.6/site-packages'
[18.470s] Level 1:colcon.colcon_core.shell:create_environment_hook('xacro', 'pythonpath')
[18.511s] INFO:colcon.colcon_core.shell:Creating environment hook '/root/Workspaces/rosgsthumble_ws/install/xacro/share/xacro/hook/pythonpath.ps1'
[18.513s] INFO:colcon.colcon_core.shell:Creating environment descriptor '/root/Workspaces/rosgsthumble_ws/install/xacro/share/xacro/hook/pythonpath.dsv'
[18.515s] INFO:colcon.colcon_core.shell:Creating environment hook '/root/Workspaces/rosgsthumble_ws/install/xacro/share/xacro/hook/pythonpath.sh'
[18.518s] Level 1:colcon.colcon_core.environment:checking '/root/Workspaces/rosgsthumble_ws/install/xacro/bin'
[18.519s] Level 1:colcon.colcon_core.shell:create_environment_hook('xacro', 'pythonscriptspath')
[18.558s] INFO:colcon.colcon_core.shell:Creating environment hook '/root/Workspaces/rosgsthumble_ws/install/xacro/share/xacro/hook/pythonscriptspath.ps1'
[18.560s] INFO:colcon.colcon_core.shell:Creating environment descriptor '/root/Workspaces/rosgsthumble_ws/install/xacro/share/xacro/hook/pythonscriptspath.dsv'
[18.562s] INFO:colcon.colcon_core.shell:Creating environment hook '/root/Workspaces/rosgsthumble_ws/install/xacro/share/xacro/hook/pythonscriptspath.sh'
[18.605s] INFO:colcon.colcon_core.shell:Creating package script '/root/Workspaces/rosgsthumble_ws/install/xacro/share/xacro/package.ps1'
[18.609s] INFO:colcon.colcon_core.shell:Creating package descriptor '/root/Workspaces/rosgsthumble_ws/install/xacro/share/xacro/package.dsv'
[18.612s] INFO:colcon.colcon_core.shell:Creating package script '/root/Workspaces/rosgsthumble_ws/install/xacro/share/xacro/package.sh'
[18.614s] INFO:colcon.colcon_core.shell:Creating package script '/root/Workspaces/rosgsthumble_ws/install/xacro/share/xacro/package.bash'
[18.616s] INFO:colcon.colcon_core.shell:Creating package script '/root/Workspaces/rosgsthumble_ws/install/xacro/share/xacro/package.zsh'
[18.618s] Level 1:colcon.colcon_core.environment:create_file_with_runtime_dependencies(/root/Workspaces/rosgsthumble_ws/install/xacro/share/colcon-core/packages/xacro)
[18.638s] DEBUG:colcon.colcon_core.event_handler.log_command:Invoked command in '/root/Workspaces/rosgsthumble_ws/build/diagnostic_common_diagnostics' returned '0': AMENT_PREFIX_PATH=/root/Workspaces/rosgsthumble_ws/install/diagnostic_updater:${AMENT_PREFIX_PATH} CMAKE_PREFIX_PATH=/root/Workspaces/rosgsthumble_ws/install/diagnostic_updater:${CMAKE_PREFIX_PATH} PYTHONPATH=/root/Workspaces/rosgsthumble_ws/install/diagnostic_updater/lib/python3.6/site-packages:/root/Workspaces/rosgsthumble_ws/install/xacro/lib/python3.6/site-packages:/root/Workspaces/rosgsthumble_ws/install/realsense2_camera_msgs/lib/python3.6/site-packages:/root/Workspaces/rosgsthumble_ws/install/image_geometry/lib/python3.6/site-packages:/root/Workspaces/rosgsthumble_ws/install/gst_msgs/lib/python3.6/site-packages:/root/Workspaces/rosgsthumble_ws/install/diagnostic_common_diagnostics/lib/python3.6/site-packages:/root/Workspaces/rosgsthumble_ws/install/cv_bridge/lib/python3.6/site-packages:/root/Workspaces/rosgsthumble_ws/install/audio_msgs/lib/python3.6/site-packages:/opt/ros/humble/install/lib/python3.6/site-packages /usr/local/bin/cmake --build /root/Workspaces/rosgsthumble_ws/build/diagnostic_common_diagnostics -- -j4 -l4
[18.659s] DEBUG:colcon.colcon_core.event_handler.log_command:Invoking command in '/root/Workspaces/rosgsthumble_ws/build/realsense2_camera': AMENT_PREFIX_PATH=/root/Workspaces/rosgsthumble_ws/install/realsense2_camera_msgs:/root/Workspaces/rosgsthumble_ws/install/diagnostic_updater:/root/Workspaces/rosgsthumble_ws/install/cv_bridge:${AMENT_PREFIX_PATH} CMAKE_PREFIX_PATH=/root/Workspaces/rosgsthumble_ws/install/realsense2_camera_msgs:/root/Workspaces/rosgsthumble_ws/install/diagnostic_updater:/root/Workspaces/rosgsthumble_ws/install/cv_bridge:${CMAKE_PREFIX_PATH} LD_LIBRARY_PATH=/root/Workspaces/rosgsthumble_ws/install/realsense2_camera_msgs/lib:/root/Workspaces/rosgsthumble_ws/install/cv_bridge/lib:/root/Workspaces/rosgsthumble_ws/install/realsense2_camera/lib:/root/Workspaces/rosgsthumble_ws/install/image_geometry/lib:/root/Workspaces/rosgsthumble_ws/install/gst_pipeline_plugins/lib:/root/Workspaces/rosgsthumble_ws/install/gst_pipeline/lib:/root/Workspaces/rosgsthumble_ws/install/gst_msgs/lib:/root/Workspaces/rosgsthumble_ws/install/gst_bridge/lib:/root/Workspaces/rosgsthumble_ws/install/diagnostic_updater/lib:/root/Workspaces/rosgsthumble_ws/install/audio_msgs/lib:/opt/ros/humble/install/opt/rviz_ogre_vendor/lib:/opt/ros/humble/install/lib:/usr/local/cuda-10.2/targets/aarch64-linux/lib PYTHONPATH=/root/Workspaces/rosgsthumble_ws/install/realsense2_camera_msgs/lib/python3.6/site-packages:/root/Workspaces/rosgsthumble_ws/install/diagnostic_updater/lib/python3.6/site-packages:/root/Workspaces/rosgsthumble_ws/install/cv_bridge/lib/python3.6/site-packages:/root/Workspaces/rosgsthumble_ws/install/xacro/lib/python3.6/site-packages:/root/Workspaces/rosgsthumble_ws/install/image_geometry/lib/python3.6/site-packages:/root/Workspaces/rosgsthumble_ws/install/gst_msgs/lib/python3.6/site-packages:/root/Workspaces/rosgsthumble_ws/install/diagnostic_common_diagnostics/lib/python3.6/site-packages:/root/Workspaces/rosgsthumble_ws/install/audio_msgs/lib/python3.6/site-packages:/opt/ros/humble/install/lib/python3.6/site-packages /usr/local/bin/cmake --build /root/Workspaces/rosgsthumble_ws/build/realsense2_camera -- -j4 -l4
[18.973s] Level 1:colcon.colcon_core.environment:create_environment_scripts_only(xacro)
[19.047s] Level 1:colcon.colcon_core.environment:checking '/root/Workspaces/rosgsthumble_ws/install/xacro' for CMake module files
[19.051s] Level 1:colcon.colcon_core.environment:checking '/root/Workspaces/rosgsthumble_ws/install/xacro' for CMake config files
[19.053s] Level 1:colcon.colcon_core.shell:create_environment_hook('xacro', 'cmake_prefix_path')
[19.095s] INFO:colcon.colcon_core.shell:Creating environment hook '/root/Workspaces/rosgsthumble_ws/install/xacro/share/xacro/hook/cmake_prefix_path.ps1'
[19.099s] INFO:colcon.colcon_core.shell:Creating environment descriptor '/root/Workspaces/rosgsthumble_ws/install/xacro/share/xacro/hook/cmake_prefix_path.dsv'
[19.101s] INFO:colcon.colcon_core.shell:Creating environment hook '/root/Workspaces/rosgsthumble_ws/install/xacro/share/xacro/hook/cmake_prefix_path.sh'
[19.105s] Level 1:colcon.colcon_core.environment:checking '/root/Workspaces/rosgsthumble_ws/install/xacro/lib'
[19.106s] Level 1:colcon.colcon_core.environment:checking '/root/Workspaces/rosgsthumble_ws/install/xacro/bin'
[19.106s] Level 1:colcon.colcon_core.shell:create_environment_hook('xacro', 'path')
[19.153s] INFO:colcon.colcon_core.shell:Creating environment hook '/root/Workspaces/rosgsthumble_ws/install/xacro/share/xacro/hook/path.ps1'
[19.156s] INFO:colcon.colcon_core.shell:Creating environment descriptor '/root/Workspaces/rosgsthumble_ws/install/xacro/share/xacro/hook/path.dsv'
[19.158s] INFO:colcon.colcon_core.shell:Creating environment hook '/root/Workspaces/rosgsthumble_ws/install/xacro/share/xacro/hook/path.sh'
[19.160s] Level 1:colcon.colcon_core.environment:checking '/root/Workspaces/rosgsthumble_ws/install/xacro/lib/pkgconfig/xacro.pc'
[19.161s] Level 1:colcon.colcon_core.environment:checking '/root/Workspaces/rosgsthumble_ws/install/xacro/lib/python3.6/site-packages'
[19.162s] Level 1:colcon.colcon_core.shell:create_environment_hook('xacro', 'pythonpath')
[19.204s] INFO:colcon.colcon_core.shell:Creating environment hook '/root/Workspaces/rosgsthumble_ws/install/xacro/share/xacro/hook/pythonpath.ps1'
[19.207s] INFO:colcon.colcon_core.shell:Creating environment descriptor '/root/Workspaces/rosgsthumble_ws/install/xacro/share/xacro/hook/pythonpath.dsv'
[19.209s] INFO:colcon.colcon_core.shell:Creating environment hook '/root/Workspaces/rosgsthumble_ws/install/xacro/share/xacro/hook/pythonpath.sh'
[19.212s] Level 1:colcon.colcon_core.environment:checking '/root/Workspaces/rosgsthumble_ws/install/xacro/bin'
[19.212s] Level 1:colcon.colcon_core.shell:create_environment_hook('xacro', 'pythonscriptspath')
[19.278s] INFO:colcon.colcon_core.shell:Creating environment hook '/root/Workspaces/rosgsthumble_ws/install/xacro/share/xacro/hook/pythonscriptspath.ps1'
[19.282s] INFO:colcon.colcon_core.shell:Creating environment descriptor '/root/Workspaces/rosgsthumble_ws/install/xacro/share/xacro/hook/pythonscriptspath.dsv'
[19.283s] INFO:colcon.colcon_core.shell:Creating environment hook '/root/Workspaces/rosgsthumble_ws/install/xacro/share/xacro/hook/pythonscriptspath.sh'
[19.339s] INFO:colcon.colcon_core.shell:Creating package script '/root/Workspaces/rosgsthumble_ws/install/xacro/share/xacro/package.ps1'
[19.343s] INFO:colcon.colcon_core.shell:Creating package descriptor '/root/Workspaces/rosgsthumble_ws/install/xacro/share/xacro/package.dsv'
[19.347s] INFO:colcon.colcon_core.shell:Creating package script '/root/Workspaces/rosgsthumble_ws/install/xacro/share/xacro/package.sh'
[19.350s] INFO:colcon.colcon_core.shell:Creating package script '/root/Workspaces/rosgsthumble_ws/install/xacro/share/xacro/package.bash'
[19.353s] INFO:colcon.colcon_core.shell:Creating package script '/root/Workspaces/rosgsthumble_ws/install/xacro/share/xacro/package.zsh'
[19.356s] Level 1:colcon.colcon_core.environment:create_file_with_runtime_dependencies(/root/Workspaces/rosgsthumble_ws/install/xacro/share/colcon-core/packages/xacro)
[19.360s] INFO:colcon.colcon_ros.task.ament_cmake.build:Building ROS package in '/root/Workspaces/rosgsthumble_ws/src/realsense-ros/realsense2_description' with build type 'ament_cmake'
[19.361s] INFO:colcon.colcon_cmake.task.cmake.build:Building CMake package in '/root/Workspaces/rosgsthumble_ws/src/realsense-ros/realsense2_description'
[19.415s] INFO:colcon.colcon_core.shell:Skip shell extension 'powershell' for command environment: Not usable outside of PowerShell
[19.416s] DEBUG:colcon.colcon_core.shell:Skip shell extension 'dsv' for command environment
[19.531s] DEBUG:colcon.colcon_core.event_handler.log_command:Invoking command in '/root/Workspaces/rosgsthumble_ws/build/diagnostic_common_diagnostics': AMENT_PREFIX_PATH=/root/Workspaces/rosgsthumble_ws/install/diagnostic_updater:${AMENT_PREFIX_PATH} CMAKE_PREFIX_PATH=/root/Workspaces/rosgsthumble_ws/install/diagnostic_updater:${CMAKE_PREFIX_PATH} PYTHONPATH=/root/Workspaces/rosgsthumble_ws/install/diagnostic_updater/lib/python3.6/site-packages:/root/Workspaces/rosgsthumble_ws/install/xacro/lib/python3.6/site-packages:/root/Workspaces/rosgsthumble_ws/install/realsense2_camera_msgs/lib/python3.6/site-packages:/root/Workspaces/rosgsthumble_ws/install/image_geometry/lib/python3.6/site-packages:/root/Workspaces/rosgsthumble_ws/install/gst_msgs/lib/python3.6/site-packages:/root/Workspaces/rosgsthumble_ws/install/diagnostic_common_diagnostics/lib/python3.6/site-packages:/root/Workspaces/rosgsthumble_ws/install/cv_bridge/lib/python3.6/site-packages:/root/Workspaces/rosgsthumble_ws/install/audio_msgs/lib/python3.6/site-packages:/opt/ros/humble/install/lib/python3.6/site-packages /usr/local/bin/cmake --install /root/Workspaces/rosgsthumble_ws/build/diagnostic_common_diagnostics
[19.546s] DEBUG:colcon.colcon_core.event_handler.log_command:Invoked command in '/root/Workspaces/rosgsthumble_ws/build/realsense2_camera' returned '0': AMENT_PREFIX_PATH=/root/Workspaces/rosgsthumble_ws/install/realsense2_camera_msgs:/root/Workspaces/rosgsthumble_ws/install/diagnostic_updater:/root/Workspaces/rosgsthumble_ws/install/cv_bridge:${AMENT_PREFIX_PATH} CMAKE_PREFIX_PATH=/root/Workspaces/rosgsthumble_ws/install/realsense2_camera_msgs:/root/Workspaces/rosgsthumble_ws/install/diagnostic_updater:/root/Workspaces/rosgsthumble_ws/install/cv_bridge:${CMAKE_PREFIX_PATH} LD_LIBRARY_PATH=/root/Workspaces/rosgsthumble_ws/install/realsense2_camera_msgs/lib:/root/Workspaces/rosgsthumble_ws/install/cv_bridge/lib:/root/Workspaces/rosgsthumble_ws/install/realsense2_camera/lib:/root/Workspaces/rosgsthumble_ws/install/image_geometry/lib:/root/Workspaces/rosgsthumble_ws/install/gst_pipeline_plugins/lib:/root/Workspaces/rosgsthumble_ws/install/gst_pipeline/lib:/root/Workspaces/rosgsthumble_ws/install/gst_msgs/lib:/root/Workspaces/rosgsthumble_ws/install/gst_bridge/lib:/root/Workspaces/rosgsthumble_ws/install/diagnostic_updater/lib:/root/Workspaces/rosgsthumble_ws/install/audio_msgs/lib:/opt/ros/humble/install/opt/rviz_ogre_vendor/lib:/opt/ros/humble/install/lib:/usr/local/cuda-10.2/targets/aarch64-linux/lib PYTHONPATH=/root/Workspaces/rosgsthumble_ws/install/realsense2_camera_msgs/lib/python3.6/site-packages:/root/Workspaces/rosgsthumble_ws/install/diagnostic_updater/lib/python3.6/site-packages:/root/Workspaces/rosgsthumble_ws/install/cv_bridge/lib/python3.6/site-packages:/root/Workspaces/rosgsthumble_ws/install/xacro/lib/python3.6/site-packages:/root/Workspaces/rosgsthumble_ws/install/image_geometry/lib/python3.6/site-packages:/root/Workspaces/rosgsthumble_ws/install/gst_msgs/lib/python3.6/site-packages:/root/Workspaces/rosgsthumble_ws/install/diagnostic_common_diagnostics/lib/python3.6/site-packages:/root/Workspaces/rosgsthumble_ws/install/audio_msgs/lib/python3.6/site-packages:/opt/ros/humble/install/lib/python3.6/site-packages /usr/local/bin/cmake --build /root/Workspaces/rosgsthumble_ws/build/realsense2_camera -- -j4 -l4
[19.581s] DEBUG:colcon.colcon_core.event_handler.log_command:Invoking command in '/root/Workspaces/rosgsthumble_ws/build/realsense2_description': AMENT_PREFIX_PATH=/root/Workspaces/rosgsthumble_ws/install/xacro:/root/Workspaces/rosgsthumble_ws/install/realsense2_camera_msgs:${AMENT_PREFIX_PATH} CMAKE_PREFIX_PATH=/root/Workspaces/rosgsthumble_ws/install/xacro:/root/Workspaces/rosgsthumble_ws/install/realsense2_camera_msgs:${CMAKE_PREFIX_PATH} LD_LIBRARY_PATH=/root/Workspaces/rosgsthumble_ws/install/realsense2_camera_msgs/lib:/root/Workspaces/rosgsthumble_ws/install/realsense2_camera/lib:/root/Workspaces/rosgsthumble_ws/install/image_geometry/lib:/root/Workspaces/rosgsthumble_ws/install/gst_pipeline_plugins/lib:/root/Workspaces/rosgsthumble_ws/install/gst_pipeline/lib:/root/Workspaces/rosgsthumble_ws/install/gst_msgs/lib:/root/Workspaces/rosgsthumble_ws/install/gst_bridge/lib:/root/Workspaces/rosgsthumble_ws/install/diagnostic_updater/lib:/root/Workspaces/rosgsthumble_ws/install/cv_bridge/lib:/root/Workspaces/rosgsthumble_ws/install/audio_msgs/lib:/opt/ros/humble/install/opt/rviz_ogre_vendor/lib:/opt/ros/humble/install/lib:/usr/local/cuda-10.2/targets/aarch64-linux/lib /usr/local/bin/cmake --build /root/Workspaces/rosgsthumble_ws/build/realsense2_description -- -j4 -l4
[19.906s] DEBUG:colcon.colcon_core.event_handler.log_command:Invoked command in '/root/Workspaces/rosgsthumble_ws/build/realsense2_description' returned '0': AMENT_PREFIX_PATH=/root/Workspaces/rosgsthumble_ws/install/xacro:/root/Workspaces/rosgsthumble_ws/install/realsense2_camera_msgs:${AMENT_PREFIX_PATH} CMAKE_PREFIX_PATH=/root/Workspaces/rosgsthumble_ws/install/xacro:/root/Workspaces/rosgsthumble_ws/install/realsense2_camera_msgs:${CMAKE_PREFIX_PATH} LD_LIBRARY_PATH=/root/Workspaces/rosgsthumble_ws/install/realsense2_camera_msgs/lib:/root/Workspaces/rosgsthumble_ws/install/realsense2_camera/lib:/root/Workspaces/rosgsthumble_ws/install/image_geometry/lib:/root/Workspaces/rosgsthumble_ws/install/gst_pipeline_plugins/lib:/root/Workspaces/rosgsthumble_ws/install/gst_pipeline/lib:/root/Workspaces/rosgsthumble_ws/install/gst_msgs/lib:/root/Workspaces/rosgsthumble_ws/install/gst_bridge/lib:/root/Workspaces/rosgsthumble_ws/install/diagnostic_updater/lib:/root/Workspaces/rosgsthumble_ws/install/cv_bridge/lib:/root/Workspaces/rosgsthumble_ws/install/audio_msgs/lib:/opt/ros/humble/install/opt/rviz_ogre_vendor/lib:/opt/ros/humble/install/lib:/usr/local/cuda-10.2/targets/aarch64-linux/lib /usr/local/bin/cmake --build /root/Workspaces/rosgsthumble_ws/build/realsense2_description -- -j4 -l4
[20.051s] Level 1:colcon.colcon_core.environment:create_environment_scripts_only(diagnostic_common_diagnostics)
[20.054s] DEBUG:colcon.colcon_core.event_handler.log_command:Invoked command in '/root/Workspaces/rosgsthumble_ws/build/diagnostic_common_diagnostics' returned '0': AMENT_PREFIX_PATH=/root/Workspaces/rosgsthumble_ws/install/diagnostic_updater:${AMENT_PREFIX_PATH} CMAKE_PREFIX_PATH=/root/Workspaces/rosgsthumble_ws/install/diagnostic_updater:${CMAKE_PREFIX_PATH} PYTHONPATH=/root/Workspaces/rosgsthumble_ws/install/diagnostic_updater/lib/python3.6/site-packages:/root/Workspaces/rosgsthumble_ws/install/xacro/lib/python3.6/site-packages:/root/Workspaces/rosgsthumble_ws/install/realsense2_camera_msgs/lib/python3.6/site-packages:/root/Workspaces/rosgsthumble_ws/install/image_geometry/lib/python3.6/site-packages:/root/Workspaces/rosgsthumble_ws/install/gst_msgs/lib/python3.6/site-packages:/root/Workspaces/rosgsthumble_ws/install/diagnostic_common_diagnostics/lib/python3.6/site-packages:/root/Workspaces/rosgsthumble_ws/install/cv_bridge/lib/python3.6/site-packages:/root/Workspaces/rosgsthumble_ws/install/audio_msgs/lib/python3.6/site-packages:/opt/ros/humble/install/lib/python3.6/site-packages /usr/local/bin/cmake --install /root/Workspaces/rosgsthumble_ws/build/diagnostic_common_diagnostics
[20.118s] Level 1:colcon.colcon_core.environment:checking '/root/Workspaces/rosgsthumble_ws/install/diagnostic_common_diagnostics' for CMake module files
[20.122s] Level 1:colcon.colcon_core.environment:checking '/root/Workspaces/rosgsthumble_ws/install/diagnostic_common_diagnostics' for CMake config files
[20.126s] Level 1:colcon.colcon_core.shell:create_environment_hook('diagnostic_common_diagnostics', 'cmake_prefix_path')
[20.169s] INFO:colcon.colcon_core.shell:Creating environment hook '/root/Workspaces/rosgsthumble_ws/install/diagnostic_common_diagnostics/share/diagnostic_common_diagnostics/hook/cmake_prefix_path.ps1'
[20.173s] INFO:colcon.colcon_core.shell:Creating environment descriptor '/root/Workspaces/rosgsthumble_ws/install/diagnostic_common_diagnostics/share/diagnostic_common_diagnostics/hook/cmake_prefix_path.dsv'
[20.175s] INFO:colcon.colcon_core.shell:Creating environment hook '/root/Workspaces/rosgsthumble_ws/install/diagnostic_common_diagnostics/share/diagnostic_common_diagnostics/hook/cmake_prefix_path.sh'
[20.179s] Level 1:colcon.colcon_core.environment:checking '/root/Workspaces/rosgsthumble_ws/install/diagnostic_common_diagnostics/lib'
[20.179s] Level 1:colcon.colcon_core.environment:checking '/root/Workspaces/rosgsthumble_ws/install/diagnostic_common_diagnostics/bin'
[20.180s] Level 1:colcon.colcon_core.environment:checking '/root/Workspaces/rosgsthumble_ws/install/diagnostic_common_diagnostics/lib/pkgconfig/diagnostic_common_diagnostics.pc'
[20.181s] Level 1:colcon.colcon_core.environment:checking '/root/Workspaces/rosgsthumble_ws/install/diagnostic_common_diagnostics/lib/python3.6/site-packages'
[20.181s] Level 1:colcon.colcon_core.shell:create_environment_hook('diagnostic_common_diagnostics', 'pythonpath')
[20.224s] INFO:colcon.colcon_core.shell:Creating environment hook '/root/Workspaces/rosgsthumble_ws/install/diagnostic_common_diagnostics/share/diagnostic_common_diagnostics/hook/pythonpath.ps1'
[20.227s] INFO:colcon.colcon_core.shell:Creating environment descriptor '/root/Workspaces/rosgsthumble_ws/install/diagnostic_common_diagnostics/share/diagnostic_common_diagnostics/hook/pythonpath.dsv'
[20.228s] INFO:colcon.colcon_core.shell:Creating environment hook '/root/Workspaces/rosgsthumble_ws/install/diagnostic_common_diagnostics/share/diagnostic_common_diagnostics/hook/pythonpath.sh'
[20.231s] Level 1:colcon.colcon_core.environment:checking '/root/Workspaces/rosgsthumble_ws/install/diagnostic_common_diagnostics/bin'
[20.269s] INFO:colcon.colcon_core.shell:Creating package script '/root/Workspaces/rosgsthumble_ws/install/diagnostic_common_diagnostics/share/diagnostic_common_diagnostics/package.ps1'
[20.271s] INFO:colcon.colcon_core.shell:Creating package descriptor '/root/Workspaces/rosgsthumble_ws/install/diagnostic_common_diagnostics/share/diagnostic_common_diagnostics/package.dsv'
[20.274s] INFO:colcon.colcon_core.shell:Creating package script '/root/Workspaces/rosgsthumble_ws/install/diagnostic_common_diagnostics/share/diagnostic_common_diagnostics/package.sh'
[20.276s] INFO:colcon.colcon_core.shell:Creating package script '/root/Workspaces/rosgsthumble_ws/install/diagnostic_common_diagnostics/share/diagnostic_common_diagnostics/package.bash'
[20.278s] INFO:colcon.colcon_core.shell:Creating package script '/root/Workspaces/rosgsthumble_ws/install/diagnostic_common_diagnostics/share/diagnostic_common_diagnostics/package.zsh'
[20.280s] Level 1:colcon.colcon_core.environment:create_file_with_runtime_dependencies(/root/Workspaces/rosgsthumble_ws/install/diagnostic_common_diagnostics/share/colcon-core/packages/diagnostic_common_diagnostics)
[20.305s] DEBUG:colcon.colcon_core.event_handler.log_command:Invoking command in '/root/Workspaces/rosgsthumble_ws/build/realsense2_camera': AMENT_PREFIX_PATH=/root/Workspaces/rosgsthumble_ws/install/realsense2_camera_msgs:/root/Workspaces/rosgsthumble_ws/install/diagnostic_updater:/root/Workspaces/rosgsthumble_ws/install/cv_bridge:${AMENT_PREFIX_PATH} CMAKE_PREFIX_PATH=/root/Workspaces/rosgsthumble_ws/install/realsense2_camera_msgs:/root/Workspaces/rosgsthumble_ws/install/diagnostic_updater:/root/Workspaces/rosgsthumble_ws/install/cv_bridge:${CMAKE_PREFIX_PATH} LD_LIBRARY_PATH=/root/Workspaces/rosgsthumble_ws/install/realsense2_camera_msgs/lib:/root/Workspaces/rosgsthumble_ws/install/cv_bridge/lib:/root/Workspaces/rosgsthumble_ws/install/realsense2_camera/lib:/root/Workspaces/rosgsthumble_ws/install/image_geometry/lib:/root/Workspaces/rosgsthumble_ws/install/gst_pipeline_plugins/lib:/root/Workspaces/rosgsthumble_ws/install/gst_pipeline/lib:/root/Workspaces/rosgsthumble_ws/install/gst_msgs/lib:/root/Workspaces/rosgsthumble_ws/install/gst_bridge/lib:/root/Workspaces/rosgsthumble_ws/install/diagnostic_updater/lib:/root/Workspaces/rosgsthumble_ws/install/audio_msgs/lib:/opt/ros/humble/install/opt/rviz_ogre_vendor/lib:/opt/ros/humble/install/lib:/usr/local/cuda-10.2/targets/aarch64-linux/lib PYTHONPATH=/root/Workspaces/rosgsthumble_ws/install/realsense2_camera_msgs/lib/python3.6/site-packages:/root/Workspaces/rosgsthumble_ws/install/diagnostic_updater/lib/python3.6/site-packages:/root/Workspaces/rosgsthumble_ws/install/cv_bridge/lib/python3.6/site-packages:/root/Workspaces/rosgsthumble_ws/install/xacro/lib/python3.6/site-packages:/root/Workspaces/rosgsthumble_ws/install/image_geometry/lib/python3.6/site-packages:/root/Workspaces/rosgsthumble_ws/install/gst_msgs/lib/python3.6/site-packages:/root/Workspaces/rosgsthumble_ws/install/diagnostic_common_diagnostics/lib/python3.6/site-packages:/root/Workspaces/rosgsthumble_ws/install/audio_msgs/lib/python3.6/site-packages:/opt/ros/humble/install/lib/python3.6/site-packages /usr/local/bin/cmake --install /root/Workspaces/rosgsthumble_ws/build/realsense2_camera
[20.315s] DEBUG:colcon.colcon_core.event_handler.log_command:Invoking command in '/root/Workspaces/rosgsthumble_ws/build/realsense2_description': AMENT_PREFIX_PATH=/root/Workspaces/rosgsthumble_ws/install/xacro:/root/Workspaces/rosgsthumble_ws/install/realsense2_camera_msgs:${AMENT_PREFIX_PATH} CMAKE_PREFIX_PATH=/root/Workspaces/rosgsthumble_ws/install/xacro:/root/Workspaces/rosgsthumble_ws/install/realsense2_camera_msgs:${CMAKE_PREFIX_PATH} LD_LIBRARY_PATH=/root/Workspaces/rosgsthumble_ws/install/realsense2_camera_msgs/lib:/root/Workspaces/rosgsthumble_ws/install/realsense2_camera/lib:/root/Workspaces/rosgsthumble_ws/install/image_geometry/lib:/root/Workspaces/rosgsthumble_ws/install/gst_pipeline_plugins/lib:/root/Workspaces/rosgsthumble_ws/install/gst_pipeline/lib:/root/Workspaces/rosgsthumble_ws/install/gst_msgs/lib:/root/Workspaces/rosgsthumble_ws/install/gst_bridge/lib:/root/Workspaces/rosgsthumble_ws/install/diagnostic_updater/lib:/root/Workspaces/rosgsthumble_ws/install/cv_bridge/lib:/root/Workspaces/rosgsthumble_ws/install/audio_msgs/lib:/opt/ros/humble/install/opt/rviz_ogre_vendor/lib:/opt/ros/humble/install/lib:/usr/local/cuda-10.2/targets/aarch64-linux/lib /usr/local/bin/cmake --install /root/Workspaces/rosgsthumble_ws/build/realsense2_description
[20.625s] Level 1:colcon.colcon_core.environment:create_environment_scripts_only(realsense2_description)
[20.645s] DEBUG:colcon.colcon_core.event_handler.log_command:Invoked command in '/root/Workspaces/rosgsthumble_ws/build/realsense2_description' returned '0': AMENT_PREFIX_PATH=/root/Workspaces/rosgsthumble_ws/install/xacro:/root/Workspaces/rosgsthumble_ws/install/realsense2_camera_msgs:${AMENT_PREFIX_PATH} CMAKE_PREFIX_PATH=/root/Workspaces/rosgsthumble_ws/install/xacro:/root/Workspaces/rosgsthumble_ws/install/realsense2_camera_msgs:${CMAKE_PREFIX_PATH} LD_LIBRARY_PATH=/root/Workspaces/rosgsthumble_ws/install/realsense2_camera_msgs/lib:/root/Workspaces/rosgsthumble_ws/install/realsense2_camera/lib:/root/Workspaces/rosgsthumble_ws/install/image_geometry/lib:/root/Workspaces/rosgsthumble_ws/install/gst_pipeline_plugins/lib:/root/Workspaces/rosgsthumble_ws/install/gst_pipeline/lib:/root/Workspaces/rosgsthumble_ws/install/gst_msgs/lib:/root/Workspaces/rosgsthumble_ws/install/gst_bridge/lib:/root/Workspaces/rosgsthumble_ws/install/diagnostic_updater/lib:/root/Workspaces/rosgsthumble_ws/install/cv_bridge/lib:/root/Workspaces/rosgsthumble_ws/install/audio_msgs/lib:/opt/ros/humble/install/opt/rviz_ogre_vendor/lib:/opt/ros/humble/install/lib:/usr/local/cuda-10.2/targets/aarch64-linux/lib /usr/local/bin/cmake --install /root/Workspaces/rosgsthumble_ws/build/realsense2_description
[20.697s] Level 1:colcon.colcon_core.environment:checking '/root/Workspaces/rosgsthumble_ws/install/realsense2_description' for CMake module files
[20.704s] Level 1:colcon.colcon_core.environment:checking '/root/Workspaces/rosgsthumble_ws/install/realsense2_description' for CMake config files
[20.707s] Level 1:colcon.colcon_core.shell:create_environment_hook('realsense2_description', 'cmake_prefix_path')
[20.756s] INFO:colcon.colcon_core.shell:Creating environment hook '/root/Workspaces/rosgsthumble_ws/install/realsense2_description/share/realsense2_description/hook/cmake_prefix_path.ps1'
[20.759s] INFO:colcon.colcon_core.shell:Creating environment descriptor '/root/Workspaces/rosgsthumble_ws/install/realsense2_description/share/realsense2_description/hook/cmake_prefix_path.dsv'
[20.761s] INFO:colcon.colcon_core.shell:Creating environment hook '/root/Workspaces/rosgsthumble_ws/install/realsense2_description/share/realsense2_description/hook/cmake_prefix_path.sh'
[20.767s] Level 1:colcon.colcon_core.environment:checking '/root/Workspaces/rosgsthumble_ws/install/realsense2_description/bin'
[20.768s] Level 1:colcon.colcon_core.environment:checking '/root/Workspaces/rosgsthumble_ws/install/realsense2_description/lib/pkgconfig/realsense2_description.pc'
[20.770s] Level 1:colcon.colcon_core.environment:checking '/root/Workspaces/rosgsthumble_ws/install/realsense2_description/lib/python3.6/site-packages'
[20.772s] Level 1:colcon.colcon_core.environment:checking '/root/Workspaces/rosgsthumble_ws/install/realsense2_description/bin'
[20.822s] INFO:colcon.colcon_core.shell:Creating package script '/root/Workspaces/rosgsthumble_ws/install/realsense2_description/share/realsense2_description/package.ps1'
[20.826s] INFO:colcon.colcon_core.shell:Creating package descriptor '/root/Workspaces/rosgsthumble_ws/install/realsense2_description/share/realsense2_description/package.dsv'
[20.829s] INFO:colcon.colcon_core.shell:Creating package script '/root/Workspaces/rosgsthumble_ws/install/realsense2_description/share/realsense2_description/package.sh'
[20.834s] INFO:colcon.colcon_core.shell:Creating package script '/root/Workspaces/rosgsthumble_ws/install/realsense2_description/share/realsense2_description/package.bash'
[20.837s] INFO:colcon.colcon_core.shell:Creating package script '/root/Workspaces/rosgsthumble_ws/install/realsense2_description/share/realsense2_description/package.zsh'
[20.840s] Level 1:colcon.colcon_core.environment:create_file_with_runtime_dependencies(/root/Workspaces/rosgsthumble_ws/install/realsense2_description/share/colcon-core/packages/realsense2_description)
[20.907s] Level 1:colcon.colcon_core.environment:create_environment_scripts_only(diagnostic_common_diagnostics)
[20.984s] Level 1:colcon.colcon_core.environment:checking '/root/Workspaces/rosgsthumble_ws/install/diagnostic_common_diagnostics' for CMake module files
[20.990s] Level 1:colcon.colcon_core.environment:checking '/root/Workspaces/rosgsthumble_ws/install/diagnostic_common_diagnostics' for CMake config files
[20.994s] Level 1:colcon.colcon_core.shell:create_environment_hook('diagnostic_common_diagnostics', 'cmake_prefix_path')
[21.044s] INFO:colcon.colcon_core.shell:Creating environment hook '/root/Workspaces/rosgsthumble_ws/install/diagnostic_common_diagnostics/share/diagnostic_common_diagnostics/hook/cmake_prefix_path.ps1'
[21.050s] INFO:colcon.colcon_core.shell:Creating environment descriptor '/root/Workspaces/rosgsthumble_ws/install/diagnostic_common_diagnostics/share/diagnostic_common_diagnostics/hook/cmake_prefix_path.dsv'
[21.057s] INFO:colcon.colcon_core.shell:Creating environment hook '/root/Workspaces/rosgsthumble_ws/install/diagnostic_common_diagnostics/share/diagnostic_common_diagnostics/hook/cmake_prefix_path.sh'
[21.064s] Level 1:colcon.colcon_core.environment:checking '/root/Workspaces/rosgsthumble_ws/install/diagnostic_common_diagnostics/lib'
[21.065s] Level 1:colcon.colcon_core.environment:checking '/root/Workspaces/rosgsthumble_ws/install/diagnostic_common_diagnostics/bin'
[21.065s] Level 1:colcon.colcon_core.environment:checking '/root/Workspaces/rosgsthumble_ws/install/diagnostic_common_diagnostics/lib/pkgconfig/diagnostic_common_diagnostics.pc'
[21.066s] Level 1:colcon.colcon_core.environment:checking '/root/Workspaces/rosgsthumble_ws/install/diagnostic_common_diagnostics/lib/python3.6/site-packages'
[21.067s] Level 1:colcon.colcon_core.shell:create_environment_hook('diagnostic_common_diagnostics', 'pythonpath')
[21.117s] INFO:colcon.colcon_core.shell:Creating environment hook '/root/Workspaces/rosgsthumble_ws/install/diagnostic_common_diagnostics/share/diagnostic_common_diagnostics/hook/pythonpath.ps1'
[21.121s] INFO:colcon.colcon_core.shell:Creating environment descriptor '/root/Workspaces/rosgsthumble_ws/install/diagnostic_common_diagnostics/share/diagnostic_common_diagnostics/hook/pythonpath.dsv'
[21.124s] INFO:colcon.colcon_core.shell:Creating environment hook '/root/Workspaces/rosgsthumble_ws/install/diagnostic_common_diagnostics/share/diagnostic_common_diagnostics/hook/pythonpath.sh'
[21.127s] Level 1:colcon.colcon_core.environment:checking '/root/Workspaces/rosgsthumble_ws/install/diagnostic_common_diagnostics/bin'
[21.180s] INFO:colcon.colcon_core.shell:Creating package script '/root/Workspaces/rosgsthumble_ws/install/diagnostic_common_diagnostics/share/diagnostic_common_diagnostics/package.ps1'
[21.186s] INFO:colcon.colcon_core.shell:Creating package descriptor '/root/Workspaces/rosgsthumble_ws/install/diagnostic_common_diagnostics/share/diagnostic_common_diagnostics/package.dsv'
[21.190s] INFO:colcon.colcon_core.shell:Creating package script '/root/Workspaces/rosgsthumble_ws/install/diagnostic_common_diagnostics/share/diagnostic_common_diagnostics/package.sh'
[21.195s] INFO:colcon.colcon_core.shell:Creating package script '/root/Workspaces/rosgsthumble_ws/install/diagnostic_common_diagnostics/share/diagnostic_common_diagnostics/package.bash'
[21.198s] INFO:colcon.colcon_core.shell:Creating package script '/root/Workspaces/rosgsthumble_ws/install/diagnostic_common_diagnostics/share/diagnostic_common_diagnostics/package.zsh'
[21.201s] Level 1:colcon.colcon_core.environment:create_file_with_runtime_dependencies(/root/Workspaces/rosgsthumble_ws/install/diagnostic_common_diagnostics/share/colcon-core/packages/diagnostic_common_diagnostics)
[21.206s] INFO:colcon.colcon_ros.task.ament_cmake.build:Building ROS package in '/root/Workspaces/rosgsthumble_ws/src/vision_opencv/vision_opencv' with build type 'ament_cmake'
[21.207s] INFO:colcon.colcon_cmake.task.cmake.build:Building CMake package in '/root/Workspaces/rosgsthumble_ws/src/vision_opencv/vision_opencv'
[21.254s] INFO:colcon.colcon_core.shell:Skip shell extension 'powershell' for command environment: Not usable outside of PowerShell
[21.254s] DEBUG:colcon.colcon_core.shell:Skip shell extension 'dsv' for command environment
[21.408s] Level 1:colcon.colcon_core.environment:create_environment_scripts_only(realsense2_description)
[21.468s] Level 1:colcon.colcon_core.environment:checking '/root/Workspaces/rosgsthumble_ws/install/realsense2_description' for CMake module files
[21.473s] Level 1:colcon.colcon_core.environment:checking '/root/Workspaces/rosgsthumble_ws/install/realsense2_description' for CMake config files
[21.474s] Level 1:colcon.colcon_core.shell:create_environment_hook('realsense2_description', 'cmake_prefix_path')
[21.515s] INFO:colcon.colcon_core.shell:Creating environment hook '/root/Workspaces/rosgsthumble_ws/install/realsense2_description/share/realsense2_description/hook/cmake_prefix_path.ps1'
[21.517s] INFO:colcon.colcon_core.shell:Creating environment descriptor '/root/Workspaces/rosgsthumble_ws/install/realsense2_description/share/realsense2_description/hook/cmake_prefix_path.dsv'
[21.519s] INFO:colcon.colcon_core.shell:Creating environment hook '/root/Workspaces/rosgsthumble_ws/install/realsense2_description/share/realsense2_description/hook/cmake_prefix_path.sh'
[21.522s] Level 1:colcon.colcon_core.environment:checking '/root/Workspaces/rosgsthumble_ws/install/realsense2_description/bin'
[21.523s] Level 1:colcon.colcon_core.environment:checking '/root/Workspaces/rosgsthumble_ws/install/realsense2_description/lib/pkgconfig/realsense2_description.pc'
[21.524s] Level 1:colcon.colcon_core.environment:checking '/root/Workspaces/rosgsthumble_ws/install/realsense2_description/lib/python3.6/site-packages'
[21.524s] Level 1:colcon.colcon_core.environment:checking '/root/Workspaces/rosgsthumble_ws/install/realsense2_description/bin'
[21.564s] INFO:colcon.colcon_core.shell:Creating package script '/root/Workspaces/rosgsthumble_ws/install/realsense2_description/share/realsense2_description/package.ps1'
[21.567s] INFO:colcon.colcon_core.shell:Creating package descriptor '/root/Workspaces/rosgsthumble_ws/install/realsense2_description/share/realsense2_description/package.dsv'
[21.570s] INFO:colcon.colcon_core.shell:Creating package script '/root/Workspaces/rosgsthumble_ws/install/realsense2_description/share/realsense2_description/package.sh'
[21.572s] INFO:colcon.colcon_core.shell:Creating package script '/root/Workspaces/rosgsthumble_ws/install/realsense2_description/share/realsense2_description/package.bash'
[21.574s] INFO:colcon.colcon_core.shell:Creating package script '/root/Workspaces/rosgsthumble_ws/install/realsense2_description/share/realsense2_description/package.zsh'
[21.577s] Level 1:colcon.colcon_core.environment:create_file_with_runtime_dependencies(/root/Workspaces/rosgsthumble_ws/install/realsense2_description/share/colcon-core/packages/realsense2_description)
[21.581s] Level 1:colcon.colcon_core.environment:create_environment_scripts_only(realsense2_camera)
[21.646s] Level 1:colcon.colcon_core.environment:checking '/root/Workspaces/rosgsthumble_ws/install/realsense2_camera' for CMake module files
[21.646s] DEBUG:colcon.colcon_core.event_handler.log_command:Invoked command in '/root/Workspaces/rosgsthumble_ws/build/realsense2_camera' returned '0': AMENT_PREFIX_PATH=/root/Workspaces/rosgsthumble_ws/install/realsense2_camera_msgs:/root/Workspaces/rosgsthumble_ws/install/diagnostic_updater:/root/Workspaces/rosgsthumble_ws/install/cv_bridge:${AMENT_PREFIX_PATH} CMAKE_PREFIX_PATH=/root/Workspaces/rosgsthumble_ws/install/realsense2_camera_msgs:/root/Workspaces/rosgsthumble_ws/install/diagnostic_updater:/root/Workspaces/rosgsthumble_ws/install/cv_bridge:${CMAKE_PREFIX_PATH} LD_LIBRARY_PATH=/root/Workspaces/rosgsthumble_ws/install/realsense2_camera_msgs/lib:/root/Workspaces/rosgsthumble_ws/install/cv_bridge/lib:/root/Workspaces/rosgsthumble_ws/install/realsense2_camera/lib:/root/Workspaces/rosgsthumble_ws/install/image_geometry/lib:/root/Workspaces/rosgsthumble_ws/install/gst_pipeline_plugins/lib:/root/Workspaces/rosgsthumble_ws/install/gst_pipeline/lib:/root/Workspaces/rosgsthumble_ws/install/gst_msgs/lib:/root/Workspaces/rosgsthumble_ws/install/gst_bridge/lib:/root/Workspaces/rosgsthumble_ws/install/diagnostic_updater/lib:/root/Workspaces/rosgsthumble_ws/install/audio_msgs/lib:/opt/ros/humble/install/opt/rviz_ogre_vendor/lib:/opt/ros/humble/install/lib:/usr/local/cuda-10.2/targets/aarch64-linux/lib PYTHONPATH=/root/Workspaces/rosgsthumble_ws/install/realsense2_camera_msgs/lib/python3.6/site-packages:/root/Workspaces/rosgsthumble_ws/install/diagnostic_updater/lib/python3.6/site-packages:/root/Workspaces/rosgsthumble_ws/install/cv_bridge/lib/python3.6/site-packages:/root/Workspaces/rosgsthumble_ws/install/xacro/lib/python3.6/site-packages:/root/Workspaces/rosgsthumble_ws/install/image_geometry/lib/python3.6/site-packages:/root/Workspaces/rosgsthumble_ws/install/gst_msgs/lib/python3.6/site-packages:/root/Workspaces/rosgsthumble_ws/install/diagnostic_common_diagnostics/lib/python3.6/site-packages:/root/Workspaces/rosgsthumble_ws/install/audio_msgs/lib/python3.6/site-packages:/opt/ros/humble/install/lib/python3.6/site-packages /usr/local/bin/cmake --install /root/Workspaces/rosgsthumble_ws/build/realsense2_camera
[21.650s] Level 1:colcon.colcon_core.environment:checking '/root/Workspaces/rosgsthumble_ws/install/realsense2_camera' for CMake config files
[21.652s] Level 1:colcon.colcon_core.shell:create_environment_hook('realsense2_camera', 'cmake_prefix_path')
[21.689s] INFO:colcon.colcon_core.shell:Creating environment hook '/root/Workspaces/rosgsthumble_ws/install/realsense2_camera/share/realsense2_camera/hook/cmake_prefix_path.ps1'
[21.691s] INFO:colcon.colcon_core.shell:Creating environment descriptor '/root/Workspaces/rosgsthumble_ws/install/realsense2_camera/share/realsense2_camera/hook/cmake_prefix_path.dsv'
[21.693s] INFO:colcon.colcon_core.shell:Creating environment hook '/root/Workspaces/rosgsthumble_ws/install/realsense2_camera/share/realsense2_camera/hook/cmake_prefix_path.sh'
[21.696s] Level 1:colcon.colcon_core.environment:checking '/root/Workspaces/rosgsthumble_ws/install/realsense2_camera/lib'
[21.697s] Level 1:colcon.colcon_core.shell:create_environment_hook('realsense2_camera', 'ld_library_path_lib')
[21.736s] INFO:colcon.colcon_core.shell:Creating environment hook '/root/Workspaces/rosgsthumble_ws/install/realsense2_camera/share/realsense2_camera/hook/ld_library_path_lib.ps1'
[21.738s] INFO:colcon.colcon_core.shell:Creating environment descriptor '/root/Workspaces/rosgsthumble_ws/install/realsense2_camera/share/realsense2_camera/hook/ld_library_path_lib.dsv'
[21.740s] INFO:colcon.colcon_core.shell:Creating environment hook '/root/Workspaces/rosgsthumble_ws/install/realsense2_camera/share/realsense2_camera/hook/ld_library_path_lib.sh'
[21.741s] Level 1:colcon.colcon_core.environment:checking '/root/Workspaces/rosgsthumble_ws/install/realsense2_camera/bin'
[21.742s] Level 1:colcon.colcon_core.environment:checking '/root/Workspaces/rosgsthumble_ws/install/realsense2_camera/lib/pkgconfig/realsense2_camera.pc'
[21.743s] Level 1:colcon.colcon_core.environment:checking '/root/Workspaces/rosgsthumble_ws/install/realsense2_camera/lib/python3.6/site-packages'
[21.744s] Level 1:colcon.colcon_core.environment:checking '/root/Workspaces/rosgsthumble_ws/install/realsense2_camera/bin'
[21.782s] INFO:colcon.colcon_core.shell:Creating package script '/root/Workspaces/rosgsthumble_ws/install/realsense2_camera/share/realsense2_camera/package.ps1'
[21.785s] INFO:colcon.colcon_core.shell:Creating package descriptor '/root/Workspaces/rosgsthumble_ws/install/realsense2_camera/share/realsense2_camera/package.dsv'
[21.787s] INFO:colcon.colcon_core.shell:Creating package script '/root/Workspaces/rosgsthumble_ws/install/realsense2_camera/share/realsense2_camera/package.sh'
[21.789s] INFO:colcon.colcon_core.shell:Creating package script '/root/Workspaces/rosgsthumble_ws/install/realsense2_camera/share/realsense2_camera/package.bash'
[21.790s] INFO:colcon.colcon_core.shell:Creating package script '/root/Workspaces/rosgsthumble_ws/install/realsense2_camera/share/realsense2_camera/package.zsh'
[21.792s] Level 1:colcon.colcon_core.environment:create_file_with_runtime_dependencies(/root/Workspaces/rosgsthumble_ws/install/realsense2_camera/share/colcon-core/packages/realsense2_camera)
[21.803s] INFO:colcon.colcon_ros.task.ament_cmake.build:Building ROS package in '/root/Workspaces/rosgsthumble_ws/src/diagnostics/diagnostics' with build type 'ament_cmake'
[21.804s] INFO:colcon.colcon_cmake.task.cmake.build:Building CMake package in '/root/Workspaces/rosgsthumble_ws/src/diagnostics/diagnostics'
[21.851s] INFO:colcon.colcon_core.shell:Skip shell extension 'powershell' for command environment: Not usable outside of PowerShell
[21.852s] DEBUG:colcon.colcon_core.shell:Skip shell extension 'dsv' for command environment
[21.975s] DEBUG:colcon.colcon_core.event_handler.log_command:Invoking command in '/root/Workspaces/rosgsthumble_ws/build/vision_opencv': AMENT_PREFIX_PATH=/root/Workspaces/rosgsthumble_ws/install/image_geometry:/root/Workspaces/rosgsthumble_ws/install/cv_bridge:${AMENT_PREFIX_PATH} CMAKE_PREFIX_PATH=/root/Workspaces/rosgsthumble_ws/install/image_geometry:/root/Workspaces/rosgsthumble_ws/install/cv_bridge:${CMAKE_PREFIX_PATH} LD_LIBRARY_PATH=/root/Workspaces/rosgsthumble_ws/install/image_geometry/lib:/root/Workspaces/rosgsthumble_ws/install/cv_bridge/lib:/root/Workspaces/rosgsthumble_ws/install/realsense2_camera/lib:/root/Workspaces/rosgsthumble_ws/install/realsense2_camera_msgs/lib:/root/Workspaces/rosgsthumble_ws/install/gst_pipeline_plugins/lib:/root/Workspaces/rosgsthumble_ws/install/gst_pipeline/lib:/root/Workspaces/rosgsthumble_ws/install/gst_msgs/lib:/root/Workspaces/rosgsthumble_ws/install/gst_bridge/lib:/root/Workspaces/rosgsthumble_ws/install/diagnostic_updater/lib:/root/Workspaces/rosgsthumble_ws/install/audio_msgs/lib:/opt/ros/humble/install/opt/rviz_ogre_vendor/lib:/opt/ros/humble/install/lib:/usr/local/cuda-10.2/targets/aarch64-linux/lib PYTHONPATH=/root/Workspaces/rosgsthumble_ws/install/image_geometry/lib/python3.6/site-packages:/root/Workspaces/rosgsthumble_ws/install/cv_bridge/lib/python3.6/site-packages:/root/Workspaces/rosgsthumble_ws/install/xacro/lib/python3.6/site-packages:/root/Workspaces/rosgsthumble_ws/install/realsense2_camera_msgs/lib/python3.6/site-packages:/root/Workspaces/rosgsthumble_ws/install/gst_msgs/lib/python3.6/site-packages:/root/Workspaces/rosgsthumble_ws/install/diagnostic_common_diagnostics/lib/python3.6/site-packages:/root/Workspaces/rosgsthumble_ws/install/diagnostic_updater/lib/python3.6/site-packages:/root/Workspaces/rosgsthumble_ws/install/audio_msgs/lib/python3.6/site-packages:/opt/ros/humble/install/lib/python3.6/site-packages /usr/local/bin/cmake --build /root/Workspaces/rosgsthumble_ws/build/vision_opencv -- -j4 -l4
[22.010s] DEBUG:colcon.colcon_core.event_handler.log_command:Invoking command in '/root/Workspaces/rosgsthumble_ws/build/diagnostics': AMENT_PREFIX_PATH=/root/Workspaces/rosgsthumble_ws/install/diagnostic_common_diagnostics:/root/Workspaces/rosgsthumble_ws/install/diagnostic_updater:${AMENT_PREFIX_PATH} CMAKE_PREFIX_PATH=/root/Workspaces/rosgsthumble_ws/install/diagnostic_common_diagnostics:/root/Workspaces/rosgsthumble_ws/install/diagnostic_updater:${CMAKE_PREFIX_PATH} PYTHONPATH=/root/Workspaces/rosgsthumble_ws/install/diagnostic_common_diagnostics/lib/python3.6/site-packages:/root/Workspaces/rosgsthumble_ws/install/diagnostic_updater/lib/python3.6/site-packages:/root/Workspaces/rosgsthumble_ws/install/xacro/lib/python3.6/site-packages:/root/Workspaces/rosgsthumble_ws/install/realsense2_camera_msgs/lib/python3.6/site-packages:/root/Workspaces/rosgsthumble_ws/install/image_geometry/lib/python3.6/site-packages:/root/Workspaces/rosgsthumble_ws/install/gst_msgs/lib/python3.6/site-packages:/root/Workspaces/rosgsthumble_ws/install/cv_bridge/lib/python3.6/site-packages:/root/Workspaces/rosgsthumble_ws/install/audio_msgs/lib/python3.6/site-packages:/opt/ros/humble/install/lib/python3.6/site-packages /usr/local/bin/cmake --build /root/Workspaces/rosgsthumble_ws/build/diagnostics -- -j4 -l4
[22.291s] DEBUG:colcon.colcon_core.event_handler.log_command:Invoked command in '/root/Workspaces/rosgsthumble_ws/build/vision_opencv' returned '0': AMENT_PREFIX_PATH=/root/Workspaces/rosgsthumble_ws/install/image_geometry:/root/Workspaces/rosgsthumble_ws/install/cv_bridge:${AMENT_PREFIX_PATH} CMAKE_PREFIX_PATH=/root/Workspaces/rosgsthumble_ws/install/image_geometry:/root/Workspaces/rosgsthumble_ws/install/cv_bridge:${CMAKE_PREFIX_PATH} LD_LIBRARY_PATH=/root/Workspaces/rosgsthumble_ws/install/image_geometry/lib:/root/Workspaces/rosgsthumble_ws/install/cv_bridge/lib:/root/Workspaces/rosgsthumble_ws/install/realsense2_camera/lib:/root/Workspaces/rosgsthumble_ws/install/realsense2_camera_msgs/lib:/root/Workspaces/rosgsthumble_ws/install/gst_pipeline_plugins/lib:/root/Workspaces/rosgsthumble_ws/install/gst_pipeline/lib:/root/Workspaces/rosgsthumble_ws/install/gst_msgs/lib:/root/Workspaces/rosgsthumble_ws/install/gst_bridge/lib:/root/Workspaces/rosgsthumble_ws/install/diagnostic_updater/lib:/root/Workspaces/rosgsthumble_ws/install/audio_msgs/lib:/opt/ros/humble/install/opt/rviz_ogre_vendor/lib:/opt/ros/humble/install/lib:/usr/local/cuda-10.2/targets/aarch64-linux/lib PYTHONPATH=/root/Workspaces/rosgsthumble_ws/install/image_geometry/lib/python3.6/site-packages:/root/Workspaces/rosgsthumble_ws/install/cv_bridge/lib/python3.6/site-packages:/root/Workspaces/rosgsthumble_ws/install/xacro/lib/python3.6/site-packages:/root/Workspaces/rosgsthumble_ws/install/realsense2_camera_msgs/lib/python3.6/site-packages:/root/Workspaces/rosgsthumble_ws/install/gst_msgs/lib/python3.6/site-packages:/root/Workspaces/rosgsthumble_ws/install/diagnostic_common_diagnostics/lib/python3.6/site-packages:/root/Workspaces/rosgsthumble_ws/install/diagnostic_updater/lib/python3.6/site-packages:/root/Workspaces/rosgsthumble_ws/install/audio_msgs/lib/python3.6/site-packages:/opt/ros/humble/install/lib/python3.6/site-packages /usr/local/bin/cmake --build /root/Workspaces/rosgsthumble_ws/build/vision_opencv -- -j4 -l4
[22.353s] Level 1:colcon.colcon_core.environment:create_environment_scripts_only(realsense2_camera)
[22.413s] Level 1:colcon.colcon_core.environment:checking '/root/Workspaces/rosgsthumble_ws/install/realsense2_camera' for CMake module files
[22.417s] Level 1:colcon.colcon_core.environment:checking '/root/Workspaces/rosgsthumble_ws/install/realsense2_camera' for CMake config files
[22.421s] Level 1:colcon.colcon_core.shell:create_environment_hook('realsense2_camera', 'cmake_prefix_path')
[22.461s] INFO:colcon.colcon_core.shell:Creating environment hook '/root/Workspaces/rosgsthumble_ws/install/realsense2_camera/share/realsense2_camera/hook/cmake_prefix_path.ps1'
[22.465s] INFO:colcon.colcon_core.shell:Creating environment descriptor '/root/Workspaces/rosgsthumble_ws/install/realsense2_camera/share/realsense2_camera/hook/cmake_prefix_path.dsv'
[22.467s] INFO:colcon.colcon_core.shell:Creating environment hook '/root/Workspaces/rosgsthumble_ws/install/realsense2_camera/share/realsense2_camera/hook/cmake_prefix_path.sh'
[22.471s] Level 1:colcon.colcon_core.environment:checking '/root/Workspaces/rosgsthumble_ws/install/realsense2_camera/lib'
[22.472s] Level 1:colcon.colcon_core.shell:create_environment_hook('realsense2_camera', 'ld_library_path_lib')
[22.516s] INFO:colcon.colcon_core.shell:Creating environment hook '/root/Workspaces/rosgsthumble_ws/install/realsense2_camera/share/realsense2_camera/hook/ld_library_path_lib.ps1'
[22.519s] INFO:colcon.colcon_core.shell:Creating environment descriptor '/root/Workspaces/rosgsthumble_ws/install/realsense2_camera/share/realsense2_camera/hook/ld_library_path_lib.dsv'
[22.522s] INFO:colcon.colcon_core.shell:Creating environment hook '/root/Workspaces/rosgsthumble_ws/install/realsense2_camera/share/realsense2_camera/hook/ld_library_path_lib.sh'
[22.524s] Level 1:colcon.colcon_core.environment:checking '/root/Workspaces/rosgsthumble_ws/install/realsense2_camera/bin'
[22.525s] Level 1:colcon.colcon_core.environment:checking '/root/Workspaces/rosgsthumble_ws/install/realsense2_camera/lib/pkgconfig/realsense2_camera.pc'
[22.526s] Level 1:colcon.colcon_core.environment:checking '/root/Workspaces/rosgsthumble_ws/install/realsense2_camera/lib/python3.6/site-packages'
[22.527s] Level 1:colcon.colcon_core.environment:checking '/root/Workspaces/rosgsthumble_ws/install/realsense2_camera/bin'
[22.568s] INFO:colcon.colcon_core.shell:Creating package script '/root/Workspaces/rosgsthumble_ws/install/realsense2_camera/share/realsense2_camera/package.ps1'
[22.572s] INFO:colcon.colcon_core.shell:Creating package descriptor '/root/Workspaces/rosgsthumble_ws/install/realsense2_camera/share/realsense2_camera/package.dsv'
[22.575s] INFO:colcon.colcon_core.shell:Creating package script '/root/Workspaces/rosgsthumble_ws/install/realsense2_camera/share/realsense2_camera/package.sh'
[22.578s] INFO:colcon.colcon_core.shell:Creating package script '/root/Workspaces/rosgsthumble_ws/install/realsense2_camera/share/realsense2_camera/package.bash'
[22.580s] INFO:colcon.colcon_core.shell:Creating package script '/root/Workspaces/rosgsthumble_ws/install/realsense2_camera/share/realsense2_camera/package.zsh'
[22.582s] Level 1:colcon.colcon_core.environment:create_file_with_runtime_dependencies(/root/Workspaces/rosgsthumble_ws/install/realsense2_camera/share/colcon-core/packages/realsense2_camera)
[22.596s] DEBUG:colcon.colcon_core.event_handler.log_command:Invoked command in '/root/Workspaces/rosgsthumble_ws/build/diagnostics' returned '0': AMENT_PREFIX_PATH=/root/Workspaces/rosgsthumble_ws/install/diagnostic_common_diagnostics:/root/Workspaces/rosgsthumble_ws/install/diagnostic_updater:${AMENT_PREFIX_PATH} CMAKE_PREFIX_PATH=/root/Workspaces/rosgsthumble_ws/install/diagnostic_common_diagnostics:/root/Workspaces/rosgsthumble_ws/install/diagnostic_updater:${CMAKE_PREFIX_PATH} PYTHONPATH=/root/Workspaces/rosgsthumble_ws/install/diagnostic_common_diagnostics/lib/python3.6/site-packages:/root/Workspaces/rosgsthumble_ws/install/diagnostic_updater/lib/python3.6/site-packages:/root/Workspaces/rosgsthumble_ws/install/xacro/lib/python3.6/site-packages:/root/Workspaces/rosgsthumble_ws/install/realsense2_camera_msgs/lib/python3.6/site-packages:/root/Workspaces/rosgsthumble_ws/install/image_geometry/lib/python3.6/site-packages:/root/Workspaces/rosgsthumble_ws/install/gst_msgs/lib/python3.6/site-packages:/root/Workspaces/rosgsthumble_ws/install/cv_bridge/lib/python3.6/site-packages:/root/Workspaces/rosgsthumble_ws/install/audio_msgs/lib/python3.6/site-packages:/opt/ros/humble/install/lib/python3.6/site-packages /usr/local/bin/cmake --build /root/Workspaces/rosgsthumble_ws/build/diagnostics -- -j4 -l4
[22.602s] INFO:colcon.colcon_ros.task.ament_cmake.build:Building ROS package in '/root/Workspaces/rosgsthumble_ws/src/webrtc_camera_node' with build type 'ament_cmake'
[22.603s] INFO:colcon.colcon_cmake.task.cmake.build:Building CMake package in '/root/Workspaces/rosgsthumble_ws/src/webrtc_camera_node'
[22.647s] INFO:colcon.colcon_core.shell:Skip shell extension 'powershell' for command environment: Not usable outside of PowerShell
[22.647s] DEBUG:colcon.colcon_core.shell:Skip shell extension 'dsv' for command environment
[22.760s] DEBUG:colcon.colcon_core.event_handler.log_command:Invoking command in '/root/Workspaces/rosgsthumble_ws/build/vision_opencv': AMENT_PREFIX_PATH=/root/Workspaces/rosgsthumble_ws/install/image_geometry:/root/Workspaces/rosgsthumble_ws/install/cv_bridge:${AMENT_PREFIX_PATH} CMAKE_PREFIX_PATH=/root/Workspaces/rosgsthumble_ws/install/image_geometry:/root/Workspaces/rosgsthumble_ws/install/cv_bridge:${CMAKE_PREFIX_PATH} LD_LIBRARY_PATH=/root/Workspaces/rosgsthumble_ws/install/image_geometry/lib:/root/Workspaces/rosgsthumble_ws/install/cv_bridge/lib:/root/Workspaces/rosgsthumble_ws/install/realsense2_camera/lib:/root/Workspaces/rosgsthumble_ws/install/realsense2_camera_msgs/lib:/root/Workspaces/rosgsthumble_ws/install/gst_pipeline_plugins/lib:/root/Workspaces/rosgsthumble_ws/install/gst_pipeline/lib:/root/Workspaces/rosgsthumble_ws/install/gst_msgs/lib:/root/Workspaces/rosgsthumble_ws/install/gst_bridge/lib:/root/Workspaces/rosgsthumble_ws/install/diagnostic_updater/lib:/root/Workspaces/rosgsthumble_ws/install/audio_msgs/lib:/opt/ros/humble/install/opt/rviz_ogre_vendor/lib:/opt/ros/humble/install/lib:/usr/local/cuda-10.2/targets/aarch64-linux/lib PYTHONPATH=/root/Workspaces/rosgsthumble_ws/install/image_geometry/lib/python3.6/site-packages:/root/Workspaces/rosgsthumble_ws/install/cv_bridge/lib/python3.6/site-packages:/root/Workspaces/rosgsthumble_ws/install/xacro/lib/python3.6/site-packages:/root/Workspaces/rosgsthumble_ws/install/realsense2_camera_msgs/lib/python3.6/site-packages:/root/Workspaces/rosgsthumble_ws/install/gst_msgs/lib/python3.6/site-packages:/root/Workspaces/rosgsthumble_ws/install/diagnostic_common_diagnostics/lib/python3.6/site-packages:/root/Workspaces/rosgsthumble_ws/install/diagnostic_updater/lib/python3.6/site-packages:/root/Workspaces/rosgsthumble_ws/install/audio_msgs/lib/python3.6/site-packages:/opt/ros/humble/install/lib/python3.6/site-packages /usr/local/bin/cmake --install /root/Workspaces/rosgsthumble_ws/build/vision_opencv
[22.793s] DEBUG:colcon.colcon_core.event_handler.log_command:Invoking command in '/root/Workspaces/rosgsthumble_ws/build/webrtc_camera_node': AMENT_PREFIX_PATH=/root/Workspaces/rosgsthumble_ws/install/gst_bridge:/root/Workspaces/rosgsthumble_ws/install/audio_msgs:${AMENT_PREFIX_PATH} CMAKE_PREFIX_PATH=/root/Workspaces/rosgsthumble_ws/install/gst_bridge:/root/Workspaces/rosgsthumble_ws/install/audio_msgs:${CMAKE_PREFIX_PATH} LD_LIBRARY_PATH=/root/Workspaces/rosgsthumble_ws/install/gst_bridge/lib:/root/Workspaces/rosgsthumble_ws/install/audio_msgs/lib:/root/Workspaces/rosgsthumble_ws/install/realsense2_camera/lib:/root/Workspaces/rosgsthumble_ws/install/realsense2_camera_msgs/lib:/root/Workspaces/rosgsthumble_ws/install/image_geometry/lib:/root/Workspaces/rosgsthumble_ws/install/gst_pipeline_plugins/lib:/root/Workspaces/rosgsthumble_ws/install/gst_pipeline/lib:/root/Workspaces/rosgsthumble_ws/install/gst_msgs/lib:/root/Workspaces/rosgsthumble_ws/install/diagnostic_updater/lib:/root/Workspaces/rosgsthumble_ws/install/cv_bridge/lib:/opt/ros/humble/install/opt/rviz_ogre_vendor/lib:/opt/ros/humble/install/lib:/usr/local/cuda-10.2/targets/aarch64-linux/lib PYTHONPATH=/root/Workspaces/rosgsthumble_ws/install/audio_msgs/lib/python3.6/site-packages:/root/Workspaces/rosgsthumble_ws/install/xacro/lib/python3.6/site-packages:/root/Workspaces/rosgsthumble_ws/install/realsense2_camera_msgs/lib/python3.6/site-packages:/root/Workspaces/rosgsthumble_ws/install/image_geometry/lib/python3.6/site-packages:/root/Workspaces/rosgsthumble_ws/install/gst_msgs/lib/python3.6/site-packages:/root/Workspaces/rosgsthumble_ws/install/diagnostic_common_diagnostics/lib/python3.6/site-packages:/root/Workspaces/rosgsthumble_ws/install/diagnostic_updater/lib/python3.6/site-packages:/root/Workspaces/rosgsthumble_ws/install/cv_bridge/lib/python3.6/site-packages:/opt/ros/humble/install/lib/python3.6/site-packages /usr/local/bin/cmake --build /root/Workspaces/rosgsthumble_ws/build/webrtc_camera_node -- -j4 -l4
[22.874s] DEBUG:colcon.colcon_core.event_handler.log_command:Invoking command in '/root/Workspaces/rosgsthumble_ws/build/diagnostics': AMENT_PREFIX_PATH=/root/Workspaces/rosgsthumble_ws/install/diagnostic_common_diagnostics:/root/Workspaces/rosgsthumble_ws/install/diagnostic_updater:${AMENT_PREFIX_PATH} CMAKE_PREFIX_PATH=/root/Workspaces/rosgsthumble_ws/install/diagnostic_common_diagnostics:/root/Workspaces/rosgsthumble_ws/install/diagnostic_updater:${CMAKE_PREFIX_PATH} PYTHONPATH=/root/Workspaces/rosgsthumble_ws/install/diagnostic_common_diagnostics/lib/python3.6/site-packages:/root/Workspaces/rosgsthumble_ws/install/diagnostic_updater/lib/python3.6/site-packages:/root/Workspaces/rosgsthumble_ws/install/xacro/lib/python3.6/site-packages:/root/Workspaces/rosgsthumble_ws/install/realsense2_camera_msgs/lib/python3.6/site-packages:/root/Workspaces/rosgsthumble_ws/install/image_geometry/lib/python3.6/site-packages:/root/Workspaces/rosgsthumble_ws/install/gst_msgs/lib/python3.6/site-packages:/root/Workspaces/rosgsthumble_ws/install/cv_bridge/lib/python3.6/site-packages:/root/Workspaces/rosgsthumble_ws/install/audio_msgs/lib/python3.6/site-packages:/opt/ros/humble/install/lib/python3.6/site-packages /usr/local/bin/cmake --install /root/Workspaces/rosgsthumble_ws/build/diagnostics
[23.065s] Level 1:colcon.colcon_core.environment:create_environment_scripts_only(vision_opencv)
[23.072s] DEBUG:colcon.colcon_core.event_handler.log_command:Invoked command in '/root/Workspaces/rosgsthumble_ws/build/vision_opencv' returned '0': AMENT_PREFIX_PATH=/root/Workspaces/rosgsthumble_ws/install/image_geometry:/root/Workspaces/rosgsthumble_ws/install/cv_bridge:${AMENT_PREFIX_PATH} CMAKE_PREFIX_PATH=/root/Workspaces/rosgsthumble_ws/install/image_geometry:/root/Workspaces/rosgsthumble_ws/install/cv_bridge:${CMAKE_PREFIX_PATH} LD_LIBRARY_PATH=/root/Workspaces/rosgsthumble_ws/install/image_geometry/lib:/root/Workspaces/rosgsthumble_ws/install/cv_bridge/lib:/root/Workspaces/rosgsthumble_ws/install/realsense2_camera/lib:/root/Workspaces/rosgsthumble_ws/install/realsense2_camera_msgs/lib:/root/Workspaces/rosgsthumble_ws/install/gst_pipeline_plugins/lib:/root/Workspaces/rosgsthumble_ws/install/gst_pipeline/lib:/root/Workspaces/rosgsthumble_ws/install/gst_msgs/lib:/root/Workspaces/rosgsthumble_ws/install/gst_bridge/lib:/root/Workspaces/rosgsthumble_ws/install/diagnostic_updater/lib:/root/Workspaces/rosgsthumble_ws/install/audio_msgs/lib:/opt/ros/humble/install/opt/rviz_ogre_vendor/lib:/opt/ros/humble/install/lib:/usr/local/cuda-10.2/targets/aarch64-linux/lib PYTHONPATH=/root/Workspaces/rosgsthumble_ws/install/image_geometry/lib/python3.6/site-packages:/root/Workspaces/rosgsthumble_ws/install/cv_bridge/lib/python3.6/site-packages:/root/Workspaces/rosgsthumble_ws/install/xacro/lib/python3.6/site-packages:/root/Workspaces/rosgsthumble_ws/install/realsense2_camera_msgs/lib/python3.6/site-packages:/root/Workspaces/rosgsthumble_ws/install/gst_msgs/lib/python3.6/site-packages:/root/Workspaces/rosgsthumble_ws/install/diagnostic_common_diagnostics/lib/python3.6/site-packages:/root/Workspaces/rosgsthumble_ws/install/diagnostic_updater/lib/python3.6/site-packages:/root/Workspaces/rosgsthumble_ws/install/audio_msgs/lib/python3.6/site-packages:/opt/ros/humble/install/lib/python3.6/site-packages /usr/local/bin/cmake --install /root/Workspaces/rosgsthumble_ws/build/vision_opencv
[23.151s] Level 1:colcon.colcon_core.environment:checking '/root/Workspaces/rosgsthumble_ws/install/vision_opencv' for CMake module files
[23.172s] Level 1:colcon.colcon_core.environment:checking '/root/Workspaces/rosgsthumble_ws/install/vision_opencv' for CMake config files
[23.174s] Level 1:colcon.colcon_core.shell:create_environment_hook('vision_opencv', 'cmake_prefix_path')
[23.270s] INFO:colcon.colcon_core.shell:Creating environment hook '/root/Workspaces/rosgsthumble_ws/install/vision_opencv/share/vision_opencv/hook/cmake_prefix_path.ps1'
[23.273s] INFO:colcon.colcon_core.shell:Creating environment descriptor '/root/Workspaces/rosgsthumble_ws/install/vision_opencv/share/vision_opencv/hook/cmake_prefix_path.dsv'
[23.286s] INFO:colcon.colcon_core.shell:Creating environment hook '/root/Workspaces/rosgsthumble_ws/install/vision_opencv/share/vision_opencv/hook/cmake_prefix_path.sh'
[23.291s] Level 1:colcon.colcon_core.environment:checking '/root/Workspaces/rosgsthumble_ws/install/vision_opencv/bin'
[23.297s] Level 1:colcon.colcon_core.environment:checking '/root/Workspaces/rosgsthumble_ws/install/vision_opencv/lib/pkgconfig/vision_opencv.pc'
[23.298s] Level 1:colcon.colcon_core.environment:checking '/root/Workspaces/rosgsthumble_ws/install/vision_opencv/lib/python3.6/site-packages'
[23.300s] Level 1:colcon.colcon_core.environment:checking '/root/Workspaces/rosgsthumble_ws/install/vision_opencv/bin'
[23.385s] INFO:colcon.colcon_core.shell:Creating package script '/root/Workspaces/rosgsthumble_ws/install/vision_opencv/share/vision_opencv/package.ps1'
[23.399s] INFO:colcon.colcon_core.shell:Creating package descriptor '/root/Workspaces/rosgsthumble_ws/install/vision_opencv/share/vision_opencv/package.dsv'
[23.411s] INFO:colcon.colcon_core.shell:Creating package script '/root/Workspaces/rosgsthumble_ws/install/vision_opencv/share/vision_opencv/package.sh'
[23.413s] INFO:colcon.colcon_core.shell:Creating package script '/root/Workspaces/rosgsthumble_ws/install/vision_opencv/share/vision_opencv/package.bash'
[23.416s] INFO:colcon.colcon_core.shell:Creating package script '/root/Workspaces/rosgsthumble_ws/install/vision_opencv/share/vision_opencv/package.zsh'
[23.418s] Level 1:colcon.colcon_core.environment:create_file_with_runtime_dependencies(/root/Workspaces/rosgsthumble_ws/install/vision_opencv/share/colcon-core/packages/vision_opencv)
[23.455s] Level 1:colcon.colcon_core.environment:create_environment_scripts_only(diagnostics)
[23.457s] DEBUG:colcon.colcon_core.event_handler.log_command:Invoked command in '/root/Workspaces/rosgsthumble_ws/build/diagnostics' returned '0': AMENT_PREFIX_PATH=/root/Workspaces/rosgsthumble_ws/install/diagnostic_common_diagnostics:/root/Workspaces/rosgsthumble_ws/install/diagnostic_updater:${AMENT_PREFIX_PATH} CMAKE_PREFIX_PATH=/root/Workspaces/rosgsthumble_ws/install/diagnostic_common_diagnostics:/root/Workspaces/rosgsthumble_ws/install/diagnostic_updater:${CMAKE_PREFIX_PATH} PYTHONPATH=/root/Workspaces/rosgsthumble_ws/install/diagnostic_common_diagnostics/lib/python3.6/site-packages:/root/Workspaces/rosgsthumble_ws/install/diagnostic_updater/lib/python3.6/site-packages:/root/Workspaces/rosgsthumble_ws/install/xacro/lib/python3.6/site-packages:/root/Workspaces/rosgsthumble_ws/install/realsense2_camera_msgs/lib/python3.6/site-packages:/root/Workspaces/rosgsthumble_ws/install/image_geometry/lib/python3.6/site-packages:/root/Workspaces/rosgsthumble_ws/install/gst_msgs/lib/python3.6/site-packages:/root/Workspaces/rosgsthumble_ws/install/cv_bridge/lib/python3.6/site-packages:/root/Workspaces/rosgsthumble_ws/install/audio_msgs/lib/python3.6/site-packages:/opt/ros/humble/install/lib/python3.6/site-packages /usr/local/bin/cmake --install /root/Workspaces/rosgsthumble_ws/build/diagnostics
[23.611s] Level 1:colcon.colcon_core.environment:checking '/root/Workspaces/rosgsthumble_ws/install/diagnostics' for CMake module files
[23.624s] Level 1:colcon.colcon_core.environment:checking '/root/Workspaces/rosgsthumble_ws/install/diagnostics' for CMake config files
[23.626s] Level 1:colcon.colcon_core.shell:create_environment_hook('diagnostics', 'cmake_prefix_path')
[23.722s] INFO:colcon.colcon_core.shell:Creating environment hook '/root/Workspaces/rosgsthumble_ws/install/diagnostics/share/diagnostics/hook/cmake_prefix_path.ps1'
[23.725s] INFO:colcon.colcon_core.shell:Creating environment descriptor '/root/Workspaces/rosgsthumble_ws/install/diagnostics/share/diagnostics/hook/cmake_prefix_path.dsv'
[23.738s] INFO:colcon.colcon_core.shell:Creating environment hook '/root/Workspaces/rosgsthumble_ws/install/diagnostics/share/diagnostics/hook/cmake_prefix_path.sh'
[23.744s] Level 1:colcon.colcon_core.environment:checking '/root/Workspaces/rosgsthumble_ws/install/diagnostics/bin'
[23.745s] Level 1:colcon.colcon_core.environment:checking '/root/Workspaces/rosgsthumble_ws/install/diagnostics/lib/pkgconfig/diagnostics.pc'
[23.747s] Level 1:colcon.colcon_core.environment:checking '/root/Workspaces/rosgsthumble_ws/install/diagnostics/lib/python3.6/site-packages'
[23.748s] Level 1:colcon.colcon_core.environment:checking '/root/Workspaces/rosgsthumble_ws/install/diagnostics/bin'
[23.824s] INFO:colcon.colcon_core.shell:Creating package script '/root/Workspaces/rosgsthumble_ws/install/diagnostics/share/diagnostics/package.ps1'
[23.827s] INFO:colcon.colcon_core.shell:Creating package descriptor '/root/Workspaces/rosgsthumble_ws/install/diagnostics/share/diagnostics/package.dsv'
[23.833s] INFO:colcon.colcon_core.shell:Creating package script '/root/Workspaces/rosgsthumble_ws/install/diagnostics/share/diagnostics/package.sh'
[23.836s] INFO:colcon.colcon_core.shell:Creating package script '/root/Workspaces/rosgsthumble_ws/install/diagnostics/share/diagnostics/package.bash'
[23.839s] INFO:colcon.colcon_core.shell:Creating package script '/root/Workspaces/rosgsthumble_ws/install/diagnostics/share/diagnostics/package.zsh'
[23.850s] Level 1:colcon.colcon_core.environment:create_file_with_runtime_dependencies(/root/Workspaces/rosgsthumble_ws/install/diagnostics/share/colcon-core/packages/diagnostics)
[24.251s] Level 1:colcon.colcon_core.environment:create_environment_scripts_only(vision_opencv)
[24.398s] Level 1:colcon.colcon_core.environment:checking '/root/Workspaces/rosgsthumble_ws/install/vision_opencv' for CMake module files
[24.402s] Level 1:colcon.colcon_core.environment:checking '/root/Workspaces/rosgsthumble_ws/install/vision_opencv' for CMake config files
[24.408s] Level 1:colcon.colcon_core.shell:create_environment_hook('vision_opencv', 'cmake_prefix_path')
[24.516s] INFO:colcon.colcon_core.shell:Creating environment hook '/root/Workspaces/rosgsthumble_ws/install/vision_opencv/share/vision_opencv/hook/cmake_prefix_path.ps1'
[24.519s] INFO:colcon.colcon_core.shell:Creating environment descriptor '/root/Workspaces/rosgsthumble_ws/install/vision_opencv/share/vision_opencv/hook/cmake_prefix_path.dsv'
[24.522s] INFO:colcon.colcon_core.shell:Creating environment hook '/root/Workspaces/rosgsthumble_ws/install/vision_opencv/share/vision_opencv/hook/cmake_prefix_path.sh'
[24.527s] Level 1:colcon.colcon_core.environment:checking '/root/Workspaces/rosgsthumble_ws/install/vision_opencv/bin'
[24.528s] Level 1:colcon.colcon_core.environment:checking '/root/Workspaces/rosgsthumble_ws/install/vision_opencv/lib/pkgconfig/vision_opencv.pc'
[24.529s] Level 1:colcon.colcon_core.environment:checking '/root/Workspaces/rosgsthumble_ws/install/vision_opencv/lib/python3.6/site-packages'
[24.531s] Level 1:colcon.colcon_core.environment:checking '/root/Workspaces/rosgsthumble_ws/install/vision_opencv/bin'
[24.604s] INFO:colcon.colcon_core.shell:Creating package script '/root/Workspaces/rosgsthumble_ws/install/vision_opencv/share/vision_opencv/package.ps1'
[24.610s] INFO:colcon.colcon_core.shell:Creating package descriptor '/root/Workspaces/rosgsthumble_ws/install/vision_opencv/share/vision_opencv/package.dsv'
[24.614s] INFO:colcon.colcon_core.shell:Creating package script '/root/Workspaces/rosgsthumble_ws/install/vision_opencv/share/vision_opencv/package.sh'
[24.617s] INFO:colcon.colcon_core.shell:Creating package script '/root/Workspaces/rosgsthumble_ws/install/vision_opencv/share/vision_opencv/package.bash'
[24.620s] INFO:colcon.colcon_core.shell:Creating package script '/root/Workspaces/rosgsthumble_ws/install/vision_opencv/share/vision_opencv/package.zsh'
[24.633s] Level 1:colcon.colcon_core.environment:create_file_with_runtime_dependencies(/root/Workspaces/rosgsthumble_ws/install/vision_opencv/share/colcon-core/packages/vision_opencv)
[24.711s] Level 1:colcon.colcon_core.environment:create_environment_scripts_only(diagnostics)
[24.787s] Level 1:colcon.colcon_core.environment:checking '/root/Workspaces/rosgsthumble_ws/install/diagnostics' for CMake module files
[24.794s] Level 1:colcon.colcon_core.environment:checking '/root/Workspaces/rosgsthumble_ws/install/diagnostics' for CMake config files
[24.795s] Level 1:colcon.colcon_core.shell:create_environment_hook('diagnostics', 'cmake_prefix_path')
[24.841s] INFO:colcon.colcon_core.shell:Creating environment hook '/root/Workspaces/rosgsthumble_ws/install/diagnostics/share/diagnostics/hook/cmake_prefix_path.ps1'
[24.843s] INFO:colcon.colcon_core.shell:Creating environment descriptor '/root/Workspaces/rosgsthumble_ws/install/diagnostics/share/diagnostics/hook/cmake_prefix_path.dsv'
[24.845s] INFO:colcon.colcon_core.shell:Creating environment hook '/root/Workspaces/rosgsthumble_ws/install/diagnostics/share/diagnostics/hook/cmake_prefix_path.sh'
[24.850s] Level 1:colcon.colcon_core.environment:checking '/root/Workspaces/rosgsthumble_ws/install/diagnostics/bin'
[24.850s] Level 1:colcon.colcon_core.environment:checking '/root/Workspaces/rosgsthumble_ws/install/diagnostics/lib/pkgconfig/diagnostics.pc'
[24.851s] Level 1:colcon.colcon_core.environment:checking '/root/Workspaces/rosgsthumble_ws/install/diagnostics/lib/python3.6/site-packages'
[24.852s] Level 1:colcon.colcon_core.environment:checking '/root/Workspaces/rosgsthumble_ws/install/diagnostics/bin'
[24.908s] INFO:colcon.colcon_core.shell:Creating package script '/root/Workspaces/rosgsthumble_ws/install/diagnostics/share/diagnostics/package.ps1'
[24.912s] INFO:colcon.colcon_core.shell:Creating package descriptor '/root/Workspaces/rosgsthumble_ws/install/diagnostics/share/diagnostics/package.dsv'
[24.915s] INFO:colcon.colcon_core.shell:Creating package script '/root/Workspaces/rosgsthumble_ws/install/diagnostics/share/diagnostics/package.sh'
[24.917s] INFO:colcon.colcon_core.shell:Creating package script '/root/Workspaces/rosgsthumble_ws/install/diagnostics/share/diagnostics/package.bash'
[24.920s] INFO:colcon.colcon_core.shell:Creating package script '/root/Workspaces/rosgsthumble_ws/install/diagnostics/share/diagnostics/package.zsh'
[24.922s] Level 1:colcon.colcon_core.environment:create_file_with_runtime_dependencies(/root/Workspaces/rosgsthumble_ws/install/diagnostics/share/colcon-core/packages/diagnostics)
[24.950s] DEBUG:colcon.colcon_core.event_handler.log_command:Invoked command in '/root/Workspaces/rosgsthumble_ws/build/gst_pipeline' returned '1': AMENT_PREFIX_PATH=/root/Workspaces/rosgsthumble_ws/install/gst_bridge:/root/Workspaces/rosgsthumble_ws/install/gst_msgs:/root/Workspaces/rosgsthumble_ws/install/cv_bridge:/root/Workspaces/rosgsthumble_ws/install/audio_msgs:${AMENT_PREFIX_PATH} CMAKE_PREFIX_PATH=/root/Workspaces/rosgsthumble_ws/install/gst_bridge:/root/Workspaces/rosgsthumble_ws/install/gst_msgs:/root/Workspaces/rosgsthumble_ws/install/cv_bridge:/root/Workspaces/rosgsthumble_ws/install/audio_msgs:${CMAKE_PREFIX_PATH} LD_LIBRARY_PATH=/root/Workspaces/rosgsthumble_ws/install/gst_bridge/lib:/root/Workspaces/rosgsthumble_ws/install/gst_msgs/lib:/root/Workspaces/rosgsthumble_ws/install/cv_bridge/lib:/root/Workspaces/rosgsthumble_ws/install/audio_msgs/lib:/root/Workspaces/rosgsthumble_ws/install/realsense2_camera/lib:/root/Workspaces/rosgsthumble_ws/install/realsense2_camera_msgs/lib:/root/Workspaces/rosgsthumble_ws/install/image_geometry/lib:/root/Workspaces/rosgsthumble_ws/install/gst_pipeline_plugins/lib:/root/Workspaces/rosgsthumble_ws/install/gst_pipeline/lib:/root/Workspaces/rosgsthumble_ws/install/diagnostic_updater/lib:/opt/ros/humble/install/opt/rviz_ogre_vendor/lib:/opt/ros/humble/install/lib:/usr/local/cuda-10.2/targets/aarch64-linux/lib PYTHONPATH=/root/Workspaces/rosgsthumble_ws/install/gst_msgs/lib/python3.6/site-packages:/root/Workspaces/rosgsthumble_ws/install/cv_bridge/lib/python3.6/site-packages:/root/Workspaces/rosgsthumble_ws/install/audio_msgs/lib/python3.6/site-packages:/root/Workspaces/rosgsthumble_ws/install/xacro/lib/python3.6/site-packages:/root/Workspaces/rosgsthumble_ws/install/realsense2_camera_msgs/lib/python3.6/site-packages:/root/Workspaces/rosgsthumble_ws/install/image_geometry/lib/python3.6/site-packages:/root/Workspaces/rosgsthumble_ws/install/diagnostic_common_diagnostics/lib/python3.6/site-packages:/root/Workspaces/rosgsthumble_ws/install/diagnostic_updater/lib/python3.6/site-packages:/opt/ros/humble/install/lib/python3.6/site-packages /usr/local/bin/cmake /root/Workspaces/rosgsthumble_ws/src/ros-gst-bridge/gst_pipeline -Wno-dev -DAMENT_CMAKE_SYMLINK_INSTALL=1 -DCMAKE_INSTALL_PREFIX=/root/Workspaces/rosgsthumble_ws/install/gst_pipeline
[25.250s] Level 1:colcon.colcon_core.environment:create_environment_scripts_only(gst_pipeline)
[25.362s] Level 1:colcon.colcon_core.environment:checking '/root/Workspaces/rosgsthumble_ws/install/gst_pipeline' for CMake module files
[25.365s] Level 1:colcon.colcon_core.environment:checking '/root/Workspaces/rosgsthumble_ws/install/gst_pipeline' for CMake config files
[25.369s] Level 1:colcon.colcon_core.environment:checking '/root/Workspaces/rosgsthumble_ws/install/gst_pipeline/bin'
[25.370s] Level 1:colcon.colcon_core.environment:checking '/root/Workspaces/rosgsthumble_ws/install/gst_pipeline/lib/pkgconfig/gst_pipeline.pc'
[25.372s] Level 1:colcon.colcon_core.environment:checking '/root/Workspaces/rosgsthumble_ws/install/gst_pipeline/lib/python3.6/site-packages'
[25.373s] Level 1:colcon.colcon_core.environment:checking '/root/Workspaces/rosgsthumble_ws/install/gst_pipeline/bin'
[25.424s] INFO:colcon.colcon_core.shell:Creating package script '/root/Workspaces/rosgsthumble_ws/install/gst_pipeline/share/gst_pipeline/package.ps1'
[25.427s] INFO:colcon.colcon_core.shell:Creating package descriptor '/root/Workspaces/rosgsthumble_ws/install/gst_pipeline/share/gst_pipeline/package.dsv'
[25.430s] INFO:colcon.colcon_core.shell:Creating package script '/root/Workspaces/rosgsthumble_ws/install/gst_pipeline/share/gst_pipeline/package.sh'
[25.432s] INFO:colcon.colcon_core.shell:Creating package script '/root/Workspaces/rosgsthumble_ws/install/gst_pipeline/share/gst_pipeline/package.bash'
[25.435s] INFO:colcon.colcon_core.shell:Creating package script '/root/Workspaces/rosgsthumble_ws/install/gst_pipeline/share/gst_pipeline/package.zsh'
[25.438s] Level 1:colcon.colcon_core.environment:create_file_with_runtime_dependencies(/root/Workspaces/rosgsthumble_ws/install/gst_pipeline/share/colcon-core/packages/gst_pipeline)
[71.311s] DEBUG:colcon.colcon_parallel_executor.executor.parallel:closing loop
[71.313s] DEBUG:colcon.colcon_parallel_executor.executor.parallel:loop closed
[71.316s] DEBUG:colcon.colcon_parallel_executor.executor.parallel:run_until_complete finished with '1'
[71.316s] DEBUG:colcon.colcon_core.event_reactor:joining thread
[71.344s] INFO:colcon.colcon_core.plugin_system:Skipping extension 'colcon_notification.desktop_notification.notify_send': Could not find 'notify-send'
[71.345s] INFO:colcon.colcon_core.plugin_system:Skipping extension 'colcon_notification.desktop_notification.terminal_notifier': Not used on non-Darwin systems
[71.345s] INFO:colcon.colcon_core.plugin_system:Skipping extension 'colcon_notification.desktop_notification.win32': Not used on non-Windows systems
[71.345s] INFO:colcon.colcon_notification.desktop_notification:Sending desktop notification using 'notify2'
[71.346s] DEBUG:colcon.colcon_notification.desktop_notification.notify2:Failed to initialize notify2: org.freedesktop.DBus.Error.NotSupported: Unable to autolaunch a dbus-daemon without a $DISPLAY for X11
[71.346s] DEBUG:colcon.colcon_core.event_reactor:joined thread
[71.383s] INFO:colcon.colcon_core.shell:Creating prefix script '/root/Workspaces/rosgsthumble_ws/install/local_setup.ps1'
[71.389s] INFO:colcon.colcon_core.shell:Creating prefix util module '/root/Workspaces/rosgsthumble_ws/install/_local_setup_util_ps1.py'
[71.399s] INFO:colcon.colcon_core.shell:Creating prefix chain script '/root/Workspaces/rosgsthumble_ws/install/setup.ps1'
[71.412s] INFO:colcon.colcon_core.shell:Creating prefix script '/root/Workspaces/rosgsthumble_ws/install/local_setup.sh'
[71.415s] INFO:colcon.colcon_core.shell:Creating prefix util module '/root/Workspaces/rosgsthumble_ws/install/_local_setup_util_sh.py'
[71.417s] INFO:colcon.colcon_core.shell:Creating prefix chain script '/root/Workspaces/rosgsthumble_ws/install/setup.sh'
[71.431s] INFO:colcon.colcon_core.shell:Creating prefix script '/root/Workspaces/rosgsthumble_ws/install/local_setup.bash'
[71.434s] INFO:colcon.colcon_core.shell:Creating prefix chain script '/root/Workspaces/rosgsthumble_ws/install/setup.bash'
[71.447s] INFO:colcon.colcon_core.shell:Creating prefix script '/root/Workspaces/rosgsthumble_ws/install/local_setup.zsh'
[71.449s] INFO:colcon.colcon_core.shell:Creating prefix chain script '/root/Workspaces/rosgsthumble_ws/install/setup.zsh'
