[0.000000] (-) TimerEvent: {}
[0.000170] (audio_msgs) JobQueued: {'identifier': 'audio_msgs', 'dependencies': OrderedDict()}
[0.000199] (cpp_campub) JobQueued: {'identifier': 'cpp_campub', 'dependencies': OrderedDict()}
[0.000217] (gst_msgs) JobQueued: {'identifier': 'gst_msgs', 'dependencies': OrderedDict()}
[0.000232] (gst_bridge) JobQueued: {'identifier': 'gst_bridge', 'dependencies': OrderedDict([('audio_msgs', '/root/ROS2_WEBRTC/rosgsthumble_ws/install/audio_msgs')])}
[0.000250] (gst_pipeline) JobQueued: {'identifier': 'gst_pipeline', 'dependencies': OrderedDict([('audio_msgs', '/root/ROS2_WEBRTC/rosgsthumble_ws/install/audio_msgs'), ('gst_msgs', '/root/ROS2_WEBRTC/rosgsthumble_ws/install/gst_msgs'), ('gst_bridge', '/root/ROS2_WEBRTC/rosgsthumble_ws/install/gst_bridge')])}
[0.000272] (webrtc_camera_node) JobQueued: {'identifier': 'webrtc_camera_node', 'dependencies': OrderedDict([('audio_msgs', '/root/ROS2_WEBRTC/rosgsthumble_ws/install/audio_msgs'), ('gst_bridge', '/root/ROS2_WEBRTC/rosgsthumble_ws/install/gst_bridge')])}
[0.000300] (gst_pipeline_plugins) JobQueued: {'identifier': 'gst_pipeline_plugins', 'dependencies': OrderedDict([('audio_msgs', '/root/ROS2_WEBRTC/rosgsthumble_ws/install/audio_msgs'), ('gst_msgs', '/root/ROS2_WEBRTC/rosgsthumble_ws/install/gst_msgs'), ('gst_bridge', '/root/ROS2_WEBRTC/rosgsthumble_ws/install/gst_bridge'), ('gst_pipeline', '/root/ROS2_WEBRTC/rosgsthumble_ws/install/gst_pipeline')])}
[0.000326] (gst_pipeline_plugins_webrtc) JobQueued: {'identifier': 'gst_pipeline_plugins_webrtc', 'dependencies': OrderedDict([('audio_msgs', '/root/ROS2_WEBRTC/rosgsthumble_ws/install/audio_msgs'), ('gst_msgs', '/root/ROS2_WEBRTC/rosgsthumble_ws/install/gst_msgs'), ('gst_bridge', '/root/ROS2_WEBRTC/rosgsthumble_ws/install/gst_bridge'), ('gst_pipeline', '/root/ROS2_WEBRTC/rosgsthumble_ws/install/gst_pipeline')])}
[0.000343] (audio_msgs) JobStarted: {'identifier': 'audio_msgs'}
[0.018035] (gst_msgs) JobStarted: {'identifier': 'gst_msgs'}
[0.020753] (cpp_campub) JobStarted: {'identifier': 'cpp_campub'}
[0.025305] (audio_msgs) JobProgress: {'identifier': 'audio_msgs', 'progress': 'cmake'}
[0.025709] (audio_msgs) Command: {'cmd': ['/usr/bin/cmake', '/root/ROS2_WEBRTC/rosgsthumble_ws/src/ros-gst-bridge/audio_msgs', '-DAMENT_CMAKE_SYMLINK_INSTALL=1', '-DCMAKE_INSTALL_PREFIX=/root/ROS2_WEBRTC/rosgsthumble_ws/install/audio_msgs'], 'cwd': '/root/ROS2_WEBRTC/rosgsthumble_ws/build/audio_msgs', 'env': OrderedDict([('HOSTNAME', 'DuquedeCaixias'), ('GIT_ASKPASS', '/root/.vscode-server/bin/618725e67565b290ba4da6fe2d29f8fa1d4e3622/extensions/git/dist/askpass.sh'), ('SHLVL', '2'), ('LD_LIBRARY_PATH', '/usr/lib/x86_64-linux-gnu/gazebo-11/plugins:/opt/ros/humble/opt/rviz_ogre_vendor/lib:/opt/ros/humble/lib/x86_64-linux-gnu:/opt/ros/humble/lib'), ('BROWSER', '/root/.vscode-server/bin/618725e67565b290ba4da6fe2d29f8fa1d4e3622/bin/helpers/browser.sh'), ('HOME', '/root'), ('TERM_PROGRAM_VERSION', '1.107.0'), ('PIPEWIRE_RUNTIME_DIR', '/run/user/1001'), ('VSCODE_IPC_HOOK_CLI', '/run/user/1001/vscode-ipc-68058f33-30f0-4307-9342-81328915a75d.sock'), ('ROS_PYTHON_VERSION', '3'), ('VSCODE_GIT_ASKPASS_MAIN', '/root/.vscode-server/bin/618725e67565b290ba4da6fe2d29f8fa1d4e3622/extensions/git/dist/askpass-main.js'), ('VSCODE_GIT_ASKPASS_NODE', '/root/.vscode-server/bin/618725e67565b290ba4da6fe2d29f8fa1d4e3622/node'), ('VSCODE_PYTHON_AUTOACTIVATE_GUARD', '1'), ('COLORTERM', 'truecolor'), ('REMOTE_CONTAINERS', 'true'), ('DEBUGINFOD_URLS', ''), ('WAYLAND_DISPLAY', 'wayland-0'), ('ROS_DISTRO', 'humble'), ('REMOTE_CONTAINERS_IPC', '/tmp/vscode-remote-containers-ipc-4d2d4b98-497d-4534-a764-ab857881c228.sock'), ('_', '/usr/bin/colcon'), ('ROS_VERSION', '2'), ('PKG_CONFIG_PATH', '/usr/lib/x86_64-linux-gnu/pkgconfig:'), ('OPENSSL_CONF', '/etc/ssl/openssl_legacy.cnf'), ('TERM', 'xterm-256color'), ('ROS_LOCALHOST_ONLY', '0'), ('PATH', '/root/.vscode-server/data/User/globalStorage/github.copilot-chat/debugCommand:/root/.vscode-server/data/User/globalStorage/github.copilot-chat/copilotCli:/root/.vscode-server/bin/618725e67565b290ba4da6fe2d29f8fa1d4e3622/bin/remote-cli:/opt/ros/humble/bin:/usr/local/sbin:/usr/local/bin:/usr/sbin:/usr/bin:/sbin:/bin'), ('XDG_RUNTIME_DIR', '/run/user/1001'), ('REMOTE_CONTAINERS_SOCKETS', '["/root/.gnupg/S.gpg-agent"]'), ('DISPLAY', ':0'), ('LANG', 'C.UTF-8'), ('LS_COLORS', 'rs=0:di=01;34:ln=01;36:mh=00:pi=40;33:so=01;35:do=01;35:bd=40;33;01:cd=40;33;01:or=40;31;01:mi=00:su=37;41:sg=30;43:ca=30;41:tw=30;42:ow=34;42:st=37;44:ex=01;32:*.tar=01;31:*.tgz=01;31:*.arc=01;31:*.arj=01;31:*.taz=01;31:*.lha=01;31:*.lz4=01;31:*.lzh=01;31:*.lzma=01;31:*.tlz=01;31:*.txz=01;31:*.tzo=01;31:*.t7z=01;31:*.zip=01;31:*.z=01;31:*.dz=01;31:*.gz=01;31:*.lrz=01;31:*.lz=01;31:*.lzo=01;31:*.xz=01;31:*.zst=01;31:*.tzst=01;31:*.bz2=01;31:*.bz=01;31:*.tbz=01;31:*.tbz2=01;31:*.tz=01;31:*.deb=01;31:*.rpm=01;31:*.jar=01;31:*.war=01;31:*.ear=01;31:*.sar=01;31:*.rar=01;31:*.alz=01;31:*.ace=01;31:*.zoo=01;31:*.cpio=01;31:*.7z=01;31:*.rz=01;31:*.cab=01;31:*.wim=01;31:*.swm=01;31:*.dwm=01;31:*.esd=01;31:*.jpg=01;35:*.jpeg=01;35:*.mjpg=01;35:*.mjpeg=01;35:*.gif=01;35:*.bmp=01;35:*.pbm=01;35:*.pgm=01;35:*.ppm=01;35:*.tga=01;35:*.xbm=01;35:*.xpm=01;35:*.tif=01;35:*.tiff=01;35:*.png=01;35:*.svg=01;35:*.svgz=01;35:*.mng=01;35:*.pcx=01;35:*.mov=01;35:*.mpg=01;35:*.mpeg=01;35:*.m2v=01;35:*.mkv=01;35:*.webm=01;35:*.webp=01;35:*.ogm=01;35:*.mp4=01;35:*.m4v=01;35:*.mp4v=01;35:*.vob=01;35:*.qt=01;35:*.nuv=01;35:*.wmv=01;35:*.asf=01;35:*.rm=01;35:*.rmvb=01;35:*.flc=01;35:*.avi=01;35:*.fli=01;35:*.flv=01;35:*.gl=01;35:*.dl=01;35:*.xcf=01;35:*.xwd=01;35:*.yuv=01;35:*.cgm=01;35:*.emf=01;35:*.ogv=01;35:*.ogx=01;35:*.aac=00;36:*.au=00;36:*.flac=00;36:*.m4a=00;36:*.mid=00;36:*.midi=00;36:*.mka=00;36:*.mp3=00;36:*.mpc=00;36:*.ogg=00;36:*.ra=00;36:*.wav=00;36:*.oga=00;36:*.opus=00;36:*.spx=00;36:*.xspf=00;36:'), ('VSCODE_GIT_IPC_HANDLE', '/run/user/1001/vscode-git-84fad1f619.sock'), ('TERM_PROGRAM', 'vscode'), ('AMENT_PREFIX_PATH', '/opt/ros/humble'), ('DEBIAN_FRONTEND', 'noninteractive'), ('SHELL', '/bin/bash'), ('VSCODE_GIT_ASKPASS_EXTRA_ARGS', ''), ('PWD', '/root/ROS2_WEBRTC/rosgsthumble_ws/build/audio_msgs'), ('LC_ALL', 'C.UTF-8'), ('PYTHONPATH', '/opt/ros/humble/lib/python3.10/site-packages:/opt/ros/humble/local/lib/python3.10/dist-packages'), ('COLCON', '1'), ('CMAKE_PREFIX_PATH', '/opt/ros/humble')]), 'shell': False}
[0.048562] (gst_msgs) JobProgress: {'identifier': 'gst_msgs', 'progress': 'cmake'}
[0.049224] (gst_msgs) Command: {'cmd': ['/usr/bin/cmake', '/root/ROS2_WEBRTC/rosgsthumble_ws/src/ros-gst-bridge/gst_msgs', '-DAMENT_CMAKE_SYMLINK_INSTALL=1', '-DCMAKE_INSTALL_PREFIX=/root/ROS2_WEBRTC/rosgsthumble_ws/install/gst_msgs'], 'cwd': '/root/ROS2_WEBRTC/rosgsthumble_ws/build/gst_msgs', 'env': OrderedDict([('HOSTNAME', 'DuquedeCaixias'), ('GIT_ASKPASS', '/root/.vscode-server/bin/618725e67565b290ba4da6fe2d29f8fa1d4e3622/extensions/git/dist/askpass.sh'), ('SHLVL', '2'), ('LD_LIBRARY_PATH', '/usr/lib/x86_64-linux-gnu/gazebo-11/plugins:/opt/ros/humble/opt/rviz_ogre_vendor/lib:/opt/ros/humble/lib/x86_64-linux-gnu:/opt/ros/humble/lib'), ('BROWSER', '/root/.vscode-server/bin/618725e67565b290ba4da6fe2d29f8fa1d4e3622/bin/helpers/browser.sh'), ('HOME', '/root'), ('TERM_PROGRAM_VERSION', '1.107.0'), ('PIPEWIRE_RUNTIME_DIR', '/run/user/1001'), ('VSCODE_IPC_HOOK_CLI', '/run/user/1001/vscode-ipc-68058f33-30f0-4307-9342-81328915a75d.sock'), ('ROS_PYTHON_VERSION', '3'), ('VSCODE_GIT_ASKPASS_MAIN', '/root/.vscode-server/bin/618725e67565b290ba4da6fe2d29f8fa1d4e3622/extensions/git/dist/askpass-main.js'), ('VSCODE_GIT_ASKPASS_NODE', '/root/.vscode-server/bin/618725e67565b290ba4da6fe2d29f8fa1d4e3622/node'), ('VSCODE_PYTHON_AUTOACTIVATE_GUARD', '1'), ('COLORTERM', 'truecolor'), ('REMOTE_CONTAINERS', 'true'), ('DEBUGINFOD_URLS', ''), ('WAYLAND_DISPLAY', 'wayland-0'), ('ROS_DISTRO', 'humble'), ('REMOTE_CONTAINERS_IPC', '/tmp/vscode-remote-containers-ipc-4d2d4b98-497d-4534-a764-ab857881c228.sock'), ('_', '/usr/bin/colcon'), ('ROS_VERSION', '2'), ('PKG_CONFIG_PATH', '/usr/lib/x86_64-linux-gnu/pkgconfig:'), ('OPENSSL_CONF', '/etc/ssl/openssl_legacy.cnf'), ('TERM', 'xterm-256color'), ('ROS_LOCALHOST_ONLY', '0'), ('PATH', '/root/.vscode-server/data/User/globalStorage/github.copilot-chat/debugCommand:/root/.vscode-server/data/User/globalStorage/github.copilot-chat/copilotCli:/root/.vscode-server/bin/618725e67565b290ba4da6fe2d29f8fa1d4e3622/bin/remote-cli:/opt/ros/humble/bin:/usr/local/sbin:/usr/local/bin:/usr/sbin:/usr/bin:/sbin:/bin'), ('XDG_RUNTIME_DIR', '/run/user/1001'), ('REMOTE_CONTAINERS_SOCKETS', '["/root/.gnupg/S.gpg-agent"]'), ('DISPLAY', ':0'), ('LANG', 'C.UTF-8'), ('LS_COLORS', 'rs=0:di=01;34:ln=01;36:mh=00:pi=40;33:so=01;35:do=01;35:bd=40;33;01:cd=40;33;01:or=40;31;01:mi=00:su=37;41:sg=30;43:ca=30;41:tw=30;42:ow=34;42:st=37;44:ex=01;32:*.tar=01;31:*.tgz=01;31:*.arc=01;31:*.arj=01;31:*.taz=01;31:*.lha=01;31:*.lz4=01;31:*.lzh=01;31:*.lzma=01;31:*.tlz=01;31:*.txz=01;31:*.tzo=01;31:*.t7z=01;31:*.zip=01;31:*.z=01;31:*.dz=01;31:*.gz=01;31:*.lrz=01;31:*.lz=01;31:*.lzo=01;31:*.xz=01;31:*.zst=01;31:*.tzst=01;31:*.bz2=01;31:*.bz=01;31:*.tbz=01;31:*.tbz2=01;31:*.tz=01;31:*.deb=01;31:*.rpm=01;31:*.jar=01;31:*.war=01;31:*.ear=01;31:*.sar=01;31:*.rar=01;31:*.alz=01;31:*.ace=01;31:*.zoo=01;31:*.cpio=01;31:*.7z=01;31:*.rz=01;31:*.cab=01;31:*.wim=01;31:*.swm=01;31:*.dwm=01;31:*.esd=01;31:*.jpg=01;35:*.jpeg=01;35:*.mjpg=01;35:*.mjpeg=01;35:*.gif=01;35:*.bmp=01;35:*.pbm=01;35:*.pgm=01;35:*.ppm=01;35:*.tga=01;35:*.xbm=01;35:*.xpm=01;35:*.tif=01;35:*.tiff=01;35:*.png=01;35:*.svg=01;35:*.svgz=01;35:*.mng=01;35:*.pcx=01;35:*.mov=01;35:*.mpg=01;35:*.mpeg=01;35:*.m2v=01;35:*.mkv=01;35:*.webm=01;35:*.webp=01;35:*.ogm=01;35:*.mp4=01;35:*.m4v=01;35:*.mp4v=01;35:*.vob=01;35:*.qt=01;35:*.nuv=01;35:*.wmv=01;35:*.asf=01;35:*.rm=01;35:*.rmvb=01;35:*.flc=01;35:*.avi=01;35:*.fli=01;35:*.flv=01;35:*.gl=01;35:*.dl=01;35:*.xcf=01;35:*.xwd=01;35:*.yuv=01;35:*.cgm=01;35:*.emf=01;35:*.ogv=01;35:*.ogx=01;35:*.aac=00;36:*.au=00;36:*.flac=00;36:*.m4a=00;36:*.mid=00;36:*.midi=00;36:*.mka=00;36:*.mp3=00;36:*.mpc=00;36:*.ogg=00;36:*.ra=00;36:*.wav=00;36:*.oga=00;36:*.opus=00;36:*.spx=00;36:*.xspf=00;36:'), ('VSCODE_GIT_IPC_HANDLE', '/run/user/1001/vscode-git-84fad1f619.sock'), ('TERM_PROGRAM', 'vscode'), ('AMENT_PREFIX_PATH', '/opt/ros/humble'), ('DEBIAN_FRONTEND', 'noninteractive'), ('SHELL', '/bin/bash'), ('VSCODE_GIT_ASKPASS_EXTRA_ARGS', ''), ('PWD', '/root/ROS2_WEBRTC/rosgsthumble_ws/build/gst_msgs'), ('LC_ALL', 'C.UTF-8'), ('PYTHONPATH', '/opt/ros/humble/lib/python3.10/site-packages:/opt/ros/humble/local/lib/python3.10/dist-packages'), ('COLCON', '1'), ('CMAKE_PREFIX_PATH', '/opt/ros/humble')]), 'shell': False}
[0.050523] (cpp_campub) JobProgress: {'identifier': 'cpp_campub', 'progress': 'cmake'}
[0.050855] (cpp_campub) Command: {'cmd': ['/usr/bin/cmake', '/root/ROS2_WEBRTC/rosgsthumble_ws/src/cpp_campub', '-DAMENT_CMAKE_SYMLINK_INSTALL=1', '-DCMAKE_INSTALL_PREFIX=/root/ROS2_WEBRTC/rosgsthumble_ws/install/cpp_campub'], 'cwd': '/root/ROS2_WEBRTC/rosgsthumble_ws/build/cpp_campub', 'env': OrderedDict([('HOSTNAME', 'DuquedeCaixias'), ('GIT_ASKPASS', '/root/.vscode-server/bin/618725e67565b290ba4da6fe2d29f8fa1d4e3622/extensions/git/dist/askpass.sh'), ('SHLVL', '2'), ('LD_LIBRARY_PATH', '/usr/lib/x86_64-linux-gnu/gazebo-11/plugins:/opt/ros/humble/opt/rviz_ogre_vendor/lib:/opt/ros/humble/lib/x86_64-linux-gnu:/opt/ros/humble/lib'), ('BROWSER', '/root/.vscode-server/bin/618725e67565b290ba4da6fe2d29f8fa1d4e3622/bin/helpers/browser.sh'), ('HOME', '/root'), ('TERM_PROGRAM_VERSION', '1.107.0'), ('PIPEWIRE_RUNTIME_DIR', '/run/user/1001'), ('VSCODE_IPC_HOOK_CLI', '/run/user/1001/vscode-ipc-68058f33-30f0-4307-9342-81328915a75d.sock'), ('ROS_PYTHON_VERSION', '3'), ('VSCODE_GIT_ASKPASS_MAIN', '/root/.vscode-server/bin/618725e67565b290ba4da6fe2d29f8fa1d4e3622/extensions/git/dist/askpass-main.js'), ('VSCODE_GIT_ASKPASS_NODE', '/root/.vscode-server/bin/618725e67565b290ba4da6fe2d29f8fa1d4e3622/node'), ('VSCODE_PYTHON_AUTOACTIVATE_GUARD', '1'), ('COLORTERM', 'truecolor'), ('REMOTE_CONTAINERS', 'true'), ('DEBUGINFOD_URLS', ''), ('WAYLAND_DISPLAY', 'wayland-0'), ('ROS_DISTRO', 'humble'), ('REMOTE_CONTAINERS_IPC', '/tmp/vscode-remote-containers-ipc-4d2d4b98-497d-4534-a764-ab857881c228.sock'), ('_', '/usr/bin/colcon'), ('ROS_VERSION', '2'), ('PKG_CONFIG_PATH', '/usr/lib/x86_64-linux-gnu/pkgconfig:'), ('OPENSSL_CONF', '/etc/ssl/openssl_legacy.cnf'), ('TERM', 'xterm-256color'), ('ROS_LOCALHOST_ONLY', '0'), ('PATH', '/root/.vscode-server/data/User/globalStorage/github.copilot-chat/debugCommand:/root/.vscode-server/data/User/globalStorage/github.copilot-chat/copilotCli:/root/.vscode-server/bin/618725e67565b290ba4da6fe2d29f8fa1d4e3622/bin/remote-cli:/opt/ros/humble/bin:/usr/local/sbin:/usr/local/bin:/usr/sbin:/usr/bin:/sbin:/bin'), ('XDG_RUNTIME_DIR', '/run/user/1001'), ('REMOTE_CONTAINERS_SOCKETS', '["/root/.gnupg/S.gpg-agent"]'), ('DISPLAY', ':0'), ('LANG', 'C.UTF-8'), ('LS_COLORS', 'rs=0:di=01;34:ln=01;36:mh=00:pi=40;33:so=01;35:do=01;35:bd=40;33;01:cd=40;33;01:or=40;31;01:mi=00:su=37;41:sg=30;43:ca=30;41:tw=30;42:ow=34;42:st=37;44:ex=01;32:*.tar=01;31:*.tgz=01;31:*.arc=01;31:*.arj=01;31:*.taz=01;31:*.lha=01;31:*.lz4=01;31:*.lzh=01;31:*.lzma=01;31:*.tlz=01;31:*.txz=01;31:*.tzo=01;31:*.t7z=01;31:*.zip=01;31:*.z=01;31:*.dz=01;31:*.gz=01;31:*.lrz=01;31:*.lz=01;31:*.lzo=01;31:*.xz=01;31:*.zst=01;31:*.tzst=01;31:*.bz2=01;31:*.bz=01;31:*.tbz=01;31:*.tbz2=01;31:*.tz=01;31:*.deb=01;31:*.rpm=01;31:*.jar=01;31:*.war=01;31:*.ear=01;31:*.sar=01;31:*.rar=01;31:*.alz=01;31:*.ace=01;31:*.zoo=01;31:*.cpio=01;31:*.7z=01;31:*.rz=01;31:*.cab=01;31:*.wim=01;31:*.swm=01;31:*.dwm=01;31:*.esd=01;31:*.jpg=01;35:*.jpeg=01;35:*.mjpg=01;35:*.mjpeg=01;35:*.gif=01;35:*.bmp=01;35:*.pbm=01;35:*.pgm=01;35:*.ppm=01;35:*.tga=01;35:*.xbm=01;35:*.xpm=01;35:*.tif=01;35:*.tiff=01;35:*.png=01;35:*.svg=01;35:*.svgz=01;35:*.mng=01;35:*.pcx=01;35:*.mov=01;35:*.mpg=01;35:*.mpeg=01;35:*.m2v=01;35:*.mkv=01;35:*.webm=01;35:*.webp=01;35:*.ogm=01;35:*.mp4=01;35:*.m4v=01;35:*.mp4v=01;35:*.vob=01;35:*.qt=01;35:*.nuv=01;35:*.wmv=01;35:*.asf=01;35:*.rm=01;35:*.rmvb=01;35:*.flc=01;35:*.avi=01;35:*.fli=01;35:*.flv=01;35:*.gl=01;35:*.dl=01;35:*.xcf=01;35:*.xwd=01;35:*.yuv=01;35:*.cgm=01;35:*.emf=01;35:*.ogv=01;35:*.ogx=01;35:*.aac=00;36:*.au=00;36:*.flac=00;36:*.m4a=00;36:*.mid=00;36:*.midi=00;36:*.mka=00;36:*.mp3=00;36:*.mpc=00;36:*.ogg=00;36:*.ra=00;36:*.wav=00;36:*.oga=00;36:*.opus=00;36:*.spx=00;36:*.xspf=00;36:'), ('VSCODE_GIT_IPC_HANDLE', '/run/user/1001/vscode-git-84fad1f619.sock'), ('TERM_PROGRAM', 'vscode'), ('AMENT_PREFIX_PATH', '/opt/ros/humble'), ('DEBIAN_FRONTEND', 'noninteractive'), ('SHELL', '/bin/bash'), ('VSCODE_GIT_ASKPASS_EXTRA_ARGS', ''), ('PWD', '/root/ROS2_WEBRTC/rosgsthumble_ws/build/cpp_campub'), ('LC_ALL', 'C.UTF-8'), ('PYTHONPATH', '/opt/ros/humble/lib/python3.10/site-packages:/opt/ros/humble/local/lib/python3.10/dist-packages'), ('COLCON', '1'), ('CMAKE_PREFIX_PATH', '/opt/ros/humble')]), 'shell': False}
[0.099261] (-) TimerEvent: {}
[0.199548] (-) TimerEvent: {}
[0.299849] (-) TimerEvent: {}
[0.400128] (-) TimerEvent: {}
[0.500418] (-) TimerEvent: {}
[0.600730] (-) TimerEvent: {}
[0.701006] (-) TimerEvent: {}
[0.785234] (audio_msgs) StdoutLine: {'line': b'-- The C compiler identification is GNU 11.4.0\n'}
[0.786025] (cpp_campub) StdoutLine: {'line': b'-- The C compiler identification is GNU 11.4.0\n'}
[0.786167] (gst_msgs) StdoutLine: {'line': b'-- The C compiler identification is GNU 11.4.0\n'}
[0.801090] (-) TimerEvent: {}
[0.901356] (-) TimerEvent: {}
[0.971412] (audio_msgs) StdoutLine: {'line': b'-- The CXX compiler identification is GNU 11.4.0\n'}
[0.971659] (cpp_campub) StdoutLine: {'line': b'-- The CXX compiler identification is GNU 11.4.0\n'}
[0.972015] (gst_msgs) StdoutLine: {'line': b'-- The CXX compiler identification is GNU 11.4.0\n'}
[0.984393] (gst_msgs) StdoutLine: {'line': b'-- Detecting C compiler ABI info\n'}
[0.984543] (audio_msgs) StdoutLine: {'line': b'-- Detecting C compiler ABI info\n'}
[0.984683] (cpp_campub) StdoutLine: {'line': b'-- Detecting C compiler ABI info\n'}
[1.001423] (-) TimerEvent: {}
[1.081721] (cpp_campub) StdoutLine: {'line': b'-- Detecting C compiler ABI info - done\n'}
[1.081944] (gst_msgs) StdoutLine: {'line': b'-- Detecting C compiler ABI info - done\n'}
[1.082043] (audio_msgs) StdoutLine: {'line': b'-- Detecting C compiler ABI info - done\n'}
[1.086903] (gst_msgs) StdoutLine: {'line': b'-- Check for working C compiler: /usr/bin/cc - skipped\n'}
[1.087020] (cpp_campub) StdoutLine: {'line': b'-- Check for working C compiler: /usr/bin/cc - skipped\n'}
[1.087118] (audio_msgs) StdoutLine: {'line': b'-- Check for working C compiler: /usr/bin/cc - skipped\n'}
[1.087344] (audio_msgs) StdoutLine: {'line': b'-- Detecting C compile features\n'}
[1.087433] (gst_msgs) StdoutLine: {'line': b'-- Detecting C compile features\n'}
[1.087516] (cpp_campub) StdoutLine: {'line': b'-- Detecting C compile features\n'}
[1.088165] (audio_msgs) StdoutLine: {'line': b'-- Detecting C compile features - done\n'}
[1.088264] (cpp_campub) StdoutLine: {'line': b'-- Detecting C compile features - done\n'}
[1.088339] (gst_msgs) StdoutLine: {'line': b'-- Detecting C compile features - done\n'}
[1.091146] (audio_msgs) StdoutLine: {'line': b'-- Detecting CXX compiler ABI info\n'}
[1.091240] (gst_msgs) StdoutLine: {'line': b'-- Detecting CXX compiler ABI info\n'}
[1.091329] (cpp_campub) StdoutLine: {'line': b'-- Detecting CXX compiler ABI info\n'}
[1.101518] (-) TimerEvent: {}
[1.163622] (audio_msgs) StdoutLine: {'line': b'-- Detecting CXX compiler ABI info - done\n'}
[1.163849] (cpp_campub) StdoutLine: {'line': b'-- Detecting CXX compiler ABI info - done\n'}
[1.163948] (gst_msgs) StdoutLine: {'line': b'-- Detecting CXX compiler ABI info - done\n'}
[1.169101] (audio_msgs) StdoutLine: {'line': b'-- Check for working CXX compiler: /usr/bin/c++ - skipped\n'}
[1.169232] (cpp_campub) StdoutLine: {'line': b'-- Check for working CXX compiler: /usr/bin/c++ - skipped\n'}
[1.169334] (audio_msgs) StdoutLine: {'line': b'-- Detecting CXX compile features\n'}
[1.169456] (gst_msgs) StdoutLine: {'line': b'-- Check for working CXX compiler: /usr/bin/c++ - skipped\n'}
[1.169527] (cpp_campub) StdoutLine: {'line': b'-- Detecting CXX compile features\n'}
[1.169671] (gst_msgs) StdoutLine: {'line': b'-- Detecting CXX compile features\n'}
[1.169761] (audio_msgs) StdoutLine: {'line': b'-- Detecting CXX compile features - done\n'}
[1.169850] (cpp_campub) StdoutLine: {'line': b'-- Detecting CXX compile features - done\n'}
[1.170034] (gst_msgs) StdoutLine: {'line': b'-- Detecting CXX compile features - done\n'}
[1.179463] (cpp_campub) StdoutLine: {'line': b'-- Found ament_cmake: 1.3.12 (/opt/ros/humble/share/ament_cmake/cmake)\n'}
[1.179669] (gst_msgs) StdoutLine: {'line': b'-- Found ament_cmake: 1.3.12 (/opt/ros/humble/share/ament_cmake/cmake)\n'}
[1.179798] (audio_msgs) StdoutLine: {'line': b'-- Found ament_cmake: 1.3.12 (/opt/ros/humble/share/ament_cmake/cmake)\n'}
[1.201617] (-) TimerEvent: {}
[1.301908] (-) TimerEvent: {}
[1.304439] (audio_msgs) StdoutLine: {'line': b'-- Found Python3: /usr/bin/python3 (found version "3.10.12") found components: Interpreter \n'}
[1.304761] (cpp_campub) StdoutLine: {'line': b'-- Found Python3: /usr/bin/python3 (found version "3.10.12") found components: Interpreter \n'}
[1.304868] (gst_msgs) StdoutLine: {'line': b'-- Found Python3: /usr/bin/python3 (found version "3.10.12") found components: Interpreter \n'}
[1.367082] (cpp_campub) StdoutLine: {'line': b'-- Override CMake install command with custom implementation using symlinks instead of copying resources\n'}
[1.367262] (gst_msgs) StdoutLine: {'line': b'-- Override CMake install command with custom implementation using symlinks instead of copying resources\n'}
[1.367370] (audio_msgs) StdoutLine: {'line': b'-- Override CMake install command with custom implementation using symlinks instead of copying resources\n'}
[1.401997] (-) TimerEvent: {}
[1.414609] (gst_msgs) StdoutLine: {'line': b'-- Found std_msgs: 4.9.0 (/opt/ros/humble/share/std_msgs/cmake)\n'}
[1.414769] (audio_msgs) StdoutLine: {'line': b'-- Found std_msgs: 4.9.0 (/opt/ros/humble/share/std_msgs/cmake)\n'}
[1.419042] (cpp_campub) StdoutLine: {'line': b'-- Found rclcpp: 16.0.15 (/opt/ros/humble/share/rclcpp/cmake)\n'}
[1.491809] (audio_msgs) StdoutLine: {'line': b'-- Found rosidl_generator_c: 3.1.7 (/opt/ros/humble/share/rosidl_generator_c/cmake)\n'}
[1.491995] (cpp_campub) StdoutLine: {'line': b'-- Found rosidl_generator_c: 3.1.7 (/opt/ros/humble/share/rosidl_generator_c/cmake)\n'}
[1.492072] (gst_msgs) StdoutLine: {'line': b'-- Found rosidl_generator_c: 3.1.7 (/opt/ros/humble/share/rosidl_generator_c/cmake)\n'}
[1.502079] (-) TimerEvent: {}
[1.502467] (gst_msgs) StdoutLine: {'line': b'-- Found rosidl_adapter: 3.1.7 (/opt/ros/humble/share/rosidl_adapter/cmake)\n'}
[1.502591] (cpp_campub) StdoutLine: {'line': b'-- Found rosidl_adapter: 3.1.7 (/opt/ros/humble/share/rosidl_adapter/cmake)\n'}
[1.502660] (audio_msgs) StdoutLine: {'line': b'-- Found rosidl_adapter: 3.1.7 (/opt/ros/humble/share/rosidl_adapter/cmake)\n'}
[1.515383] (cpp_campub) StdoutLine: {'line': b'-- Found rosidl_generator_cpp: 3.1.7 (/opt/ros/humble/share/rosidl_generator_cpp/cmake)\n'}
[1.515575] (audio_msgs) StdoutLine: {'line': b'-- Found rosidl_generator_cpp: 3.1.7 (/opt/ros/humble/share/rosidl_generator_cpp/cmake)\n'}
[1.515711] (gst_msgs) StdoutLine: {'line': b'-- Found rosidl_generator_cpp: 3.1.7 (/opt/ros/humble/share/rosidl_generator_cpp/cmake)\n'}
[1.533598] (audio_msgs) StdoutLine: {'line': b'-- Using all available rosidl_typesupport_c: rosidl_typesupport_fastrtps_c;rosidl_typesupport_introspection_c\n'}
[1.533839] (cpp_campub) StdoutLine: {'line': b'-- Using all available rosidl_typesupport_c: rosidl_typesupport_fastrtps_c;rosidl_typesupport_introspection_c\n'}
[1.533919] (gst_msgs) StdoutLine: {'line': b'-- Using all available rosidl_typesupport_c: rosidl_typesupport_fastrtps_c;rosidl_typesupport_introspection_c\n'}
[1.556509] (audio_msgs) StdoutLine: {'line': b'-- Using all available rosidl_typesupport_cpp: rosidl_typesupport_fastrtps_cpp;rosidl_typesupport_introspection_cpp\n'}
[1.556742] (cpp_campub) StdoutLine: {'line': b'-- Using all available rosidl_typesupport_cpp: rosidl_typesupport_fastrtps_cpp;rosidl_typesupport_introspection_cpp\n'}
[1.556825] (gst_msgs) StdoutLine: {'line': b'-- Using all available rosidl_typesupport_cpp: rosidl_typesupport_fastrtps_cpp;rosidl_typesupport_introspection_cpp\n'}
[1.595900] (gst_msgs) StdoutLine: {'line': b'-- Found rosidl_default_generators: 1.2.0 (/opt/ros/humble/share/rosidl_default_generators/cmake)\n'}
[1.596108] (audio_msgs) StdoutLine: {'line': b'-- Found sensor_msgs: 4.9.0 (/opt/ros/humble/share/sensor_msgs/cmake)\n'}
[1.602157] (-) TimerEvent: {}
[1.631351] (cpp_campub) StdoutLine: {'line': b'-- Found rmw_implementation_cmake: 6.1.2 (/opt/ros/humble/share/rmw_implementation_cmake/cmake)\n'}
[1.636194] (cpp_campub) StdoutLine: {'line': b'-- Found rmw_fastrtps_cpp: 6.2.9 (/opt/ros/humble/share/rmw_fastrtps_cpp/cmake)\n'}
[1.639342] (audio_msgs) StdoutLine: {'line': b'-- Found rosidl_default_generators: 1.2.0 (/opt/ros/humble/share/rosidl_default_generators/cmake)\n'}
[1.702251] (-) TimerEvent: {}
[1.802497] (-) TimerEvent: {}
[1.855612] (cpp_campub) StdoutLine: {'line': b'-- Found OpenSSL: /usr/lib/x86_64-linux-gnu/libcrypto.so (found version "3.0.2")  \n'}
[1.888319] (cpp_campub) StdoutLine: {'line': b'-- Found FastRTPS: /opt/ros/humble/include  \n'}
[1.902591] (-) TimerEvent: {}
[1.924849] (audio_msgs) StdoutLine: {'line': b'-- Found ament_cmake_ros: 0.10.0 (/opt/ros/humble/share/ament_cmake_ros/cmake)\n'}
[1.938427] (cpp_campub) StdoutLine: {'line': b"-- Using RMW implementation 'rmw_fastrtps_cpp' as default\n"}
[1.946471] (gst_msgs) StdoutLine: {'line': b'-- Found ament_cmake_ros: 0.10.0 (/opt/ros/humble/share/ament_cmake_ros/cmake)\n'}
[1.951292] (cpp_campub) StdoutLine: {'line': b'-- Looking for pthread.h\n'}
[2.002676] (-) TimerEvent: {}
[2.056469] (cpp_campub) StdoutLine: {'line': b'-- Looking for pthread.h - found\n'}
[2.056877] (cpp_campub) StdoutLine: {'line': b'-- Performing Test CMAKE_HAVE_LIBC_PTHREAD\n'}
[2.102774] (-) TimerEvent: {}
[2.196755] (cpp_campub) StdoutLine: {'line': b'-- Performing Test CMAKE_HAVE_LIBC_PTHREAD - Success\n'}
[2.197631] (cpp_campub) StdoutLine: {'line': b'-- Found Threads: TRUE  \n'}
[2.202863] (-) TimerEvent: {}
[2.260315] (cpp_campub) StdoutLine: {'line': b'-- Found sensor_msgs: 4.9.0 (/opt/ros/humble/share/sensor_msgs/cmake)\n'}
[2.287637] (cpp_campub) StdoutLine: {'line': b'-- Found cv_bridge: 3.2.1 (/opt/ros/humble/share/cv_bridge/cmake)\n'}
[2.301461] (audio_msgs) StdoutLine: {'line': b'-- Using all available rosidl_typesupport_c: rosidl_typesupport_fastrtps_c;rosidl_typesupport_introspection_c\n'}
[2.302493] (gst_msgs) StdoutLine: {'line': b'-- Using all available rosidl_typesupport_c: rosidl_typesupport_fastrtps_c;rosidl_typesupport_introspection_c\n'}
[2.302917] (-) TimerEvent: {}
[2.314103] (cpp_campub) StdoutLine: {'line': b'-- Found OpenCV: /usr (found version "4.5.4") \n'}
[2.372764] (cpp_campub) StdoutLine: {'line': b'-- Configuring done\n'}
[2.386860] (cpp_campub) StdoutLine: {'line': b'-- Generating done\n'}
[2.403017] (-) TimerEvent: {}
[2.405091] (cpp_campub) StdoutLine: {'line': b'-- Build files have been written to: /root/ROS2_WEBRTC/rosgsthumble_ws/build/cpp_campub\n'}
[2.416748] (gst_msgs) StdoutLine: {'line': b'-- Using all available rosidl_typesupport_cpp: rosidl_typesupport_fastrtps_cpp;rosidl_typesupport_introspection_cpp\n'}
[2.416962] (audio_msgs) StdoutLine: {'line': b'-- Using all available rosidl_typesupport_cpp: rosidl_typesupport_fastrtps_cpp;rosidl_typesupport_introspection_cpp\n'}
[2.418064] (cpp_campub) CommandEnded: {'returncode': 0}
[2.418512] (cpp_campub) JobProgress: {'identifier': 'cpp_campub', 'progress': 'build'}
[2.419257] (cpp_campub) Command: {'cmd': ['/usr/bin/cmake', '--build', '/root/ROS2_WEBRTC/rosgsthumble_ws/build/cpp_campub', '--', '-j12', '-l12'], 'cwd': '/root/ROS2_WEBRTC/rosgsthumble_ws/build/cpp_campub', 'env': OrderedDict([('HOSTNAME', 'DuquedeCaixias'), ('GIT_ASKPASS', '/root/.vscode-server/bin/618725e67565b290ba4da6fe2d29f8fa1d4e3622/extensions/git/dist/askpass.sh'), ('SHLVL', '2'), ('LD_LIBRARY_PATH', '/usr/lib/x86_64-linux-gnu/gazebo-11/plugins:/opt/ros/humble/opt/rviz_ogre_vendor/lib:/opt/ros/humble/lib/x86_64-linux-gnu:/opt/ros/humble/lib'), ('BROWSER', '/root/.vscode-server/bin/618725e67565b290ba4da6fe2d29f8fa1d4e3622/bin/helpers/browser.sh'), ('HOME', '/root'), ('TERM_PROGRAM_VERSION', '1.107.0'), ('PIPEWIRE_RUNTIME_DIR', '/run/user/1001'), ('VSCODE_IPC_HOOK_CLI', '/run/user/1001/vscode-ipc-68058f33-30f0-4307-9342-81328915a75d.sock'), ('ROS_PYTHON_VERSION', '3'), ('VSCODE_GIT_ASKPASS_MAIN', '/root/.vscode-server/bin/618725e67565b290ba4da6fe2d29f8fa1d4e3622/extensions/git/dist/askpass-main.js'), ('VSCODE_GIT_ASKPASS_NODE', '/root/.vscode-server/bin/618725e67565b290ba4da6fe2d29f8fa1d4e3622/node'), ('VSCODE_PYTHON_AUTOACTIVATE_GUARD', '1'), ('COLORTERM', 'truecolor'), ('REMOTE_CONTAINERS', 'true'), ('DEBUGINFOD_URLS', ''), ('WAYLAND_DISPLAY', 'wayland-0'), ('ROS_DISTRO', 'humble'), ('REMOTE_CONTAINERS_IPC', '/tmp/vscode-remote-containers-ipc-4d2d4b98-497d-4534-a764-ab857881c228.sock'), ('_', '/usr/bin/colcon'), ('ROS_VERSION', '2'), ('PKG_CONFIG_PATH', '/usr/lib/x86_64-linux-gnu/pkgconfig:'), ('OPENSSL_CONF', '/etc/ssl/openssl_legacy.cnf'), ('TERM', 'xterm-256color'), ('ROS_LOCALHOST_ONLY', '0'), ('PATH', '/root/.vscode-server/data/User/globalStorage/github.copilot-chat/debugCommand:/root/.vscode-server/data/User/globalStorage/github.copilot-chat/copilotCli:/root/.vscode-server/bin/618725e67565b290ba4da6fe2d29f8fa1d4e3622/bin/remote-cli:/opt/ros/humble/bin:/usr/local/sbin:/usr/local/bin:/usr/sbin:/usr/bin:/sbin:/bin'), ('XDG_RUNTIME_DIR', '/run/user/1001'), ('REMOTE_CONTAINERS_SOCKETS', '["/root/.gnupg/S.gpg-agent"]'), ('DISPLAY', ':0'), ('LANG', 'C.UTF-8'), ('LS_COLORS', 'rs=0:di=01;34:ln=01;36:mh=00:pi=40;33:so=01;35:do=01;35:bd=40;33;01:cd=40;33;01:or=40;31;01:mi=00:su=37;41:sg=30;43:ca=30;41:tw=30;42:ow=34;42:st=37;44:ex=01;32:*.tar=01;31:*.tgz=01;31:*.arc=01;31:*.arj=01;31:*.taz=01;31:*.lha=01;31:*.lz4=01;31:*.lzh=01;31:*.lzma=01;31:*.tlz=01;31:*.txz=01;31:*.tzo=01;31:*.t7z=01;31:*.zip=01;31:*.z=01;31:*.dz=01;31:*.gz=01;31:*.lrz=01;31:*.lz=01;31:*.lzo=01;31:*.xz=01;31:*.zst=01;31:*.tzst=01;31:*.bz2=01;31:*.bz=01;31:*.tbz=01;31:*.tbz2=01;31:*.tz=01;31:*.deb=01;31:*.rpm=01;31:*.jar=01;31:*.war=01;31:*.ear=01;31:*.sar=01;31:*.rar=01;31:*.alz=01;31:*.ace=01;31:*.zoo=01;31:*.cpio=01;31:*.7z=01;31:*.rz=01;31:*.cab=01;31:*.wim=01;31:*.swm=01;31:*.dwm=01;31:*.esd=01;31:*.jpg=01;35:*.jpeg=01;35:*.mjpg=01;35:*.mjpeg=01;35:*.gif=01;35:*.bmp=01;35:*.pbm=01;35:*.pgm=01;35:*.ppm=01;35:*.tga=01;35:*.xbm=01;35:*.xpm=01;35:*.tif=01;35:*.tiff=01;35:*.png=01;35:*.svg=01;35:*.svgz=01;35:*.mng=01;35:*.pcx=01;35:*.mov=01;35:*.mpg=01;35:*.mpeg=01;35:*.m2v=01;35:*.mkv=01;35:*.webm=01;35:*.webp=01;35:*.ogm=01;35:*.mp4=01;35:*.m4v=01;35:*.mp4v=01;35:*.vob=01;35:*.qt=01;35:*.nuv=01;35:*.wmv=01;35:*.asf=01;35:*.rm=01;35:*.rmvb=01;35:*.flc=01;35:*.avi=01;35:*.fli=01;35:*.flv=01;35:*.gl=01;35:*.dl=01;35:*.xcf=01;35:*.xwd=01;35:*.yuv=01;35:*.cgm=01;35:*.emf=01;35:*.ogv=01;35:*.ogx=01;35:*.aac=00;36:*.au=00;36:*.flac=00;36:*.m4a=00;36:*.mid=00;36:*.midi=00;36:*.mka=00;36:*.mp3=00;36:*.mpc=00;36:*.ogg=00;36:*.ra=00;36:*.wav=00;36:*.oga=00;36:*.opus=00;36:*.spx=00;36:*.xspf=00;36:'), ('VSCODE_GIT_IPC_HANDLE', '/run/user/1001/vscode-git-84fad1f619.sock'), ('TERM_PROGRAM', 'vscode'), ('AMENT_PREFIX_PATH', '/opt/ros/humble'), ('DEBIAN_FRONTEND', 'noninteractive'), ('SHELL', '/bin/bash'), ('VSCODE_GIT_ASKPASS_EXTRA_ARGS', ''), ('PWD', '/root/ROS2_WEBRTC/rosgsthumble_ws/build/cpp_campub'), ('LC_ALL', 'C.UTF-8'), ('PYTHONPATH', '/opt/ros/humble/lib/python3.10/site-packages:/opt/ros/humble/local/lib/python3.10/dist-packages'), ('COLCON', '1'), ('CMAKE_PREFIX_PATH', '/opt/ros/humble')]), 'shell': False}
[2.435237] (audio_msgs) StdoutLine: {'line': b'-- Found PythonInterp: /usr/bin/python3 (found suitable version "3.10.12", minimum required is "3.6") \n'}
[2.435462] (gst_msgs) StdoutLine: {'line': b'-- Found PythonInterp: /usr/bin/python3 (found suitable version "3.10.12", minimum required is "3.6") \n'}
[2.438010] (gst_msgs) StdoutLine: {'line': b'-- Found python_cmake_module: 0.10.0 (/opt/ros/humble/share/python_cmake_module/cmake)\n'}
[2.438128] (audio_msgs) StdoutLine: {'line': b'-- Found python_cmake_module: 0.10.0 (/opt/ros/humble/share/python_cmake_module/cmake)\n'}
[2.463086] (cpp_campub) StdoutLine: {'line': b'[ 50%] \x1b[32mBuilding CXX object CMakeFiles/camera_publisher.dir/src/camera_publisher.cpp.o\x1b[0m\n'}
[2.468824] (audio_msgs) StdoutLine: {'line': b'-- Found PythonLibs: /usr/lib/x86_64-linux-gnu/libpython3.10.so (found suitable version "3.10.12", minimum required is "3.5") \n'}
[2.469038] (audio_msgs) StdoutLine: {'line': b'-- Using PYTHON_EXECUTABLE: /usr/bin/python3\n'}
[2.469125] (audio_msgs) StdoutLine: {'line': b'-- Using PYTHON_INCLUDE_DIRS: /usr/include/python3.10\n'}
[2.469192] (audio_msgs) StdoutLine: {'line': b'-- Using PYTHON_LIBRARIES: /usr/lib/x86_64-linux-gnu/libpython3.10.so\n'}
[2.469292] (gst_msgs) StdoutLine: {'line': b'-- Found PythonLibs: /usr/lib/x86_64-linux-gnu/libpython3.10.so (found suitable version "3.10.12", minimum required is "3.5") \n'}
[2.469402] (gst_msgs) StdoutLine: {'line': b'-- Using PYTHON_EXECUTABLE: /usr/bin/python3\n'}
[2.469469] (gst_msgs) StdoutLine: {'line': b'-- Using PYTHON_INCLUDE_DIRS: /usr/include/python3.10\n'}
[2.469534] (gst_msgs) StdoutLine: {'line': b'-- Using PYTHON_LIBRARIES: /usr/lib/x86_64-linux-gnu/libpython3.10.so\n'}
[2.485472] (audio_msgs) StdoutLine: {'line': b'-- Found PythonExtra: .so  \n'}
[2.486033] (gst_msgs) StdoutLine: {'line': b'-- Found PythonExtra: .so  \n'}
[2.503090] (-) TimerEvent: {}
[2.536476] (audio_msgs) StdoutLine: {'line': b'-- Found ament_lint_auto: 0.12.14 (/opt/ros/humble/share/ament_lint_auto/cmake)\n'}
[2.536668] (gst_msgs) StdoutLine: {'line': b'-- Found ament_lint_auto: 0.12.14 (/opt/ros/humble/share/ament_lint_auto/cmake)\n'}
[2.588479] (gst_msgs) StdoutLine: {'line': b"-- Added test 'copyright' to check source files copyright and LICENSE\n"}
[2.588689] (audio_msgs) StdoutLine: {'line': b"-- Added test 'copyright' to check source files copyright and LICENSE\n"}
[2.590752] (audio_msgs) StdoutLine: {'line': b"-- Added test 'lint_cmake' to check CMake code style\n"}
[2.590890] (gst_msgs) StdoutLine: {'line': b"-- Added test 'lint_cmake' to check CMake code style\n"}
[2.592148] (audio_msgs) StdoutLine: {'line': b"-- Added test 'xmllint' to check XML markup files\n"}
[2.592288] (gst_msgs) StdoutLine: {'line': b"-- Added test 'xmllint' to check XML markup files\n"}
[2.595239] (audio_msgs) StdoutLine: {'line': b'-- Configuring done\n'}
[2.595390] (gst_msgs) StdoutLine: {'line': b'-- Configuring done\n'}
[2.603174] (-) TimerEvent: {}
[2.625879] (audio_msgs) StdoutLine: {'line': b'-- Generating done\n'}
[2.634279] (gst_msgs) StdoutLine: {'line': b'-- Generating done\n'}
[2.634812] (audio_msgs) StdoutLine: {'line': b'-- Build files have been written to: /root/ROS2_WEBRTC/rosgsthumble_ws/build/audio_msgs\n'}
[2.644472] (audio_msgs) CommandEnded: {'returncode': 0}
[2.644901] (audio_msgs) JobProgress: {'identifier': 'audio_msgs', 'progress': 'build'}
[2.645249] (audio_msgs) Command: {'cmd': ['/usr/bin/cmake', '--build', '/root/ROS2_WEBRTC/rosgsthumble_ws/build/audio_msgs', '--', '-j12', '-l12'], 'cwd': '/root/ROS2_WEBRTC/rosgsthumble_ws/build/audio_msgs', 'env': OrderedDict([('HOSTNAME', 'DuquedeCaixias'), ('GIT_ASKPASS', '/root/.vscode-server/bin/618725e67565b290ba4da6fe2d29f8fa1d4e3622/extensions/git/dist/askpass.sh'), ('SHLVL', '2'), ('LD_LIBRARY_PATH', '/usr/lib/x86_64-linux-gnu/gazebo-11/plugins:/opt/ros/humble/opt/rviz_ogre_vendor/lib:/opt/ros/humble/lib/x86_64-linux-gnu:/opt/ros/humble/lib'), ('BROWSER', '/root/.vscode-server/bin/618725e67565b290ba4da6fe2d29f8fa1d4e3622/bin/helpers/browser.sh'), ('HOME', '/root'), ('TERM_PROGRAM_VERSION', '1.107.0'), ('PIPEWIRE_RUNTIME_DIR', '/run/user/1001'), ('VSCODE_IPC_HOOK_CLI', '/run/user/1001/vscode-ipc-68058f33-30f0-4307-9342-81328915a75d.sock'), ('ROS_PYTHON_VERSION', '3'), ('VSCODE_GIT_ASKPASS_MAIN', '/root/.vscode-server/bin/618725e67565b290ba4da6fe2d29f8fa1d4e3622/extensions/git/dist/askpass-main.js'), ('VSCODE_GIT_ASKPASS_NODE', '/root/.vscode-server/bin/618725e67565b290ba4da6fe2d29f8fa1d4e3622/node'), ('VSCODE_PYTHON_AUTOACTIVATE_GUARD', '1'), ('COLORTERM', 'truecolor'), ('REMOTE_CONTAINERS', 'true'), ('DEBUGINFOD_URLS', ''), ('WAYLAND_DISPLAY', 'wayland-0'), ('ROS_DISTRO', 'humble'), ('REMOTE_CONTAINERS_IPC', '/tmp/vscode-remote-containers-ipc-4d2d4b98-497d-4534-a764-ab857881c228.sock'), ('_', '/usr/bin/colcon'), ('ROS_VERSION', '2'), ('PKG_CONFIG_PATH', '/usr/lib/x86_64-linux-gnu/pkgconfig:'), ('OPENSSL_CONF', '/etc/ssl/openssl_legacy.cnf'), ('TERM', 'xterm-256color'), ('ROS_LOCALHOST_ONLY', '0'), ('PATH', '/root/.vscode-server/data/User/globalStorage/github.copilot-chat/debugCommand:/root/.vscode-server/data/User/globalStorage/github.copilot-chat/copilotCli:/root/.vscode-server/bin/618725e67565b290ba4da6fe2d29f8fa1d4e3622/bin/remote-cli:/opt/ros/humble/bin:/usr/local/sbin:/usr/local/bin:/usr/sbin:/usr/bin:/sbin:/bin'), ('XDG_RUNTIME_DIR', '/run/user/1001'), ('REMOTE_CONTAINERS_SOCKETS', '["/root/.gnupg/S.gpg-agent"]'), ('DISPLAY', ':0'), ('LANG', 'C.UTF-8'), ('LS_COLORS', 'rs=0:di=01;34:ln=01;36:mh=00:pi=40;33:so=01;35:do=01;35:bd=40;33;01:cd=40;33;01:or=40;31;01:mi=00:su=37;41:sg=30;43:ca=30;41:tw=30;42:ow=34;42:st=37;44:ex=01;32:*.tar=01;31:*.tgz=01;31:*.arc=01;31:*.arj=01;31:*.taz=01;31:*.lha=01;31:*.lz4=01;31:*.lzh=01;31:*.lzma=01;31:*.tlz=01;31:*.txz=01;31:*.tzo=01;31:*.t7z=01;31:*.zip=01;31:*.z=01;31:*.dz=01;31:*.gz=01;31:*.lrz=01;31:*.lz=01;31:*.lzo=01;31:*.xz=01;31:*.zst=01;31:*.tzst=01;31:*.bz2=01;31:*.bz=01;31:*.tbz=01;31:*.tbz2=01;31:*.tz=01;31:*.deb=01;31:*.rpm=01;31:*.jar=01;31:*.war=01;31:*.ear=01;31:*.sar=01;31:*.rar=01;31:*.alz=01;31:*.ace=01;31:*.zoo=01;31:*.cpio=01;31:*.7z=01;31:*.rz=01;31:*.cab=01;31:*.wim=01;31:*.swm=01;31:*.dwm=01;31:*.esd=01;31:*.jpg=01;35:*.jpeg=01;35:*.mjpg=01;35:*.mjpeg=01;35:*.gif=01;35:*.bmp=01;35:*.pbm=01;35:*.pgm=01;35:*.ppm=01;35:*.tga=01;35:*.xbm=01;35:*.xpm=01;35:*.tif=01;35:*.tiff=01;35:*.png=01;35:*.svg=01;35:*.svgz=01;35:*.mng=01;35:*.pcx=01;35:*.mov=01;35:*.mpg=01;35:*.mpeg=01;35:*.m2v=01;35:*.mkv=01;35:*.webm=01;35:*.webp=01;35:*.ogm=01;35:*.mp4=01;35:*.m4v=01;35:*.mp4v=01;35:*.vob=01;35:*.qt=01;35:*.nuv=01;35:*.wmv=01;35:*.asf=01;35:*.rm=01;35:*.rmvb=01;35:*.flc=01;35:*.avi=01;35:*.fli=01;35:*.flv=01;35:*.gl=01;35:*.dl=01;35:*.xcf=01;35:*.xwd=01;35:*.yuv=01;35:*.cgm=01;35:*.emf=01;35:*.ogv=01;35:*.ogx=01;35:*.aac=00;36:*.au=00;36:*.flac=00;36:*.m4a=00;36:*.mid=00;36:*.midi=00;36:*.mka=00;36:*.mp3=00;36:*.mpc=00;36:*.ogg=00;36:*.ra=00;36:*.wav=00;36:*.oga=00;36:*.opus=00;36:*.spx=00;36:*.xspf=00;36:'), ('VSCODE_GIT_IPC_HANDLE', '/run/user/1001/vscode-git-84fad1f619.sock'), ('TERM_PROGRAM', 'vscode'), ('AMENT_PREFIX_PATH', '/opt/ros/humble'), ('DEBIAN_FRONTEND', 'noninteractive'), ('SHELL', '/bin/bash'), ('VSCODE_GIT_ASKPASS_EXTRA_ARGS', ''), ('PWD', '/root/ROS2_WEBRTC/rosgsthumble_ws/build/audio_msgs'), ('LC_ALL', 'C.UTF-8'), ('PYTHONPATH', '/opt/ros/humble/lib/python3.10/site-packages:/opt/ros/humble/local/lib/python3.10/dist-packages'), ('COLCON', '1'), ('CMAKE_PREFIX_PATH', '/opt/ros/humble')]), 'shell': False}
[2.679447] (audio_msgs) StdoutLine: {'line': b'[  3%] \x1b[34m\x1b[1mGenerating C code for ROS interfaces\x1b[0m\n'}
[2.687575] (audio_msgs) StdoutLine: {'line': b'[  6%] \x1b[34m\x1b[1mGenerating C++ code for ROS interfaces\x1b[0m\n'}
[2.694043] (audio_msgs) StdoutLine: {'line': b'[  6%] Built target ament_cmake_python_symlink_audio_msgs\n'}
[2.703270] (-) TimerEvent: {}
[2.803544] (-) TimerEvent: {}
[2.866128] (audio_msgs) StdoutLine: {'line': b'running egg_info\n'}
[2.866580] (audio_msgs) StdoutLine: {'line': b'creating audio_msgs.egg-info\n'}
[2.866713] (audio_msgs) StdoutLine: {'line': b'writing audio_msgs.egg-info/PKG-INFO\n'}
[2.866849] (audio_msgs) StdoutLine: {'line': b'writing dependency_links to audio_msgs.egg-info/dependency_links.txt\n'}
[2.866977] (audio_msgs) StdoutLine: {'line': b'writing top-level names to audio_msgs.egg-info/top_level.txt\n'}
[2.867098] (audio_msgs) StdoutLine: {'line': b"writing manifest file 'audio_msgs.egg-info/SOURCES.txt'\n"}
[2.869131] (audio_msgs) StdoutLine: {'line': b"reading manifest file 'audio_msgs.egg-info/SOURCES.txt'\n"}
[2.869483] (audio_msgs) StdoutLine: {'line': b"writing manifest file 'audio_msgs.egg-info/SOURCES.txt'\n"}
[2.893282] (audio_msgs) StdoutLine: {'line': b'[  6%] Built target ament_cmake_python_build_audio_msgs_egg\n'}
[2.903590] (-) TimerEvent: {}
[3.003815] (-) TimerEvent: {}
[3.104129] (-) TimerEvent: {}
[3.204423] (-) TimerEvent: {}
[3.234318] (gst_msgs) StdoutLine: {'line': b'-- Build files have been written to: /root/ROS2_WEBRTC/rosgsthumble_ws/build/gst_msgs\n'}
[3.240642] (gst_msgs) CommandEnded: {'returncode': 0}
[3.241057] (gst_msgs) JobProgress: {'identifier': 'gst_msgs', 'progress': 'build'}
[3.241407] (gst_msgs) Command: {'cmd': ['/usr/bin/cmake', '--build', '/root/ROS2_WEBRTC/rosgsthumble_ws/build/gst_msgs', '--', '-j12', '-l12'], 'cwd': '/root/ROS2_WEBRTC/rosgsthumble_ws/build/gst_msgs', 'env': OrderedDict([('HOSTNAME', 'DuquedeCaixias'), ('GIT_ASKPASS', '/root/.vscode-server/bin/618725e67565b290ba4da6fe2d29f8fa1d4e3622/extensions/git/dist/askpass.sh'), ('SHLVL', '2'), ('LD_LIBRARY_PATH', '/usr/lib/x86_64-linux-gnu/gazebo-11/plugins:/opt/ros/humble/opt/rviz_ogre_vendor/lib:/opt/ros/humble/lib/x86_64-linux-gnu:/opt/ros/humble/lib'), ('BROWSER', '/root/.vscode-server/bin/618725e67565b290ba4da6fe2d29f8fa1d4e3622/bin/helpers/browser.sh'), ('HOME', '/root'), ('TERM_PROGRAM_VERSION', '1.107.0'), ('PIPEWIRE_RUNTIME_DIR', '/run/user/1001'), ('VSCODE_IPC_HOOK_CLI', '/run/user/1001/vscode-ipc-68058f33-30f0-4307-9342-81328915a75d.sock'), ('ROS_PYTHON_VERSION', '3'), ('VSCODE_GIT_ASKPASS_MAIN', '/root/.vscode-server/bin/618725e67565b290ba4da6fe2d29f8fa1d4e3622/extensions/git/dist/askpass-main.js'), ('VSCODE_GIT_ASKPASS_NODE', '/root/.vscode-server/bin/618725e67565b290ba4da6fe2d29f8fa1d4e3622/node'), ('VSCODE_PYTHON_AUTOACTIVATE_GUARD', '1'), ('COLORTERM', 'truecolor'), ('REMOTE_CONTAINERS', 'true'), ('DEBUGINFOD_URLS', ''), ('WAYLAND_DISPLAY', 'wayland-0'), ('ROS_DISTRO', 'humble'), ('REMOTE_CONTAINERS_IPC', '/tmp/vscode-remote-containers-ipc-4d2d4b98-497d-4534-a764-ab857881c228.sock'), ('_', '/usr/bin/colcon'), ('ROS_VERSION', '2'), ('PKG_CONFIG_PATH', '/usr/lib/x86_64-linux-gnu/pkgconfig:'), ('OPENSSL_CONF', '/etc/ssl/openssl_legacy.cnf'), ('TERM', 'xterm-256color'), ('ROS_LOCALHOST_ONLY', '0'), ('PATH', '/root/.vscode-server/data/User/globalStorage/github.copilot-chat/debugCommand:/root/.vscode-server/data/User/globalStorage/github.copilot-chat/copilotCli:/root/.vscode-server/bin/618725e67565b290ba4da6fe2d29f8fa1d4e3622/bin/remote-cli:/opt/ros/humble/bin:/usr/local/sbin:/usr/local/bin:/usr/sbin:/usr/bin:/sbin:/bin'), ('XDG_RUNTIME_DIR', '/run/user/1001'), ('REMOTE_CONTAINERS_SOCKETS', '["/root/.gnupg/S.gpg-agent"]'), ('DISPLAY', ':0'), ('LANG', 'C.UTF-8'), ('LS_COLORS', 'rs=0:di=01;34:ln=01;36:mh=00:pi=40;33:so=01;35:do=01;35:bd=40;33;01:cd=40;33;01:or=40;31;01:mi=00:su=37;41:sg=30;43:ca=30;41:tw=30;42:ow=34;42:st=37;44:ex=01;32:*.tar=01;31:*.tgz=01;31:*.arc=01;31:*.arj=01;31:*.taz=01;31:*.lha=01;31:*.lz4=01;31:*.lzh=01;31:*.lzma=01;31:*.tlz=01;31:*.txz=01;31:*.tzo=01;31:*.t7z=01;31:*.zip=01;31:*.z=01;31:*.dz=01;31:*.gz=01;31:*.lrz=01;31:*.lz=01;31:*.lzo=01;31:*.xz=01;31:*.zst=01;31:*.tzst=01;31:*.bz2=01;31:*.bz=01;31:*.tbz=01;31:*.tbz2=01;31:*.tz=01;31:*.deb=01;31:*.rpm=01;31:*.jar=01;31:*.war=01;31:*.ear=01;31:*.sar=01;31:*.rar=01;31:*.alz=01;31:*.ace=01;31:*.zoo=01;31:*.cpio=01;31:*.7z=01;31:*.rz=01;31:*.cab=01;31:*.wim=01;31:*.swm=01;31:*.dwm=01;31:*.esd=01;31:*.jpg=01;35:*.jpeg=01;35:*.mjpg=01;35:*.mjpeg=01;35:*.gif=01;35:*.bmp=01;35:*.pbm=01;35:*.pgm=01;35:*.ppm=01;35:*.tga=01;35:*.xbm=01;35:*.xpm=01;35:*.tif=01;35:*.tiff=01;35:*.png=01;35:*.svg=01;35:*.svgz=01;35:*.mng=01;35:*.pcx=01;35:*.mov=01;35:*.mpg=01;35:*.mpeg=01;35:*.m2v=01;35:*.mkv=01;35:*.webm=01;35:*.webp=01;35:*.ogm=01;35:*.mp4=01;35:*.m4v=01;35:*.mp4v=01;35:*.vob=01;35:*.qt=01;35:*.nuv=01;35:*.wmv=01;35:*.asf=01;35:*.rm=01;35:*.rmvb=01;35:*.flc=01;35:*.avi=01;35:*.fli=01;35:*.flv=01;35:*.gl=01;35:*.dl=01;35:*.xcf=01;35:*.xwd=01;35:*.yuv=01;35:*.cgm=01;35:*.emf=01;35:*.ogv=01;35:*.ogx=01;35:*.aac=00;36:*.au=00;36:*.flac=00;36:*.m4a=00;36:*.mid=00;36:*.midi=00;36:*.mka=00;36:*.mp3=00;36:*.mpc=00;36:*.ogg=00;36:*.ra=00;36:*.wav=00;36:*.oga=00;36:*.opus=00;36:*.spx=00;36:*.xspf=00;36:'), ('VSCODE_GIT_IPC_HANDLE', '/run/user/1001/vscode-git-84fad1f619.sock'), ('TERM_PROGRAM', 'vscode'), ('AMENT_PREFIX_PATH', '/opt/ros/humble'), ('DEBIAN_FRONTEND', 'noninteractive'), ('SHELL', '/bin/bash'), ('VSCODE_GIT_ASKPASS_EXTRA_ARGS', ''), ('PWD', '/root/ROS2_WEBRTC/rosgsthumble_ws/build/gst_msgs'), ('LC_ALL', 'C.UTF-8'), ('PYTHONPATH', '/opt/ros/humble/lib/python3.10/site-packages:/opt/ros/humble/local/lib/python3.10/dist-packages'), ('COLCON', '1'), ('CMAKE_PREFIX_PATH', '/opt/ros/humble')]), 'shell': False}
[3.277780] (gst_msgs) StdoutLine: {'line': b'[  1%] \x1b[34m\x1b[1mGenerating C code for ROS interfaces\x1b[0m\n'}
[3.285708] (gst_msgs) StdoutLine: {'line': b'[  2%] \x1b[34m\x1b[1mGenerating C++ code for ROS interfaces\x1b[0m\n'}
[3.292403] (gst_msgs) StdoutLine: {'line': b'[  2%] Built target ament_cmake_python_symlink_gst_msgs\n'}
[3.304516] (-) TimerEvent: {}
[3.404807] (-) TimerEvent: {}
[3.471808] (gst_msgs) StdoutLine: {'line': b'running egg_info\n'}
[3.472271] (gst_msgs) StdoutLine: {'line': b'creating gst_msgs.egg-info\n'}
[3.472408] (gst_msgs) StdoutLine: {'line': b'writing gst_msgs.egg-info/PKG-INFO\n'}
[3.472527] (gst_msgs) StdoutLine: {'line': b'writing dependency_links to gst_msgs.egg-info/dependency_links.txt\n'}
[3.472665] (gst_msgs) StdoutLine: {'line': b'writing top-level names to gst_msgs.egg-info/top_level.txt\n'}
[3.472775] (gst_msgs) StdoutLine: {'line': b"writing manifest file 'gst_msgs.egg-info/SOURCES.txt'\n"}
[3.474170] (gst_msgs) StdoutLine: {'line': b"reading manifest file 'gst_msgs.egg-info/SOURCES.txt'\n"}
[3.474518] (gst_msgs) StdoutLine: {'line': b"writing manifest file 'gst_msgs.egg-info/SOURCES.txt'\n"}
[3.499411] (gst_msgs) StdoutLine: {'line': b'[  2%] Built target ament_cmake_python_build_gst_msgs_egg\n'}
[3.504884] (-) TimerEvent: {}
[3.546902] (audio_msgs) StdoutLine: {'line': b'[  9%] \x1b[32mBuilding C object CMakeFiles/audio_msgs__rosidl_generator_c.dir/rosidl_generator_c/audio_msgs/msg/detail/audio__functions.c.o\x1b[0m\n'}
[3.591175] (audio_msgs) StdoutLine: {'line': b'[  9%] Built target audio_msgs__cpp\n'}
[3.600382] (audio_msgs) StdoutLine: {'line': b'[ 19%] \x1b[34m\x1b[1mGenerating C++ type support dispatch for ROS interfaces\x1b[0m\n'}
[3.600598] (audio_msgs) StdoutLine: {'line': b'[ 19%] \x1b[34m\x1b[1mGenerating C++ type support for eProsima Fast-RTPS\x1b[0m\n'}
[3.600705] (audio_msgs) StdoutLine: {'line': b'[ 19%] \x1b[34m\x1b[1mGenerating C++ introspection for ROS interfaces\x1b[0m\n'}
[3.604974] (-) TimerEvent: {}
[3.607153] (audio_msgs) StdoutLine: {'line': b'[ 22%] \x1b[32m\x1b[1mLinking C shared library libaudio_msgs__rosidl_generator_c.so\x1b[0m\n'}
[3.648594] (audio_msgs) StdoutLine: {'line': b'[ 22%] Built target audio_msgs__rosidl_generator_c\n'}
[3.659973] (audio_msgs) StdoutLine: {'line': b'[ 32%] \x1b[34m\x1b[1mGenerating C type support dispatch for ROS interfaces\x1b[0m\n'}
[3.660215] (audio_msgs) StdoutLine: {'line': b'[ 32%] \x1b[34m\x1b[1mGenerating C type support for eProsima Fast-RTPS\x1b[0m\n'}
[3.660331] (audio_msgs) StdoutLine: {'line': b'[ 32%] \x1b[34m\x1b[1mGenerating C introspection for ROS interfaces\x1b[0m\n'}
[3.705083] (-) TimerEvent: {}
[3.805382] (-) TimerEvent: {}
[3.885533] (audio_msgs) StdoutLine: {'line': b'[ 35%] \x1b[32mBuilding CXX object CMakeFiles/audio_msgs__rosidl_typesupport_cpp.dir/rosidl_typesupport_cpp/audio_msgs/msg/audio__type_support.cpp.o\x1b[0m\n'}
[3.905487] (-) TimerEvent: {}
[3.990931] (gst_msgs) StdoutLine: {'line': b'[  2%] Built target gst_msgs__cpp\n'}
[4.002686] (audio_msgs) StdoutLine: {'line': b'[ 38%] \x1b[32mBuilding C object CMakeFiles/audio_msgs__rosidl_typesupport_introspection_c.dir/rosidl_typesupport_introspection_c/audio_msgs/msg/detail/audio__type_support.c.o\x1b[0m\n'}
[4.004888] (gst_msgs) StdoutLine: {'line': b'[  3%] \x1b[34m\x1b[1mGenerating C++ type support for eProsima Fast-RTPS\x1b[0m\n'}
[4.005132] (gst_msgs) StdoutLine: {'line': b'[  5%] \x1b[34m\x1b[1mGenerating C++ type support dispatch for ROS interfaces\x1b[0m\n'}
[4.005561] (-) TimerEvent: {}
[4.006406] (gst_msgs) StdoutLine: {'line': b'[  6%] \x1b[34m\x1b[1mGenerating C++ introspection for ROS interfaces\x1b[0m\n'}
[4.053433] (audio_msgs) StdoutLine: {'line': b'[ 41%] \x1b[32mBuilding CXX object CMakeFiles/audio_msgs__rosidl_typesupport_fastrtps_cpp.dir/rosidl_typesupport_fastrtps_cpp/audio_msgs/msg/detail/dds_fastrtps/audio__type_support.cpp.o\x1b[0m\n'}
[4.080512] (audio_msgs) StdoutLine: {'line': b'[ 45%] \x1b[32mBuilding CXX object CMakeFiles/audio_msgs__rosidl_typesupport_introspection_cpp.dir/rosidl_typesupport_introspection_cpp/audio_msgs/msg/detail/audio__type_support.cpp.o\x1b[0m\n'}
[4.082733] (audio_msgs) StdoutLine: {'line': b'[ 48%] \x1b[32mBuilding CXX object CMakeFiles/audio_msgs__rosidl_typesupport_c.dir/rosidl_typesupport_c/audio_msgs/msg/audio__type_support.cpp.o\x1b[0m\n'}
[4.105655] (-) TimerEvent: {}
[4.110117] (gst_msgs) StdoutLine: {'line': b'[  7%] \x1b[32mBuilding C object CMakeFiles/gst_msgs__rosidl_generator_c.dir/rosidl_generator_c/gst_msgs/msg/detail/frame_gate__functions.c.o\x1b[0m\n'}
[4.113284] (gst_msgs) StdoutLine: {'line': b'[  8%] \x1b[32mBuilding C object CMakeFiles/gst_msgs__rosidl_generator_c.dir/rosidl_generator_c/gst_msgs/msg/detail/webrtc_ice__functions.c.o\x1b[0m\n'}
[4.117506] (gst_msgs) StdoutLine: {'line': b'[ 10%] \x1b[32mBuilding C object CMakeFiles/gst_msgs__rosidl_generator_c.dir/rosidl_generator_c/gst_msgs/srv/detail/seek__functions.c.o\x1b[0m\n'}
[4.119012] (gst_msgs) StdoutLine: {'line': b'[ 11%] \x1b[32mBuilding C object CMakeFiles/gst_msgs__rosidl_generator_c.dir/rosidl_generator_c/gst_msgs/msg/detail/multifilesink_event__functions.c.o\x1b[0m\n'}
[4.119387] (gst_msgs) StdoutLine: {'line': b'[ 12%] \x1b[32mBuilding C object CMakeFiles/gst_msgs__rosidl_generator_c.dir/rosidl_generator_c/gst_msgs/msg/detail/clock_observation__functions.c.o\x1b[0m\n'}
[4.121313] (gst_msgs) StdoutLine: {'line': b'[ 13%] \x1b[32mBuilding C object CMakeFiles/gst_msgs__rosidl_generator_c.dir/rosidl_generator_c/gst_msgs/msg/detail/meta_mark__functions.c.o\x1b[0m\n'}
[4.121490] (gst_msgs) StdoutLine: {'line': b'[ 15%] \x1b[32mBuilding C object CMakeFiles/gst_msgs__rosidl_generator_c.dir/rosidl_generator_c/gst_msgs/msg/detail/buffer_event__functions.c.o\x1b[0m\n'}
[4.141979] (audio_msgs) StdoutLine: {'line': b'[ 51%] \x1b[32m\x1b[1mLinking C shared library libaudio_msgs__rosidl_typesupport_introspection_c.so\x1b[0m\n'}
[4.166943] (audio_msgs) StdoutLine: {'line': b'[ 54%] \x1b[32m\x1b[1mLinking CXX shared library libaudio_msgs__rosidl_typesupport_c.so\x1b[0m\n'}
[4.192480] (audio_msgs) StdoutLine: {'line': b'[ 58%] \x1b[32mBuilding CXX object CMakeFiles/audio_msgs__rosidl_typesupport_fastrtps_c.dir/rosidl_typesupport_fastrtps_c/audio_msgs/msg/detail/audio__type_support_c.cpp.o\x1b[0m\n'}
[4.205918] (-) TimerEvent: {}
[4.224182] (audio_msgs) StdoutLine: {'line': b'[ 58%] Built target audio_msgs__rosidl_typesupport_c\n'}
[4.233312] (audio_msgs) StdoutLine: {'line': b'[ 61%] \x1b[32m\x1b[1mLinking CXX shared library libaudio_msgs__rosidl_typesupport_cpp.so\x1b[0m\n'}
[4.233535] (gst_msgs) StdoutLine: {'line': b'[ 16%] \x1b[32m\x1b[1mLinking C shared library libgst_msgs__rosidl_generator_c.so\x1b[0m\n'}
[4.249836] (audio_msgs) StdoutLine: {'line': b'[ 61%] Built target audio_msgs__rosidl_typesupport_introspection_c\n'}
[4.284041] (gst_msgs) StdoutLine: {'line': b'[ 16%] Built target gst_msgs__rosidl_generator_c\n'}
[4.297337] (gst_msgs) StdoutLine: {'line': b'[ 20%] \x1b[34m\x1b[1mGenerating C type support dispatch for ROS interfaces\x1b[0m\n'}
[4.297598] (gst_msgs) StdoutLine: {'line': b'[ 20%] \x1b[34m\x1b[1mGenerating C type support for eProsima Fast-RTPS\x1b[0m\n'}
[4.297749] (gst_msgs) StdoutLine: {'line': b'[ 20%] \x1b[34m\x1b[1mGenerating C introspection for ROS interfaces\x1b[0m\n'}
[4.306631] (-) TimerEvent: {}
[4.350326] (audio_msgs) StdoutLine: {'line': b'[ 61%] Built target audio_msgs__rosidl_typesupport_cpp\n'}
[4.406732] (-) TimerEvent: {}
[4.507742] (-) TimerEvent: {}
[4.567699] (audio_msgs) StdoutLine: {'line': b'[ 64%] \x1b[32m\x1b[1mLinking CXX shared library libaudio_msgs__rosidl_typesupport_introspection_cpp.so\x1b[0m\n'}
[4.606644] (audio_msgs) StdoutLine: {'line': b'[ 67%] \x1b[32m\x1b[1mLinking CXX shared library libaudio_msgs__rosidl_typesupport_fastrtps_cpp.so\x1b[0m\n'}
[4.607821] (-) TimerEvent: {}
[4.625845] (audio_msgs) StdoutLine: {'line': b'[ 70%] \x1b[32m\x1b[1mLinking CXX shared library libaudio_msgs__rosidl_typesupport_fastrtps_c.so\x1b[0m\n'}
[4.702353] (audio_msgs) StdoutLine: {'line': b'[ 70%] Built target audio_msgs__rosidl_typesupport_introspection_cpp\n'}
[4.707960] (-) TimerEvent: {}
[4.759272] (audio_msgs) StdoutLine: {'line': b'[ 70%] Built target audio_msgs__rosidl_typesupport_fastrtps_cpp\n'}
[4.759513] (audio_msgs) StdoutLine: {'line': b'[ 70%] Built target audio_msgs__rosidl_typesupport_fastrtps_c\n'}
[4.781673] (gst_msgs) StdoutLine: {'line': b'[ 21%] \x1b[32mBuilding CXX object CMakeFiles/gst_msgs__rosidl_typesupport_introspection_cpp.dir/rosidl_typesupport_introspection_cpp/gst_msgs/msg/detail/frame_gate__type_support.cpp.o\x1b[0m\n'}
[4.782026] (audio_msgs) StdoutLine: {'line': b'[ 70%] Built target audio_msgs\n'}
[4.786887] (gst_msgs) StdoutLine: {'line': b'[ 22%] \x1b[32mBuilding CXX object CMakeFiles/gst_msgs__rosidl_typesupport_cpp.dir/rosidl_typesupport_cpp/gst_msgs/msg/frame_gate__type_support.cpp.o\x1b[0m\n'}
[4.787757] (gst_msgs) StdoutLine: {'line': b'[ 24%] \x1b[32mBuilding CXX object CMakeFiles/gst_msgs__rosidl_typesupport_cpp.dir/rosidl_typesupport_cpp/gst_msgs/msg/webrtc_ice__type_support.cpp.o\x1b[0m\n'}
[4.790450] (gst_msgs) StdoutLine: {'line': b'[ 25%] \x1b[32mBuilding CXX object CMakeFiles/gst_msgs__rosidl_typesupport_cpp.dir/rosidl_typesupport_cpp/gst_msgs/msg/buffer_event__type_support.cpp.o\x1b[0m\n'}
[4.795847] (gst_msgs) StdoutLine: {'line': b'[ 26%] \x1b[32mBuilding CXX object CMakeFiles/gst_msgs__rosidl_typesupport_introspection_cpp.dir/rosidl_typesupport_introspection_cpp/gst_msgs/msg/detail/webrtc_ice__type_support.cpp.o\x1b[0m\n'}
[4.800099] (gst_msgs) StdoutLine: {'line': b'[ 27%] \x1b[32mBuilding CXX object CMakeFiles/gst_msgs__rosidl_typesupport_cpp.dir/rosidl_typesupport_cpp/gst_msgs/msg/clock_observation__type_support.cpp.o\x1b[0m\n'}
[4.805760] (gst_msgs) StdoutLine: {'line': b'[ 29%] \x1b[32mBuilding CXX object CMakeFiles/gst_msgs__rosidl_typesupport_introspection_cpp.dir/rosidl_typesupport_introspection_cpp/gst_msgs/msg/detail/buffer_event__type_support.cpp.o\x1b[0m\n'}
[4.808279] (-) TimerEvent: {}
[4.810420] (gst_msgs) StdoutLine: {'line': b'[ 30%] \x1b[32mBuilding CXX object CMakeFiles/gst_msgs__rosidl_typesupport_cpp.dir/rosidl_typesupport_cpp/gst_msgs/msg/multifilesink_event__type_support.cpp.o\x1b[0m\n'}
[4.812159] (audio_msgs) StdoutLine: {'line': b'[ 74%] \x1b[34m\x1b[1mGenerating Python code for ROS interfaces\x1b[0m\n'}
[4.821211] (gst_msgs) StdoutLine: {'line': b'[ 31%] \x1b[32mBuilding CXX object CMakeFiles/gst_msgs__rosidl_typesupport_fastrtps_cpp.dir/rosidl_typesupport_fastrtps_cpp/gst_msgs/msg/detail/dds_fastrtps/frame_gate__type_support.cpp.o\x1b[0m\n'}
[4.908424] (-) TimerEvent: {}
[5.010750] (-) TimerEvent: {}
[5.047720] (gst_msgs) StdoutLine: {'line': b'[ 32%] \x1b[32mBuilding CXX object CMakeFiles/gst_msgs__rosidl_typesupport_c.dir/rosidl_typesupport_c/gst_msgs/msg/frame_gate__type_support.cpp.o\x1b[0m\n'}
[5.111630] (-) TimerEvent: {}
[5.118849] (gst_msgs) StdoutLine: {'line': b'[ 34%] \x1b[32mBuilding CXX object CMakeFiles/gst_msgs__rosidl_typesupport_cpp.dir/rosidl_typesupport_cpp/gst_msgs/msg/meta_mark__type_support.cpp.o\x1b[0m\n'}
[5.126496] (gst_msgs) StdoutLine: {'line': b'[ 35%] \x1b[32mBuilding CXX object CMakeFiles/gst_msgs__rosidl_typesupport_c.dir/rosidl_typesupport_c/gst_msgs/msg/webrtc_ice__type_support.cpp.o\x1b[0m\n'}
[5.139354] (gst_msgs) StdoutLine: {'line': b'[ 36%] \x1b[32mBuilding CXX object CMakeFiles/gst_msgs__rosidl_typesupport_c.dir/rosidl_typesupport_c/gst_msgs/msg/buffer_event__type_support.cpp.o\x1b[0m\n'}
[5.145053] (gst_msgs) StdoutLine: {'line': b'[ 37%] \x1b[32mBuilding CXX object CMakeFiles/gst_msgs__rosidl_typesupport_c.dir/rosidl_typesupport_c/gst_msgs/msg/clock_observation__type_support.cpp.o\x1b[0m\n'}
[5.157157] (gst_msgs) StdoutLine: {'line': b'[ 39%] \x1b[32mBuilding CXX object CMakeFiles/gst_msgs__rosidl_typesupport_c.dir/rosidl_typesupport_c/gst_msgs/msg/multifilesink_event__type_support.cpp.o\x1b[0m\n'}
[5.168373] (gst_msgs) StdoutLine: {'line': b'[ 40%] \x1b[32mBuilding CXX object CMakeFiles/gst_msgs__rosidl_typesupport_c.dir/rosidl_typesupport_c/gst_msgs/msg/meta_mark__type_support.cpp.o\x1b[0m\n'}
[5.190628] (gst_msgs) StdoutLine: {'line': b'[ 41%] \x1b[32mBuilding CXX object CMakeFiles/gst_msgs__rosidl_typesupport_introspection_cpp.dir/rosidl_typesupport_introspection_cpp/gst_msgs/msg/detail/clock_observation__type_support.cpp.o\x1b[0m\n'}
[5.194617] (gst_msgs) StdoutLine: {'line': b'[ 43%] \x1b[32mBuilding CXX object CMakeFiles/gst_msgs__rosidl_typesupport_fastrtps_cpp.dir/rosidl_typesupport_fastrtps_cpp/gst_msgs/msg/detail/dds_fastrtps/webrtc_ice__type_support.cpp.o\x1b[0m\n'}
[5.200732] (gst_msgs) StdoutLine: {'line': b'[ 44%] \x1b[32mBuilding CXX object CMakeFiles/gst_msgs__rosidl_typesupport_cpp.dir/rosidl_typesupport_cpp/gst_msgs/srv/seek__type_support.cpp.o\x1b[0m\n'}
[5.200988] (gst_msgs) StdoutLine: {'line': b'[ 45%] \x1b[32mBuilding CXX object CMakeFiles/gst_msgs__rosidl_typesupport_fastrtps_cpp.dir/rosidl_typesupport_fastrtps_cpp/gst_msgs/msg/detail/dds_fastrtps/buffer_event__type_support.cpp.o\x1b[0m\n'}
[5.211734] (-) TimerEvent: {}
[5.223538] (gst_msgs) StdoutLine: {'line': b'[ 46%] \x1b[32mBuilding CXX object CMakeFiles/gst_msgs__rosidl_typesupport_c.dir/rosidl_typesupport_c/gst_msgs/srv/seek__type_support.cpp.o\x1b[0m\n'}
[5.298663] (gst_msgs) StdoutLine: {'line': b'[ 48%] \x1b[32m\x1b[1mLinking CXX shared library libgst_msgs__rosidl_typesupport_c.so\x1b[0m\n'}
[5.306047] (gst_msgs) StdoutLine: {'line': b'[ 49%] \x1b[32mBuilding CXX object CMakeFiles/gst_msgs__rosidl_typesupport_introspection_cpp.dir/rosidl_typesupport_introspection_cpp/gst_msgs/msg/detail/multifilesink_event__type_support.cpp.o\x1b[0m\n'}
[5.306788] (gst_msgs) StdoutLine: {'line': b'[ 50%] \x1b[32mBuilding CXX object CMakeFiles/gst_msgs__rosidl_typesupport_introspection_cpp.dir/rosidl_typesupport_introspection_cpp/gst_msgs/msg/detail/meta_mark__type_support.cpp.o\x1b[0m\n'}
[5.312666] (-) TimerEvent: {}
[5.341636] (gst_msgs) StdoutLine: {'line': b'[ 51%] \x1b[32mBuilding CXX object CMakeFiles/gst_msgs__rosidl_typesupport_fastrtps_cpp.dir/rosidl_typesupport_fastrtps_cpp/gst_msgs/msg/detail/dds_fastrtps/clock_observation__type_support.cpp.o\x1b[0m\n'}
[5.365449] (gst_msgs) StdoutLine: {'line': b'[ 51%] Built target gst_msgs__rosidl_typesupport_c\n'}
[5.389211] (gst_msgs) StdoutLine: {'line': b'[ 53%] \x1b[32mBuilding CXX object CMakeFiles/gst_msgs__rosidl_typesupport_introspection_cpp.dir/rosidl_typesupport_introspection_cpp/gst_msgs/srv/detail/seek__type_support.cpp.o\x1b[0m\n'}
[5.405376] (gst_msgs) StdoutLine: {'line': b'[ 54%] \x1b[32mBuilding CXX object CMakeFiles/gst_msgs__rosidl_typesupport_fastrtps_cpp.dir/rosidl_typesupport_fastrtps_cpp/gst_msgs/msg/detail/dds_fastrtps/multifilesink_event__type_support.cpp.o\x1b[0m\n'}
[5.412768] (-) TimerEvent: {}
[5.416157] (gst_msgs) StdoutLine: {'line': b'[ 55%] \x1b[32mBuilding C object CMakeFiles/gst_msgs__rosidl_typesupport_introspection_c.dir/rosidl_typesupport_introspection_c/gst_msgs/msg/detail/frame_gate__type_support.c.o\x1b[0m\n'}
[5.452669] (gst_msgs) StdoutLine: {'line': b'[ 58%] \x1b[32mBuilding CXX object CMakeFiles/gst_msgs__rosidl_typesupport_fastrtps_c.dir/rosidl_typesupport_fastrtps_c/gst_msgs/msg/detail/frame_gate__type_support_c.cpp.o\x1b[0m\n'}
[5.453044] (gst_msgs) StdoutLine: {'line': b'[ 58%] \x1b[32mBuilding CXX object CMakeFiles/gst_msgs__rosidl_typesupport_fastrtps_c.dir/rosidl_typesupport_fastrtps_c/gst_msgs/msg/detail/webrtc_ice__type_support_c.cpp.o\x1b[0m\n'}
[5.506899] (gst_msgs) StdoutLine: {'line': b'[ 59%] \x1b[32mBuilding C object CMakeFiles/gst_msgs__rosidl_typesupport_introspection_c.dir/rosidl_typesupport_introspection_c/gst_msgs/msg/detail/webrtc_ice__type_support.c.o\x1b[0m\n'}
[5.513654] (-) TimerEvent: {}
[5.571824] (gst_msgs) StdoutLine: {'line': b'[ 60%] \x1b[32m\x1b[1mLinking CXX shared library libgst_msgs__rosidl_typesupport_cpp.so\x1b[0m\n'}
[5.615658] (-) TimerEvent: {}
[5.619484] (gst_msgs) StdoutLine: {'line': b'[ 62%] \x1b[32mBuilding C object CMakeFiles/gst_msgs__rosidl_typesupport_introspection_c.dir/rosidl_typesupport_introspection_c/gst_msgs/msg/detail/buffer_event__type_support.c.o\x1b[0m\n'}
[5.673727] (gst_msgs) StdoutLine: {'line': b'[ 62%] Built target gst_msgs__rosidl_typesupport_cpp\n'}
[5.701710] (gst_msgs) StdoutLine: {'line': b'[ 63%] \x1b[32mBuilding C object CMakeFiles/gst_msgs__rosidl_typesupport_introspection_c.dir/rosidl_typesupport_introspection_c/gst_msgs/msg/detail/clock_observation__type_support.c.o\x1b[0m\n'}
[5.706716] (gst_msgs) StdoutLine: {'line': b'[ 64%] \x1b[32mBuilding CXX object CMakeFiles/gst_msgs__rosidl_typesupport_fastrtps_cpp.dir/rosidl_typesupport_fastrtps_cpp/gst_msgs/msg/detail/dds_fastrtps/meta_mark__type_support.cpp.o\x1b[0m\n'}
[5.715905] (-) TimerEvent: {}
[5.734355] (gst_msgs) StdoutLine: {'line': b'[ 65%] \x1b[32mBuilding CXX object CMakeFiles/gst_msgs__rosidl_typesupport_fastrtps_cpp.dir/rosidl_typesupport_fastrtps_cpp/gst_msgs/srv/detail/dds_fastrtps/seek__type_support.cpp.o\x1b[0m\n'}
[5.746686] (gst_msgs) StdoutLine: {'line': b'[ 67%] \x1b[32mBuilding CXX object CMakeFiles/gst_msgs__rosidl_typesupport_fastrtps_c.dir/rosidl_typesupport_fastrtps_c/gst_msgs/msg/detail/clock_observation__type_support_c.cpp.o\x1b[0m\n'}
[5.749438] (gst_msgs) StdoutLine: {'line': b'[ 68%] \x1b[32mBuilding CXX object CMakeFiles/gst_msgs__rosidl_typesupport_fastrtps_c.dir/rosidl_typesupport_fastrtps_c/gst_msgs/msg/detail/buffer_event__type_support_c.cpp.o\x1b[0m\n'}
[5.761393] (audio_msgs) StdoutLine: {'line': b'[ 74%] Built target audio_msgs__py\n'}
[5.781638] (gst_msgs) StdoutLine: {'line': b'[ 69%] \x1b[32mBuilding C object CMakeFiles/gst_msgs__rosidl_typesupport_introspection_c.dir/rosidl_typesupport_introspection_c/gst_msgs/msg/detail/multifilesink_event__type_support.c.o\x1b[0m\n'}
[5.804728] (gst_msgs) StdoutLine: {'line': b'[ 70%] \x1b[32mBuilding C object CMakeFiles/gst_msgs__rosidl_typesupport_introspection_c.dir/rosidl_typesupport_introspection_c/gst_msgs/msg/detail/meta_mark__type_support.c.o\x1b[0m\n'}
[5.816107] (-) TimerEvent: {}
[5.822268] (audio_msgs) StdoutLine: {'line': b'[ 77%] \x1b[32mBuilding C object CMakeFiles/audio_msgs__rosidl_generator_py.dir/rosidl_generator_py/audio_msgs/msg/_audio_s.c.o\x1b[0m\n'}
[5.840175] (gst_msgs) StdoutLine: {'line': b'[ 72%] \x1b[32mBuilding CXX object CMakeFiles/gst_msgs__rosidl_typesupport_fastrtps_c.dir/rosidl_typesupport_fastrtps_c/gst_msgs/msg/detail/multifilesink_event__type_support_c.cpp.o\x1b[0m\n'}
[5.859945] (gst_msgs) StdoutLine: {'line': b'[ 73%] \x1b[32mBuilding C object CMakeFiles/gst_msgs__rosidl_typesupport_introspection_c.dir/rosidl_typesupport_introspection_c/gst_msgs/srv/detail/seek__type_support.c.o\x1b[0m\n'}
[5.863232] (gst_msgs) StdoutLine: {'line': b'[ 74%] \x1b[32mBuilding CXX object CMakeFiles/gst_msgs__rosidl_typesupport_fastrtps_c.dir/rosidl_typesupport_fastrtps_c/gst_msgs/msg/detail/meta_mark__type_support_c.cpp.o\x1b[0m\n'}
[5.916012] (gst_msgs) StdoutLine: {'line': b'[ 75%] \x1b[32mBuilding CXX object CMakeFiles/gst_msgs__rosidl_typesupport_fastrtps_c.dir/rosidl_typesupport_fastrtps_c/gst_msgs/srv/detail/seek__type_support_c.cpp.o\x1b[0m\n'}
[5.916282] (-) TimerEvent: {}
[5.921329] (gst_msgs) StdoutLine: {'line': b'[ 77%] \x1b[32m\x1b[1mLinking CXX shared library libgst_msgs__rosidl_typesupport_introspection_cpp.so\x1b[0m\n'}
[5.921733] (gst_msgs) StdoutLine: {'line': b'[ 78%] \x1b[32m\x1b[1mLinking C shared library libgst_msgs__rosidl_typesupport_introspection_c.so\x1b[0m\n'}
[5.971051] (gst_msgs) StdoutLine: {'line': b'[ 78%] Built target gst_msgs__rosidl_typesupport_introspection_c\n'}
[6.016429] (-) TimerEvent: {}
[6.025264] (gst_msgs) StdoutLine: {'line': b'[ 78%] Built target gst_msgs__rosidl_typesupport_introspection_cpp\n'}
[6.058808] (audio_msgs) StdoutLine: {'line': b'[ 80%] \x1b[32m\x1b[1mLinking C shared library rosidl_generator_py/audio_msgs/libaudio_msgs__rosidl_generator_py.so\x1b[0m\n'}
[6.116647] (-) TimerEvent: {}
[6.119651] (audio_msgs) StdoutLine: {'line': b'[ 80%] Built target audio_msgs__rosidl_generator_py\n'}
[6.143774] (audio_msgs) StdoutLine: {'line': b'[ 83%] \x1b[32mBuilding C object CMakeFiles/audio_msgs__rosidl_typesupport_c__pyext.dir/rosidl_generator_py/audio_msgs/_audio_msgs_s.ep.rosidl_typesupport_c.c.o\x1b[0m\n'}
[6.146120] (audio_msgs) StdoutLine: {'line': b'[ 87%] \x1b[32mBuilding C object CMakeFiles/audio_msgs__rosidl_typesupport_fastrtps_c__pyext.dir/rosidl_generator_py/audio_msgs/_audio_msgs_s.ep.rosidl_typesupport_fastrtps_c.c.o\x1b[0m\n'}
[6.151387] (audio_msgs) StdoutLine: {'line': b'[ 90%] \x1b[32mBuilding C object CMakeFiles/audio_msgs__rosidl_typesupport_introspection_c__pyext.dir/rosidl_generator_py/audio_msgs/_audio_msgs_s.ep.rosidl_typesupport_introspection_c.c.o\x1b[0m\n'}
[6.180053] (gst_msgs) StdoutLine: {'line': b'[ 79%] \x1b[32m\x1b[1mLinking CXX shared library libgst_msgs__rosidl_typesupport_fastrtps_cpp.so\x1b[0m\n'}
[6.216769] (-) TimerEvent: {}
[6.243231] (gst_msgs) StdoutLine: {'line': b'[ 81%] \x1b[32m\x1b[1mLinking CXX shared library libgst_msgs__rosidl_typesupport_fastrtps_c.so\x1b[0m\n'}
[6.245438] (audio_msgs) StdoutLine: {'line': b'[ 93%] \x1b[32m\x1b[1mLinking C shared library rosidl_generator_py/audio_msgs/audio_msgs_s__rosidl_typesupport_fastrtps_c.cpython-310-x86_64-linux-gnu.so\x1b[0m\n'}
[6.256200] (audio_msgs) StdoutLine: {'line': b'[ 96%] \x1b[32m\x1b[1mLinking C shared library rosidl_generator_py/audio_msgs/audio_msgs_s__rosidl_typesupport_c.cpython-310-x86_64-linux-gnu.so\x1b[0m\n'}
[6.261697] (audio_msgs) StdoutLine: {'line': b'[100%] \x1b[32m\x1b[1mLinking C shared library rosidl_generator_py/audio_msgs/audio_msgs_s__rosidl_typesupport_introspection_c.cpython-310-x86_64-linux-gnu.so\x1b[0m\n'}
[6.262035] (gst_msgs) StdoutLine: {'line': b'[ 81%] Built target gst_msgs__rosidl_typesupport_fastrtps_cpp\n'}
[6.281321] (audio_msgs) StdoutLine: {'line': b'[100%] Built target audio_msgs__rosidl_typesupport_fastrtps_c__pyext\n'}
[6.292808] (audio_msgs) StdoutLine: {'line': b'[100%] Built target audio_msgs__rosidl_typesupport_c__pyext\n'}
[6.298450] (audio_msgs) StdoutLine: {'line': b'[100%] Built target audio_msgs__rosidl_typesupport_introspection_c__pyext\n'}
[6.308696] (audio_msgs) CommandEnded: {'returncode': 0}
[6.309327] (audio_msgs) JobProgress: {'identifier': 'audio_msgs', 'progress': 'install'}
[6.312658] (gst_msgs) StdoutLine: {'line': b'[ 81%] Built target gst_msgs__rosidl_typesupport_fastrtps_c\n'}
[6.316791] (audio_msgs) Command: {'cmd': ['/usr/bin/cmake', '--install', '/root/ROS2_WEBRTC/rosgsthumble_ws/build/audio_msgs'], 'cwd': '/root/ROS2_WEBRTC/rosgsthumble_ws/build/audio_msgs', 'env': OrderedDict([('HOSTNAME', 'DuquedeCaixias'), ('GIT_ASKPASS', '/root/.vscode-server/bin/618725e67565b290ba4da6fe2d29f8fa1d4e3622/extensions/git/dist/askpass.sh'), ('SHLVL', '2'), ('LD_LIBRARY_PATH', '/usr/lib/x86_64-linux-gnu/gazebo-11/plugins:/opt/ros/humble/opt/rviz_ogre_vendor/lib:/opt/ros/humble/lib/x86_64-linux-gnu:/opt/ros/humble/lib'), ('BROWSER', '/root/.vscode-server/bin/618725e67565b290ba4da6fe2d29f8fa1d4e3622/bin/helpers/browser.sh'), ('HOME', '/root'), ('TERM_PROGRAM_VERSION', '1.107.0'), ('PIPEWIRE_RUNTIME_DIR', '/run/user/1001'), ('VSCODE_IPC_HOOK_CLI', '/run/user/1001/vscode-ipc-68058f33-30f0-4307-9342-81328915a75d.sock'), ('ROS_PYTHON_VERSION', '3'), ('VSCODE_GIT_ASKPASS_MAIN', '/root/.vscode-server/bin/618725e67565b290ba4da6fe2d29f8fa1d4e3622/extensions/git/dist/askpass-main.js'), ('VSCODE_GIT_ASKPASS_NODE', '/root/.vscode-server/bin/618725e67565b290ba4da6fe2d29f8fa1d4e3622/node'), ('VSCODE_PYTHON_AUTOACTIVATE_GUARD', '1'), ('COLORTERM', 'truecolor'), ('REMOTE_CONTAINERS', 'true'), ('DEBUGINFOD_URLS', ''), ('WAYLAND_DISPLAY', 'wayland-0'), ('ROS_DISTRO', 'humble'), ('REMOTE_CONTAINERS_IPC', '/tmp/vscode-remote-containers-ipc-4d2d4b98-497d-4534-a764-ab857881c228.sock'), ('_', '/usr/bin/colcon'), ('ROS_VERSION', '2'), ('PKG_CONFIG_PATH', '/usr/lib/x86_64-linux-gnu/pkgconfig:'), ('OPENSSL_CONF', '/etc/ssl/openssl_legacy.cnf'), ('TERM', 'xterm-256color'), ('ROS_LOCALHOST_ONLY', '0'), ('PATH', '/root/.vscode-server/data/User/globalStorage/github.copilot-chat/debugCommand:/root/.vscode-server/data/User/globalStorage/github.copilot-chat/copilotCli:/root/.vscode-server/bin/618725e67565b290ba4da6fe2d29f8fa1d4e3622/bin/remote-cli:/opt/ros/humble/bin:/usr/local/sbin:/usr/local/bin:/usr/sbin:/usr/bin:/sbin:/bin'), ('XDG_RUNTIME_DIR', '/run/user/1001'), ('REMOTE_CONTAINERS_SOCKETS', '["/root/.gnupg/S.gpg-agent"]'), ('DISPLAY', ':0'), ('LANG', 'C.UTF-8'), ('LS_COLORS', 'rs=0:di=01;34:ln=01;36:mh=00:pi=40;33:so=01;35:do=01;35:bd=40;33;01:cd=40;33;01:or=40;31;01:mi=00:su=37;41:sg=30;43:ca=30;41:tw=30;42:ow=34;42:st=37;44:ex=01;32:*.tar=01;31:*.tgz=01;31:*.arc=01;31:*.arj=01;31:*.taz=01;31:*.lha=01;31:*.lz4=01;31:*.lzh=01;31:*.lzma=01;31:*.tlz=01;31:*.txz=01;31:*.tzo=01;31:*.t7z=01;31:*.zip=01;31:*.z=01;31:*.dz=01;31:*.gz=01;31:*.lrz=01;31:*.lz=01;31:*.lzo=01;31:*.xz=01;31:*.zst=01;31:*.tzst=01;31:*.bz2=01;31:*.bz=01;31:*.tbz=01;31:*.tbz2=01;31:*.tz=01;31:*.deb=01;31:*.rpm=01;31:*.jar=01;31:*.war=01;31:*.ear=01;31:*.sar=01;31:*.rar=01;31:*.alz=01;31:*.ace=01;31:*.zoo=01;31:*.cpio=01;31:*.7z=01;31:*.rz=01;31:*.cab=01;31:*.wim=01;31:*.swm=01;31:*.dwm=01;31:*.esd=01;31:*.jpg=01;35:*.jpeg=01;35:*.mjpg=01;35:*.mjpeg=01;35:*.gif=01;35:*.bmp=01;35:*.pbm=01;35:*.pgm=01;35:*.ppm=01;35:*.tga=01;35:*.xbm=01;35:*.xpm=01;35:*.tif=01;35:*.tiff=01;35:*.png=01;35:*.svg=01;35:*.svgz=01;35:*.mng=01;35:*.pcx=01;35:*.mov=01;35:*.mpg=01;35:*.mpeg=01;35:*.m2v=01;35:*.mkv=01;35:*.webm=01;35:*.webp=01;35:*.ogm=01;35:*.mp4=01;35:*.m4v=01;35:*.mp4v=01;35:*.vob=01;35:*.qt=01;35:*.nuv=01;35:*.wmv=01;35:*.asf=01;35:*.rm=01;35:*.rmvb=01;35:*.flc=01;35:*.avi=01;35:*.fli=01;35:*.flv=01;35:*.gl=01;35:*.dl=01;35:*.xcf=01;35:*.xwd=01;35:*.yuv=01;35:*.cgm=01;35:*.emf=01;35:*.ogv=01;35:*.ogx=01;35:*.aac=00;36:*.au=00;36:*.flac=00;36:*.m4a=00;36:*.mid=00;36:*.midi=00;36:*.mka=00;36:*.mp3=00;36:*.mpc=00;36:*.ogg=00;36:*.ra=00;36:*.wav=00;36:*.oga=00;36:*.opus=00;36:*.spx=00;36:*.xspf=00;36:'), ('VSCODE_GIT_IPC_HANDLE', '/run/user/1001/vscode-git-84fad1f619.sock'), ('TERM_PROGRAM', 'vscode'), ('AMENT_PREFIX_PATH', '/opt/ros/humble'), ('DEBIAN_FRONTEND', 'noninteractive'), ('SHELL', '/bin/bash'), ('VSCODE_GIT_ASKPASS_EXTRA_ARGS', ''), ('PWD', '/root/ROS2_WEBRTC/rosgsthumble_ws/build/audio_msgs'), ('LC_ALL', 'C.UTF-8'), ('PYTHONPATH', '/opt/ros/humble/lib/python3.10/site-packages:/opt/ros/humble/local/lib/python3.10/dist-packages'), ('COLCON', '1'), ('CMAKE_PREFIX_PATH', '/opt/ros/humble')]), 'shell': False}
[6.317522] (-) TimerEvent: {}
[6.322990] (audio_msgs) StdoutLine: {'line': b'-- Install configuration: ""\n'}
[6.323498] (audio_msgs) StdoutLine: {'line': b'-- Execute custom install script\n'}
[6.323764] (audio_msgs) StdoutLine: {'line': b'-- Symlinking: /root/ROS2_WEBRTC/rosgsthumble_ws/install/audio_msgs/share/ament_index/resource_index/rosidl_interfaces/audio_msgs\n'}
[6.330601] (gst_msgs) StdoutLine: {'line': b'[ 81%] Built target gst_msgs\n'}
[6.332518] (audio_msgs) StdoutLine: {'line': b'-- Symlinking: /root/ROS2_WEBRTC/rosgsthumble_ws/install/audio_msgs/include/audio_msgs/audio_msgs/msg/audio.h\n'}
[6.340130] (audio_msgs) StdoutLine: {'line': b'-- Symlinking: /root/ROS2_WEBRTC/rosgsthumble_ws/install/audio_msgs/include/audio_msgs/audio_msgs/msg/detail/audio__functions.h\n'}
[6.347468] (audio_msgs) StdoutLine: {'line': b'-- Symlinking: /root/ROS2_WEBRTC/rosgsthumble_ws/install/audio_msgs/include/audio_msgs/audio_msgs/msg/detail/audio__struct.h\n'}
[6.347789] (gst_msgs) StdoutLine: {'line': b'[ 82%] \x1b[34m\x1b[1mGenerating Python code for ROS interfaces\x1b[0m\n'}
[6.354831] (audio_msgs) StdoutLine: {'line': b'-- Symlinking: /root/ROS2_WEBRTC/rosgsthumble_ws/install/audio_msgs/include/audio_msgs/audio_msgs/msg/detail/audio__type_support.h\n'}
[6.362463] (audio_msgs) StdoutLine: {'line': b'-- Symlinking: /root/ROS2_WEBRTC/rosgsthumble_ws/install/audio_msgs/include/audio_msgs/audio_msgs/msg/rosidl_generator_c__visibility_control.h\n'}
[6.370319] (audio_msgs) StdoutLine: {'line': b'-- Symlinking: /root/ROS2_WEBRTC/rosgsthumble_ws/install/audio_msgs/share/audio_msgs/environment/library_path.sh\n'}
[6.378765] (audio_msgs) StdoutLine: {'line': b'-- Symlinking: /root/ROS2_WEBRTC/rosgsthumble_ws/install/audio_msgs/share/audio_msgs/environment/library_path.dsv\n'}
[6.386952] (audio_msgs) StdoutLine: {'line': b'-- Symlinking: /root/ROS2_WEBRTC/rosgsthumble_ws/install/audio_msgs/include/audio_msgs/audio_msgs/msg/detail/audio__rosidl_typesupport_fastrtps_c.h\n'}
[6.394627] (audio_msgs) StdoutLine: {'line': b'-- Symlinking: /root/ROS2_WEBRTC/rosgsthumble_ws/install/audio_msgs/include/audio_msgs/audio_msgs/msg/rosidl_typesupport_fastrtps_c__visibility_control.h\n'}
[6.402569] (audio_msgs) StdoutLine: {'line': b'-- Symlinking: /root/ROS2_WEBRTC/rosgsthumble_ws/install/audio_msgs/include/audio_msgs/audio_msgs/msg/audio.hpp\n'}
[6.409778] (audio_msgs) StdoutLine: {'line': b'-- Symlinking: /root/ROS2_WEBRTC/rosgsthumble_ws/install/audio_msgs/include/audio_msgs/audio_msgs/msg/detail/audio__builder.hpp\n'}
[6.416854] (audio_msgs) StdoutLine: {'line': b'-- Symlinking: /root/ROS2_WEBRTC/rosgsthumble_ws/install/audio_msgs/include/audio_msgs/audio_msgs/msg/detail/audio__struct.hpp\n'}
[6.417581] (-) TimerEvent: {}
[6.424591] (audio_msgs) StdoutLine: {'line': b'-- Symlinking: /root/ROS2_WEBRTC/rosgsthumble_ws/install/audio_msgs/include/audio_msgs/audio_msgs/msg/detail/audio__traits.hpp\n'}
[6.432846] (audio_msgs) StdoutLine: {'line': b'-- Symlinking: /root/ROS2_WEBRTC/rosgsthumble_ws/install/audio_msgs/include/audio_msgs/audio_msgs/msg/detail/audio__type_support.hpp\n'}
[6.441043] (audio_msgs) StdoutLine: {'line': b'-- Symlinking: /root/ROS2_WEBRTC/rosgsthumble_ws/install/audio_msgs/include/audio_msgs/audio_msgs/msg/rosidl_generator_cpp__visibility_control.hpp\n'}
[6.449034] (audio_msgs) StdoutLine: {'line': b'-- Symlinking: /root/ROS2_WEBRTC/rosgsthumble_ws/install/audio_msgs/include/audio_msgs/audio_msgs/msg/detail/audio__rosidl_typesupport_fastrtps_cpp.hpp\n'}
[6.457021] (audio_msgs) StdoutLine: {'line': b'-- Symlinking: /root/ROS2_WEBRTC/rosgsthumble_ws/install/audio_msgs/include/audio_msgs/audio_msgs/msg/rosidl_typesupport_fastrtps_cpp__visibility_control.h\n'}
[6.464738] (audio_msgs) StdoutLine: {'line': b'-- Symlinking: /root/ROS2_WEBRTC/rosgsthumble_ws/install/audio_msgs/include/audio_msgs/audio_msgs/msg/detail/audio__rosidl_typesupport_introspection_c.h\n'}
[6.472325] (audio_msgs) StdoutLine: {'line': b'-- Symlinking: /root/ROS2_WEBRTC/rosgsthumble_ws/install/audio_msgs/include/audio_msgs/audio_msgs/msg/rosidl_typesupport_introspection_c__visibility_control.h\n'}
[6.480130] (audio_msgs) StdoutLine: {'line': b'-- Symlinking: /root/ROS2_WEBRTC/rosgsthumble_ws/install/audio_msgs/include/audio_msgs/audio_msgs/msg/detail/audio__rosidl_typesupport_introspection_cpp.hpp\n'}
[6.487635] (audio_msgs) StdoutLine: {'line': b'-- Symlinking: /root/ROS2_WEBRTC/rosgsthumble_ws/install/audio_msgs/share/audio_msgs/environment/pythonpath.sh\n'}
[6.495117] (audio_msgs) StdoutLine: {'line': b'-- Symlinking: /root/ROS2_WEBRTC/rosgsthumble_ws/install/audio_msgs/share/audio_msgs/environment/pythonpath.dsv\n'}
[6.503215] (audio_msgs) StdoutLine: {'line': b'-- Symlinking: /root/ROS2_WEBRTC/rosgsthumble_ws/install/audio_msgs/local/lib/python3.10/dist-packages/audio_msgs-0.0.0-py3.10.egg-info/PKG-INFO\n'}
[6.510279] (audio_msgs) StdoutLine: {'line': b'-- Symlinking: /root/ROS2_WEBRTC/rosgsthumble_ws/install/audio_msgs/local/lib/python3.10/dist-packages/audio_msgs-0.0.0-py3.10.egg-info/SOURCES.txt\n'}
[6.517178] (audio_msgs) StdoutLine: {'line': b'-- Symlinking: /root/ROS2_WEBRTC/rosgsthumble_ws/install/audio_msgs/local/lib/python3.10/dist-packages/audio_msgs-0.0.0-py3.10.egg-info/dependency_links.txt\n'}
[6.517657] (-) TimerEvent: {}
[6.524795] (audio_msgs) StdoutLine: {'line': b'-- Symlinking: /root/ROS2_WEBRTC/rosgsthumble_ws/install/audio_msgs/local/lib/python3.10/dist-packages/audio_msgs-0.0.0-py3.10.egg-info/top_level.txt\n'}
[6.533707] (audio_msgs) StdoutLine: {'line': b'-- Symlinking: /root/ROS2_WEBRTC/rosgsthumble_ws/install/audio_msgs/local/lib/python3.10/dist-packages/audio_msgs/__init__.py\n'}
[6.541786] (audio_msgs) StdoutLine: {'line': b'-- Symlinking: /root/ROS2_WEBRTC/rosgsthumble_ws/install/audio_msgs/local/lib/python3.10/dist-packages/audio_msgs/_audio_msgs_s.ep.rosidl_typesupport_c.c\n'}
[6.549289] (audio_msgs) StdoutLine: {'line': b'-- Symlinking: /root/ROS2_WEBRTC/rosgsthumble_ws/install/audio_msgs/local/lib/python3.10/dist-packages/audio_msgs/_audio_msgs_s.ep.rosidl_typesupport_fastrtps_c.c\n'}
[6.556430] (audio_msgs) StdoutLine: {'line': b'-- Symlinking: /root/ROS2_WEBRTC/rosgsthumble_ws/install/audio_msgs/local/lib/python3.10/dist-packages/audio_msgs/_audio_msgs_s.ep.rosidl_typesupport_introspection_c.c\n'}
[6.563826] (audio_msgs) StdoutLine: {'line': b'-- Symlinking: /root/ROS2_WEBRTC/rosgsthumble_ws/install/audio_msgs/local/lib/python3.10/dist-packages/audio_msgs/audio_msgs_s__rosidl_typesupport_c.cpython-310-x86_64-linux-gnu.so\n'}
[6.570866] (audio_msgs) StdoutLine: {'line': b'-- Symlinking: /root/ROS2_WEBRTC/rosgsthumble_ws/install/audio_msgs/local/lib/python3.10/dist-packages/audio_msgs/audio_msgs_s__rosidl_typesupport_fastrtps_c.cpython-310-x86_64-linux-gnu.so\n'}
[6.578252] (audio_msgs) StdoutLine: {'line': b'-- Symlinking: /root/ROS2_WEBRTC/rosgsthumble_ws/install/audio_msgs/local/lib/python3.10/dist-packages/audio_msgs/audio_msgs_s__rosidl_typesupport_introspection_c.cpython-310-x86_64-linux-gnu.so\n'}
[6.585847] (audio_msgs) StdoutLine: {'line': b'-- Symlinking: /root/ROS2_WEBRTC/rosgsthumble_ws/install/audio_msgs/local/lib/python3.10/dist-packages/audio_msgs/libaudio_msgs__rosidl_generator_py.so\n'}
[6.593119] (audio_msgs) StdoutLine: {'line': b'-- Symlinking: /root/ROS2_WEBRTC/rosgsthumble_ws/install/audio_msgs/local/lib/python3.10/dist-packages/audio_msgs/msg/__init__.py\n'}
[6.600172] (audio_msgs) StdoutLine: {'line': b'-- Symlinking: /root/ROS2_WEBRTC/rosgsthumble_ws/install/audio_msgs/local/lib/python3.10/dist-packages/audio_msgs/msg/_audio.py\n'}
[6.607039] (audio_msgs) StdoutLine: {'line': b'-- Symlinking: /root/ROS2_WEBRTC/rosgsthumble_ws/install/audio_msgs/local/lib/python3.10/dist-packages/audio_msgs/msg/_audio_s.c\n'}
[6.617737] (-) TimerEvent: {}
[6.624532] (audio_msgs) StdoutLine: {'line': b'-- Up-to-date symlink: /root/ROS2_WEBRTC/rosgsthumble_ws/install/audio_msgs/local/lib/python3.10/dist-packages/audio_msgs/audio_msgs_s__rosidl_typesupport_fastrtps_c.cpython-310-x86_64-linux-gnu.so\n'}
[6.624809] (audio_msgs) StdoutLine: {'line': b'-- Up-to-date symlink: /root/ROS2_WEBRTC/rosgsthumble_ws/install/audio_msgs/local/lib/python3.10/dist-packages/audio_msgs/audio_msgs_s__rosidl_typesupport_introspection_c.cpython-310-x86_64-linux-gnu.so\n'}
[6.625047] (audio_msgs) StdoutLine: {'line': b'-- Up-to-date symlink: /root/ROS2_WEBRTC/rosgsthumble_ws/install/audio_msgs/local/lib/python3.10/dist-packages/audio_msgs/audio_msgs_s__rosidl_typesupport_c.cpython-310-x86_64-linux-gnu.so\n'}
[6.625270] (audio_msgs) StdoutLine: {'line': b'-- Symlinking: /root/ROS2_WEBRTC/rosgsthumble_ws/install/audio_msgs/share/audio_msgs/msg/Audio.idl\n'}
[6.633744] (audio_msgs) StdoutLine: {'line': b'-- Symlinking: /root/ROS2_WEBRTC/rosgsthumble_ws/install/audio_msgs/share/audio_msgs/msg/Audio.msg\n'}
[6.641642] (audio_msgs) StdoutLine: {'line': b'-- Symlinking: /root/ROS2_WEBRTC/rosgsthumble_ws/install/audio_msgs/share/ament_index/resource_index/package_run_dependencies/audio_msgs\n'}
[6.649657] (audio_msgs) StdoutLine: {'line': b'-- Symlinking: /root/ROS2_WEBRTC/rosgsthumble_ws/install/audio_msgs/share/ament_index/resource_index/parent_prefix_path/audio_msgs\n'}
[6.657365] (audio_msgs) StdoutLine: {'line': b'-- Symlinking: /root/ROS2_WEBRTC/rosgsthumble_ws/install/audio_msgs/share/audio_msgs/environment/ament_prefix_path.sh\n'}
[6.665217] (audio_msgs) StdoutLine: {'line': b'-- Symlinking: /root/ROS2_WEBRTC/rosgsthumble_ws/install/audio_msgs/share/audio_msgs/environment/ament_prefix_path.dsv\n'}
[6.673255] (audio_msgs) StdoutLine: {'line': b'-- Symlinking: /root/ROS2_WEBRTC/rosgsthumble_ws/install/audio_msgs/share/audio_msgs/environment/path.sh\n'}
[6.681164] (audio_msgs) StdoutLine: {'line': b'-- Symlinking: /root/ROS2_WEBRTC/rosgsthumble_ws/install/audio_msgs/share/audio_msgs/environment/path.dsv\n'}
[6.688945] (audio_msgs) StdoutLine: {'line': b'-- Symlinking: /root/ROS2_WEBRTC/rosgsthumble_ws/install/audio_msgs/share/audio_msgs/local_setup.bash\n'}
[6.696435] (audio_msgs) StdoutLine: {'line': b'-- Symlinking: /root/ROS2_WEBRTC/rosgsthumble_ws/install/audio_msgs/share/audio_msgs/local_setup.sh\n'}
[6.704539] (audio_msgs) StdoutLine: {'line': b'-- Symlinking: /root/ROS2_WEBRTC/rosgsthumble_ws/install/audio_msgs/share/audio_msgs/local_setup.zsh\n'}
[6.712510] (audio_msgs) StdoutLine: {'line': b'-- Symlinking: /root/ROS2_WEBRTC/rosgsthumble_ws/install/audio_msgs/share/audio_msgs/local_setup.dsv\n'}
[6.717819] (-) TimerEvent: {}
[6.719905] (audio_msgs) StdoutLine: {'line': b'-- Symlinking: /root/ROS2_WEBRTC/rosgsthumble_ws/install/audio_msgs/share/audio_msgs/package.dsv\n'}
[6.727509] (audio_msgs) StdoutLine: {'line': b'-- Symlinking: /root/ROS2_WEBRTC/rosgsthumble_ws/install/audio_msgs/share/ament_index/resource_index/packages/audio_msgs\n'}
[6.735540] (audio_msgs) StdoutLine: {'line': b'-- Symlinking: /root/ROS2_WEBRTC/rosgsthumble_ws/install/audio_msgs/share/audio_msgs/cmake/rosidl_cmake-extras.cmake\n'}
[6.743141] (audio_msgs) StdoutLine: {'line': b'-- Symlinking: /root/ROS2_WEBRTC/rosgsthumble_ws/install/audio_msgs/share/audio_msgs/cmake/ament_cmake_export_dependencies-extras.cmake\n'}
[6.750717] (audio_msgs) StdoutLine: {'line': b'-- Symlinking: /root/ROS2_WEBRTC/rosgsthumble_ws/install/audio_msgs/share/audio_msgs/cmake/ament_cmake_export_include_directories-extras.cmake\n'}
[6.758354] (audio_msgs) StdoutLine: {'line': b'-- Symlinking: /root/ROS2_WEBRTC/rosgsthumble_ws/install/audio_msgs/share/audio_msgs/cmake/ament_cmake_export_libraries-extras.cmake\n'}
[6.765415] (audio_msgs) StdoutLine: {'line': b'-- Symlinking: /root/ROS2_WEBRTC/rosgsthumble_ws/install/audio_msgs/share/audio_msgs/cmake/ament_cmake_export_targets-extras.cmake\n'}
[6.772459] (audio_msgs) StdoutLine: {'line': b'-- Symlinking: /root/ROS2_WEBRTC/rosgsthumble_ws/install/audio_msgs/share/audio_msgs/cmake/rosidl_cmake_export_typesupport_targets-extras.cmake\n'}
[6.779820] (audio_msgs) StdoutLine: {'line': b'-- Symlinking: /root/ROS2_WEBRTC/rosgsthumble_ws/install/audio_msgs/share/audio_msgs/cmake/rosidl_cmake_export_typesupport_libraries-extras.cmake\n'}
[6.786948] (audio_msgs) StdoutLine: {'line': b'-- Symlinking: /root/ROS2_WEBRTC/rosgsthumble_ws/install/audio_msgs/share/audio_msgs/cmake/audio_msgsConfig.cmake\n'}
[6.793775] (audio_msgs) StdoutLine: {'line': b'-- Symlinking: /root/ROS2_WEBRTC/rosgsthumble_ws/install/audio_msgs/share/audio_msgs/cmake/audio_msgsConfig-version.cmake\n'}
[6.801021] (audio_msgs) StdoutLine: {'line': b'-- Symlinking: /root/ROS2_WEBRTC/rosgsthumble_ws/install/audio_msgs/share/audio_msgs/package.xml\n'}
[6.808105] (audio_msgs) StdoutLine: {'line': b'-- Installing: /root/ROS2_WEBRTC/rosgsthumble_ws/install/audio_msgs/lib/libaudio_msgs__rosidl_generator_c.so\n'}
[6.808538] (audio_msgs) StdoutLine: {'line': b'-- Set runtime path of "/root/ROS2_WEBRTC/rosgsthumble_ws/install/audio_msgs/lib/libaudio_msgs__rosidl_generator_c.so" to ""\n'}
[6.808693] (audio_msgs) StdoutLine: {'line': b'-- Installing: /root/ROS2_WEBRTC/rosgsthumble_ws/install/audio_msgs/lib/libaudio_msgs__rosidl_typesupport_fastrtps_c.so\n'}
[6.809100] (audio_msgs) StdoutLine: {'line': b'-- Set runtime path of "/root/ROS2_WEBRTC/rosgsthumble_ws/install/audio_msgs/lib/libaudio_msgs__rosidl_typesupport_fastrtps_c.so" to ""\n'}
[6.809193] (audio_msgs) StdoutLine: {'line': b'-- Installing: /root/ROS2_WEBRTC/rosgsthumble_ws/install/audio_msgs/lib/libaudio_msgs__rosidl_typesupport_fastrtps_cpp.so\n'}
[6.809572] (audio_msgs) StdoutLine: {'line': b'-- Set runtime path of "/root/ROS2_WEBRTC/rosgsthumble_ws/install/audio_msgs/lib/libaudio_msgs__rosidl_typesupport_fastrtps_cpp.so" to ""\n'}
[6.809656] (audio_msgs) StdoutLine: {'line': b'-- Installing: /root/ROS2_WEBRTC/rosgsthumble_ws/install/audio_msgs/lib/libaudio_msgs__rosidl_typesupport_introspection_c.so\n'}
[6.809979] (audio_msgs) StdoutLine: {'line': b'-- Set runtime path of "/root/ROS2_WEBRTC/rosgsthumble_ws/install/audio_msgs/lib/libaudio_msgs__rosidl_typesupport_introspection_c.so" to ""\n'}
[6.810116] (audio_msgs) StdoutLine: {'line': b'-- Installing: /root/ROS2_WEBRTC/rosgsthumble_ws/install/audio_msgs/lib/libaudio_msgs__rosidl_typesupport_c.so\n'}
[6.810314] (audio_msgs) StdoutLine: {'line': b'-- Set runtime path of "/root/ROS2_WEBRTC/rosgsthumble_ws/install/audio_msgs/lib/libaudio_msgs__rosidl_typesupport_c.so" to ""\n'}
[6.810444] (audio_msgs) StdoutLine: {'line': b'-- Installing: /root/ROS2_WEBRTC/rosgsthumble_ws/install/audio_msgs/lib/libaudio_msgs__rosidl_typesupport_introspection_cpp.so\n'}
[6.810745] (audio_msgs) StdoutLine: {'line': b'-- Set runtime path of "/root/ROS2_WEBRTC/rosgsthumble_ws/install/audio_msgs/lib/libaudio_msgs__rosidl_typesupport_introspection_cpp.so" to ""\n'}
[6.810824] (audio_msgs) StdoutLine: {'line': b'-- Installing: /root/ROS2_WEBRTC/rosgsthumble_ws/install/audio_msgs/lib/libaudio_msgs__rosidl_typesupport_cpp.so\n'}
[6.811110] (audio_msgs) StdoutLine: {'line': b'-- Set runtime path of "/root/ROS2_WEBRTC/rosgsthumble_ws/install/audio_msgs/lib/libaudio_msgs__rosidl_typesupport_cpp.so" to ""\n'}
[6.817887] (-) TimerEvent: {}
[6.839166] (audio_msgs) StdoutLine: {'line': b"Listing '/root/ROS2_WEBRTC/rosgsthumble_ws/install/audio_msgs/local/lib/python3.10/dist-packages/audio_msgs'...\n"}
[6.839355] (audio_msgs) StdoutLine: {'line': b"Compiling '/root/ROS2_WEBRTC/rosgsthumble_ws/install/audio_msgs/local/lib/python3.10/dist-packages/audio_msgs/__init__.py'...\n"}
[6.839470] (audio_msgs) StdoutLine: {'line': b"Listing '/root/ROS2_WEBRTC/rosgsthumble_ws/install/audio_msgs/local/lib/python3.10/dist-packages/audio_msgs/msg'...\n"}
[6.839559] (audio_msgs) StdoutLine: {'line': b"Compiling '/root/ROS2_WEBRTC/rosgsthumble_ws/install/audio_msgs/local/lib/python3.10/dist-packages/audio_msgs/msg/__init__.py'...\n"}
[6.839691] (audio_msgs) StdoutLine: {'line': b"Compiling '/root/ROS2_WEBRTC/rosgsthumble_ws/install/audio_msgs/local/lib/python3.10/dist-packages/audio_msgs/msg/_audio.py'...\n"}
[6.843950] (audio_msgs) StdoutLine: {'line': b'-- Installing: /root/ROS2_WEBRTC/rosgsthumble_ws/install/audio_msgs/lib/libaudio_msgs__rosidl_generator_py.so\n'}
[6.844390] (audio_msgs) StdoutLine: {'line': b'-- Set runtime path of "/root/ROS2_WEBRTC/rosgsthumble_ws/install/audio_msgs/lib/libaudio_msgs__rosidl_generator_py.so" to ""\n'}
[6.844501] (audio_msgs) StdoutLine: {'line': b'-- Installing: /root/ROS2_WEBRTC/rosgsthumble_ws/install/audio_msgs/share/audio_msgs/cmake/export_audio_msgs__rosidl_generator_cExport.cmake\n'}
[6.844628] (audio_msgs) StdoutLine: {'line': b'-- Installing: /root/ROS2_WEBRTC/rosgsthumble_ws/install/audio_msgs/share/audio_msgs/cmake/export_audio_msgs__rosidl_generator_cExport-noconfig.cmake\n'}
[6.844781] (audio_msgs) StdoutLine: {'line': b'-- Installing: /root/ROS2_WEBRTC/rosgsthumble_ws/install/audio_msgs/share/audio_msgs/cmake/export_audio_msgs__rosidl_typesupport_fastrtps_cExport.cmake\n'}
[6.844925] (audio_msgs) StdoutLine: {'line': b'-- Installing: /root/ROS2_WEBRTC/rosgsthumble_ws/install/audio_msgs/share/audio_msgs/cmake/export_audio_msgs__rosidl_typesupport_fastrtps_cExport-noconfig.cmake\n'}
[6.845102] (audio_msgs) StdoutLine: {'line': b'-- Installing: /root/ROS2_WEBRTC/rosgsthumble_ws/install/audio_msgs/share/audio_msgs/cmake/export_audio_msgs__rosidl_generator_cppExport.cmake\n'}
[6.845251] (audio_msgs) StdoutLine: {'line': b'-- Installing: /root/ROS2_WEBRTC/rosgsthumble_ws/install/audio_msgs/share/audio_msgs/cmake/export_audio_msgs__rosidl_typesupport_fastrtps_cppExport.cmake\n'}
[6.845395] (audio_msgs) StdoutLine: {'line': b'-- Installing: /root/ROS2_WEBRTC/rosgsthumble_ws/install/audio_msgs/share/audio_msgs/cmake/export_audio_msgs__rosidl_typesupport_fastrtps_cppExport-noconfig.cmake\n'}
[6.845539] (audio_msgs) StdoutLine: {'line': b'-- Installing: /root/ROS2_WEBRTC/rosgsthumble_ws/install/audio_msgs/share/audio_msgs/cmake/audio_msgs__rosidl_typesupport_introspection_cExport.cmake\n'}
[6.845766] (audio_msgs) StdoutLine: {'line': b'-- Installing: /root/ROS2_WEBRTC/rosgsthumble_ws/install/audio_msgs/share/audio_msgs/cmake/audio_msgs__rosidl_typesupport_introspection_cExport-noconfig.cmake\n'}
[6.845857] (audio_msgs) StdoutLine: {'line': b'-- Installing: /root/ROS2_WEBRTC/rosgsthumble_ws/install/audio_msgs/share/audio_msgs/cmake/audio_msgs__rosidl_typesupport_cExport.cmake\n'}
[6.845981] (audio_msgs) StdoutLine: {'line': b'-- Installing: /root/ROS2_WEBRTC/rosgsthumble_ws/install/audio_msgs/share/audio_msgs/cmake/audio_msgs__rosidl_typesupport_cExport-noconfig.cmake\n'}
[6.846131] (audio_msgs) StdoutLine: {'line': b'-- Installing: /root/ROS2_WEBRTC/rosgsthumble_ws/install/audio_msgs/share/audio_msgs/cmake/audio_msgs__rosidl_typesupport_introspection_cppExport.cmake\n'}
[6.846268] (audio_msgs) StdoutLine: {'line': b'-- Installing: /root/ROS2_WEBRTC/rosgsthumble_ws/install/audio_msgs/share/audio_msgs/cmake/audio_msgs__rosidl_typesupport_introspection_cppExport-noconfig.cmake\n'}
[6.846404] (audio_msgs) StdoutLine: {'line': b'-- Installing: /root/ROS2_WEBRTC/rosgsthumble_ws/install/audio_msgs/share/audio_msgs/cmake/audio_msgs__rosidl_typesupport_cppExport.cmake\n'}
[6.846535] (audio_msgs) StdoutLine: {'line': b'-- Installing: /root/ROS2_WEBRTC/rosgsthumble_ws/install/audio_msgs/share/audio_msgs/cmake/audio_msgs__rosidl_typesupport_cppExport-noconfig.cmake\n'}
[6.846682] (audio_msgs) StdoutLine: {'line': b'-- Installing: /root/ROS2_WEBRTC/rosgsthumble_ws/install/audio_msgs/share/audio_msgs/cmake/export_audio_msgs__rosidl_generator_pyExport.cmake\n'}
[6.846817] (audio_msgs) StdoutLine: {'line': b'-- Installing: /root/ROS2_WEBRTC/rosgsthumble_ws/install/audio_msgs/share/audio_msgs/cmake/export_audio_msgs__rosidl_generator_pyExport-noconfig.cmake\n'}
[6.848889] (audio_msgs) CommandEnded: {'returncode': 0}
[6.892175] (audio_msgs) JobEnded: {'identifier': 'audio_msgs', 'rc': 0}
[6.892927] (gst_bridge) JobStarted: {'identifier': 'gst_bridge'}
[6.898992] (gst_bridge) JobProgress: {'identifier': 'gst_bridge', 'progress': 'cmake'}
[6.899476] (gst_bridge) Command: {'cmd': ['/usr/bin/cmake', '/root/ROS2_WEBRTC/rosgsthumble_ws/src/ros-gst-bridge/gst_bridge', '-DAMENT_CMAKE_SYMLINK_INSTALL=1', '-DCMAKE_INSTALL_PREFIX=/root/ROS2_WEBRTC/rosgsthumble_ws/install/gst_bridge'], 'cwd': '/root/ROS2_WEBRTC/rosgsthumble_ws/build/gst_bridge', 'env': OrderedDict([('HOSTNAME', 'DuquedeCaixias'), ('GIT_ASKPASS', '/root/.vscode-server/bin/618725e67565b290ba4da6fe2d29f8fa1d4e3622/extensions/git/dist/askpass.sh'), ('SHLVL', '2'), ('LD_LIBRARY_PATH', '/root/ROS2_WEBRTC/rosgsthumble_ws/install/audio_msgs/lib:/usr/lib/x86_64-linux-gnu/gazebo-11/plugins:/opt/ros/humble/opt/rviz_ogre_vendor/lib:/opt/ros/humble/lib/x86_64-linux-gnu:/opt/ros/humble/lib'), ('BROWSER', '/root/.vscode-server/bin/618725e67565b290ba4da6fe2d29f8fa1d4e3622/bin/helpers/browser.sh'), ('HOME', '/root'), ('TERM_PROGRAM_VERSION', '1.107.0'), ('PIPEWIRE_RUNTIME_DIR', '/run/user/1001'), ('VSCODE_IPC_HOOK_CLI', '/run/user/1001/vscode-ipc-68058f33-30f0-4307-9342-81328915a75d.sock'), ('ROS_PYTHON_VERSION', '3'), ('VSCODE_GIT_ASKPASS_MAIN', '/root/.vscode-server/bin/618725e67565b290ba4da6fe2d29f8fa1d4e3622/extensions/git/dist/askpass-main.js'), ('VSCODE_GIT_ASKPASS_NODE', '/root/.vscode-server/bin/618725e67565b290ba4da6fe2d29f8fa1d4e3622/node'), ('VSCODE_PYTHON_AUTOACTIVATE_GUARD', '1'), ('COLORTERM', 'truecolor'), ('REMOTE_CONTAINERS', 'true'), ('DEBUGINFOD_URLS', ''), ('WAYLAND_DISPLAY', 'wayland-0'), ('ROS_DISTRO', 'humble'), ('REMOTE_CONTAINERS_IPC', '/tmp/vscode-remote-containers-ipc-4d2d4b98-497d-4534-a764-ab857881c228.sock'), ('_', '/usr/bin/colcon'), ('ROS_VERSION', '2'), ('PKG_CONFIG_PATH', '/usr/lib/x86_64-linux-gnu/pkgconfig:'), ('OPENSSL_CONF', '/etc/ssl/openssl_legacy.cnf'), ('TERM', 'xterm-256color'), ('ROS_LOCALHOST_ONLY', '0'), ('PATH', '/root/.vscode-server/data/User/globalStorage/github.copilot-chat/debugCommand:/root/.vscode-server/data/User/globalStorage/github.copilot-chat/copilotCli:/root/.vscode-server/bin/618725e67565b290ba4da6fe2d29f8fa1d4e3622/bin/remote-cli:/opt/ros/humble/bin:/usr/local/sbin:/usr/local/bin:/usr/sbin:/usr/bin:/sbin:/bin'), ('XDG_RUNTIME_DIR', '/run/user/1001'), ('REMOTE_CONTAINERS_SOCKETS', '["/root/.gnupg/S.gpg-agent"]'), ('DISPLAY', ':0'), ('LANG', 'C.UTF-8'), ('LS_COLORS', 'rs=0:di=01;34:ln=01;36:mh=00:pi=40;33:so=01;35:do=01;35:bd=40;33;01:cd=40;33;01:or=40;31;01:mi=00:su=37;41:sg=30;43:ca=30;41:tw=30;42:ow=34;42:st=37;44:ex=01;32:*.tar=01;31:*.tgz=01;31:*.arc=01;31:*.arj=01;31:*.taz=01;31:*.lha=01;31:*.lz4=01;31:*.lzh=01;31:*.lzma=01;31:*.tlz=01;31:*.txz=01;31:*.tzo=01;31:*.t7z=01;31:*.zip=01;31:*.z=01;31:*.dz=01;31:*.gz=01;31:*.lrz=01;31:*.lz=01;31:*.lzo=01;31:*.xz=01;31:*.zst=01;31:*.tzst=01;31:*.bz2=01;31:*.bz=01;31:*.tbz=01;31:*.tbz2=01;31:*.tz=01;31:*.deb=01;31:*.rpm=01;31:*.jar=01;31:*.war=01;31:*.ear=01;31:*.sar=01;31:*.rar=01;31:*.alz=01;31:*.ace=01;31:*.zoo=01;31:*.cpio=01;31:*.7z=01;31:*.rz=01;31:*.cab=01;31:*.wim=01;31:*.swm=01;31:*.dwm=01;31:*.esd=01;31:*.jpg=01;35:*.jpeg=01;35:*.mjpg=01;35:*.mjpeg=01;35:*.gif=01;35:*.bmp=01;35:*.pbm=01;35:*.pgm=01;35:*.ppm=01;35:*.tga=01;35:*.xbm=01;35:*.xpm=01;35:*.tif=01;35:*.tiff=01;35:*.png=01;35:*.svg=01;35:*.svgz=01;35:*.mng=01;35:*.pcx=01;35:*.mov=01;35:*.mpg=01;35:*.mpeg=01;35:*.m2v=01;35:*.mkv=01;35:*.webm=01;35:*.webp=01;35:*.ogm=01;35:*.mp4=01;35:*.m4v=01;35:*.mp4v=01;35:*.vob=01;35:*.qt=01;35:*.nuv=01;35:*.wmv=01;35:*.asf=01;35:*.rm=01;35:*.rmvb=01;35:*.flc=01;35:*.avi=01;35:*.fli=01;35:*.flv=01;35:*.gl=01;35:*.dl=01;35:*.xcf=01;35:*.xwd=01;35:*.yuv=01;35:*.cgm=01;35:*.emf=01;35:*.ogv=01;35:*.ogx=01;35:*.aac=00;36:*.au=00;36:*.flac=00;36:*.m4a=00;36:*.mid=00;36:*.midi=00;36:*.mka=00;36:*.mp3=00;36:*.mpc=00;36:*.ogg=00;36:*.ra=00;36:*.wav=00;36:*.oga=00;36:*.opus=00;36:*.spx=00;36:*.xspf=00;36:'), ('VSCODE_GIT_IPC_HANDLE', '/run/user/1001/vscode-git-84fad1f619.sock'), ('TERM_PROGRAM', 'vscode'), ('AMENT_PREFIX_PATH', '/root/ROS2_WEBRTC/rosgsthumble_ws/install/audio_msgs:/opt/ros/humble'), ('DEBIAN_FRONTEND', 'noninteractive'), ('SHELL', '/bin/bash'), ('VSCODE_GIT_ASKPASS_EXTRA_ARGS', ''), ('PWD', '/root/ROS2_WEBRTC/rosgsthumble_ws/build/gst_bridge'), ('LC_ALL', 'C.UTF-8'), ('PYTHONPATH', '/root/ROS2_WEBRTC/rosgsthumble_ws/install/audio_msgs/local/lib/python3.10/dist-packages:/opt/ros/humble/lib/python3.10/site-packages:/opt/ros/humble/local/lib/python3.10/dist-packages'), ('COLCON', '1'), ('CMAKE_PREFIX_PATH', '/root/ROS2_WEBRTC/rosgsthumble_ws/install/audio_msgs:/opt/ros/humble')]), 'shell': False}
[6.917985] (-) TimerEvent: {}
[6.949498] (gst_bridge) StdoutLine: {'line': b'-- The C compiler identification is GNU 11.4.0\n'}
[6.994039] (gst_bridge) StdoutLine: {'line': b'-- The CXX compiler identification is GNU 11.4.0\n'}
[6.999769] (gst_bridge) StdoutLine: {'line': b'-- Detecting C compiler ABI info\n'}
[7.018077] (-) TimerEvent: {}
[7.058320] (gst_bridge) StdoutLine: {'line': b'-- Detecting C compiler ABI info - done\n'}
[7.063491] (gst_bridge) StdoutLine: {'line': b'-- Check for working C compiler: /usr/bin/cc - skipped\n'}
[7.063713] (gst_bridge) StdoutLine: {'line': b'-- Detecting C compile features\n'}
[7.064005] (gst_bridge) StdoutLine: {'line': b'-- Detecting C compile features - done\n'}
[7.066292] (gst_bridge) StdoutLine: {'line': b'-- Detecting CXX compiler ABI info\n'}
[7.118159] (-) TimerEvent: {}
[7.132442] (gst_bridge) StdoutLine: {'line': b'-- Detecting CXX compiler ABI info - done\n'}
[7.140609] (gst_bridge) StdoutLine: {'line': b'-- Check for working CXX compiler: /usr/bin/c++ - skipped\n'}
[7.140834] (gst_bridge) StdoutLine: {'line': b'-- Detecting CXX compile features\n'}
[7.141164] (gst_bridge) StdoutLine: {'line': b'-- Detecting CXX compile features - done\n'}
[7.144998] (gst_bridge) StdoutLine: {'line': b'-- Found PkgConfig: /usr/bin/pkg-config (found version "0.29.2") \n'}
[7.147408] (gst_bridge) StdoutLine: {'line': b'-- Found ament_cmake: 1.3.12 (/opt/ros/humble/share/ament_cmake/cmake)\n'}
[7.218247] (-) TimerEvent: {}
[7.274018] (gst_msgs) StdoutLine: {'line': b'[ 82%] Built target gst_msgs__py\n'}
[7.281099] (gst_bridge) StdoutLine: {'line': b'-- Found Python3: /usr/bin/python3 (found version "3.10.12") found components: Interpreter \n'}
[7.294641] (gst_msgs) StdoutLine: {'line': b'[ 83%] \x1b[32mBuilding C object CMakeFiles/gst_msgs__rosidl_generator_py.dir/rosidl_generator_py/gst_msgs/msg/_frame_gate_s.c.o\x1b[0m\n'}
[7.294882] (gst_msgs) StdoutLine: {'line': b'[ 84%] \x1b[32mBuilding C object CMakeFiles/gst_msgs__rosidl_generator_py.dir/rosidl_generator_py/gst_msgs/msg/_buffer_event_s.c.o\x1b[0m\n'}
[7.295084] (gst_msgs) StdoutLine: {'line': b'[ 86%] \x1b[32mBuilding C object CMakeFiles/gst_msgs__rosidl_generator_py.dir/rosidl_generator_py/gst_msgs/msg/_clock_observation_s.c.o\x1b[0m\n'}
[7.295204] (gst_msgs) StdoutLine: {'line': b'[ 87%] \x1b[32mBuilding C object CMakeFiles/gst_msgs__rosidl_generator_py.dir/rosidl_generator_py/gst_msgs/msg/_webrtc_ice_s.c.o\x1b[0m\n'}
[7.295302] (gst_msgs) StdoutLine: {'line': b'[ 89%] \x1b[32mBuilding C object CMakeFiles/gst_msgs__rosidl_generator_py.dir/rosidl_generator_py/gst_msgs/msg/_multifilesink_event_s.c.o\x1b[0m\n'}
[7.295396] (gst_msgs) StdoutLine: {'line': b'[ 89%] \x1b[32mBuilding C object CMakeFiles/gst_msgs__rosidl_generator_py.dir/rosidl_generator_py/gst_msgs/msg/_meta_mark_s.c.o\x1b[0m\n'}
[7.295480] (gst_msgs) StdoutLine: {'line': b'[ 91%] \x1b[32mBuilding C object CMakeFiles/gst_msgs__rosidl_generator_py.dir/rosidl_generator_py/gst_msgs/srv/_seek_s.c.o\x1b[0m\n'}
[7.318358] (-) TimerEvent: {}
[7.363428] (gst_bridge) StdoutLine: {'line': b'-- Override CMake install command with custom implementation using symlinks instead of copying resources\n'}
[7.400141] (gst_bridge) StdoutLine: {'line': b'-- Found rclcpp: 16.0.15 (/opt/ros/humble/share/rclcpp/cmake)\n'}
[7.404257] (gst_msgs) StdoutLine: {'line': b'[ 92%] \x1b[32m\x1b[1mLinking C shared library rosidl_generator_py/gst_msgs/libgst_msgs__rosidl_generator_py.so\x1b[0m\n'}
[7.418462] (-) TimerEvent: {}
[7.444225] (gst_bridge) StdoutLine: {'line': b'-- Found rosidl_generator_c: 3.1.7 (/opt/ros/humble/share/rosidl_generator_c/cmake)\n'}
[7.449318] (gst_bridge) StdoutLine: {'line': b'-- Found rosidl_adapter: 3.1.7 (/opt/ros/humble/share/rosidl_adapter/cmake)\n'}
[7.457151] (gst_bridge) StdoutLine: {'line': b'-- Found rosidl_generator_cpp: 3.1.7 (/opt/ros/humble/share/rosidl_generator_cpp/cmake)\n'}
[7.468134] (gst_bridge) StdoutLine: {'line': b'-- Using all available rosidl_typesupport_c: rosidl_typesupport_fastrtps_c;rosidl_typesupport_introspection_c\n'}
[7.468571] (gst_msgs) StdoutLine: {'line': b'[ 92%] Built target gst_msgs__rosidl_generator_py\n'}
[7.484046] (gst_bridge) StdoutLine: {'line': b'-- Using all available rosidl_typesupport_cpp: rosidl_typesupport_fastrtps_cpp;rosidl_typesupport_introspection_cpp\n'}
[7.487475] (gst_msgs) StdoutLine: {'line': b'[ 94%] \x1b[32mBuilding C object CMakeFiles/gst_msgs__rosidl_typesupport_introspection_c__pyext.dir/rosidl_generator_py/gst_msgs/_gst_msgs_s.ep.rosidl_typesupport_introspection_c.c.o\x1b[0m\n'}
[7.487733] (gst_msgs) StdoutLine: {'line': b'[ 94%] \x1b[32mBuilding C object CMakeFiles/gst_msgs__rosidl_typesupport_fastrtps_c__pyext.dir/rosidl_generator_py/gst_msgs/_gst_msgs_s.ep.rosidl_typesupport_fastrtps_c.c.o\x1b[0m\n'}
[7.487859] (gst_msgs) StdoutLine: {'line': b'[ 96%] \x1b[32mBuilding C object CMakeFiles/gst_msgs__rosidl_typesupport_c__pyext.dir/rosidl_generator_py/gst_msgs/_gst_msgs_s.ep.rosidl_typesupport_c.c.o\x1b[0m\n'}
[7.518573] (-) TimerEvent: {}
[7.525825] (gst_bridge) StdoutLine: {'line': b'-- Found rmw_implementation_cmake: 6.1.2 (/opt/ros/humble/share/rmw_implementation_cmake/cmake)\n'}
[7.528641] (gst_bridge) StdoutLine: {'line': b'-- Found rmw_fastrtps_cpp: 6.2.9 (/opt/ros/humble/share/rmw_fastrtps_cpp/cmake)\n'}
[7.582752] (gst_msgs) StdoutLine: {'line': b'[ 98%] \x1b[32m\x1b[1mLinking C shared library rosidl_generator_py/gst_msgs/gst_msgs_s__rosidl_typesupport_introspection_c.cpython-310-x86_64-linux-gnu.so\x1b[0m\n'}
[7.582988] (gst_msgs) StdoutLine: {'line': b'[100%] \x1b[32m\x1b[1mLinking C shared library rosidl_generator_py/gst_msgs/gst_msgs_s__rosidl_typesupport_fastrtps_c.cpython-310-x86_64-linux-gnu.so\x1b[0m\n'}
[7.583120] (gst_msgs) StdoutLine: {'line': b'[100%] \x1b[32m\x1b[1mLinking C shared library rosidl_generator_py/gst_msgs/gst_msgs_s__rosidl_typesupport_c.cpython-310-x86_64-linux-gnu.so\x1b[0m\n'}
[7.615206] (gst_bridge) StdoutLine: {'line': b'-- Found OpenSSL: /usr/lib/x86_64-linux-gnu/libcrypto.so (found version "3.0.2")  \n'}
[7.615950] (gst_msgs) StdoutLine: {'line': b'[100%] Built target gst_msgs__rosidl_typesupport_fastrtps_c__pyext\n'}
[7.616116] (gst_msgs) StdoutLine: {'line': b'[100%] Built target gst_msgs__rosidl_typesupport_c__pyext\n'}
[7.616195] (gst_msgs) StdoutLine: {'line': b'[100%] Built target gst_msgs__rosidl_typesupport_introspection_c__pyext\n'}
[7.618628] (-) TimerEvent: {}
[7.629248] (gst_msgs) CommandEnded: {'returncode': 0}
[7.629879] (gst_msgs) JobProgress: {'identifier': 'gst_msgs', 'progress': 'install'}
[7.630233] (gst_msgs) Command: {'cmd': ['/usr/bin/cmake', '--install', '/root/ROS2_WEBRTC/rosgsthumble_ws/build/gst_msgs'], 'cwd': '/root/ROS2_WEBRTC/rosgsthumble_ws/build/gst_msgs', 'env': OrderedDict([('HOSTNAME', 'DuquedeCaixias'), ('GIT_ASKPASS', '/root/.vscode-server/bin/618725e67565b290ba4da6fe2d29f8fa1d4e3622/extensions/git/dist/askpass.sh'), ('SHLVL', '2'), ('LD_LIBRARY_PATH', '/usr/lib/x86_64-linux-gnu/gazebo-11/plugins:/opt/ros/humble/opt/rviz_ogre_vendor/lib:/opt/ros/humble/lib/x86_64-linux-gnu:/opt/ros/humble/lib'), ('BROWSER', '/root/.vscode-server/bin/618725e67565b290ba4da6fe2d29f8fa1d4e3622/bin/helpers/browser.sh'), ('HOME', '/root'), ('TERM_PROGRAM_VERSION', '1.107.0'), ('PIPEWIRE_RUNTIME_DIR', '/run/user/1001'), ('VSCODE_IPC_HOOK_CLI', '/run/user/1001/vscode-ipc-68058f33-30f0-4307-9342-81328915a75d.sock'), ('ROS_PYTHON_VERSION', '3'), ('VSCODE_GIT_ASKPASS_MAIN', '/root/.vscode-server/bin/618725e67565b290ba4da6fe2d29f8fa1d4e3622/extensions/git/dist/askpass-main.js'), ('VSCODE_GIT_ASKPASS_NODE', '/root/.vscode-server/bin/618725e67565b290ba4da6fe2d29f8fa1d4e3622/node'), ('VSCODE_PYTHON_AUTOACTIVATE_GUARD', '1'), ('COLORTERM', 'truecolor'), ('REMOTE_CONTAINERS', 'true'), ('DEBUGINFOD_URLS', ''), ('WAYLAND_DISPLAY', 'wayland-0'), ('ROS_DISTRO', 'humble'), ('REMOTE_CONTAINERS_IPC', '/tmp/vscode-remote-containers-ipc-4d2d4b98-497d-4534-a764-ab857881c228.sock'), ('_', '/usr/bin/colcon'), ('ROS_VERSION', '2'), ('PKG_CONFIG_PATH', '/usr/lib/x86_64-linux-gnu/pkgconfig:'), ('OPENSSL_CONF', '/etc/ssl/openssl_legacy.cnf'), ('TERM', 'xterm-256color'), ('ROS_LOCALHOST_ONLY', '0'), ('PATH', '/root/.vscode-server/data/User/globalStorage/github.copilot-chat/debugCommand:/root/.vscode-server/data/User/globalStorage/github.copilot-chat/copilotCli:/root/.vscode-server/bin/618725e67565b290ba4da6fe2d29f8fa1d4e3622/bin/remote-cli:/opt/ros/humble/bin:/usr/local/sbin:/usr/local/bin:/usr/sbin:/usr/bin:/sbin:/bin'), ('XDG_RUNTIME_DIR', '/run/user/1001'), ('REMOTE_CONTAINERS_SOCKETS', '["/root/.gnupg/S.gpg-agent"]'), ('DISPLAY', ':0'), ('LANG', 'C.UTF-8'), ('LS_COLORS', 'rs=0:di=01;34:ln=01;36:mh=00:pi=40;33:so=01;35:do=01;35:bd=40;33;01:cd=40;33;01:or=40;31;01:mi=00:su=37;41:sg=30;43:ca=30;41:tw=30;42:ow=34;42:st=37;44:ex=01;32:*.tar=01;31:*.tgz=01;31:*.arc=01;31:*.arj=01;31:*.taz=01;31:*.lha=01;31:*.lz4=01;31:*.lzh=01;31:*.lzma=01;31:*.tlz=01;31:*.txz=01;31:*.tzo=01;31:*.t7z=01;31:*.zip=01;31:*.z=01;31:*.dz=01;31:*.gz=01;31:*.lrz=01;31:*.lz=01;31:*.lzo=01;31:*.xz=01;31:*.zst=01;31:*.tzst=01;31:*.bz2=01;31:*.bz=01;31:*.tbz=01;31:*.tbz2=01;31:*.tz=01;31:*.deb=01;31:*.rpm=01;31:*.jar=01;31:*.war=01;31:*.ear=01;31:*.sar=01;31:*.rar=01;31:*.alz=01;31:*.ace=01;31:*.zoo=01;31:*.cpio=01;31:*.7z=01;31:*.rz=01;31:*.cab=01;31:*.wim=01;31:*.swm=01;31:*.dwm=01;31:*.esd=01;31:*.jpg=01;35:*.jpeg=01;35:*.mjpg=01;35:*.mjpeg=01;35:*.gif=01;35:*.bmp=01;35:*.pbm=01;35:*.pgm=01;35:*.ppm=01;35:*.tga=01;35:*.xbm=01;35:*.xpm=01;35:*.tif=01;35:*.tiff=01;35:*.png=01;35:*.svg=01;35:*.svgz=01;35:*.mng=01;35:*.pcx=01;35:*.mov=01;35:*.mpg=01;35:*.mpeg=01;35:*.m2v=01;35:*.mkv=01;35:*.webm=01;35:*.webp=01;35:*.ogm=01;35:*.mp4=01;35:*.m4v=01;35:*.mp4v=01;35:*.vob=01;35:*.qt=01;35:*.nuv=01;35:*.wmv=01;35:*.asf=01;35:*.rm=01;35:*.rmvb=01;35:*.flc=01;35:*.avi=01;35:*.fli=01;35:*.flv=01;35:*.gl=01;35:*.dl=01;35:*.xcf=01;35:*.xwd=01;35:*.yuv=01;35:*.cgm=01;35:*.emf=01;35:*.ogv=01;35:*.ogx=01;35:*.aac=00;36:*.au=00;36:*.flac=00;36:*.m4a=00;36:*.mid=00;36:*.midi=00;36:*.mka=00;36:*.mp3=00;36:*.mpc=00;36:*.ogg=00;36:*.ra=00;36:*.wav=00;36:*.oga=00;36:*.opus=00;36:*.spx=00;36:*.xspf=00;36:'), ('VSCODE_GIT_IPC_HANDLE', '/run/user/1001/vscode-git-84fad1f619.sock'), ('TERM_PROGRAM', 'vscode'), ('AMENT_PREFIX_PATH', '/opt/ros/humble'), ('DEBIAN_FRONTEND', 'noninteractive'), ('SHELL', '/bin/bash'), ('VSCODE_GIT_ASKPASS_EXTRA_ARGS', ''), ('PWD', '/root/ROS2_WEBRTC/rosgsthumble_ws/build/gst_msgs'), ('LC_ALL', 'C.UTF-8'), ('PYTHONPATH', '/opt/ros/humble/lib/python3.10/site-packages:/opt/ros/humble/local/lib/python3.10/dist-packages'), ('COLCON', '1'), ('CMAKE_PREFIX_PATH', '/opt/ros/humble')]), 'shell': False}
[7.637883] (gst_msgs) StdoutLine: {'line': b'-- Install configuration: ""\n'}
[7.638397] (gst_msgs) StdoutLine: {'line': b'-- Execute custom install script\n'}
[7.638774] (gst_msgs) StdoutLine: {'line': b'-- Symlinking: /root/ROS2_WEBRTC/rosgsthumble_ws/install/gst_msgs/share/ament_index/resource_index/rosidl_interfaces/gst_msgs\n'}
[7.647066] (gst_msgs) StdoutLine: {'line': b'-- Symlinking: /root/ROS2_WEBRTC/rosgsthumble_ws/install/gst_msgs/include/gst_msgs/gst_msgs/msg/buffer_event.h\n'}
[7.647626] (gst_bridge) StdoutLine: {'line': b'-- Found FastRTPS: /opt/ros/humble/include  \n'}
[7.654733] (gst_msgs) StdoutLine: {'line': b'-- Symlinking: /root/ROS2_WEBRTC/rosgsthumble_ws/install/gst_msgs/include/gst_msgs/gst_msgs/msg/clock_observation.h\n'}
[7.662131] (gst_msgs) StdoutLine: {'line': b'-- Symlinking: /root/ROS2_WEBRTC/rosgsthumble_ws/install/gst_msgs/include/gst_msgs/gst_msgs/msg/detail/buffer_event__functions.h\n'}
[7.669393] (gst_msgs) StdoutLine: {'line': b'-- Symlinking: /root/ROS2_WEBRTC/rosgsthumble_ws/install/gst_msgs/include/gst_msgs/gst_msgs/msg/detail/buffer_event__struct.h\n'}
[7.676535] (gst_msgs) StdoutLine: {'line': b'-- Symlinking: /root/ROS2_WEBRTC/rosgsthumble_ws/install/gst_msgs/include/gst_msgs/gst_msgs/msg/detail/buffer_event__type_support.h\n'}
[7.684442] (gst_msgs) StdoutLine: {'line': b'-- Symlinking: /root/ROS2_WEBRTC/rosgsthumble_ws/install/gst_msgs/include/gst_msgs/gst_msgs/msg/detail/clock_observation__functions.h\n'}
[7.691549] (gst_msgs) StdoutLine: {'line': b'-- Symlinking: /root/ROS2_WEBRTC/rosgsthumble_ws/install/gst_msgs/include/gst_msgs/gst_msgs/msg/detail/clock_observation__struct.h\n'}
[7.694798] (gst_bridge) StdoutLine: {'line': b"-- Using RMW implementation 'rmw_fastrtps_cpp' as default\n"}
[7.699080] (gst_msgs) StdoutLine: {'line': b'-- Symlinking: /root/ROS2_WEBRTC/rosgsthumble_ws/install/gst_msgs/include/gst_msgs/gst_msgs/msg/detail/clock_observation__type_support.h\n'}
[7.703928] (gst_bridge) StdoutLine: {'line': b'-- Looking for pthread.h\n'}
[7.706240] (gst_msgs) StdoutLine: {'line': b'-- Symlinking: /root/ROS2_WEBRTC/rosgsthumble_ws/install/gst_msgs/include/gst_msgs/gst_msgs/msg/detail/frame_gate__functions.h\n'}
[7.714288] (gst_msgs) StdoutLine: {'line': b'-- Symlinking: /root/ROS2_WEBRTC/rosgsthumble_ws/install/gst_msgs/include/gst_msgs/gst_msgs/msg/detail/frame_gate__struct.h\n'}
[7.718729] (-) TimerEvent: {}
[7.722548] (gst_msgs) StdoutLine: {'line': b'-- Symlinking: /root/ROS2_WEBRTC/rosgsthumble_ws/install/gst_msgs/include/gst_msgs/gst_msgs/msg/detail/frame_gate__type_support.h\n'}
[7.731442] (gst_msgs) StdoutLine: {'line': b'-- Symlinking: /root/ROS2_WEBRTC/rosgsthumble_ws/install/gst_msgs/include/gst_msgs/gst_msgs/msg/detail/meta_mark__functions.h\n'}
[7.739709] (gst_msgs) StdoutLine: {'line': b'-- Symlinking: /root/ROS2_WEBRTC/rosgsthumble_ws/install/gst_msgs/include/gst_msgs/gst_msgs/msg/detail/meta_mark__struct.h\n'}
[7.747282] (gst_msgs) StdoutLine: {'line': b'-- Symlinking: /root/ROS2_WEBRTC/rosgsthumble_ws/install/gst_msgs/include/gst_msgs/gst_msgs/msg/detail/meta_mark__type_support.h\n'}
[7.754439] (gst_msgs) StdoutLine: {'line': b'-- Symlinking: /root/ROS2_WEBRTC/rosgsthumble_ws/install/gst_msgs/include/gst_msgs/gst_msgs/msg/detail/multifilesink_event__functions.h\n'}
[7.762984] (gst_msgs) StdoutLine: {'line': b'-- Symlinking: /root/ROS2_WEBRTC/rosgsthumble_ws/install/gst_msgs/include/gst_msgs/gst_msgs/msg/detail/multifilesink_event__struct.h\n'}
[7.767558] (gst_bridge) StdoutLine: {'line': b'-- Looking for pthread.h - found\n'}
[7.767987] (gst_bridge) StdoutLine: {'line': b'-- Performing Test CMAKE_HAVE_LIBC_PTHREAD\n'}
[7.771603] (gst_msgs) StdoutLine: {'line': b'-- Symlinking: /root/ROS2_WEBRTC/rosgsthumble_ws/install/gst_msgs/include/gst_msgs/gst_msgs/msg/detail/multifilesink_event__type_support.h\n'}
[7.778883] (gst_msgs) StdoutLine: {'line': b'-- Symlinking: /root/ROS2_WEBRTC/rosgsthumble_ws/install/gst_msgs/include/gst_msgs/gst_msgs/msg/detail/webrtc_ice__functions.h\n'}
[7.785827] (gst_msgs) StdoutLine: {'line': b'-- Symlinking: /root/ROS2_WEBRTC/rosgsthumble_ws/install/gst_msgs/include/gst_msgs/gst_msgs/msg/detail/webrtc_ice__struct.h\n'}
[7.793419] (gst_msgs) StdoutLine: {'line': b'-- Symlinking: /root/ROS2_WEBRTC/rosgsthumble_ws/install/gst_msgs/include/gst_msgs/gst_msgs/msg/detail/webrtc_ice__type_support.h\n'}
[7.801157] (gst_msgs) StdoutLine: {'line': b'-- Symlinking: /root/ROS2_WEBRTC/rosgsthumble_ws/install/gst_msgs/include/gst_msgs/gst_msgs/msg/frame_gate.h\n'}
[7.807924] (gst_msgs) StdoutLine: {'line': b'-- Symlinking: /root/ROS2_WEBRTC/rosgsthumble_ws/install/gst_msgs/include/gst_msgs/gst_msgs/msg/meta_mark.h\n'}
[7.815056] (gst_msgs) StdoutLine: {'line': b'-- Symlinking: /root/ROS2_WEBRTC/rosgsthumble_ws/install/gst_msgs/include/gst_msgs/gst_msgs/msg/multifilesink_event.h\n'}
[7.818805] (-) TimerEvent: {}
[7.822752] (gst_msgs) StdoutLine: {'line': b'-- Symlinking: /root/ROS2_WEBRTC/rosgsthumble_ws/install/gst_msgs/include/gst_msgs/gst_msgs/msg/rosidl_generator_c__visibility_control.h\n'}
[7.828725] (gst_bridge) StdoutLine: {'line': b'-- Performing Test CMAKE_HAVE_LIBC_PTHREAD - Success\n'}
[7.829981] (gst_bridge) StdoutLine: {'line': b'-- Found Threads: TRUE  \n'}
[7.830661] (gst_msgs) StdoutLine: {'line': b'-- Symlinking: /root/ROS2_WEBRTC/rosgsthumble_ws/install/gst_msgs/include/gst_msgs/gst_msgs/msg/webrtc_ice.h\n'}
[7.838680] (gst_msgs) StdoutLine: {'line': b'-- Symlinking: /root/ROS2_WEBRTC/rosgsthumble_ws/install/gst_msgs/include/gst_msgs/gst_msgs/srv/detail/seek__functions.h\n'}
[7.845867] (gst_msgs) StdoutLine: {'line': b'-- Symlinking: /root/ROS2_WEBRTC/rosgsthumble_ws/install/gst_msgs/include/gst_msgs/gst_msgs/srv/detail/seek__struct.h\n'}
[7.852900] (gst_msgs) StdoutLine: {'line': b'-- Symlinking: /root/ROS2_WEBRTC/rosgsthumble_ws/install/gst_msgs/include/gst_msgs/gst_msgs/srv/detail/seek__type_support.h\n'}
[7.859943] (gst_msgs) StdoutLine: {'line': b'-- Symlinking: /root/ROS2_WEBRTC/rosgsthumble_ws/install/gst_msgs/include/gst_msgs/gst_msgs/srv/seek.h\n'}
[7.867651] (gst_msgs) StdoutLine: {'line': b'-- Symlinking: /root/ROS2_WEBRTC/rosgsthumble_ws/install/gst_msgs/share/gst_msgs/environment/library_path.sh\n'}
[7.873234] (gst_bridge) StdoutLine: {'line': b"-- Checking for one of the modules 'gstreamer-1.0'\n"}
[7.874858] (gst_msgs) StdoutLine: {'line': b'-- Symlinking: /root/ROS2_WEBRTC/rosgsthumble_ws/install/gst_msgs/share/gst_msgs/environment/library_path.dsv\n'}
[7.883494] (gst_msgs) StdoutLine: {'line': b'-- Symlinking: /root/ROS2_WEBRTC/rosgsthumble_ws/install/gst_msgs/include/gst_msgs/gst_msgs/msg/detail/buffer_event__rosidl_typesupport_fastrtps_c.h\n'}
[7.890524] (gst_msgs) StdoutLine: {'line': b'-- Symlinking: /root/ROS2_WEBRTC/rosgsthumble_ws/install/gst_msgs/include/gst_msgs/gst_msgs/msg/detail/clock_observation__rosidl_typesupport_fastrtps_c.h\n'}
[7.897472] (gst_msgs) StdoutLine: {'line': b'-- Symlinking: /root/ROS2_WEBRTC/rosgsthumble_ws/install/gst_msgs/include/gst_msgs/gst_msgs/msg/detail/frame_gate__rosidl_typesupport_fastrtps_c.h\n'}
[7.904323] (gst_msgs) StdoutLine: {'line': b'-- Symlinking: /root/ROS2_WEBRTC/rosgsthumble_ws/install/gst_msgs/include/gst_msgs/gst_msgs/msg/detail/meta_mark__rosidl_typesupport_fastrtps_c.h\n'}
[7.911390] (gst_msgs) StdoutLine: {'line': b'-- Symlinking: /root/ROS2_WEBRTC/rosgsthumble_ws/install/gst_msgs/include/gst_msgs/gst_msgs/msg/detail/multifilesink_event__rosidl_typesupport_fastrtps_c.h\n'}
[7.918296] (gst_msgs) StdoutLine: {'line': b'-- Symlinking: /root/ROS2_WEBRTC/rosgsthumble_ws/install/gst_msgs/include/gst_msgs/gst_msgs/msg/detail/webrtc_ice__rosidl_typesupport_fastrtps_c.h\n'}
[7.918865] (-) TimerEvent: {}
[7.924048] (gst_bridge) StdoutLine: {'line': b"-- Checking for one of the modules 'gstreamer-base-1.0'\n"}
[7.925221] (gst_msgs) StdoutLine: {'line': b'-- Symlinking: /root/ROS2_WEBRTC/rosgsthumble_ws/install/gst_msgs/include/gst_msgs/gst_msgs/msg/rosidl_typesupport_fastrtps_c__visibility_control.h\n'}
[7.933301] (gst_msgs) StdoutLine: {'line': b'-- Symlinking: /root/ROS2_WEBRTC/rosgsthumble_ws/install/gst_msgs/include/gst_msgs/gst_msgs/srv/detail/seek__rosidl_typesupport_fastrtps_c.h\n'}
[7.941334] (gst_msgs) StdoutLine: {'line': b'-- Symlinking: /root/ROS2_WEBRTC/rosgsthumble_ws/install/gst_msgs/include/gst_msgs/gst_msgs/msg/buffer_event.hpp\n'}
[7.948356] (gst_msgs) StdoutLine: {'line': b'-- Symlinking: /root/ROS2_WEBRTC/rosgsthumble_ws/install/gst_msgs/include/gst_msgs/gst_msgs/msg/clock_observation.hpp\n'}
[7.955578] (gst_msgs) StdoutLine: {'line': b'-- Symlinking: /root/ROS2_WEBRTC/rosgsthumble_ws/install/gst_msgs/include/gst_msgs/gst_msgs/msg/detail/buffer_event__builder.hpp\n'}
[7.962502] (gst_msgs) StdoutLine: {'line': b'-- Symlinking: /root/ROS2_WEBRTC/rosgsthumble_ws/install/gst_msgs/include/gst_msgs/gst_msgs/msg/detail/buffer_event__struct.hpp\n'}
[7.969378] (gst_msgs) StdoutLine: {'line': b'-- Symlinking: /root/ROS2_WEBRTC/rosgsthumble_ws/install/gst_msgs/include/gst_msgs/gst_msgs/msg/detail/buffer_event__traits.hpp\n'}
[7.972050] (gst_bridge) StdoutLine: {'line': b"-- Checking for one of the modules 'gstreamer-app-1.0'\n"}
[7.976163] (gst_msgs) StdoutLine: {'line': b'-- Symlinking: /root/ROS2_WEBRTC/rosgsthumble_ws/install/gst_msgs/include/gst_msgs/gst_msgs/msg/detail/buffer_event__type_support.hpp\n'}
[7.983473] (gst_msgs) StdoutLine: {'line': b'-- Symlinking: /root/ROS2_WEBRTC/rosgsthumble_ws/install/gst_msgs/include/gst_msgs/gst_msgs/msg/detail/clock_observation__builder.hpp\n'}
[7.990520] (gst_msgs) StdoutLine: {'line': b'-- Symlinking: /root/ROS2_WEBRTC/rosgsthumble_ws/install/gst_msgs/include/gst_msgs/gst_msgs/msg/detail/clock_observation__struct.hpp\n'}
[7.997777] (gst_msgs) StdoutLine: {'line': b'-- Symlinking: /root/ROS2_WEBRTC/rosgsthumble_ws/install/gst_msgs/include/gst_msgs/gst_msgs/msg/detail/clock_observation__traits.hpp\n'}
[8.005511] (gst_msgs) StdoutLine: {'line': b'-- Symlinking: /root/ROS2_WEBRTC/rosgsthumble_ws/install/gst_msgs/include/gst_msgs/gst_msgs/msg/detail/clock_observation__type_support.hpp\n'}
[8.012785] (gst_msgs) StdoutLine: {'line': b'-- Symlinking: /root/ROS2_WEBRTC/rosgsthumble_ws/install/gst_msgs/include/gst_msgs/gst_msgs/msg/detail/frame_gate__builder.hpp\n'}
[8.018583] (gst_bridge) StdoutLine: {'line': b"-- Checking for one of the modules 'gstreamer-audio-1.0'\n"}
[8.018940] (-) TimerEvent: {}
[8.020608] (gst_msgs) StdoutLine: {'line': b'-- Symlinking: /root/ROS2_WEBRTC/rosgsthumble_ws/install/gst_msgs/include/gst_msgs/gst_msgs/msg/detail/frame_gate__struct.hpp\n'}
[8.028769] (gst_msgs) StdoutLine: {'line': b'-- Symlinking: /root/ROS2_WEBRTC/rosgsthumble_ws/install/gst_msgs/include/gst_msgs/gst_msgs/msg/detail/frame_gate__traits.hpp\n'}
[8.037953] (gst_msgs) StdoutLine: {'line': b'-- Symlinking: /root/ROS2_WEBRTC/rosgsthumble_ws/install/gst_msgs/include/gst_msgs/gst_msgs/msg/detail/frame_gate__type_support.hpp\n'}
[8.045642] (gst_msgs) StdoutLine: {'line': b'-- Symlinking: /root/ROS2_WEBRTC/rosgsthumble_ws/install/gst_msgs/include/gst_msgs/gst_msgs/msg/detail/meta_mark__builder.hpp\n'}
[8.053462] (gst_msgs) StdoutLine: {'line': b'-- Symlinking: /root/ROS2_WEBRTC/rosgsthumble_ws/install/gst_msgs/include/gst_msgs/gst_msgs/msg/detail/meta_mark__struct.hpp\n'}
[8.061030] (gst_msgs) StdoutLine: {'line': b'-- Symlinking: /root/ROS2_WEBRTC/rosgsthumble_ws/install/gst_msgs/include/gst_msgs/gst_msgs/msg/detail/meta_mark__traits.hpp\n'}
[8.068395] (gst_msgs) StdoutLine: {'line': b'-- Symlinking: /root/ROS2_WEBRTC/rosgsthumble_ws/install/gst_msgs/include/gst_msgs/gst_msgs/msg/detail/meta_mark__type_support.hpp\n'}
[8.070133] (gst_bridge) StdoutLine: {'line': b"-- Checking for one of the modules 'gstreamer-video-1.0'\n"}
[8.075604] (gst_msgs) StdoutLine: {'line': b'-- Symlinking: /root/ROS2_WEBRTC/rosgsthumble_ws/install/gst_msgs/include/gst_msgs/gst_msgs/msg/detail/multifilesink_event__builder.hpp\n'}
[8.083521] (gst_msgs) StdoutLine: {'line': b'-- Symlinking: /root/ROS2_WEBRTC/rosgsthumble_ws/install/gst_msgs/include/gst_msgs/gst_msgs/msg/detail/multifilesink_event__struct.hpp\n'}
[8.090554] (gst_msgs) StdoutLine: {'line': b'-- Symlinking: /root/ROS2_WEBRTC/rosgsthumble_ws/install/gst_msgs/include/gst_msgs/gst_msgs/msg/detail/multifilesink_event__traits.hpp\n'}
[8.097587] (gst_msgs) StdoutLine: {'line': b'-- Symlinking: /root/ROS2_WEBRTC/rosgsthumble_ws/install/gst_msgs/include/gst_msgs/gst_msgs/msg/detail/multifilesink_event__type_support.hpp\n'}
[8.104562] (gst_msgs) StdoutLine: {'line': b'-- Symlinking: /root/ROS2_WEBRTC/rosgsthumble_ws/install/gst_msgs/include/gst_msgs/gst_msgs/msg/detail/webrtc_ice__builder.hpp\n'}
[8.112021] (gst_msgs) StdoutLine: {'line': b'-- Symlinking: /root/ROS2_WEBRTC/rosgsthumble_ws/install/gst_msgs/include/gst_msgs/gst_msgs/msg/detail/webrtc_ice__struct.hpp\n'}
[8.119070] (-) TimerEvent: {}
[8.120193] (gst_msgs) StdoutLine: {'line': b'-- Symlinking: /root/ROS2_WEBRTC/rosgsthumble_ws/install/gst_msgs/include/gst_msgs/gst_msgs/msg/detail/webrtc_ice__traits.hpp\n'}
[8.129316] (gst_msgs) StdoutLine: {'line': b'-- Symlinking: /root/ROS2_WEBRTC/rosgsthumble_ws/install/gst_msgs/include/gst_msgs/gst_msgs/msg/detail/webrtc_ice__type_support.hpp\n'}
[8.137622] (gst_msgs) StdoutLine: {'line': b'-- Symlinking: /root/ROS2_WEBRTC/rosgsthumble_ws/install/gst_msgs/include/gst_msgs/gst_msgs/msg/frame_gate.hpp\n'}
[8.145627] (gst_msgs) StdoutLine: {'line': b'-- Symlinking: /root/ROS2_WEBRTC/rosgsthumble_ws/install/gst_msgs/include/gst_msgs/gst_msgs/msg/meta_mark.hpp\n'}
[8.153376] (gst_msgs) StdoutLine: {'line': b'-- Symlinking: /root/ROS2_WEBRTC/rosgsthumble_ws/install/gst_msgs/include/gst_msgs/gst_msgs/msg/multifilesink_event.hpp\n'}
[8.160799] (gst_msgs) StdoutLine: {'line': b'-- Symlinking: /root/ROS2_WEBRTC/rosgsthumble_ws/install/gst_msgs/include/gst_msgs/gst_msgs/msg/rosidl_generator_cpp__visibility_control.hpp\n'}
[8.168370] (gst_msgs) StdoutLine: {'line': b'-- Symlinking: /root/ROS2_WEBRTC/rosgsthumble_ws/install/gst_msgs/include/gst_msgs/gst_msgs/msg/webrtc_ice.hpp\n'}
[8.175594] (gst_msgs) StdoutLine: {'line': b'-- Symlinking: /root/ROS2_WEBRTC/rosgsthumble_ws/install/gst_msgs/include/gst_msgs/gst_msgs/srv/detail/seek__builder.hpp\n'}
[8.183344] (gst_msgs) StdoutLine: {'line': b'-- Symlinking: /root/ROS2_WEBRTC/rosgsthumble_ws/install/gst_msgs/include/gst_msgs/gst_msgs/srv/detail/seek__struct.hpp\n'}
[8.190487] (gst_msgs) StdoutLine: {'line': b'-- Symlinking: /root/ROS2_WEBRTC/rosgsthumble_ws/install/gst_msgs/include/gst_msgs/gst_msgs/srv/detail/seek__traits.hpp\n'}
[8.197335] (gst_msgs) StdoutLine: {'line': b'-- Symlinking: /root/ROS2_WEBRTC/rosgsthumble_ws/install/gst_msgs/include/gst_msgs/gst_msgs/srv/detail/seek__type_support.hpp\n'}
[8.204149] (gst_msgs) StdoutLine: {'line': b'-- Symlinking: /root/ROS2_WEBRTC/rosgsthumble_ws/install/gst_msgs/include/gst_msgs/gst_msgs/srv/seek.hpp\n'}
[8.211679] (gst_msgs) StdoutLine: {'line': b'-- Symlinking: /root/ROS2_WEBRTC/rosgsthumble_ws/install/gst_msgs/include/gst_msgs/gst_msgs/msg/detail/buffer_event__rosidl_typesupport_fastrtps_cpp.hpp\n'}
[8.218671] (gst_msgs) StdoutLine: {'line': b'-- Symlinking: /root/ROS2_WEBRTC/rosgsthumble_ws/install/gst_msgs/include/gst_msgs/gst_msgs/msg/detail/clock_observation__rosidl_typesupport_fastrtps_cpp.hpp\n'}
[8.219127] (-) TimerEvent: {}
[8.222417] (gst_bridge) StdoutLine: {'line': b'-- Found GLIB: /usr/include/glib-2.0;/usr/lib/x86_64-linux-gnu/glib-2.0/include (found version "2.72.4") \n'}
[8.223047] (gst_bridge) StdoutLine: {'line': b'-- Found audio_msgs: 0.0.0 (/root/ROS2_WEBRTC/rosgsthumble_ws/install/audio_msgs/share/audio_msgs/cmake)\n'}
[8.226157] (gst_msgs) StdoutLine: {'line': b'-- Symlinking: /root/ROS2_WEBRTC/rosgsthumble_ws/install/gst_msgs/include/gst_msgs/gst_msgs/msg/detail/frame_gate__rosidl_typesupport_fastrtps_cpp.hpp\n'}
[8.237198] (gst_msgs) StdoutLine: {'line': b'-- Symlinking: /root/ROS2_WEBRTC/rosgsthumble_ws/install/gst_msgs/include/gst_msgs/gst_msgs/msg/detail/meta_mark__rosidl_typesupport_fastrtps_cpp.hpp\n'}
[8.237635] (gst_bridge) StdoutLine: {'line': b'-- Found sensor_msgs: 4.9.0 (/opt/ros/humble/share/sensor_msgs/cmake)\n'}
[8.246304] (gst_msgs) StdoutLine: {'line': b'-- Symlinking: /root/ROS2_WEBRTC/rosgsthumble_ws/install/gst_msgs/include/gst_msgs/gst_msgs/msg/detail/multifilesink_event__rosidl_typesupport_fastrtps_cpp.hpp\n'}
[8.255047] (gst_msgs) StdoutLine: {'line': b'-- Symlinking: /root/ROS2_WEBRTC/rosgsthumble_ws/install/gst_msgs/include/gst_msgs/gst_msgs/msg/detail/webrtc_ice__rosidl_typesupport_fastrtps_cpp.hpp\n'}
[8.263396] (gst_msgs) StdoutLine: {'line': b'-- Symlinking: /root/ROS2_WEBRTC/rosgsthumble_ws/install/gst_msgs/include/gst_msgs/gst_msgs/msg/rosidl_typesupport_fastrtps_cpp__visibility_control.h\n'}
[8.273585] (gst_msgs) StdoutLine: {'line': b'-- Symlinking: /root/ROS2_WEBRTC/rosgsthumble_ws/install/gst_msgs/include/gst_msgs/gst_msgs/srv/detail/seek__rosidl_typesupport_fastrtps_cpp.hpp\n'}
[8.283319] (gst_msgs) StdoutLine: {'line': b'-- Symlinking: /root/ROS2_WEBRTC/rosgsthumble_ws/install/gst_msgs/include/gst_msgs/gst_msgs/msg/detail/buffer_event__rosidl_typesupport_introspection_c.h\n'}
[8.291412] (gst_msgs) StdoutLine: {'line': b'-- Symlinking: /root/ROS2_WEBRTC/rosgsthumble_ws/install/gst_msgs/include/gst_msgs/gst_msgs/msg/detail/clock_observation__rosidl_typesupport_introspection_c.h\n'}
[8.298672] (gst_msgs) StdoutLine: {'line': b'-- Symlinking: /root/ROS2_WEBRTC/rosgsthumble_ws/install/gst_msgs/include/gst_msgs/gst_msgs/msg/detail/frame_gate__rosidl_typesupport_introspection_c.h\n'}
[8.305676] (gst_msgs) StdoutLine: {'line': b'-- Symlinking: /root/ROS2_WEBRTC/rosgsthumble_ws/install/gst_msgs/include/gst_msgs/gst_msgs/msg/detail/meta_mark__rosidl_typesupport_introspection_c.h\n'}
[8.312993] (gst_msgs) StdoutLine: {'line': b'-- Symlinking: /root/ROS2_WEBRTC/rosgsthumble_ws/install/gst_msgs/include/gst_msgs/gst_msgs/msg/detail/multifilesink_event__rosidl_typesupport_introspection_c.h\n'}
[8.319227] (-) TimerEvent: {}
[8.320650] (gst_msgs) StdoutLine: {'line': b'-- Symlinking: /root/ROS2_WEBRTC/rosgsthumble_ws/install/gst_msgs/include/gst_msgs/gst_msgs/msg/detail/webrtc_ice__rosidl_typesupport_introspection_c.h\n'}
[8.328852] (gst_msgs) StdoutLine: {'line': b'-- Symlinking: /root/ROS2_WEBRTC/rosgsthumble_ws/install/gst_msgs/include/gst_msgs/gst_msgs/msg/rosidl_typesupport_introspection_c__visibility_control.h\n'}
[8.337270] (gst_msgs) StdoutLine: {'line': b'-- Symlinking: /root/ROS2_WEBRTC/rosgsthumble_ws/install/gst_msgs/include/gst_msgs/gst_msgs/srv/detail/seek__rosidl_typesupport_introspection_c.h\n'}
[8.345008] (gst_msgs) StdoutLine: {'line': b'-- Symlinking: /root/ROS2_WEBRTC/rosgsthumble_ws/install/gst_msgs/include/gst_msgs/gst_msgs/msg/detail/buffer_event__rosidl_typesupport_introspection_cpp.hpp\n'}
[8.352361] (gst_msgs) StdoutLine: {'line': b'-- Symlinking: /root/ROS2_WEBRTC/rosgsthumble_ws/install/gst_msgs/include/gst_msgs/gst_msgs/msg/detail/clock_observation__rosidl_typesupport_introspection_cpp.hpp\n'}
[8.359178] (gst_msgs) StdoutLine: {'line': b'-- Symlinking: /root/ROS2_WEBRTC/rosgsthumble_ws/install/gst_msgs/include/gst_msgs/gst_msgs/msg/detail/frame_gate__rosidl_typesupport_introspection_cpp.hpp\n'}
[8.366001] (gst_msgs) StdoutLine: {'line': b'-- Symlinking: /root/ROS2_WEBRTC/rosgsthumble_ws/install/gst_msgs/include/gst_msgs/gst_msgs/msg/detail/meta_mark__rosidl_typesupport_introspection_cpp.hpp\n'}
[8.372947] (gst_msgs) StdoutLine: {'line': b'-- Symlinking: /root/ROS2_WEBRTC/rosgsthumble_ws/install/gst_msgs/include/gst_msgs/gst_msgs/msg/detail/multifilesink_event__rosidl_typesupport_introspection_cpp.hpp\n'}
[8.381324] (gst_msgs) StdoutLine: {'line': b'-- Symlinking: /root/ROS2_WEBRTC/rosgsthumble_ws/install/gst_msgs/include/gst_msgs/gst_msgs/msg/detail/webrtc_ice__rosidl_typesupport_introspection_cpp.hpp\n'}
[8.388793] (gst_msgs) StdoutLine: {'line': b'-- Symlinking: /root/ROS2_WEBRTC/rosgsthumble_ws/install/gst_msgs/include/gst_msgs/gst_msgs/srv/detail/seek__rosidl_typesupport_introspection_cpp.hpp\n'}
[8.396086] (gst_msgs) StdoutLine: {'line': b'-- Symlinking: /root/ROS2_WEBRTC/rosgsthumble_ws/install/gst_msgs/share/gst_msgs/environment/pythonpath.sh\n'}
[8.400598] (gst_bridge) StdoutLine: {'line': b'-- Found ament_cmake_clang_format: 0.12.14 (/opt/ros/humble/share/ament_cmake_clang_format/cmake)\n'}
[8.403381] (gst_msgs) StdoutLine: {'line': b'-- Symlinking: /root/ROS2_WEBRTC/rosgsthumble_ws/install/gst_msgs/share/gst_msgs/environment/pythonpath.dsv\n'}
[8.410676] (gst_msgs) StdoutLine: {'line': b'-- Symlinking: /root/ROS2_WEBRTC/rosgsthumble_ws/install/gst_msgs/local/lib/python3.10/dist-packages/gst_msgs-0.0.0-py3.10.egg-info/PKG-INFO\n'}
[8.417971] (gst_msgs) StdoutLine: {'line': b'-- Symlinking: /root/ROS2_WEBRTC/rosgsthumble_ws/install/gst_msgs/local/lib/python3.10/dist-packages/gst_msgs-0.0.0-py3.10.egg-info/SOURCES.txt\n'}
[8.419299] (-) TimerEvent: {}
[8.425959] (gst_msgs) StdoutLine: {'line': b'-- Symlinking: /root/ROS2_WEBRTC/rosgsthumble_ws/install/gst_msgs/local/lib/python3.10/dist-packages/gst_msgs-0.0.0-py3.10.egg-info/dependency_links.txt\n'}
[8.435064] (gst_msgs) StdoutLine: {'line': b'-- Symlinking: /root/ROS2_WEBRTC/rosgsthumble_ws/install/gst_msgs/local/lib/python3.10/dist-packages/gst_msgs-0.0.0-py3.10.egg-info/top_level.txt\n'}
[8.443527] (gst_msgs) StdoutLine: {'line': b'-- Symlinking: /root/ROS2_WEBRTC/rosgsthumble_ws/install/gst_msgs/local/lib/python3.10/dist-packages/gst_msgs/__init__.py\n'}
[8.451123] (gst_msgs) StdoutLine: {'line': b'-- Symlinking: /root/ROS2_WEBRTC/rosgsthumble_ws/install/gst_msgs/local/lib/python3.10/dist-packages/gst_msgs/_gst_msgs_s.ep.rosidl_typesupport_c.c\n'}
[8.458722] (gst_msgs) StdoutLine: {'line': b'-- Symlinking: /root/ROS2_WEBRTC/rosgsthumble_ws/install/gst_msgs/local/lib/python3.10/dist-packages/gst_msgs/_gst_msgs_s.ep.rosidl_typesupport_fastrtps_c.c\n'}
[8.460604] (gst_bridge) StdoutLine: {'line': b'-- Configuring done\n'}
[8.466967] (gst_msgs) StdoutLine: {'line': b'-- Symlinking: /root/ROS2_WEBRTC/rosgsthumble_ws/install/gst_msgs/local/lib/python3.10/dist-packages/gst_msgs/_gst_msgs_s.ep.rosidl_typesupport_introspection_c.c\n'}
[8.474187] (gst_msgs) StdoutLine: {'line': b'-- Symlinking: /root/ROS2_WEBRTC/rosgsthumble_ws/install/gst_msgs/local/lib/python3.10/dist-packages/gst_msgs/gst_msgs_s__rosidl_typesupport_c.cpython-310-x86_64-linux-gnu.so\n'}
[8.481611] (gst_msgs) StdoutLine: {'line': b'-- Symlinking: /root/ROS2_WEBRTC/rosgsthumble_ws/install/gst_msgs/local/lib/python3.10/dist-packages/gst_msgs/gst_msgs_s__rosidl_typesupport_fastrtps_c.cpython-310-x86_64-linux-gnu.so\n'}
[8.488766] (gst_msgs) StdoutLine: {'line': b'-- Symlinking: /root/ROS2_WEBRTC/rosgsthumble_ws/install/gst_msgs/local/lib/python3.10/dist-packages/gst_msgs/gst_msgs_s__rosidl_typesupport_introspection_c.cpython-310-x86_64-linux-gnu.so\n'}
[8.495730] (gst_msgs) StdoutLine: {'line': b'-- Symlinking: /root/ROS2_WEBRTC/rosgsthumble_ws/install/gst_msgs/local/lib/python3.10/dist-packages/gst_msgs/libgst_msgs__rosidl_generator_py.so\n'}
[8.502575] (gst_msgs) StdoutLine: {'line': b'-- Symlinking: /root/ROS2_WEBRTC/rosgsthumble_ws/install/gst_msgs/local/lib/python3.10/dist-packages/gst_msgs/msg/__init__.py\n'}
[8.509293] (gst_msgs) StdoutLine: {'line': b'-- Symlinking: /root/ROS2_WEBRTC/rosgsthumble_ws/install/gst_msgs/local/lib/python3.10/dist-packages/gst_msgs/msg/_buffer_event.py\n'}
[8.515806] (gst_msgs) StdoutLine: {'line': b'-- Symlinking: /root/ROS2_WEBRTC/rosgsthumble_ws/install/gst_msgs/local/lib/python3.10/dist-packages/gst_msgs/msg/_buffer_event_s.c\n'}
[8.519369] (-) TimerEvent: {}
[8.522391] (gst_msgs) StdoutLine: {'line': b'-- Symlinking: /root/ROS2_WEBRTC/rosgsthumble_ws/install/gst_msgs/local/lib/python3.10/dist-packages/gst_msgs/msg/_clock_observation.py\n'}
[8.529613] (gst_msgs) StdoutLine: {'line': b'-- Symlinking: /root/ROS2_WEBRTC/rosgsthumble_ws/install/gst_msgs/local/lib/python3.10/dist-packages/gst_msgs/msg/_clock_observation_s.c\n'}
[8.537935] (gst_msgs) StdoutLine: {'line': b'-- Symlinking: /root/ROS2_WEBRTC/rosgsthumble_ws/install/gst_msgs/local/lib/python3.10/dist-packages/gst_msgs/msg/_frame_gate.py\n'}
[8.546135] (gst_msgs) StdoutLine: {'line': b'-- Symlinking: /root/ROS2_WEBRTC/rosgsthumble_ws/install/gst_msgs/local/lib/python3.10/dist-packages/gst_msgs/msg/_frame_gate_s.c\n'}
[8.553698] (gst_msgs) StdoutLine: {'line': b'-- Symlinking: /root/ROS2_WEBRTC/rosgsthumble_ws/install/gst_msgs/local/lib/python3.10/dist-packages/gst_msgs/msg/_meta_mark.py\n'}
[8.560882] (gst_msgs) StdoutLine: {'line': b'-- Symlinking: /root/ROS2_WEBRTC/rosgsthumble_ws/install/gst_msgs/local/lib/python3.10/dist-packages/gst_msgs/msg/_meta_mark_s.c\n'}
[8.568361] (gst_msgs) StdoutLine: {'line': b'-- Symlinking: /root/ROS2_WEBRTC/rosgsthumble_ws/install/gst_msgs/local/lib/python3.10/dist-packages/gst_msgs/msg/_multifilesink_event.py\n'}
[8.576361] (gst_msgs) StdoutLine: {'line': b'-- Symlinking: /root/ROS2_WEBRTC/rosgsthumble_ws/install/gst_msgs/local/lib/python3.10/dist-packages/gst_msgs/msg/_multifilesink_event_s.c\n'}
[8.584557] (gst_msgs) StdoutLine: {'line': b'-- Symlinking: /root/ROS2_WEBRTC/rosgsthumble_ws/install/gst_msgs/local/lib/python3.10/dist-packages/gst_msgs/msg/_webrtc_ice.py\n'}
[8.591918] (gst_msgs) StdoutLine: {'line': b'-- Symlinking: /root/ROS2_WEBRTC/rosgsthumble_ws/install/gst_msgs/local/lib/python3.10/dist-packages/gst_msgs/msg/_webrtc_ice_s.c\n'}
[8.592317] (cpp_campub) StdoutLine: {'line': b'[100%] \x1b[32m\x1b[1mLinking CXX executable camera_publisher\x1b[0m\n'}
[8.598779] (gst_msgs) StdoutLine: {'line': b'-- Symlinking: /root/ROS2_WEBRTC/rosgsthumble_ws/install/gst_msgs/local/lib/python3.10/dist-packages/gst_msgs/srv/__init__.py\n'}
[8.605452] (gst_msgs) StdoutLine: {'line': b'-- Symlinking: /root/ROS2_WEBRTC/rosgsthumble_ws/install/gst_msgs/local/lib/python3.10/dist-packages/gst_msgs/srv/_seek.py\n'}
[8.612288] (gst_msgs) StdoutLine: {'line': b'-- Symlinking: /root/ROS2_WEBRTC/rosgsthumble_ws/install/gst_msgs/local/lib/python3.10/dist-packages/gst_msgs/srv/_seek_s.c\n'}
[8.619457] (-) TimerEvent: {}
[8.619914] (gst_msgs) StdoutLine: {'line': b'-- Up-to-date symlink: /root/ROS2_WEBRTC/rosgsthumble_ws/install/gst_msgs/local/lib/python3.10/dist-packages/gst_msgs/gst_msgs_s__rosidl_typesupport_fastrtps_c.cpython-310-x86_64-linux-gnu.so\n'}
[8.620169] (gst_msgs) StdoutLine: {'line': b'-- Up-to-date symlink: /root/ROS2_WEBRTC/rosgsthumble_ws/install/gst_msgs/local/lib/python3.10/dist-packages/gst_msgs/gst_msgs_s__rosidl_typesupport_introspection_c.cpython-310-x86_64-linux-gnu.so\n'}
[8.620377] (gst_msgs) StdoutLine: {'line': b'-- Up-to-date symlink: /root/ROS2_WEBRTC/rosgsthumble_ws/install/gst_msgs/local/lib/python3.10/dist-packages/gst_msgs/gst_msgs_s__rosidl_typesupport_c.cpython-310-x86_64-linux-gnu.so\n'}
[8.620547] (gst_msgs) StdoutLine: {'line': b'-- Symlinking: /root/ROS2_WEBRTC/rosgsthumble_ws/install/gst_msgs/share/gst_msgs/msg/FrameGate.idl\n'}
[8.629493] (gst_msgs) StdoutLine: {'line': b'-- Symlinking: /root/ROS2_WEBRTC/rosgsthumble_ws/install/gst_msgs/share/gst_msgs/msg/WebrtcIce.idl\n'}
[8.638672] (gst_msgs) StdoutLine: {'line': b'-- Symlinking: /root/ROS2_WEBRTC/rosgsthumble_ws/install/gst_msgs/share/gst_msgs/msg/BufferEvent.idl\n'}
[8.647121] (gst_msgs) StdoutLine: {'line': b'-- Symlinking: /root/ROS2_WEBRTC/rosgsthumble_ws/install/gst_msgs/share/gst_msgs/msg/ClockObservation.idl\n'}
[8.654308] (gst_msgs) StdoutLine: {'line': b'-- Symlinking: /root/ROS2_WEBRTC/rosgsthumble_ws/install/gst_msgs/share/gst_msgs/msg/MultifilesinkEvent.idl\n'}
[8.661278] (gst_msgs) StdoutLine: {'line': b'-- Symlinking: /root/ROS2_WEBRTC/rosgsthumble_ws/install/gst_msgs/share/gst_msgs/msg/MetaMark.idl\n'}
[8.668331] (gst_msgs) StdoutLine: {'line': b'-- Symlinking: /root/ROS2_WEBRTC/rosgsthumble_ws/install/gst_msgs/share/gst_msgs/srv/Seek.idl\n'}
[8.677112] (gst_msgs) StdoutLine: {'line': b'-- Symlinking: /root/ROS2_WEBRTC/rosgsthumble_ws/install/gst_msgs/share/gst_msgs/msg/FrameGate.msg\n'}
[8.686547] (gst_msgs) StdoutLine: {'line': b'-- Symlinking: /root/ROS2_WEBRTC/rosgsthumble_ws/install/gst_msgs/share/gst_msgs/msg/WebrtcIce.msg\n'}
[8.695011] (gst_msgs) StdoutLine: {'line': b'-- Symlinking: /root/ROS2_WEBRTC/rosgsthumble_ws/install/gst_msgs/share/gst_msgs/msg/BufferEvent.msg\n'}
[8.703422] (gst_msgs) StdoutLine: {'line': b'-- Symlinking: /root/ROS2_WEBRTC/rosgsthumble_ws/install/gst_msgs/share/gst_msgs/msg/ClockObservation.msg\n'}
[8.711388] (gst_msgs) StdoutLine: {'line': b'-- Symlinking: /root/ROS2_WEBRTC/rosgsthumble_ws/install/gst_msgs/share/gst_msgs/msg/MultifilesinkEvent.msg\n'}
[8.719082] (gst_msgs) StdoutLine: {'line': b'-- Symlinking: /root/ROS2_WEBRTC/rosgsthumble_ws/install/gst_msgs/share/gst_msgs/msg/MetaMark.msg\n'}
[8.719519] (-) TimerEvent: {}
[8.727192] (gst_msgs) StdoutLine: {'line': b'-- Symlinking: /root/ROS2_WEBRTC/rosgsthumble_ws/install/gst_msgs/share/gst_msgs/srv/Seek.srv\n'}
[8.736226] (gst_msgs) StdoutLine: {'line': b'-- Symlinking: /root/ROS2_WEBRTC/rosgsthumble_ws/install/gst_msgs/share/gst_msgs/srv/Seek_Request.msg\n'}
[8.744672] (gst_msgs) StdoutLine: {'line': b'-- Symlinking: /root/ROS2_WEBRTC/rosgsthumble_ws/install/gst_msgs/share/gst_msgs/srv/Seek_Response.msg\n'}
[8.753516] (gst_msgs) StdoutLine: {'line': b'-- Symlinking: /root/ROS2_WEBRTC/rosgsthumble_ws/install/gst_msgs/share/ament_index/resource_index/package_run_dependencies/gst_msgs\n'}
[8.762105] (gst_msgs) StdoutLine: {'line': b'-- Symlinking: /root/ROS2_WEBRTC/rosgsthumble_ws/install/gst_msgs/share/ament_index/resource_index/parent_prefix_path/gst_msgs\n'}
[8.770218] (gst_msgs) StdoutLine: {'line': b'-- Symlinking: /root/ROS2_WEBRTC/rosgsthumble_ws/install/gst_msgs/share/gst_msgs/environment/ament_prefix_path.sh\n'}
[8.779099] (gst_msgs) StdoutLine: {'line': b'-- Symlinking: /root/ROS2_WEBRTC/rosgsthumble_ws/install/gst_msgs/share/gst_msgs/environment/ament_prefix_path.dsv\n'}
[8.787437] (gst_msgs) StdoutLine: {'line': b'-- Symlinking: /root/ROS2_WEBRTC/rosgsthumble_ws/install/gst_msgs/share/gst_msgs/environment/path.sh\n'}
[8.796614] (gst_msgs) StdoutLine: {'line': b'-- Symlinking: /root/ROS2_WEBRTC/rosgsthumble_ws/install/gst_msgs/share/gst_msgs/environment/path.dsv\n'}
[8.804832] (gst_msgs) StdoutLine: {'line': b'-- Symlinking: /root/ROS2_WEBRTC/rosgsthumble_ws/install/gst_msgs/share/gst_msgs/local_setup.bash\n'}
[8.812514] (gst_msgs) StdoutLine: {'line': b'-- Symlinking: /root/ROS2_WEBRTC/rosgsthumble_ws/install/gst_msgs/share/gst_msgs/local_setup.sh\n'}
[8.819643] (-) TimerEvent: {}
[8.821002] (gst_msgs) StdoutLine: {'line': b'-- Symlinking: /root/ROS2_WEBRTC/rosgsthumble_ws/install/gst_msgs/share/gst_msgs/local_setup.zsh\n'}
[8.830027] (gst_msgs) StdoutLine: {'line': b'-- Symlinking: /root/ROS2_WEBRTC/rosgsthumble_ws/install/gst_msgs/share/gst_msgs/local_setup.dsv\n'}
[8.840048] (gst_msgs) StdoutLine: {'line': b'-- Symlinking: /root/ROS2_WEBRTC/rosgsthumble_ws/install/gst_msgs/share/gst_msgs/package.dsv\n'}
[8.848021] (gst_msgs) StdoutLine: {'line': b'-- Symlinking: /root/ROS2_WEBRTC/rosgsthumble_ws/install/gst_msgs/share/ament_index/resource_index/packages/gst_msgs\n'}
[8.855675] (gst_msgs) StdoutLine: {'line': b'-- Symlinking: /root/ROS2_WEBRTC/rosgsthumble_ws/install/gst_msgs/share/gst_msgs/cmake/rosidl_cmake-extras.cmake\n'}
[8.863571] (gst_msgs) StdoutLine: {'line': b'-- Symlinking: /root/ROS2_WEBRTC/rosgsthumble_ws/install/gst_msgs/share/gst_msgs/cmake/ament_cmake_export_dependencies-extras.cmake\n'}
[8.870362] (gst_msgs) StdoutLine: {'line': b'-- Symlinking: /root/ROS2_WEBRTC/rosgsthumble_ws/install/gst_msgs/share/gst_msgs/cmake/ament_cmake_export_include_directories-extras.cmake\n'}
[8.877155] (gst_msgs) StdoutLine: {'line': b'-- Symlinking: /root/ROS2_WEBRTC/rosgsthumble_ws/install/gst_msgs/share/gst_msgs/cmake/ament_cmake_export_libraries-extras.cmake\n'}
[8.884728] (gst_msgs) StdoutLine: {'line': b'-- Symlinking: /root/ROS2_WEBRTC/rosgsthumble_ws/install/gst_msgs/share/gst_msgs/cmake/ament_cmake_export_targets-extras.cmake\n'}
[8.891813] (gst_msgs) StdoutLine: {'line': b'-- Symlinking: /root/ROS2_WEBRTC/rosgsthumble_ws/install/gst_msgs/share/gst_msgs/cmake/rosidl_cmake_export_typesupport_targets-extras.cmake\n'}
[8.898391] (gst_msgs) StdoutLine: {'line': b'-- Symlinking: /root/ROS2_WEBRTC/rosgsthumble_ws/install/gst_msgs/share/gst_msgs/cmake/rosidl_cmake_export_typesupport_libraries-extras.cmake\n'}
[8.905072] (gst_msgs) StdoutLine: {'line': b'-- Symlinking: /root/ROS2_WEBRTC/rosgsthumble_ws/install/gst_msgs/share/gst_msgs/cmake/gst_msgsConfig.cmake\n'}
[8.908317] (gst_bridge) StdoutLine: {'line': b'-- Generating done\n'}
[8.911898] (gst_msgs) StdoutLine: {'line': b'-- Symlinking: /root/ROS2_WEBRTC/rosgsthumble_ws/install/gst_msgs/share/gst_msgs/cmake/gst_msgsConfig-version.cmake\n'}
[8.918726] (gst_msgs) StdoutLine: {'line': b'-- Symlinking: /root/ROS2_WEBRTC/rosgsthumble_ws/install/gst_msgs/share/gst_msgs/package.xml\n'}
[8.919698] (-) TimerEvent: {}
[8.925640] (gst_msgs) StdoutLine: {'line': b'-- Installing: /root/ROS2_WEBRTC/rosgsthumble_ws/install/gst_msgs/lib/libgst_msgs__rosidl_generator_c.so\n'}
[8.926069] (gst_msgs) StdoutLine: {'line': b'-- Set runtime path of "/root/ROS2_WEBRTC/rosgsthumble_ws/install/gst_msgs/lib/libgst_msgs__rosidl_generator_c.so" to ""\n'}
[8.926198] (gst_msgs) StdoutLine: {'line': b'-- Installing: /root/ROS2_WEBRTC/rosgsthumble_ws/install/gst_msgs/lib/libgst_msgs__rosidl_typesupport_fastrtps_c.so\n'}
[8.926661] (gst_msgs) StdoutLine: {'line': b'-- Set runtime path of "/root/ROS2_WEBRTC/rosgsthumble_ws/install/gst_msgs/lib/libgst_msgs__rosidl_typesupport_fastrtps_c.so" to ""\n'}
[8.926780] (gst_msgs) StdoutLine: {'line': b'-- Installing: /root/ROS2_WEBRTC/rosgsthumble_ws/install/gst_msgs/lib/libgst_msgs__rosidl_typesupport_fastrtps_cpp.so\n'}
[8.927267] (gst_msgs) StdoutLine: {'line': b'-- Set runtime path of "/root/ROS2_WEBRTC/rosgsthumble_ws/install/gst_msgs/lib/libgst_msgs__rosidl_typesupport_fastrtps_cpp.so" to ""\n'}
[8.927348] (gst_msgs) StdoutLine: {'line': b'-- Installing: /root/ROS2_WEBRTC/rosgsthumble_ws/install/gst_msgs/lib/libgst_msgs__rosidl_typesupport_introspection_c.so\n'}
[8.927731] (gst_msgs) StdoutLine: {'line': b'-- Set runtime path of "/root/ROS2_WEBRTC/rosgsthumble_ws/install/gst_msgs/lib/libgst_msgs__rosidl_typesupport_introspection_c.so" to ""\n'}
[8.927825] (gst_msgs) StdoutLine: {'line': b'-- Installing: /root/ROS2_WEBRTC/rosgsthumble_ws/install/gst_msgs/lib/libgst_msgs__rosidl_typesupport_c.so\n'}
[8.928131] (gst_msgs) StdoutLine: {'line': b'-- Set runtime path of "/root/ROS2_WEBRTC/rosgsthumble_ws/install/gst_msgs/lib/libgst_msgs__rosidl_typesupport_c.so" to ""\n'}
[8.928228] (gst_msgs) StdoutLine: {'line': b'-- Installing: /root/ROS2_WEBRTC/rosgsthumble_ws/install/gst_msgs/lib/libgst_msgs__rosidl_typesupport_introspection_cpp.so\n'}
[8.928640] (gst_msgs) StdoutLine: {'line': b'-- Set runtime path of "/root/ROS2_WEBRTC/rosgsthumble_ws/install/gst_msgs/lib/libgst_msgs__rosidl_typesupport_introspection_cpp.so" to ""\n'}
[8.928758] (gst_msgs) StdoutLine: {'line': b'-- Installing: /root/ROS2_WEBRTC/rosgsthumble_ws/install/gst_msgs/lib/libgst_msgs__rosidl_typesupport_cpp.so\n'}
[8.929041] (gst_msgs) StdoutLine: {'line': b'-- Set runtime path of "/root/ROS2_WEBRTC/rosgsthumble_ws/install/gst_msgs/lib/libgst_msgs__rosidl_typesupport_cpp.so" to ""\n'}
[8.959386] (gst_msgs) StdoutLine: {'line': b"Listing '/root/ROS2_WEBRTC/rosgsthumble_ws/install/gst_msgs/local/lib/python3.10/dist-packages/gst_msgs'...\n"}
[8.959571] (gst_msgs) StdoutLine: {'line': b"Compiling '/root/ROS2_WEBRTC/rosgsthumble_ws/install/gst_msgs/local/lib/python3.10/dist-packages/gst_msgs/__init__.py'...\n"}
[8.959667] (gst_msgs) StdoutLine: {'line': b"Listing '/root/ROS2_WEBRTC/rosgsthumble_ws/install/gst_msgs/local/lib/python3.10/dist-packages/gst_msgs/msg'...\n"}
[8.959741] (gst_msgs) StdoutLine: {'line': b"Compiling '/root/ROS2_WEBRTC/rosgsthumble_ws/install/gst_msgs/local/lib/python3.10/dist-packages/gst_msgs/msg/__init__.py'...\n"}
[8.959807] (gst_msgs) StdoutLine: {'line': b"Compiling '/root/ROS2_WEBRTC/rosgsthumble_ws/install/gst_msgs/local/lib/python3.10/dist-packages/gst_msgs/msg/_buffer_event.py'...\n"}
[8.959869] (gst_msgs) StdoutLine: {'line': b"Compiling '/root/ROS2_WEBRTC/rosgsthumble_ws/install/gst_msgs/local/lib/python3.10/dist-packages/gst_msgs/msg/_clock_observation.py'...\n"}
[8.959931] (gst_msgs) StdoutLine: {'line': b"Compiling '/root/ROS2_WEBRTC/rosgsthumble_ws/install/gst_msgs/local/lib/python3.10/dist-packages/gst_msgs/msg/_frame_gate.py'...\n"}
[8.959992] (gst_msgs) StdoutLine: {'line': b"Compiling '/root/ROS2_WEBRTC/rosgsthumble_ws/install/gst_msgs/local/lib/python3.10/dist-packages/gst_msgs/msg/_meta_mark.py'...\n"}
[8.960052] (gst_msgs) StdoutLine: {'line': b"Compiling '/root/ROS2_WEBRTC/rosgsthumble_ws/install/gst_msgs/local/lib/python3.10/dist-packages/gst_msgs/msg/_multifilesink_event.py'...\n"}
[8.960114] (gst_msgs) StdoutLine: {'line': b"Compiling '/root/ROS2_WEBRTC/rosgsthumble_ws/install/gst_msgs/local/lib/python3.10/dist-packages/gst_msgs/msg/_webrtc_ice.py'...\n"}
[8.960175] (gst_msgs) StdoutLine: {'line': b"Listing '/root/ROS2_WEBRTC/rosgsthumble_ws/install/gst_msgs/local/lib/python3.10/dist-packages/gst_msgs/srv'...\n"}
[8.960237] (gst_msgs) StdoutLine: {'line': b"Compiling '/root/ROS2_WEBRTC/rosgsthumble_ws/install/gst_msgs/local/lib/python3.10/dist-packages/gst_msgs/srv/__init__.py'...\n"}
[8.960297] (gst_msgs) StdoutLine: {'line': b"Compiling '/root/ROS2_WEBRTC/rosgsthumble_ws/install/gst_msgs/local/lib/python3.10/dist-packages/gst_msgs/srv/_seek.py'...\n"}
[8.962468] (gst_bridge) StdoutLine: {'line': b'-- Build files have been written to: /root/ROS2_WEBRTC/rosgsthumble_ws/build/gst_bridge\n'}
[8.962790] (gst_msgs) StdoutLine: {'line': b'-- Installing: /root/ROS2_WEBRTC/rosgsthumble_ws/install/gst_msgs/lib/libgst_msgs__rosidl_generator_py.so\n'}
[8.963286] (gst_msgs) StdoutLine: {'line': b'-- Set runtime path of "/root/ROS2_WEBRTC/rosgsthumble_ws/install/gst_msgs/lib/libgst_msgs__rosidl_generator_py.so" to ""\n'}
[8.963395] (gst_msgs) StdoutLine: {'line': b'-- Installing: /root/ROS2_WEBRTC/rosgsthumble_ws/install/gst_msgs/share/gst_msgs/cmake/export_gst_msgs__rosidl_generator_cExport.cmake\n'}
[8.963491] (gst_msgs) StdoutLine: {'line': b'-- Installing: /root/ROS2_WEBRTC/rosgsthumble_ws/install/gst_msgs/share/gst_msgs/cmake/export_gst_msgs__rosidl_generator_cExport-noconfig.cmake\n'}
[8.963646] (gst_msgs) StdoutLine: {'line': b'-- Installing: /root/ROS2_WEBRTC/rosgsthumble_ws/install/gst_msgs/share/gst_msgs/cmake/export_gst_msgs__rosidl_typesupport_fastrtps_cExport.cmake\n'}
[8.963784] (gst_msgs) StdoutLine: {'line': b'-- Installing: /root/ROS2_WEBRTC/rosgsthumble_ws/install/gst_msgs/share/gst_msgs/cmake/export_gst_msgs__rosidl_typesupport_fastrtps_cExport-noconfig.cmake\n'}
[8.963920] (gst_msgs) StdoutLine: {'line': b'-- Installing: /root/ROS2_WEBRTC/rosgsthumble_ws/install/gst_msgs/share/gst_msgs/cmake/export_gst_msgs__rosidl_generator_cppExport.cmake\n'}
[8.964057] (gst_msgs) StdoutLine: {'line': b'-- Installing: /root/ROS2_WEBRTC/rosgsthumble_ws/install/gst_msgs/share/gst_msgs/cmake/export_gst_msgs__rosidl_typesupport_fastrtps_cppExport.cmake\n'}
[8.964187] (gst_msgs) StdoutLine: {'line': b'-- Installing: /root/ROS2_WEBRTC/rosgsthumble_ws/install/gst_msgs/share/gst_msgs/cmake/export_gst_msgs__rosidl_typesupport_fastrtps_cppExport-noconfig.cmake\n'}
[8.964322] (gst_msgs) StdoutLine: {'line': b'-- Installing: /root/ROS2_WEBRTC/rosgsthumble_ws/install/gst_msgs/share/gst_msgs/cmake/gst_msgs__rosidl_typesupport_introspection_cExport.cmake\n'}
[8.964452] (gst_msgs) StdoutLine: {'line': b'-- Installing: /root/ROS2_WEBRTC/rosgsthumble_ws/install/gst_msgs/share/gst_msgs/cmake/gst_msgs__rosidl_typesupport_introspection_cExport-noconfig.cmake\n'}
[8.964599] (gst_msgs) StdoutLine: {'line': b'-- Installing: /root/ROS2_WEBRTC/rosgsthumble_ws/install/gst_msgs/share/gst_msgs/cmake/gst_msgs__rosidl_typesupport_cExport.cmake\n'}
[8.964734] (gst_msgs) StdoutLine: {'line': b'-- Installing: /root/ROS2_WEBRTC/rosgsthumble_ws/install/gst_msgs/share/gst_msgs/cmake/gst_msgs__rosidl_typesupport_cExport-noconfig.cmake\n'}
[8.964868] (gst_msgs) StdoutLine: {'line': b'-- Installing: /root/ROS2_WEBRTC/rosgsthumble_ws/install/gst_msgs/share/gst_msgs/cmake/gst_msgs__rosidl_typesupport_introspection_cppExport.cmake\n'}
[8.964999] (gst_msgs) StdoutLine: {'line': b'-- Installing: /root/ROS2_WEBRTC/rosgsthumble_ws/install/gst_msgs/share/gst_msgs/cmake/gst_msgs__rosidl_typesupport_introspection_cppExport-noconfig.cmake\n'}
[8.965134] (gst_msgs) StdoutLine: {'line': b'-- Installing: /root/ROS2_WEBRTC/rosgsthumble_ws/install/gst_msgs/share/gst_msgs/cmake/gst_msgs__rosidl_typesupport_cppExport.cmake\n'}
[8.965275] (gst_msgs) StdoutLine: {'line': b'-- Installing: /root/ROS2_WEBRTC/rosgsthumble_ws/install/gst_msgs/share/gst_msgs/cmake/gst_msgs__rosidl_typesupport_cppExport-noconfig.cmake\n'}
[8.965411] (gst_msgs) StdoutLine: {'line': b'-- Installing: /root/ROS2_WEBRTC/rosgsthumble_ws/install/gst_msgs/share/gst_msgs/cmake/export_gst_msgs__rosidl_generator_pyExport.cmake\n'}
[8.965542] (gst_msgs) StdoutLine: {'line': b'-- Installing: /root/ROS2_WEBRTC/rosgsthumble_ws/install/gst_msgs/share/gst_msgs/cmake/export_gst_msgs__rosidl_generator_pyExport-noconfig.cmake\n'}
[8.967552] (gst_msgs) CommandEnded: {'returncode': 0}
[8.991479] (gst_msgs) JobEnded: {'identifier': 'gst_msgs', 'rc': 0}
[8.992115] (gst_bridge) CommandEnded: {'returncode': 0}
[8.992921] (gst_bridge) JobProgress: {'identifier': 'gst_bridge', 'progress': 'build'}
[8.993351] (gst_bridge) Command: {'cmd': ['/usr/bin/cmake', '--build', '/root/ROS2_WEBRTC/rosgsthumble_ws/build/gst_bridge', '--', '-j12', '-l12'], 'cwd': '/root/ROS2_WEBRTC/rosgsthumble_ws/build/gst_bridge', 'env': OrderedDict([('HOSTNAME', 'DuquedeCaixias'), ('GIT_ASKPASS', '/root/.vscode-server/bin/618725e67565b290ba4da6fe2d29f8fa1d4e3622/extensions/git/dist/askpass.sh'), ('SHLVL', '2'), ('LD_LIBRARY_PATH', '/root/ROS2_WEBRTC/rosgsthumble_ws/install/audio_msgs/lib:/usr/lib/x86_64-linux-gnu/gazebo-11/plugins:/opt/ros/humble/opt/rviz_ogre_vendor/lib:/opt/ros/humble/lib/x86_64-linux-gnu:/opt/ros/humble/lib'), ('BROWSER', '/root/.vscode-server/bin/618725e67565b290ba4da6fe2d29f8fa1d4e3622/bin/helpers/browser.sh'), ('HOME', '/root'), ('TERM_PROGRAM_VERSION', '1.107.0'), ('PIPEWIRE_RUNTIME_DIR', '/run/user/1001'), ('VSCODE_IPC_HOOK_CLI', '/run/user/1001/vscode-ipc-68058f33-30f0-4307-9342-81328915a75d.sock'), ('ROS_PYTHON_VERSION', '3'), ('VSCODE_GIT_ASKPASS_MAIN', '/root/.vscode-server/bin/618725e67565b290ba4da6fe2d29f8fa1d4e3622/extensions/git/dist/askpass-main.js'), ('VSCODE_GIT_ASKPASS_NODE', '/root/.vscode-server/bin/618725e67565b290ba4da6fe2d29f8fa1d4e3622/node'), ('VSCODE_PYTHON_AUTOACTIVATE_GUARD', '1'), ('COLORTERM', 'truecolor'), ('REMOTE_CONTAINERS', 'true'), ('DEBUGINFOD_URLS', ''), ('WAYLAND_DISPLAY', 'wayland-0'), ('ROS_DISTRO', 'humble'), ('REMOTE_CONTAINERS_IPC', '/tmp/vscode-remote-containers-ipc-4d2d4b98-497d-4534-a764-ab857881c228.sock'), ('_', '/usr/bin/colcon'), ('ROS_VERSION', '2'), ('PKG_CONFIG_PATH', '/usr/lib/x86_64-linux-gnu/pkgconfig:'), ('OPENSSL_CONF', '/etc/ssl/openssl_legacy.cnf'), ('TERM', 'xterm-256color'), ('ROS_LOCALHOST_ONLY', '0'), ('PATH', '/root/.vscode-server/data/User/globalStorage/github.copilot-chat/debugCommand:/root/.vscode-server/data/User/globalStorage/github.copilot-chat/copilotCli:/root/.vscode-server/bin/618725e67565b290ba4da6fe2d29f8fa1d4e3622/bin/remote-cli:/opt/ros/humble/bin:/usr/local/sbin:/usr/local/bin:/usr/sbin:/usr/bin:/sbin:/bin'), ('XDG_RUNTIME_DIR', '/run/user/1001'), ('REMOTE_CONTAINERS_SOCKETS', '["/root/.gnupg/S.gpg-agent"]'), ('DISPLAY', ':0'), ('LANG', 'C.UTF-8'), ('LS_COLORS', 'rs=0:di=01;34:ln=01;36:mh=00:pi=40;33:so=01;35:do=01;35:bd=40;33;01:cd=40;33;01:or=40;31;01:mi=00:su=37;41:sg=30;43:ca=30;41:tw=30;42:ow=34;42:st=37;44:ex=01;32:*.tar=01;31:*.tgz=01;31:*.arc=01;31:*.arj=01;31:*.taz=01;31:*.lha=01;31:*.lz4=01;31:*.lzh=01;31:*.lzma=01;31:*.tlz=01;31:*.txz=01;31:*.tzo=01;31:*.t7z=01;31:*.zip=01;31:*.z=01;31:*.dz=01;31:*.gz=01;31:*.lrz=01;31:*.lz=01;31:*.lzo=01;31:*.xz=01;31:*.zst=01;31:*.tzst=01;31:*.bz2=01;31:*.bz=01;31:*.tbz=01;31:*.tbz2=01;31:*.tz=01;31:*.deb=01;31:*.rpm=01;31:*.jar=01;31:*.war=01;31:*.ear=01;31:*.sar=01;31:*.rar=01;31:*.alz=01;31:*.ace=01;31:*.zoo=01;31:*.cpio=01;31:*.7z=01;31:*.rz=01;31:*.cab=01;31:*.wim=01;31:*.swm=01;31:*.dwm=01;31:*.esd=01;31:*.jpg=01;35:*.jpeg=01;35:*.mjpg=01;35:*.mjpeg=01;35:*.gif=01;35:*.bmp=01;35:*.pbm=01;35:*.pgm=01;35:*.ppm=01;35:*.tga=01;35:*.xbm=01;35:*.xpm=01;35:*.tif=01;35:*.tiff=01;35:*.png=01;35:*.svg=01;35:*.svgz=01;35:*.mng=01;35:*.pcx=01;35:*.mov=01;35:*.mpg=01;35:*.mpeg=01;35:*.m2v=01;35:*.mkv=01;35:*.webm=01;35:*.webp=01;35:*.ogm=01;35:*.mp4=01;35:*.m4v=01;35:*.mp4v=01;35:*.vob=01;35:*.qt=01;35:*.nuv=01;35:*.wmv=01;35:*.asf=01;35:*.rm=01;35:*.rmvb=01;35:*.flc=01;35:*.avi=01;35:*.fli=01;35:*.flv=01;35:*.gl=01;35:*.dl=01;35:*.xcf=01;35:*.xwd=01;35:*.yuv=01;35:*.cgm=01;35:*.emf=01;35:*.ogv=01;35:*.ogx=01;35:*.aac=00;36:*.au=00;36:*.flac=00;36:*.m4a=00;36:*.mid=00;36:*.midi=00;36:*.mka=00;36:*.mp3=00;36:*.mpc=00;36:*.ogg=00;36:*.ra=00;36:*.wav=00;36:*.oga=00;36:*.opus=00;36:*.spx=00;36:*.xspf=00;36:'), ('VSCODE_GIT_IPC_HANDLE', '/run/user/1001/vscode-git-84fad1f619.sock'), ('TERM_PROGRAM', 'vscode'), ('AMENT_PREFIX_PATH', '/root/ROS2_WEBRTC/rosgsthumble_ws/install/audio_msgs:/opt/ros/humble'), ('DEBIAN_FRONTEND', 'noninteractive'), ('SHELL', '/bin/bash'), ('VSCODE_GIT_ASKPASS_EXTRA_ARGS', ''), ('PWD', '/root/ROS2_WEBRTC/rosgsthumble_ws/build/gst_bridge'), ('LC_ALL', 'C.UTF-8'), ('PYTHONPATH', '/root/ROS2_WEBRTC/rosgsthumble_ws/install/audio_msgs/local/lib/python3.10/dist-packages:/opt/ros/humble/lib/python3.10/site-packages:/opt/ros/humble/local/lib/python3.10/dist-packages'), ('COLCON', '1'), ('CMAKE_PREFIX_PATH', '/root/ROS2_WEBRTC/rosgsthumble_ws/install/audio_msgs:/opt/ros/humble')]), 'shell': False}
[9.019817] (-) TimerEvent: {}
[9.120132] (-) TimerEvent: {}
[9.220434] (-) TimerEvent: {}
[9.289288] (gst_bridge) StdoutLine: {'line': b'[ 30%] \x1b[32mBuilding CXX object CMakeFiles/gst_bridge.dir/src/gst_bridge.cpp.o\x1b[0m\n'}
[9.289505] (gst_bridge) StdoutLine: {'line': b'[ 30%] \x1b[32mBuilding CXX object CMakeFiles/gst_bridge.dir/src/rosbasesrc.cpp.o\x1b[0m\n'}
[9.289617] (gst_bridge) StdoutLine: {'line': b'[ 30%] \x1b[32mBuilding CXX object CMakeFiles/gst_bridge.dir/src/rosbasesink.cpp.o\x1b[0m\n'}
[9.289720] (gst_bridge) StdoutLine: {'line': b'[ 30%] \x1b[32mBuilding CXX object CMakeFiles/gst_bridge.dir/src/rosbaseiface.cpp.o\x1b[0m\n'}
[9.320542] (-) TimerEvent: {}
[9.420997] (-) TimerEvent: {}
[9.521306] (-) TimerEvent: {}
[9.621639] (-) TimerEvent: {}
[9.721943] (-) TimerEvent: {}
[9.822249] (-) TimerEvent: {}
[9.894119] (cpp_campub) StdoutLine: {'line': b'[100%] Built target camera_publisher\n'}
[9.904883] (cpp_campub) CommandEnded: {'returncode': 0}
[9.905767] (cpp_campub) JobProgress: {'identifier': 'cpp_campub', 'progress': 'install'}
[9.906029] (cpp_campub) Command: {'cmd': ['/usr/bin/cmake', '--install', '/root/ROS2_WEBRTC/rosgsthumble_ws/build/cpp_campub'], 'cwd': '/root/ROS2_WEBRTC/rosgsthumble_ws/build/cpp_campub', 'env': OrderedDict([('HOSTNAME', 'DuquedeCaixias'), ('GIT_ASKPASS', '/root/.vscode-server/bin/618725e67565b290ba4da6fe2d29f8fa1d4e3622/extensions/git/dist/askpass.sh'), ('SHLVL', '2'), ('LD_LIBRARY_PATH', '/usr/lib/x86_64-linux-gnu/gazebo-11/plugins:/opt/ros/humble/opt/rviz_ogre_vendor/lib:/opt/ros/humble/lib/x86_64-linux-gnu:/opt/ros/humble/lib'), ('BROWSER', '/root/.vscode-server/bin/618725e67565b290ba4da6fe2d29f8fa1d4e3622/bin/helpers/browser.sh'), ('HOME', '/root'), ('TERM_PROGRAM_VERSION', '1.107.0'), ('PIPEWIRE_RUNTIME_DIR', '/run/user/1001'), ('VSCODE_IPC_HOOK_CLI', '/run/user/1001/vscode-ipc-68058f33-30f0-4307-9342-81328915a75d.sock'), ('ROS_PYTHON_VERSION', '3'), ('VSCODE_GIT_ASKPASS_MAIN', '/root/.vscode-server/bin/618725e67565b290ba4da6fe2d29f8fa1d4e3622/extensions/git/dist/askpass-main.js'), ('VSCODE_GIT_ASKPASS_NODE', '/root/.vscode-server/bin/618725e67565b290ba4da6fe2d29f8fa1d4e3622/node'), ('VSCODE_PYTHON_AUTOACTIVATE_GUARD', '1'), ('COLORTERM', 'truecolor'), ('REMOTE_CONTAINERS', 'true'), ('DEBUGINFOD_URLS', ''), ('WAYLAND_DISPLAY', 'wayland-0'), ('ROS_DISTRO', 'humble'), ('REMOTE_CONTAINERS_IPC', '/tmp/vscode-remote-containers-ipc-4d2d4b98-497d-4534-a764-ab857881c228.sock'), ('_', '/usr/bin/colcon'), ('ROS_VERSION', '2'), ('PKG_CONFIG_PATH', '/usr/lib/x86_64-linux-gnu/pkgconfig:'), ('OPENSSL_CONF', '/etc/ssl/openssl_legacy.cnf'), ('TERM', 'xterm-256color'), ('ROS_LOCALHOST_ONLY', '0'), ('PATH', '/root/.vscode-server/data/User/globalStorage/github.copilot-chat/debugCommand:/root/.vscode-server/data/User/globalStorage/github.copilot-chat/copilotCli:/root/.vscode-server/bin/618725e67565b290ba4da6fe2d29f8fa1d4e3622/bin/remote-cli:/opt/ros/humble/bin:/usr/local/sbin:/usr/local/bin:/usr/sbin:/usr/bin:/sbin:/bin'), ('XDG_RUNTIME_DIR', '/run/user/1001'), ('REMOTE_CONTAINERS_SOCKETS', '["/root/.gnupg/S.gpg-agent"]'), ('DISPLAY', ':0'), ('LANG', 'C.UTF-8'), ('LS_COLORS', 'rs=0:di=01;34:ln=01;36:mh=00:pi=40;33:so=01;35:do=01;35:bd=40;33;01:cd=40;33;01:or=40;31;01:mi=00:su=37;41:sg=30;43:ca=30;41:tw=30;42:ow=34;42:st=37;44:ex=01;32:*.tar=01;31:*.tgz=01;31:*.arc=01;31:*.arj=01;31:*.taz=01;31:*.lha=01;31:*.lz4=01;31:*.lzh=01;31:*.lzma=01;31:*.tlz=01;31:*.txz=01;31:*.tzo=01;31:*.t7z=01;31:*.zip=01;31:*.z=01;31:*.dz=01;31:*.gz=01;31:*.lrz=01;31:*.lz=01;31:*.lzo=01;31:*.xz=01;31:*.zst=01;31:*.tzst=01;31:*.bz2=01;31:*.bz=01;31:*.tbz=01;31:*.tbz2=01;31:*.tz=01;31:*.deb=01;31:*.rpm=01;31:*.jar=01;31:*.war=01;31:*.ear=01;31:*.sar=01;31:*.rar=01;31:*.alz=01;31:*.ace=01;31:*.zoo=01;31:*.cpio=01;31:*.7z=01;31:*.rz=01;31:*.cab=01;31:*.wim=01;31:*.swm=01;31:*.dwm=01;31:*.esd=01;31:*.jpg=01;35:*.jpeg=01;35:*.mjpg=01;35:*.mjpeg=01;35:*.gif=01;35:*.bmp=01;35:*.pbm=01;35:*.pgm=01;35:*.ppm=01;35:*.tga=01;35:*.xbm=01;35:*.xpm=01;35:*.tif=01;35:*.tiff=01;35:*.png=01;35:*.svg=01;35:*.svgz=01;35:*.mng=01;35:*.pcx=01;35:*.mov=01;35:*.mpg=01;35:*.mpeg=01;35:*.m2v=01;35:*.mkv=01;35:*.webm=01;35:*.webp=01;35:*.ogm=01;35:*.mp4=01;35:*.m4v=01;35:*.mp4v=01;35:*.vob=01;35:*.qt=01;35:*.nuv=01;35:*.wmv=01;35:*.asf=01;35:*.rm=01;35:*.rmvb=01;35:*.flc=01;35:*.avi=01;35:*.fli=01;35:*.flv=01;35:*.gl=01;35:*.dl=01;35:*.xcf=01;35:*.xwd=01;35:*.yuv=01;35:*.cgm=01;35:*.emf=01;35:*.ogv=01;35:*.ogx=01;35:*.aac=00;36:*.au=00;36:*.flac=00;36:*.m4a=00;36:*.mid=00;36:*.midi=00;36:*.mka=00;36:*.mp3=00;36:*.mpc=00;36:*.ogg=00;36:*.ra=00;36:*.wav=00;36:*.oga=00;36:*.opus=00;36:*.spx=00;36:*.xspf=00;36:'), ('VSCODE_GIT_IPC_HANDLE', '/run/user/1001/vscode-git-84fad1f619.sock'), ('TERM_PROGRAM', 'vscode'), ('AMENT_PREFIX_PATH', '/opt/ros/humble'), ('DEBIAN_FRONTEND', 'noninteractive'), ('SHELL', '/bin/bash'), ('VSCODE_GIT_ASKPASS_EXTRA_ARGS', ''), ('PWD', '/root/ROS2_WEBRTC/rosgsthumble_ws/build/cpp_campub'), ('LC_ALL', 'C.UTF-8'), ('PYTHONPATH', '/opt/ros/humble/lib/python3.10/site-packages:/opt/ros/humble/local/lib/python3.10/dist-packages'), ('COLCON', '1'), ('CMAKE_PREFIX_PATH', '/opt/ros/humble')]), 'shell': False}
[9.913691] (cpp_campub) StdoutLine: {'line': b'-- Install configuration: ""\n'}
[9.914078] (cpp_campub) StdoutLine: {'line': b'-- Execute custom install script\n'}
[9.914481] (cpp_campub) StdoutLine: {'line': b'-- Symlinking: /root/ROS2_WEBRTC/rosgsthumble_ws/install/cpp_campub/lib/cpp_campub/camera_publisher\n'}
[9.922341] (-) TimerEvent: {}
[9.922880] (cpp_campub) StdoutLine: {'line': b'-- Symlinking: /root/ROS2_WEBRTC/rosgsthumble_ws/install/cpp_campub/share/ament_index/resource_index/package_run_dependencies/cpp_campub\n'}
[9.932686] (cpp_campub) StdoutLine: {'line': b'-- Symlinking: /root/ROS2_WEBRTC/rosgsthumble_ws/install/cpp_campub/share/ament_index/resource_index/parent_prefix_path/cpp_campub\n'}
[9.942116] (cpp_campub) StdoutLine: {'line': b'-- Symlinking: /root/ROS2_WEBRTC/rosgsthumble_ws/install/cpp_campub/share/cpp_campub/environment/ament_prefix_path.sh\n'}
[9.950764] (cpp_campub) StdoutLine: {'line': b'-- Symlinking: /root/ROS2_WEBRTC/rosgsthumble_ws/install/cpp_campub/share/cpp_campub/environment/ament_prefix_path.dsv\n'}
[9.959384] (cpp_campub) StdoutLine: {'line': b'-- Symlinking: /root/ROS2_WEBRTC/rosgsthumble_ws/install/cpp_campub/share/cpp_campub/environment/path.sh\n'}
[9.967788] (cpp_campub) StdoutLine: {'line': b'-- Symlinking: /root/ROS2_WEBRTC/rosgsthumble_ws/install/cpp_campub/share/cpp_campub/environment/path.dsv\n'}
[9.976331] (cpp_campub) StdoutLine: {'line': b'-- Symlinking: /root/ROS2_WEBRTC/rosgsthumble_ws/install/cpp_campub/share/cpp_campub/local_setup.bash\n'}
[9.985014] (cpp_campub) StdoutLine: {'line': b'-- Symlinking: /root/ROS2_WEBRTC/rosgsthumble_ws/install/cpp_campub/share/cpp_campub/local_setup.sh\n'}
[9.993100] (cpp_campub) StdoutLine: {'line': b'-- Symlinking: /root/ROS2_WEBRTC/rosgsthumble_ws/install/cpp_campub/share/cpp_campub/local_setup.zsh\n'}
[10.001673] (cpp_campub) StdoutLine: {'line': b'-- Symlinking: /root/ROS2_WEBRTC/rosgsthumble_ws/install/cpp_campub/share/cpp_campub/local_setup.dsv\n'}
[10.009805] (cpp_campub) StdoutLine: {'line': b'-- Symlinking: /root/ROS2_WEBRTC/rosgsthumble_ws/install/cpp_campub/share/cpp_campub/package.dsv\n'}
[10.017925] (cpp_campub) StdoutLine: {'line': b'-- Symlinking: /root/ROS2_WEBRTC/rosgsthumble_ws/install/cpp_campub/share/ament_index/resource_index/packages/cpp_campub\n'}
[10.022441] (-) TimerEvent: {}
[10.026176] (cpp_campub) StdoutLine: {'line': b'-- Symlinking: /root/ROS2_WEBRTC/rosgsthumble_ws/install/cpp_campub/share/cpp_campub/cmake/cpp_campubConfig.cmake\n'}
[10.035255] (cpp_campub) StdoutLine: {'line': b'-- Symlinking: /root/ROS2_WEBRTC/rosgsthumble_ws/install/cpp_campub/share/cpp_campub/cmake/cpp_campubConfig-version.cmake\n'}
[10.045596] (cpp_campub) StdoutLine: {'line': b'-- Symlinking: /root/ROS2_WEBRTC/rosgsthumble_ws/install/cpp_campub/share/cpp_campub/package.xml\n'}
[10.055675] (cpp_campub) CommandEnded: {'returncode': 0}
[10.066375] (cpp_campub) JobEnded: {'identifier': 'cpp_campub', 'rc': 0}
[10.122534] (-) TimerEvent: {}
[10.222836] (-) TimerEvent: {}
[10.323128] (-) TimerEvent: {}
[10.423421] (-) TimerEvent: {}
[10.523913] (-) TimerEvent: {}
[10.624237] (-) TimerEvent: {}
[10.724521] (-) TimerEvent: {}
[10.824807] (-) TimerEvent: {}
[10.925131] (-) TimerEvent: {}
[11.025435] (-) TimerEvent: {}
[11.125759] (-) TimerEvent: {}
[11.226101] (-) TimerEvent: {}
[11.326449] (-) TimerEvent: {}
[11.426823] (-) TimerEvent: {}
[11.527169] (-) TimerEvent: {}
[11.627470] (-) TimerEvent: {}
[11.727794] (-) TimerEvent: {}
[11.828116] (-) TimerEvent: {}
[11.928420] (-) TimerEvent: {}
[12.028736] (-) TimerEvent: {}
[12.129035] (-) TimerEvent: {}
[12.229330] (-) TimerEvent: {}
[12.329624] (-) TimerEvent: {}
[12.429905] (-) TimerEvent: {}
[12.530171] (-) TimerEvent: {}
[12.630442] (-) TimerEvent: {}
[12.730726] (-) TimerEvent: {}
[12.831009] (-) TimerEvent: {}
[12.931289] (-) TimerEvent: {}
[13.031593] (-) TimerEvent: {}
[13.139682] (-) TimerEvent: {}
[13.239988] (-) TimerEvent: {}
[13.340313] (-) TimerEvent: {}
[13.440666] (-) TimerEvent: {}
[13.540957] (-) TimerEvent: {}
[13.641238] (-) TimerEvent: {}
[13.741532] (-) TimerEvent: {}
[13.841846] (-) TimerEvent: {}
[13.942133] (-) TimerEvent: {}
[14.042437] (-) TimerEvent: {}
[14.140898] (gst_bridge) StdoutLine: {'line': b'[ 38%] \x1b[32m\x1b[1mLinking CXX shared library libgst_bridge.so\x1b[0m\n'}
[14.142497] (-) TimerEvent: {}
[14.242700] (-) TimerEvent: {}
[14.342979] (-) TimerEvent: {}
[14.443265] (-) TimerEvent: {}
[14.543586] (-) TimerEvent: {}
[14.643860] (-) TimerEvent: {}
[14.744144] (-) TimerEvent: {}
[14.844426] (-) TimerEvent: {}
[14.866481] (gst_bridge) StdoutLine: {'line': b'[ 38%] Built target gst_bridge\n'}
[14.891231] (gst_bridge) StdoutLine: {'line': b'[ 69%] \x1b[32mBuilding CXX object CMakeFiles/rosgstbridge.dir/src/rosimagesink.cpp.o\x1b[0m\n'}
[14.891446] (gst_bridge) StdoutLine: {'line': b'[ 69%] \x1b[32mBuilding CXX object CMakeFiles/rosgstbridge.dir/src/rosaudiosink.cpp.o\x1b[0m\n'}
[14.891523] (gst_bridge) StdoutLine: {'line': b'[ 69%] \x1b[32mBuilding CXX object CMakeFiles/rosgstbridge.dir/src/rosaudiosrc.cpp.o\x1b[0m\n'}
[14.891601] (gst_bridge) StdoutLine: {'line': b'[ 69%] \x1b[32mBuilding CXX object CMakeFiles/rosgstbridge.dir/src/rosgstbridgeplugin.cpp.o\x1b[0m\n'}
[14.891666] (gst_bridge) StdoutLine: {'line': b'[ 76%] \x1b[32mBuilding CXX object CMakeFiles/rosgstbridge.dir/src/rostextsrc.cpp.o\x1b[0m\n'}
[14.892098] (gst_bridge) StdoutLine: {'line': b'[ 84%] \x1b[32mBuilding CXX object CMakeFiles/rosgstbridge.dir/src/rostextsink.cpp.o\x1b[0m\n'}
[14.893343] (gst_bridge) StdoutLine: {'line': b'[ 92%] \x1b[32mBuilding CXX object CMakeFiles/rosgstbridge.dir/src/rosimagesrc.cpp.o\x1b[0m\n'}
[14.944533] (-) TimerEvent: {}
[15.044848] (-) TimerEvent: {}
[15.145148] (-) TimerEvent: {}
[15.245508] (-) TimerEvent: {}
[15.345873] (-) TimerEvent: {}
[15.446243] (-) TimerEvent: {}
[15.546548] (-) TimerEvent: {}
[15.646854] (-) TimerEvent: {}
[15.747172] (-) TimerEvent: {}
[15.847488] (-) TimerEvent: {}
[15.947883] (-) TimerEvent: {}
[16.048231] (-) TimerEvent: {}
[16.148609] (-) TimerEvent: {}
[16.248966] (-) TimerEvent: {}
[16.349347] (-) TimerEvent: {}
[16.449721] (-) TimerEvent: {}
[16.550099] (-) TimerEvent: {}
[16.650540] (-) TimerEvent: {}
[16.750957] (-) TimerEvent: {}
[16.851363] (-) TimerEvent: {}
[16.951759] (-) TimerEvent: {}
[17.052123] (-) TimerEvent: {}
[17.152498] (-) TimerEvent: {}
[17.252894] (-) TimerEvent: {}
[17.353278] (-) TimerEvent: {}
[17.453659] (-) TimerEvent: {}
[17.553998] (-) TimerEvent: {}
[17.654346] (-) TimerEvent: {}
[17.754762] (-) TimerEvent: {}
[17.855151] (-) TimerEvent: {}
[17.955478] (-) TimerEvent: {}
[18.055943] (-) TimerEvent: {}
[18.218821] (-) TimerEvent: {}
[18.319230] (-) TimerEvent: {}
[18.419617] (-) TimerEvent: {}
[18.520103] (-) TimerEvent: {}
[18.620510] (-) TimerEvent: {}
[18.720879] (-) TimerEvent: {}
[18.821249] (-) TimerEvent: {}
[18.921648] (-) TimerEvent: {}
[19.022000] (-) TimerEvent: {}
[19.122375] (-) TimerEvent: {}
[19.222767] (-) TimerEvent: {}
[19.323171] (-) TimerEvent: {}
[19.423546] (-) TimerEvent: {}
[19.524005] (-) TimerEvent: {}
[19.638527] (-) TimerEvent: {}
[19.747545] (-) TimerEvent: {}
[19.847951] (-) TimerEvent: {}
[19.948298] (-) TimerEvent: {}
[20.048650] (-) TimerEvent: {}
[20.149013] (-) TimerEvent: {}
[20.249385] (-) TimerEvent: {}
[20.349755] (-) TimerEvent: {}
[20.450154] (-) TimerEvent: {}
[20.550551] (-) TimerEvent: {}
[20.650937] (-) TimerEvent: {}
[20.751277] (-) TimerEvent: {}
[20.851634] (-) TimerEvent: {}
[20.951954] (-) TimerEvent: {}
[21.052274] (-) TimerEvent: {}
[21.152654] (-) TimerEvent: {}
[21.253002] (-) TimerEvent: {}
[21.353318] (-) TimerEvent: {}
[21.453637] (-) TimerEvent: {}
[21.553975] (-) TimerEvent: {}
[21.654299] (-) TimerEvent: {}
[21.754612] (-) TimerEvent: {}
[21.854902] (-) TimerEvent: {}
[21.955172] (-) TimerEvent: {}
[22.055445] (-) TimerEvent: {}
[22.155745] (-) TimerEvent: {}
[22.256015] (-) TimerEvent: {}
[22.356277] (-) TimerEvent: {}
[22.456556] (-) TimerEvent: {}
[22.556854] (-) TimerEvent: {}
[22.657119] (-) TimerEvent: {}
[22.757409] (-) TimerEvent: {}
[22.857716] (-) TimerEvent: {}
[22.957975] (-) TimerEvent: {}
[23.058240] (-) TimerEvent: {}
[23.158510] (-) TimerEvent: {}
[23.258795] (-) TimerEvent: {}
[23.359068] (-) TimerEvent: {}
[23.459330] (-) TimerEvent: {}
[23.559624] (-) TimerEvent: {}
[23.659903] (-) TimerEvent: {}
[23.760157] (-) TimerEvent: {}
[23.860412] (-) TimerEvent: {}
[23.960624] (-) TimerEvent: {}
[24.060889] (-) TimerEvent: {}
[24.161147] (-) TimerEvent: {}
[24.261419] (-) TimerEvent: {}
[24.361712] (-) TimerEvent: {}
[24.462020] (-) TimerEvent: {}
[24.562317] (-) TimerEvent: {}
[24.662633] (-) TimerEvent: {}
[24.762981] (-) TimerEvent: {}
[24.863311] (-) TimerEvent: {}
[24.963606] (-) TimerEvent: {}
[25.063889] (-) TimerEvent: {}
[25.164186] (-) TimerEvent: {}
[25.264555] (-) TimerEvent: {}
[25.364838] (-) TimerEvent: {}
[25.465105] (-) TimerEvent: {}
[25.565369] (-) TimerEvent: {}
[25.665654] (-) TimerEvent: {}
[25.765987] (-) TimerEvent: {}
[25.866313] (-) TimerEvent: {}
[25.966661] (-) TimerEvent: {}
[26.066961] (-) TimerEvent: {}
[26.167198] (-) TimerEvent: {}
[26.267487] (-) TimerEvent: {}
[26.367754] (-) TimerEvent: {}
[26.468026] (-) TimerEvent: {}
[26.568274] (-) TimerEvent: {}
[26.668562] (-) TimerEvent: {}
[26.768857] (-) TimerEvent: {}
[26.869175] (-) TimerEvent: {}
[26.969467] (-) TimerEvent: {}
[27.069768] (-) TimerEvent: {}
[27.170059] (-) TimerEvent: {}
[27.270405] (-) TimerEvent: {}
[27.370749] (-) TimerEvent: {}
[27.471052] (-) TimerEvent: {}
[27.571354] (-) TimerEvent: {}
[27.671644] (-) TimerEvent: {}
[27.772012] (-) TimerEvent: {}
[27.872402] (-) TimerEvent: {}
[27.972738] (-) TimerEvent: {}
[28.073034] (-) TimerEvent: {}
[28.124436] (gst_bridge) StdoutLine: {'line': b'[100%] \x1b[32m\x1b[1mLinking CXX shared library librosgstbridge.so\x1b[0m\n'}
[28.173146] (-) TimerEvent: {}
[28.273411] (-) TimerEvent: {}
[28.373731] (-) TimerEvent: {}
[28.474043] (-) TimerEvent: {}
[28.574364] (-) TimerEvent: {}
[28.674618] (-) TimerEvent: {}
[28.774887] (-) TimerEvent: {}
[28.875160] (-) TimerEvent: {}
[28.975430] (-) TimerEvent: {}
[29.075730] (-) TimerEvent: {}
[29.175982] (-) TimerEvent: {}
[29.276240] (-) TimerEvent: {}
[29.376509] (-) TimerEvent: {}
[29.389688] (gst_bridge) StdoutLine: {'line': b'[100%] Built target rosgstbridge\n'}
[29.406578] (gst_bridge) CommandEnded: {'returncode': 0}
[29.407230] (gst_bridge) JobProgress: {'identifier': 'gst_bridge', 'progress': 'install'}
[29.407901] (gst_bridge) Command: {'cmd': ['/usr/bin/cmake', '--install', '/root/ROS2_WEBRTC/rosgsthumble_ws/build/gst_bridge'], 'cwd': '/root/ROS2_WEBRTC/rosgsthumble_ws/build/gst_bridge', 'env': OrderedDict([('HOSTNAME', 'DuquedeCaixias'), ('GIT_ASKPASS', '/root/.vscode-server/bin/618725e67565b290ba4da6fe2d29f8fa1d4e3622/extensions/git/dist/askpass.sh'), ('SHLVL', '2'), ('LD_LIBRARY_PATH', '/root/ROS2_WEBRTC/rosgsthumble_ws/install/audio_msgs/lib:/usr/lib/x86_64-linux-gnu/gazebo-11/plugins:/opt/ros/humble/opt/rviz_ogre_vendor/lib:/opt/ros/humble/lib/x86_64-linux-gnu:/opt/ros/humble/lib'), ('BROWSER', '/root/.vscode-server/bin/618725e67565b290ba4da6fe2d29f8fa1d4e3622/bin/helpers/browser.sh'), ('HOME', '/root'), ('TERM_PROGRAM_VERSION', '1.107.0'), ('PIPEWIRE_RUNTIME_DIR', '/run/user/1001'), ('VSCODE_IPC_HOOK_CLI', '/run/user/1001/vscode-ipc-68058f33-30f0-4307-9342-81328915a75d.sock'), ('ROS_PYTHON_VERSION', '3'), ('VSCODE_GIT_ASKPASS_MAIN', '/root/.vscode-server/bin/618725e67565b290ba4da6fe2d29f8fa1d4e3622/extensions/git/dist/askpass-main.js'), ('VSCODE_GIT_ASKPASS_NODE', '/root/.vscode-server/bin/618725e67565b290ba4da6fe2d29f8fa1d4e3622/node'), ('VSCODE_PYTHON_AUTOACTIVATE_GUARD', '1'), ('COLORTERM', 'truecolor'), ('REMOTE_CONTAINERS', 'true'), ('DEBUGINFOD_URLS', ''), ('WAYLAND_DISPLAY', 'wayland-0'), ('ROS_DISTRO', 'humble'), ('REMOTE_CONTAINERS_IPC', '/tmp/vscode-remote-containers-ipc-4d2d4b98-497d-4534-a764-ab857881c228.sock'), ('_', '/usr/bin/colcon'), ('ROS_VERSION', '2'), ('PKG_CONFIG_PATH', '/usr/lib/x86_64-linux-gnu/pkgconfig:'), ('OPENSSL_CONF', '/etc/ssl/openssl_legacy.cnf'), ('TERM', 'xterm-256color'), ('ROS_LOCALHOST_ONLY', '0'), ('PATH', '/root/.vscode-server/data/User/globalStorage/github.copilot-chat/debugCommand:/root/.vscode-server/data/User/globalStorage/github.copilot-chat/copilotCli:/root/.vscode-server/bin/618725e67565b290ba4da6fe2d29f8fa1d4e3622/bin/remote-cli:/opt/ros/humble/bin:/usr/local/sbin:/usr/local/bin:/usr/sbin:/usr/bin:/sbin:/bin'), ('XDG_RUNTIME_DIR', '/run/user/1001'), ('REMOTE_CONTAINERS_SOCKETS', '["/root/.gnupg/S.gpg-agent"]'), ('DISPLAY', ':0'), ('LANG', 'C.UTF-8'), ('LS_COLORS', 'rs=0:di=01;34:ln=01;36:mh=00:pi=40;33:so=01;35:do=01;35:bd=40;33;01:cd=40;33;01:or=40;31;01:mi=00:su=37;41:sg=30;43:ca=30;41:tw=30;42:ow=34;42:st=37;44:ex=01;32:*.tar=01;31:*.tgz=01;31:*.arc=01;31:*.arj=01;31:*.taz=01;31:*.lha=01;31:*.lz4=01;31:*.lzh=01;31:*.lzma=01;31:*.tlz=01;31:*.txz=01;31:*.tzo=01;31:*.t7z=01;31:*.zip=01;31:*.z=01;31:*.dz=01;31:*.gz=01;31:*.lrz=01;31:*.lz=01;31:*.lzo=01;31:*.xz=01;31:*.zst=01;31:*.tzst=01;31:*.bz2=01;31:*.bz=01;31:*.tbz=01;31:*.tbz2=01;31:*.tz=01;31:*.deb=01;31:*.rpm=01;31:*.jar=01;31:*.war=01;31:*.ear=01;31:*.sar=01;31:*.rar=01;31:*.alz=01;31:*.ace=01;31:*.zoo=01;31:*.cpio=01;31:*.7z=01;31:*.rz=01;31:*.cab=01;31:*.wim=01;31:*.swm=01;31:*.dwm=01;31:*.esd=01;31:*.jpg=01;35:*.jpeg=01;35:*.mjpg=01;35:*.mjpeg=01;35:*.gif=01;35:*.bmp=01;35:*.pbm=01;35:*.pgm=01;35:*.ppm=01;35:*.tga=01;35:*.xbm=01;35:*.xpm=01;35:*.tif=01;35:*.tiff=01;35:*.png=01;35:*.svg=01;35:*.svgz=01;35:*.mng=01;35:*.pcx=01;35:*.mov=01;35:*.mpg=01;35:*.mpeg=01;35:*.m2v=01;35:*.mkv=01;35:*.webm=01;35:*.webp=01;35:*.ogm=01;35:*.mp4=01;35:*.m4v=01;35:*.mp4v=01;35:*.vob=01;35:*.qt=01;35:*.nuv=01;35:*.wmv=01;35:*.asf=01;35:*.rm=01;35:*.rmvb=01;35:*.flc=01;35:*.avi=01;35:*.fli=01;35:*.flv=01;35:*.gl=01;35:*.dl=01;35:*.xcf=01;35:*.xwd=01;35:*.yuv=01;35:*.cgm=01;35:*.emf=01;35:*.ogv=01;35:*.ogx=01;35:*.aac=00;36:*.au=00;36:*.flac=00;36:*.m4a=00;36:*.mid=00;36:*.midi=00;36:*.mka=00;36:*.mp3=00;36:*.mpc=00;36:*.ogg=00;36:*.ra=00;36:*.wav=00;36:*.oga=00;36:*.opus=00;36:*.spx=00;36:*.xspf=00;36:'), ('VSCODE_GIT_IPC_HANDLE', '/run/user/1001/vscode-git-84fad1f619.sock'), ('TERM_PROGRAM', 'vscode'), ('AMENT_PREFIX_PATH', '/root/ROS2_WEBRTC/rosgsthumble_ws/install/audio_msgs:/opt/ros/humble'), ('DEBIAN_FRONTEND', 'noninteractive'), ('SHELL', '/bin/bash'), ('VSCODE_GIT_ASKPASS_EXTRA_ARGS', ''), ('PWD', '/root/ROS2_WEBRTC/rosgsthumble_ws/build/gst_bridge'), ('LC_ALL', 'C.UTF-8'), ('PYTHONPATH', '/root/ROS2_WEBRTC/rosgsthumble_ws/install/audio_msgs/local/lib/python3.10/dist-packages:/opt/ros/humble/lib/python3.10/site-packages:/opt/ros/humble/local/lib/python3.10/dist-packages'), ('COLCON', '1'), ('CMAKE_PREFIX_PATH', '/root/ROS2_WEBRTC/rosgsthumble_ws/install/audio_msgs:/opt/ros/humble')]), 'shell': False}
[29.415463] (gst_bridge) StdoutLine: {'line': b'-- Install configuration: "RelWithDebInfo"\n'}
[29.415858] (gst_bridge) StdoutLine: {'line': b'-- Execute custom install script\n'}
[29.416089] (gst_bridge) StdoutLine: {'line': b'-- Symlinking: /root/ROS2_WEBRTC/rosgsthumble_ws/install/gst_bridge/share/gst_bridge/environment/register_plugin.dsv\n'}
[29.424420] (gst_bridge) StdoutLine: {'line': b'-- Symlinking: /root/ROS2_WEBRTC/rosgsthumble_ws/install/gst_bridge/share/gst_bridge/environment/library_path.sh\n'}
[29.432316] (gst_bridge) StdoutLine: {'line': b'-- Symlinking: /root/ROS2_WEBRTC/rosgsthumble_ws/install/gst_bridge/share/gst_bridge/environment/library_path.dsv\n'}
[29.441705] (gst_bridge) StdoutLine: {'line': b'-- Symlinking: /root/ROS2_WEBRTC/rosgsthumble_ws/install/gst_bridge/include/gst_bridge/gst_bridge.h\n'}
[29.449693] (gst_bridge) StdoutLine: {'line': b'-- Symlinking: /root/ROS2_WEBRTC/rosgsthumble_ws/install/gst_bridge/include/gst_bridge/rosaudiosink.h\n'}
[29.457946] (gst_bridge) StdoutLine: {'line': b'-- Symlinking: /root/ROS2_WEBRTC/rosgsthumble_ws/install/gst_bridge/include/gst_bridge/rosaudiosrc.h\n'}
[29.466152] (gst_bridge) StdoutLine: {'line': b'-- Symlinking: /root/ROS2_WEBRTC/rosgsthumble_ws/install/gst_bridge/include/gst_bridge/rosbaseiface.h\n'}
[29.474478] (gst_bridge) StdoutLine: {'line': b'-- Symlinking: /root/ROS2_WEBRTC/rosgsthumble_ws/install/gst_bridge/include/gst_bridge/rosbasesink.h\n'}
[29.476583] (-) TimerEvent: {}
[29.482247] (gst_bridge) StdoutLine: {'line': b'-- Symlinking: /root/ROS2_WEBRTC/rosgsthumble_ws/install/gst_bridge/include/gst_bridge/rosbasesrc.h\n'}
[29.490415] (gst_bridge) StdoutLine: {'line': b'-- Symlinking: /root/ROS2_WEBRTC/rosgsthumble_ws/install/gst_bridge/include/gst_bridge/rosimagesink.h\n'}
[29.498778] (gst_bridge) StdoutLine: {'line': b'-- Symlinking: /root/ROS2_WEBRTC/rosgsthumble_ws/install/gst_bridge/include/gst_bridge/rosimagesrc.h\n'}
[29.506777] (gst_bridge) StdoutLine: {'line': b'-- Symlinking: /root/ROS2_WEBRTC/rosgsthumble_ws/install/gst_bridge/include/gst_bridge/rostextsink.h\n'}
[29.514976] (gst_bridge) StdoutLine: {'line': b'-- Symlinking: /root/ROS2_WEBRTC/rosgsthumble_ws/install/gst_bridge/include/gst_bridge/rostextsrc.h\n'}
[29.523249] (gst_bridge) StdoutLine: {'line': b'-- Symlinking: /root/ROS2_WEBRTC/rosgsthumble_ws/install/gst_bridge/lib/gst_bridge/librosgstbridge.so\n'}
[29.531602] (gst_bridge) StdoutLine: {'line': b'-- Symlinking: /root/ROS2_WEBRTC/rosgsthumble_ws/install/gst_bridge/share/ament_index/resource_index/package_run_dependencies/gst_bridge\n'}
[29.539907] (gst_bridge) StdoutLine: {'line': b'-- Symlinking: /root/ROS2_WEBRTC/rosgsthumble_ws/install/gst_bridge/share/ament_index/resource_index/parent_prefix_path/gst_bridge\n'}
[29.547675] (gst_bridge) StdoutLine: {'line': b'-- Symlinking: /root/ROS2_WEBRTC/rosgsthumble_ws/install/gst_bridge/share/gst_bridge/environment/ament_prefix_path.sh\n'}
[29.555058] (gst_bridge) StdoutLine: {'line': b'-- Symlinking: /root/ROS2_WEBRTC/rosgsthumble_ws/install/gst_bridge/share/gst_bridge/environment/ament_prefix_path.dsv\n'}
[29.562264] (gst_bridge) StdoutLine: {'line': b'-- Symlinking: /root/ROS2_WEBRTC/rosgsthumble_ws/install/gst_bridge/share/gst_bridge/environment/path.sh\n'}
[29.569750] (gst_bridge) StdoutLine: {'line': b'-- Symlinking: /root/ROS2_WEBRTC/rosgsthumble_ws/install/gst_bridge/share/gst_bridge/environment/path.dsv\n'}
[29.576660] (-) TimerEvent: {}
[29.577086] (gst_bridge) StdoutLine: {'line': b'-- Symlinking: /root/ROS2_WEBRTC/rosgsthumble_ws/install/gst_bridge/share/gst_bridge/local_setup.bash\n'}
[29.584853] (gst_bridge) StdoutLine: {'line': b'-- Symlinking: /root/ROS2_WEBRTC/rosgsthumble_ws/install/gst_bridge/share/gst_bridge/local_setup.sh\n'}
[29.592597] (gst_bridge) StdoutLine: {'line': b'-- Symlinking: /root/ROS2_WEBRTC/rosgsthumble_ws/install/gst_bridge/share/gst_bridge/local_setup.zsh\n'}
[29.600762] (gst_bridge) StdoutLine: {'line': b'-- Symlinking: /root/ROS2_WEBRTC/rosgsthumble_ws/install/gst_bridge/share/gst_bridge/local_setup.dsv\n'}
[29.608562] (gst_bridge) StdoutLine: {'line': b'-- Symlinking: /root/ROS2_WEBRTC/rosgsthumble_ws/install/gst_bridge/share/gst_bridge/package.dsv\n'}
[29.616132] (gst_bridge) StdoutLine: {'line': b'-- Symlinking: /root/ROS2_WEBRTC/rosgsthumble_ws/install/gst_bridge/share/ament_index/resource_index/packages/gst_bridge\n'}
[29.623379] (gst_bridge) StdoutLine: {'line': b'-- Symlinking: /root/ROS2_WEBRTC/rosgsthumble_ws/install/gst_bridge/share/gst_bridge/cmake/ament_cmake_export_include_directories-extras.cmake\n'}
[29.630655] (gst_bridge) StdoutLine: {'line': b'-- Symlinking: /root/ROS2_WEBRTC/rosgsthumble_ws/install/gst_bridge/share/gst_bridge/cmake/ament_cmake_export_libraries-extras.cmake\n'}
[29.638160] (gst_bridge) StdoutLine: {'line': b'-- Symlinking: /root/ROS2_WEBRTC/rosgsthumble_ws/install/gst_bridge/share/gst_bridge/cmake/ament_cmake_export_dependencies-extras.cmake\n'}
[29.645950] (gst_bridge) StdoutLine: {'line': b'-- Symlinking: /root/ROS2_WEBRTC/rosgsthumble_ws/install/gst_bridge/share/gst_bridge/cmake/gst_bridgeConfig.cmake\n'}
[29.653092] (gst_bridge) StdoutLine: {'line': b'-- Symlinking: /root/ROS2_WEBRTC/rosgsthumble_ws/install/gst_bridge/share/gst_bridge/cmake/gst_bridgeConfig-version.cmake\n'}
[29.660269] (gst_bridge) StdoutLine: {'line': b'-- Symlinking: /root/ROS2_WEBRTC/rosgsthumble_ws/install/gst_bridge/share/gst_bridge/package.xml\n'}
[29.667727] (gst_bridge) StdoutLine: {'line': b'-- Installing: /root/ROS2_WEBRTC/rosgsthumble_ws/install/gst_bridge/lib/libgst_bridge.so\n'}
[29.670736] (gst_bridge) StdoutLine: {'line': b'-- Set runtime path of "/root/ROS2_WEBRTC/rosgsthumble_ws/install/gst_bridge/lib/libgst_bridge.so" to ""\n'}
[29.672322] (gst_bridge) CommandEnded: {'returncode': 0}
[29.676729] (-) TimerEvent: {}
[29.691548] (gst_bridge) JobEnded: {'identifier': 'gst_bridge', 'rc': 0}
[29.692313] (gst_pipeline) JobStarted: {'identifier': 'gst_pipeline'}
[29.697108] (webrtc_camera_node) JobStarted: {'identifier': 'webrtc_camera_node'}
[29.707266] (webrtc_camera_node) JobProgress: {'identifier': 'webrtc_camera_node', 'progress': 'cmake'}
[29.707920] (webrtc_camera_node) Command: {'cmd': ['/usr/bin/cmake', '/root/ROS2_WEBRTC/rosgsthumble_ws/src/webrtc_camera_node', '-DAMENT_CMAKE_SYMLINK_INSTALL=1', '-DCMAKE_INSTALL_PREFIX=/root/ROS2_WEBRTC/rosgsthumble_ws/install/webrtc_camera_node'], 'cwd': '/root/ROS2_WEBRTC/rosgsthumble_ws/build/webrtc_camera_node', 'env': OrderedDict([('HOSTNAME', 'DuquedeCaixias'), ('GIT_ASKPASS', '/root/.vscode-server/bin/618725e67565b290ba4da6fe2d29f8fa1d4e3622/extensions/git/dist/askpass.sh'), ('SHLVL', '2'), ('LD_LIBRARY_PATH', '/root/ROS2_WEBRTC/rosgsthumble_ws/install/gst_bridge/lib:/root/ROS2_WEBRTC/rosgsthumble_ws/install/audio_msgs/lib:/usr/lib/x86_64-linux-gnu/gazebo-11/plugins:/opt/ros/humble/opt/rviz_ogre_vendor/lib:/opt/ros/humble/lib/x86_64-linux-gnu:/opt/ros/humble/lib'), ('BROWSER', '/root/.vscode-server/bin/618725e67565b290ba4da6fe2d29f8fa1d4e3622/bin/helpers/browser.sh'), ('HOME', '/root'), ('TERM_PROGRAM_VERSION', '1.107.0'), ('PIPEWIRE_RUNTIME_DIR', '/run/user/1001'), ('VSCODE_IPC_HOOK_CLI', '/run/user/1001/vscode-ipc-68058f33-30f0-4307-9342-81328915a75d.sock'), ('ROS_PYTHON_VERSION', '3'), ('VSCODE_GIT_ASKPASS_MAIN', '/root/.vscode-server/bin/618725e67565b290ba4da6fe2d29f8fa1d4e3622/extensions/git/dist/askpass-main.js'), ('VSCODE_GIT_ASKPASS_NODE', '/root/.vscode-server/bin/618725e67565b290ba4da6fe2d29f8fa1d4e3622/node'), ('VSCODE_PYTHON_AUTOACTIVATE_GUARD', '1'), ('COLORTERM', 'truecolor'), ('REMOTE_CONTAINERS', 'true'), ('DEBUGINFOD_URLS', ''), ('WAYLAND_DISPLAY', 'wayland-0'), ('ROS_DISTRO', 'humble'), ('REMOTE_CONTAINERS_IPC', '/tmp/vscode-remote-containers-ipc-4d2d4b98-497d-4534-a764-ab857881c228.sock'), ('_', '/usr/bin/colcon'), ('ROS_VERSION', '2'), ('PKG_CONFIG_PATH', '/usr/lib/x86_64-linux-gnu/pkgconfig:'), ('OPENSSL_CONF', '/etc/ssl/openssl_legacy.cnf'), ('TERM', 'xterm-256color'), ('ROS_LOCALHOST_ONLY', '0'), ('PATH', '/root/.vscode-server/data/User/globalStorage/github.copilot-chat/debugCommand:/root/.vscode-server/data/User/globalStorage/github.copilot-chat/copilotCli:/root/.vscode-server/bin/618725e67565b290ba4da6fe2d29f8fa1d4e3622/bin/remote-cli:/opt/ros/humble/bin:/usr/local/sbin:/usr/local/bin:/usr/sbin:/usr/bin:/sbin:/bin'), ('XDG_RUNTIME_DIR', '/run/user/1001'), ('REMOTE_CONTAINERS_SOCKETS', '["/root/.gnupg/S.gpg-agent"]'), ('DISPLAY', ':0'), ('LANG', 'C.UTF-8'), ('LS_COLORS', 'rs=0:di=01;34:ln=01;36:mh=00:pi=40;33:so=01;35:do=01;35:bd=40;33;01:cd=40;33;01:or=40;31;01:mi=00:su=37;41:sg=30;43:ca=30;41:tw=30;42:ow=34;42:st=37;44:ex=01;32:*.tar=01;31:*.tgz=01;31:*.arc=01;31:*.arj=01;31:*.taz=01;31:*.lha=01;31:*.lz4=01;31:*.lzh=01;31:*.lzma=01;31:*.tlz=01;31:*.txz=01;31:*.tzo=01;31:*.t7z=01;31:*.zip=01;31:*.z=01;31:*.dz=01;31:*.gz=01;31:*.lrz=01;31:*.lz=01;31:*.lzo=01;31:*.xz=01;31:*.zst=01;31:*.tzst=01;31:*.bz2=01;31:*.bz=01;31:*.tbz=01;31:*.tbz2=01;31:*.tz=01;31:*.deb=01;31:*.rpm=01;31:*.jar=01;31:*.war=01;31:*.ear=01;31:*.sar=01;31:*.rar=01;31:*.alz=01;31:*.ace=01;31:*.zoo=01;31:*.cpio=01;31:*.7z=01;31:*.rz=01;31:*.cab=01;31:*.wim=01;31:*.swm=01;31:*.dwm=01;31:*.esd=01;31:*.jpg=01;35:*.jpeg=01;35:*.mjpg=01;35:*.mjpeg=01;35:*.gif=01;35:*.bmp=01;35:*.pbm=01;35:*.pgm=01;35:*.ppm=01;35:*.tga=01;35:*.xbm=01;35:*.xpm=01;35:*.tif=01;35:*.tiff=01;35:*.png=01;35:*.svg=01;35:*.svgz=01;35:*.mng=01;35:*.pcx=01;35:*.mov=01;35:*.mpg=01;35:*.mpeg=01;35:*.m2v=01;35:*.mkv=01;35:*.webm=01;35:*.webp=01;35:*.ogm=01;35:*.mp4=01;35:*.m4v=01;35:*.mp4v=01;35:*.vob=01;35:*.qt=01;35:*.nuv=01;35:*.wmv=01;35:*.asf=01;35:*.rm=01;35:*.rmvb=01;35:*.flc=01;35:*.avi=01;35:*.fli=01;35:*.flv=01;35:*.gl=01;35:*.dl=01;35:*.xcf=01;35:*.xwd=01;35:*.yuv=01;35:*.cgm=01;35:*.emf=01;35:*.ogv=01;35:*.ogx=01;35:*.aac=00;36:*.au=00;36:*.flac=00;36:*.m4a=00;36:*.mid=00;36:*.midi=00;36:*.mka=00;36:*.mp3=00;36:*.mpc=00;36:*.ogg=00;36:*.ra=00;36:*.wav=00;36:*.oga=00;36:*.opus=00;36:*.spx=00;36:*.xspf=00;36:'), ('VSCODE_GIT_IPC_HANDLE', '/run/user/1001/vscode-git-84fad1f619.sock'), ('TERM_PROGRAM', 'vscode'), ('AMENT_PREFIX_PATH', '/root/ROS2_WEBRTC/rosgsthumble_ws/install/gst_bridge:/root/ROS2_WEBRTC/rosgsthumble_ws/install/audio_msgs:/opt/ros/humble'), ('DEBIAN_FRONTEND', 'noninteractive'), ('SHELL', '/bin/bash'), ('VSCODE_GIT_ASKPASS_EXTRA_ARGS', ''), ('PWD', '/root/ROS2_WEBRTC/rosgsthumble_ws/build/webrtc_camera_node'), ('LC_ALL', 'C.UTF-8'), ('PYTHONPATH', '/root/ROS2_WEBRTC/rosgsthumble_ws/install/audio_msgs/local/lib/python3.10/dist-packages:/opt/ros/humble/lib/python3.10/site-packages:/opt/ros/humble/local/lib/python3.10/dist-packages'), ('COLCON', '1'), ('CMAKE_PREFIX_PATH', '/root/ROS2_WEBRTC/rosgsthumble_ws/install/gst_bridge:/root/ROS2_WEBRTC/rosgsthumble_ws/install/audio_msgs:/opt/ros/humble')]), 'shell': False}
[29.709831] (gst_pipeline) JobProgress: {'identifier': 'gst_pipeline', 'progress': 'cmake'}
[29.710030] (gst_pipeline) Command: {'cmd': ['/usr/bin/cmake', '/root/ROS2_WEBRTC/rosgsthumble_ws/src/ros-gst-bridge/gst_pipeline', '-DAMENT_CMAKE_SYMLINK_INSTALL=1', '-DCMAKE_INSTALL_PREFIX=/root/ROS2_WEBRTC/rosgsthumble_ws/install/gst_pipeline'], 'cwd': '/root/ROS2_WEBRTC/rosgsthumble_ws/build/gst_pipeline', 'env': OrderedDict([('HOSTNAME', 'DuquedeCaixias'), ('GIT_ASKPASS', '/root/.vscode-server/bin/618725e67565b290ba4da6fe2d29f8fa1d4e3622/extensions/git/dist/askpass.sh'), ('SHLVL', '2'), ('LD_LIBRARY_PATH', '/root/ROS2_WEBRTC/rosgsthumble_ws/install/gst_bridge/lib:/root/ROS2_WEBRTC/rosgsthumble_ws/install/gst_msgs/lib:/root/ROS2_WEBRTC/rosgsthumble_ws/install/audio_msgs/lib:/usr/lib/x86_64-linux-gnu/gazebo-11/plugins:/opt/ros/humble/opt/rviz_ogre_vendor/lib:/opt/ros/humble/lib/x86_64-linux-gnu:/opt/ros/humble/lib'), ('BROWSER', '/root/.vscode-server/bin/618725e67565b290ba4da6fe2d29f8fa1d4e3622/bin/helpers/browser.sh'), ('HOME', '/root'), ('TERM_PROGRAM_VERSION', '1.107.0'), ('PIPEWIRE_RUNTIME_DIR', '/run/user/1001'), ('VSCODE_IPC_HOOK_CLI', '/run/user/1001/vscode-ipc-68058f33-30f0-4307-9342-81328915a75d.sock'), ('ROS_PYTHON_VERSION', '3'), ('VSCODE_GIT_ASKPASS_MAIN', '/root/.vscode-server/bin/618725e67565b290ba4da6fe2d29f8fa1d4e3622/extensions/git/dist/askpass-main.js'), ('VSCODE_GIT_ASKPASS_NODE', '/root/.vscode-server/bin/618725e67565b290ba4da6fe2d29f8fa1d4e3622/node'), ('VSCODE_PYTHON_AUTOACTIVATE_GUARD', '1'), ('COLORTERM', 'truecolor'), ('REMOTE_CONTAINERS', 'true'), ('DEBUGINFOD_URLS', ''), ('WAYLAND_DISPLAY', 'wayland-0'), ('ROS_DISTRO', 'humble'), ('REMOTE_CONTAINERS_IPC', '/tmp/vscode-remote-containers-ipc-4d2d4b98-497d-4534-a764-ab857881c228.sock'), ('_', '/usr/bin/colcon'), ('ROS_VERSION', '2'), ('PKG_CONFIG_PATH', '/usr/lib/x86_64-linux-gnu/pkgconfig:'), ('OPENSSL_CONF', '/etc/ssl/openssl_legacy.cnf'), ('TERM', 'xterm-256color'), ('ROS_LOCALHOST_ONLY', '0'), ('PATH', '/root/.vscode-server/data/User/globalStorage/github.copilot-chat/debugCommand:/root/.vscode-server/data/User/globalStorage/github.copilot-chat/copilotCli:/root/.vscode-server/bin/618725e67565b290ba4da6fe2d29f8fa1d4e3622/bin/remote-cli:/opt/ros/humble/bin:/usr/local/sbin:/usr/local/bin:/usr/sbin:/usr/bin:/sbin:/bin'), ('XDG_RUNTIME_DIR', '/run/user/1001'), ('REMOTE_CONTAINERS_SOCKETS', '["/root/.gnupg/S.gpg-agent"]'), ('DISPLAY', ':0'), ('LANG', 'C.UTF-8'), ('LS_COLORS', 'rs=0:di=01;34:ln=01;36:mh=00:pi=40;33:so=01;35:do=01;35:bd=40;33;01:cd=40;33;01:or=40;31;01:mi=00:su=37;41:sg=30;43:ca=30;41:tw=30;42:ow=34;42:st=37;44:ex=01;32:*.tar=01;31:*.tgz=01;31:*.arc=01;31:*.arj=01;31:*.taz=01;31:*.lha=01;31:*.lz4=01;31:*.lzh=01;31:*.lzma=01;31:*.tlz=01;31:*.txz=01;31:*.tzo=01;31:*.t7z=01;31:*.zip=01;31:*.z=01;31:*.dz=01;31:*.gz=01;31:*.lrz=01;31:*.lz=01;31:*.lzo=01;31:*.xz=01;31:*.zst=01;31:*.tzst=01;31:*.bz2=01;31:*.bz=01;31:*.tbz=01;31:*.tbz2=01;31:*.tz=01;31:*.deb=01;31:*.rpm=01;31:*.jar=01;31:*.war=01;31:*.ear=01;31:*.sar=01;31:*.rar=01;31:*.alz=01;31:*.ace=01;31:*.zoo=01;31:*.cpio=01;31:*.7z=01;31:*.rz=01;31:*.cab=01;31:*.wim=01;31:*.swm=01;31:*.dwm=01;31:*.esd=01;31:*.jpg=01;35:*.jpeg=01;35:*.mjpg=01;35:*.mjpeg=01;35:*.gif=01;35:*.bmp=01;35:*.pbm=01;35:*.pgm=01;35:*.ppm=01;35:*.tga=01;35:*.xbm=01;35:*.xpm=01;35:*.tif=01;35:*.tiff=01;35:*.png=01;35:*.svg=01;35:*.svgz=01;35:*.mng=01;35:*.pcx=01;35:*.mov=01;35:*.mpg=01;35:*.mpeg=01;35:*.m2v=01;35:*.mkv=01;35:*.webm=01;35:*.webp=01;35:*.ogm=01;35:*.mp4=01;35:*.m4v=01;35:*.mp4v=01;35:*.vob=01;35:*.qt=01;35:*.nuv=01;35:*.wmv=01;35:*.asf=01;35:*.rm=01;35:*.rmvb=01;35:*.flc=01;35:*.avi=01;35:*.fli=01;35:*.flv=01;35:*.gl=01;35:*.dl=01;35:*.xcf=01;35:*.xwd=01;35:*.yuv=01;35:*.cgm=01;35:*.emf=01;35:*.ogv=01;35:*.ogx=01;35:*.aac=00;36:*.au=00;36:*.flac=00;36:*.m4a=00;36:*.mid=00;36:*.midi=00;36:*.mka=00;36:*.mp3=00;36:*.mpc=00;36:*.ogg=00;36:*.ra=00;36:*.wav=00;36:*.oga=00;36:*.opus=00;36:*.spx=00;36:*.xspf=00;36:'), ('VSCODE_GIT_IPC_HANDLE', '/run/user/1001/vscode-git-84fad1f619.sock'), ('TERM_PROGRAM', 'vscode'), ('AMENT_PREFIX_PATH', '/root/ROS2_WEBRTC/rosgsthumble_ws/install/gst_bridge:/root/ROS2_WEBRTC/rosgsthumble_ws/install/gst_msgs:/root/ROS2_WEBRTC/rosgsthumble_ws/install/audio_msgs:/opt/ros/humble'), ('DEBIAN_FRONTEND', 'noninteractive'), ('SHELL', '/bin/bash'), ('VSCODE_GIT_ASKPASS_EXTRA_ARGS', ''), ('PWD', '/root/ROS2_WEBRTC/rosgsthumble_ws/build/gst_pipeline'), ('LC_ALL', 'C.UTF-8'), ('PYTHONPATH', '/root/ROS2_WEBRTC/rosgsthumble_ws/install/gst_msgs/local/lib/python3.10/dist-packages:/root/ROS2_WEBRTC/rosgsthumble_ws/install/audio_msgs/local/lib/python3.10/dist-packages:/opt/ros/humble/lib/python3.10/site-packages:/opt/ros/humble/local/lib/python3.10/dist-packages'), ('COLCON', '1'), ('CMAKE_PREFIX_PATH', '/root/ROS2_WEBRTC/rosgsthumble_ws/install/gst_bridge:/root/ROS2_WEBRTC/rosgsthumble_ws/install/gst_msgs:/root/ROS2_WEBRTC/rosgsthumble_ws/install/audio_msgs:/opt/ros/humble')]), 'shell': False}
[29.763223] (webrtc_camera_node) StdoutLine: {'line': b'-- The C compiler identification is GNU 11.4.0\n'}
[29.763632] (gst_pipeline) StdoutLine: {'line': b'-- The C compiler identification is GNU 11.4.0\n'}
[29.776849] (-) TimerEvent: {}
[29.811657] (gst_pipeline) StdoutLine: {'line': b'-- The CXX compiler identification is GNU 11.4.0\n'}
[29.811879] (webrtc_camera_node) StdoutLine: {'line': b'-- The CXX compiler identification is GNU 11.4.0\n'}
[29.823951] (gst_pipeline) StdoutLine: {'line': b'-- Detecting C compiler ABI info\n'}
[29.824127] (webrtc_camera_node) StdoutLine: {'line': b'-- Detecting C compiler ABI info\n'}
[29.876940] (-) TimerEvent: {}
[29.882715] (gst_pipeline) StdoutLine: {'line': b'-- Detecting C compiler ABI info - done\n'}
[29.882902] (webrtc_camera_node) StdoutLine: {'line': b'-- Detecting C compiler ABI info - done\n'}
[29.888152] (gst_pipeline) StdoutLine: {'line': b'-- Check for working C compiler: /usr/bin/cc - skipped\n'}
[29.888386] (webrtc_camera_node) StdoutLine: {'line': b'-- Check for working C compiler: /usr/bin/cc - skipped\n'}
[29.888664] (webrtc_camera_node) StdoutLine: {'line': b'-- Detecting C compile features\n'}
[29.888777] (gst_pipeline) StdoutLine: {'line': b'-- Detecting C compile features\n'}
[29.889261] (webrtc_camera_node) StdoutLine: {'line': b'-- Detecting C compile features - done\n'}
[29.889344] (gst_pipeline) StdoutLine: {'line': b'-- Detecting C compile features - done\n'}
[29.892702] (gst_pipeline) StdoutLine: {'line': b'-- Detecting CXX compiler ABI info\n'}
[29.892873] (webrtc_camera_node) StdoutLine: {'line': b'-- Detecting CXX compiler ABI info\n'}
[29.962731] (gst_pipeline) StdoutLine: {'line': b'-- Detecting CXX compiler ABI info - done\n'}
[29.962902] (webrtc_camera_node) StdoutLine: {'line': b'-- Detecting CXX compiler ABI info - done\n'}
[29.968419] (webrtc_camera_node) StdoutLine: {'line': b'-- Check for working CXX compiler: /usr/bin/c++ - skipped\n'}
[29.968665] (gst_pipeline) StdoutLine: {'line': b'-- Check for working CXX compiler: /usr/bin/c++ - skipped\n'}
[29.968785] (webrtc_camera_node) StdoutLine: {'line': b'-- Detecting CXX compile features\n'}
[29.968942] (gst_pipeline) StdoutLine: {'line': b'-- Detecting CXX compile features\n'}
[29.969063] (webrtc_camera_node) StdoutLine: {'line': b'-- Detecting CXX compile features - done\n'}
[29.969326] (gst_pipeline) StdoutLine: {'line': b'-- Detecting CXX compile features - done\n'}
[29.977011] (-) TimerEvent: {}
[29.977157] (webrtc_camera_node) StdoutLine: {'line': b'-- Found PkgConfig: /usr/bin/pkg-config (found version "0.29.2") \n'}
[29.980863] (webrtc_camera_node) StdoutLine: {'line': b'-- Found rclcpp: 16.0.15 (/opt/ros/humble/share/rclcpp/cmake)\n'}
[29.983126] (gst_pipeline) StdoutLine: {'line': b'-- Found ament_cmake: 1.3.12 (/opt/ros/humble/share/ament_cmake/cmake)\n'}
[30.077102] (-) TimerEvent: {}
[30.177344] (-) TimerEvent: {}
[30.199135] (webrtc_camera_node) StdoutLine: {'line': b'-- Found Python3: /usr/bin/python3 (found version "3.10.12") found components: Interpreter \n'}
[30.199341] (gst_pipeline) StdoutLine: {'line': b'-- Found Python3: /usr/bin/python3 (found version "3.10.12") found components: Interpreter \n'}
[30.277442] (-) TimerEvent: {}
[30.288029] (gst_pipeline) StdoutLine: {'line': b'-- Override CMake install command with custom implementation using symlinks instead of copying resources\n'}
[30.288206] (webrtc_camera_node) StdoutLine: {'line': b'-- Override CMake install command with custom implementation using symlinks instead of copying resources\n'}
[30.355245] (gst_pipeline) StdoutLine: {'line': b'-- Found rclcpp: 16.0.15 (/opt/ros/humble/share/rclcpp/cmake)\n'}
[30.377546] (-) TimerEvent: {}
[30.405632] (gst_pipeline) StdoutLine: {'line': b'-- Found rosidl_generator_c: 3.1.7 (/opt/ros/humble/share/rosidl_generator_c/cmake)\n'}
[30.408867] (webrtc_camera_node) StdoutLine: {'line': b'-- Found rosidl_generator_c: 3.1.7 (/opt/ros/humble/share/rosidl_generator_c/cmake)\n'}
[30.413362] (gst_pipeline) StdoutLine: {'line': b'-- Found rosidl_adapter: 3.1.7 (/opt/ros/humble/share/rosidl_adapter/cmake)\n'}
[30.414207] (webrtc_camera_node) StdoutLine: {'line': b'-- Found rosidl_adapter: 3.1.7 (/opt/ros/humble/share/rosidl_adapter/cmake)\n'}
[30.430433] (gst_pipeline) StdoutLine: {'line': b'-- Found rosidl_generator_cpp: 3.1.7 (/opt/ros/humble/share/rosidl_generator_cpp/cmake)\n'}
[30.430589] (webrtc_camera_node) StdoutLine: {'line': b'-- Found rosidl_generator_cpp: 3.1.7 (/opt/ros/humble/share/rosidl_generator_cpp/cmake)\n'}
[30.446750] (webrtc_camera_node) StdoutLine: {'line': b'-- Using all available rosidl_typesupport_c: rosidl_typesupport_fastrtps_c;rosidl_typesupport_introspection_c\n'}
[30.446964] (gst_pipeline) StdoutLine: {'line': b'-- Using all available rosidl_typesupport_c: rosidl_typesupport_fastrtps_c;rosidl_typesupport_introspection_c\n'}
[30.474722] (webrtc_camera_node) StdoutLine: {'line': b'-- Using all available rosidl_typesupport_cpp: rosidl_typesupport_fastrtps_cpp;rosidl_typesupport_introspection_cpp\n'}
[30.474894] (gst_pipeline) StdoutLine: {'line': b'-- Using all available rosidl_typesupport_cpp: rosidl_typesupport_fastrtps_cpp;rosidl_typesupport_introspection_cpp\n'}
[30.477587] (-) TimerEvent: {}
[30.533239] (gst_pipeline) StdoutLine: {'line': b'-- Found rmw_implementation_cmake: 6.1.2 (/opt/ros/humble/share/rmw_implementation_cmake/cmake)\n'}
[30.533410] (webrtc_camera_node) StdoutLine: {'line': b'-- Found rmw_implementation_cmake: 6.1.2 (/opt/ros/humble/share/rmw_implementation_cmake/cmake)\n'}
[30.537771] (webrtc_camera_node) StdoutLine: {'line': b'-- Found rmw_fastrtps_cpp: 6.2.9 (/opt/ros/humble/share/rmw_fastrtps_cpp/cmake)\n'}
[30.537916] (gst_pipeline) StdoutLine: {'line': b'-- Found rmw_fastrtps_cpp: 6.2.9 (/opt/ros/humble/share/rmw_fastrtps_cpp/cmake)\n'}
[30.577691] (-) TimerEvent: {}
[30.668920] (gst_pipeline) StdoutLine: {'line': b'-- Found OpenSSL: /usr/lib/x86_64-linux-gnu/libcrypto.so (found version "3.0.2")  \n'}
[30.669181] (webrtc_camera_node) StdoutLine: {'line': b'-- Found OpenSSL: /usr/lib/x86_64-linux-gnu/libcrypto.so (found version "3.0.2")  \n'}
[30.677800] (-) TimerEvent: {}
[30.703561] (gst_pipeline) StdoutLine: {'line': b'-- Found FastRTPS: /opt/ros/humble/include  \n'}
[30.703940] (webrtc_camera_node) StdoutLine: {'line': b'-- Found FastRTPS: /opt/ros/humble/include  \n'}
[30.755906] (gst_pipeline) StdoutLine: {'line': b"-- Using RMW implementation 'rmw_fastrtps_cpp' as default\n"}
[30.756142] (webrtc_camera_node) StdoutLine: {'line': b"-- Using RMW implementation 'rmw_fastrtps_cpp' as default\n"}
[30.769883] (gst_pipeline) StdoutLine: {'line': b'-- Looking for pthread.h\n'}
[30.770061] (webrtc_camera_node) StdoutLine: {'line': b'-- Looking for pthread.h\n'}
[30.777860] (-) TimerEvent: {}
[30.845885] (webrtc_camera_node) StdoutLine: {'line': b'-- Looking for pthread.h - found\n'}
[30.846051] (gst_pipeline) StdoutLine: {'line': b'-- Looking for pthread.h - found\n'}
[30.846225] (gst_pipeline) StdoutLine: {'line': b'-- Performing Test CMAKE_HAVE_LIBC_PTHREAD\n'}
[30.846329] (webrtc_camera_node) StdoutLine: {'line': b'-- Performing Test CMAKE_HAVE_LIBC_PTHREAD\n'}
[30.877972] (-) TimerEvent: {}
[30.911288] (gst_pipeline) StdoutLine: {'line': b'-- Performing Test CMAKE_HAVE_LIBC_PTHREAD - Success\n'}
[30.911503] (webrtc_camera_node) StdoutLine: {'line': b'-- Performing Test CMAKE_HAVE_LIBC_PTHREAD - Success\n'}
[30.912183] (gst_pipeline) StdoutLine: {'line': b'-- Found Threads: TRUE  \n'}
[30.912480] (webrtc_camera_node) StdoutLine: {'line': b'-- Found Threads: TRUE  \n'}
[30.978062] (-) TimerEvent: {}
[30.993908] (webrtc_camera_node) StdoutLine: {'line': b'-- Found sensor_msgs: 4.9.0 (/opt/ros/humble/share/sensor_msgs/cmake)\n'}
[30.994092] (gst_pipeline) StdoutLine: {'line': b'-- Found rclcpp_components: 16.0.15 (/opt/ros/humble/share/rclcpp_components/cmake)\n'}
[31.054254] (webrtc_camera_node) StdoutLine: {'line': b'-- Found gst_bridge: 0.0.0 (/root/ROS2_WEBRTC/rosgsthumble_ws/install/gst_bridge/share/gst_bridge/cmake)\n'}
[31.059674] (gst_pipeline) StdoutLine: {'line': b'-- Found gst_bridge: 0.0.0 (/root/ROS2_WEBRTC/rosgsthumble_ws/install/gst_bridge/share/gst_bridge/cmake)\n'}
[31.076047] (webrtc_camera_node) StdoutLine: {'line': b"-- Checking for modules 'gstreamer-1.0;gstreamer-webrtc-1.0;gstreamer-app-1.0;gstreamer-video-1.0;gstreamer-sdp-1.0;glib-2.0'\n"}
[31.078126] (-) TimerEvent: {}
[31.147674] (gst_pipeline) StdoutLine: {'line': b'-- Found image_transport: 3.1.12 (/opt/ros/humble/share/image_transport/cmake)\n'}
[31.176738] (webrtc_camera_node) StdoutLine: {'line': b'--   Found gstreamer-1.0, version 1.20.3\n'}
[31.178194] (-) TimerEvent: {}
[31.186356] (webrtc_camera_node) StdoutLine: {'line': b'--   Found gstreamer-webrtc-1.0, version 1.20.3\n'}
[31.195899] (webrtc_camera_node) StdoutLine: {'line': b'--   Found gstreamer-app-1.0, version 1.20.1\n'}
[31.205323] (webrtc_camera_node) StdoutLine: {'line': b'--   Found gstreamer-video-1.0, version 1.20.1\n'}
[31.214894] (webrtc_camera_node) StdoutLine: {'line': b'--   Found gstreamer-sdp-1.0, version 1.20.1\n'}
[31.223384] (gst_pipeline) StdoutLine: {'line': b'-- Found cv_bridge: 3.2.1 (/opt/ros/humble/share/cv_bridge/cmake)\n'}
[31.223519] (webrtc_camera_node) StdoutLine: {'line': b'--   Found glib-2.0, version 2.72.4\n'}
[31.237121] (gst_pipeline) StdoutLine: {'line': b'-- Found TinyXML2 via Config file: TinyXML2_DIR-NOTFOUND\n'}
[31.240633] (gst_pipeline) StdoutLine: {'line': b'-- Found PkgConfig: /usr/bin/pkg-config (found version "0.29.2") \n'}
[31.241340] (gst_pipeline) StdoutLine: {'line': b"-- Checking for module 'gstreamer-1.0'\n"}
[31.253136] (gst_pipeline) StdoutLine: {'line': b'--   Found gstreamer-1.0, version 1.20.3\n'}
[31.278300] (-) TimerEvent: {}
[31.292444] (gst_pipeline) StdoutLine: {'line': b'-- Found std_srvs: 4.9.0 (/opt/ros/humble/share/std_srvs/cmake)\n'}
[31.348901] (gst_pipeline) StdoutLine: {'line': b'-- Found gst_msgs: 0.0.0 (/root/ROS2_WEBRTC/rosgsthumble_ws/install/gst_msgs/share/gst_msgs/cmake)\n'}
[31.369520] (gst_pipeline) StdoutLine: {'line': b'-- Found ament_cmake_clang_format: 0.12.14 (/opt/ros/humble/share/ament_cmake_clang_format/cmake)\n'}
[31.377913] (gst_pipeline) StdoutLine: {'line': b'-- Found ament_cmake_gtest: 1.3.12 (/opt/ros/humble/share/ament_cmake_gtest/cmake)\n'}
[31.378361] (-) TimerEvent: {}
[31.396638] (gst_pipeline) StdoutLine: {'line': b"-- Found gtest sources under '/opt/ros/humble/src/gtest_vendor': C++ tests using 'Google Test' will be built\n"}
[31.478468] (-) TimerEvent: {}
[31.479015] (gst_pipeline) StdoutLine: {'line': b'-- Configuring done\n'}
[31.550720] (gst_pipeline) StdoutLine: {'line': b'-- Generating done\n'}
[31.571699] (gst_pipeline) StdoutLine: {'line': b'-- Build files have been written to: /root/ROS2_WEBRTC/rosgsthumble_ws/build/gst_pipeline\n'}
[31.578549] (-) TimerEvent: {}
[31.584522] (gst_pipeline) CommandEnded: {'returncode': 0}
[31.585042] (gst_pipeline) JobProgress: {'identifier': 'gst_pipeline', 'progress': 'build'}
[31.585419] (gst_pipeline) Command: {'cmd': ['/usr/bin/cmake', '--build', '/root/ROS2_WEBRTC/rosgsthumble_ws/build/gst_pipeline', '--', '-j12', '-l12'], 'cwd': '/root/ROS2_WEBRTC/rosgsthumble_ws/build/gst_pipeline', 'env': OrderedDict([('HOSTNAME', 'DuquedeCaixias'), ('GIT_ASKPASS', '/root/.vscode-server/bin/618725e67565b290ba4da6fe2d29f8fa1d4e3622/extensions/git/dist/askpass.sh'), ('SHLVL', '2'), ('LD_LIBRARY_PATH', '/root/ROS2_WEBRTC/rosgsthumble_ws/install/gst_bridge/lib:/root/ROS2_WEBRTC/rosgsthumble_ws/install/gst_msgs/lib:/root/ROS2_WEBRTC/rosgsthumble_ws/install/audio_msgs/lib:/usr/lib/x86_64-linux-gnu/gazebo-11/plugins:/opt/ros/humble/opt/rviz_ogre_vendor/lib:/opt/ros/humble/lib/x86_64-linux-gnu:/opt/ros/humble/lib'), ('BROWSER', '/root/.vscode-server/bin/618725e67565b290ba4da6fe2d29f8fa1d4e3622/bin/helpers/browser.sh'), ('HOME', '/root'), ('TERM_PROGRAM_VERSION', '1.107.0'), ('PIPEWIRE_RUNTIME_DIR', '/run/user/1001'), ('VSCODE_IPC_HOOK_CLI', '/run/user/1001/vscode-ipc-68058f33-30f0-4307-9342-81328915a75d.sock'), ('ROS_PYTHON_VERSION', '3'), ('VSCODE_GIT_ASKPASS_MAIN', '/root/.vscode-server/bin/618725e67565b290ba4da6fe2d29f8fa1d4e3622/extensions/git/dist/askpass-main.js'), ('VSCODE_GIT_ASKPASS_NODE', '/root/.vscode-server/bin/618725e67565b290ba4da6fe2d29f8fa1d4e3622/node'), ('VSCODE_PYTHON_AUTOACTIVATE_GUARD', '1'), ('COLORTERM', 'truecolor'), ('REMOTE_CONTAINERS', 'true'), ('DEBUGINFOD_URLS', ''), ('WAYLAND_DISPLAY', 'wayland-0'), ('ROS_DISTRO', 'humble'), ('REMOTE_CONTAINERS_IPC', '/tmp/vscode-remote-containers-ipc-4d2d4b98-497d-4534-a764-ab857881c228.sock'), ('_', '/usr/bin/colcon'), ('ROS_VERSION', '2'), ('PKG_CONFIG_PATH', '/usr/lib/x86_64-linux-gnu/pkgconfig:'), ('OPENSSL_CONF', '/etc/ssl/openssl_legacy.cnf'), ('TERM', 'xterm-256color'), ('ROS_LOCALHOST_ONLY', '0'), ('PATH', '/root/.vscode-server/data/User/globalStorage/github.copilot-chat/debugCommand:/root/.vscode-server/data/User/globalStorage/github.copilot-chat/copilotCli:/root/.vscode-server/bin/618725e67565b290ba4da6fe2d29f8fa1d4e3622/bin/remote-cli:/opt/ros/humble/bin:/usr/local/sbin:/usr/local/bin:/usr/sbin:/usr/bin:/sbin:/bin'), ('XDG_RUNTIME_DIR', '/run/user/1001'), ('REMOTE_CONTAINERS_SOCKETS', '["/root/.gnupg/S.gpg-agent"]'), ('DISPLAY', ':0'), ('LANG', 'C.UTF-8'), ('LS_COLORS', 'rs=0:di=01;34:ln=01;36:mh=00:pi=40;33:so=01;35:do=01;35:bd=40;33;01:cd=40;33;01:or=40;31;01:mi=00:su=37;41:sg=30;43:ca=30;41:tw=30;42:ow=34;42:st=37;44:ex=01;32:*.tar=01;31:*.tgz=01;31:*.arc=01;31:*.arj=01;31:*.taz=01;31:*.lha=01;31:*.lz4=01;31:*.lzh=01;31:*.lzma=01;31:*.tlz=01;31:*.txz=01;31:*.tzo=01;31:*.t7z=01;31:*.zip=01;31:*.z=01;31:*.dz=01;31:*.gz=01;31:*.lrz=01;31:*.lz=01;31:*.lzo=01;31:*.xz=01;31:*.zst=01;31:*.tzst=01;31:*.bz2=01;31:*.bz=01;31:*.tbz=01;31:*.tbz2=01;31:*.tz=01;31:*.deb=01;31:*.rpm=01;31:*.jar=01;31:*.war=01;31:*.ear=01;31:*.sar=01;31:*.rar=01;31:*.alz=01;31:*.ace=01;31:*.zoo=01;31:*.cpio=01;31:*.7z=01;31:*.rz=01;31:*.cab=01;31:*.wim=01;31:*.swm=01;31:*.dwm=01;31:*.esd=01;31:*.jpg=01;35:*.jpeg=01;35:*.mjpg=01;35:*.mjpeg=01;35:*.gif=01;35:*.bmp=01;35:*.pbm=01;35:*.pgm=01;35:*.ppm=01;35:*.tga=01;35:*.xbm=01;35:*.xpm=01;35:*.tif=01;35:*.tiff=01;35:*.png=01;35:*.svg=01;35:*.svgz=01;35:*.mng=01;35:*.pcx=01;35:*.mov=01;35:*.mpg=01;35:*.mpeg=01;35:*.m2v=01;35:*.mkv=01;35:*.webm=01;35:*.webp=01;35:*.ogm=01;35:*.mp4=01;35:*.m4v=01;35:*.mp4v=01;35:*.vob=01;35:*.qt=01;35:*.nuv=01;35:*.wmv=01;35:*.asf=01;35:*.rm=01;35:*.rmvb=01;35:*.flc=01;35:*.avi=01;35:*.fli=01;35:*.flv=01;35:*.gl=01;35:*.dl=01;35:*.xcf=01;35:*.xwd=01;35:*.yuv=01;35:*.cgm=01;35:*.emf=01;35:*.ogv=01;35:*.ogx=01;35:*.aac=00;36:*.au=00;36:*.flac=00;36:*.m4a=00;36:*.mid=00;36:*.midi=00;36:*.mka=00;36:*.mp3=00;36:*.mpc=00;36:*.ogg=00;36:*.ra=00;36:*.wav=00;36:*.oga=00;36:*.opus=00;36:*.spx=00;36:*.xspf=00;36:'), ('VSCODE_GIT_IPC_HANDLE', '/run/user/1001/vscode-git-84fad1f619.sock'), ('TERM_PROGRAM', 'vscode'), ('AMENT_PREFIX_PATH', '/root/ROS2_WEBRTC/rosgsthumble_ws/install/gst_bridge:/root/ROS2_WEBRTC/rosgsthumble_ws/install/gst_msgs:/root/ROS2_WEBRTC/rosgsthumble_ws/install/audio_msgs:/opt/ros/humble'), ('DEBIAN_FRONTEND', 'noninteractive'), ('SHELL', '/bin/bash'), ('VSCODE_GIT_ASKPASS_EXTRA_ARGS', ''), ('PWD', '/root/ROS2_WEBRTC/rosgsthumble_ws/build/gst_pipeline'), ('LC_ALL', 'C.UTF-8'), ('PYTHONPATH', '/root/ROS2_WEBRTC/rosgsthumble_ws/install/gst_msgs/local/lib/python3.10/dist-packages:/root/ROS2_WEBRTC/rosgsthumble_ws/install/audio_msgs/local/lib/python3.10/dist-packages:/opt/ros/humble/lib/python3.10/site-packages:/opt/ros/humble/local/lib/python3.10/dist-packages'), ('COLCON', '1'), ('CMAKE_PREFIX_PATH', '/root/ROS2_WEBRTC/rosgsthumble_ws/install/gst_bridge:/root/ROS2_WEBRTC/rosgsthumble_ws/install/gst_msgs:/root/ROS2_WEBRTC/rosgsthumble_ws/install/audio_msgs:/opt/ros/humble')]), 'shell': False}
[31.633526] (gst_pipeline) StdoutLine: {'line': b'[ 45%] \x1b[32mBuilding CXX object gtest/CMakeFiles/gtest_main.dir/src/gtest_main.cc.o\x1b[0m\n'}
[31.633746] (gst_pipeline) StdoutLine: {'line': b'[ 45%] \x1b[32mBuilding CXX object CMakeFiles/gst_pipeline_node.dir/rclcpp_components/node_main_gst_pipeline_node.cpp.o\x1b[0m\n'}
[31.633837] (gst_pipeline) StdoutLine: {'line': b'[ 45%] \x1b[32mBuilding CXX object gtest/CMakeFiles/gtest.dir/src/gtest-all.cc.o\x1b[0m\n'}
[31.633907] (gst_pipeline) StdoutLine: {'line': b'[ 45%] \x1b[32mBuilding CXX object CMakeFiles/gst_pipeline.dir/src/syntax_sugar.cpp.o\x1b[0m\n'}
[31.633972] (gst_pipeline) StdoutLine: {'line': b'[ 45%] \x1b[32mBuilding CXX object CMakeFiles/gst_pipeline.dir/src/gst_pipeline.cpp.o\x1b[0m\n'}
[31.678626] (-) TimerEvent: {}
[31.778972] (-) TimerEvent: {}
[31.879242] (-) TimerEvent: {}
[31.979707] (-) TimerEvent: {}
[32.080189] (-) TimerEvent: {}
[32.180613] (-) TimerEvent: {}
[32.280972] (-) TimerEvent: {}
[32.381354] (-) TimerEvent: {}
[32.481720] (-) TimerEvent: {}
[32.513374] (gst_pipeline) StdoutLine: {'line': b'[ 54%] \x1b[32m\x1b[1mLinking CXX static library libgtest_main.a\x1b[0m\n'}
[32.578527] (gst_pipeline) StdoutLine: {'line': b'[ 54%] Built target gtest_main\n'}
[32.581808] (-) TimerEvent: {}
[32.682113] (-) TimerEvent: {}
[32.782458] (-) TimerEvent: {}
[32.882763] (-) TimerEvent: {}
[32.983081] (-) TimerEvent: {}
[33.083360] (-) TimerEvent: {}
[33.183626] (-) TimerEvent: {}
[33.283958] (-) TimerEvent: {}
[33.384373] (-) TimerEvent: {}
[33.484676] (-) TimerEvent: {}
[33.584960] (-) TimerEvent: {}
[33.685253] (-) TimerEvent: {}
[33.785542] (-) TimerEvent: {}
[33.885857] (-) TimerEvent: {}
[33.986152] (-) TimerEvent: {}
[34.086416] (-) TimerEvent: {}
[34.186695] (-) TimerEvent: {}
[34.286993] (-) TimerEvent: {}
[34.358240] (gst_pipeline) StdoutLine: {'line': b'[ 63%] \x1b[32m\x1b[1mLinking CXX static library libgtest.a\x1b[0m\n'}
[34.387086] (-) TimerEvent: {}
[34.437502] (gst_pipeline) StdoutLine: {'line': b'[ 63%] Built target gtest\n'}
[34.467000] (gst_pipeline) StdoutLine: {'line': b'[ 72%] \x1b[32m\x1b[1mLinking CXX executable gst_pipeline_node\x1b[0m\n'}
[34.487190] (-) TimerEvent: {}
[34.587502] (-) TimerEvent: {}
[34.604004] (gst_pipeline) StdoutLine: {'line': b'[ 72%] Built target gst_pipeline_node\n'}
[34.687618] (-) TimerEvent: {}
[34.787876] (-) TimerEvent: {}
[34.888158] (-) TimerEvent: {}
[34.988478] (-) TimerEvent: {}
[35.088802] (-) TimerEvent: {}
[35.189107] (-) TimerEvent: {}
[35.289378] (-) TimerEvent: {}
[35.389620] (-) TimerEvent: {}
[35.489876] (-) TimerEvent: {}
[35.590151] (-) TimerEvent: {}
[35.690411] (-) TimerEvent: {}
[35.790683] (-) TimerEvent: {}
[35.890964] (-) TimerEvent: {}
[35.991234] (-) TimerEvent: {}
[36.091527] (-) TimerEvent: {}
[36.191852] (-) TimerEvent: {}
[36.292129] (-) TimerEvent: {}
[36.392444] (-) TimerEvent: {}
[36.492704] (-) TimerEvent: {}
[36.592981] (-) TimerEvent: {}
[36.634663] (gst_pipeline) StdoutLine: {'line': b'[ 81%] \x1b[32m\x1b[1mLinking CXX shared library libgst_pipeline.so\x1b[0m\n'}
[36.693078] (-) TimerEvent: {}
[36.793350] (-) TimerEvent: {}
[36.867506] (gst_pipeline) StdoutLine: {'line': b'[ 81%] Built target gst_pipeline\n'}
[36.885926] (gst_pipeline) StdoutLine: {'line': b'[ 90%] \x1b[32mBuilding CXX object CMakeFiles/gst_pipeline_test.dir/test/gst_pipeline/test_loader.cpp.o\x1b[0m\n'}
[36.893451] (-) TimerEvent: {}
[36.993730] (-) TimerEvent: {}
[37.094001] (-) TimerEvent: {}
[37.194320] (-) TimerEvent: {}
[37.294655] (-) TimerEvent: {}
[37.394939] (-) TimerEvent: {}
[37.495199] (-) TimerEvent: {}
[37.595461] (-) TimerEvent: {}
[37.695732] (-) TimerEvent: {}
[37.796011] (-) TimerEvent: {}
[37.896296] (-) TimerEvent: {}
[37.996592] (-) TimerEvent: {}
[38.096888] (-) TimerEvent: {}
[38.197214] (-) TimerEvent: {}
[38.297541] (-) TimerEvent: {}
[38.397830] (-) TimerEvent: {}
[38.498094] (-) TimerEvent: {}
[38.598350] (-) TimerEvent: {}
[38.698625] (-) TimerEvent: {}
[38.798931] (-) TimerEvent: {}
[38.899248] (-) TimerEvent: {}
[38.999490] (-) TimerEvent: {}
[39.099747] (-) TimerEvent: {}
[39.200035] (-) TimerEvent: {}
[39.300309] (-) TimerEvent: {}
[39.400579] (-) TimerEvent: {}
[39.500901] (-) TimerEvent: {}
[39.601231] (-) TimerEvent: {}
[39.701551] (-) TimerEvent: {}
[39.801861] (-) TimerEvent: {}
[39.902155] (-) TimerEvent: {}
[40.002486] (-) TimerEvent: {}
[40.102833] (-) TimerEvent: {}
[40.203148] (-) TimerEvent: {}
[40.303543] (-) TimerEvent: {}
[40.403863] (-) TimerEvent: {}
[40.504153] (-) TimerEvent: {}
[40.604436] (-) TimerEvent: {}
[40.704765] (-) TimerEvent: {}
[40.805070] (-) TimerEvent: {}
[40.905385] (-) TimerEvent: {}
[41.005731] (-) TimerEvent: {}
[41.106026] (-) TimerEvent: {}
[41.206271] (-) TimerEvent: {}
[41.306528] (-) TimerEvent: {}
[41.406788] (-) TimerEvent: {}
[41.507048] (-) TimerEvent: {}
[41.640251] (-) TimerEvent: {}
[41.740542] (-) TimerEvent: {}
[41.840872] (-) TimerEvent: {}
[41.941186] (-) TimerEvent: {}
[42.041451] (-) TimerEvent: {}
[42.141761] (-) TimerEvent: {}
[42.242042] (-) TimerEvent: {}
[42.342367] (-) TimerEvent: {}
[43.702366] (-) TimerEvent: {}
[43.802649] (-) TimerEvent: {}
[44.068011] (-) TimerEvent: {}
[44.168322] (-) TimerEvent: {}
[44.268612] (-) TimerEvent: {}
[44.368899] (-) TimerEvent: {}
[44.469162] (-) TimerEvent: {}
[44.476561] (gst_pipeline) StdoutLine: {'line': b'[100%] \x1b[32m\x1b[1mLinking CXX executable gst_pipeline_test\x1b[0m\n'}
[44.569282] (-) TimerEvent: {}
[44.669593] (-) TimerEvent: {}
[44.769875] (-) TimerEvent: {}
[44.870181] (-) TimerEvent: {}
[45.149631] (-) TimerEvent: {}
[45.249913] (-) TimerEvent: {}
[45.350191] (-) TimerEvent: {}
[45.351945] (gst_pipeline) StdoutLine: {'line': b'[100%] Built target gst_pipeline_test\n'}
[45.370144] (gst_pipeline) CommandEnded: {'returncode': 0}
[45.370785] (gst_pipeline) JobProgress: {'identifier': 'gst_pipeline', 'progress': 'install'}
[45.371116] (gst_pipeline) Command: {'cmd': ['/usr/bin/cmake', '--install', '/root/ROS2_WEBRTC/rosgsthumble_ws/build/gst_pipeline'], 'cwd': '/root/ROS2_WEBRTC/rosgsthumble_ws/build/gst_pipeline', 'env': OrderedDict([('HOSTNAME', 'DuquedeCaixias'), ('GIT_ASKPASS', '/root/.vscode-server/bin/618725e67565b290ba4da6fe2d29f8fa1d4e3622/extensions/git/dist/askpass.sh'), ('SHLVL', '2'), ('LD_LIBRARY_PATH', '/root/ROS2_WEBRTC/rosgsthumble_ws/install/gst_bridge/lib:/root/ROS2_WEBRTC/rosgsthumble_ws/install/gst_msgs/lib:/root/ROS2_WEBRTC/rosgsthumble_ws/install/audio_msgs/lib:/usr/lib/x86_64-linux-gnu/gazebo-11/plugins:/opt/ros/humble/opt/rviz_ogre_vendor/lib:/opt/ros/humble/lib/x86_64-linux-gnu:/opt/ros/humble/lib'), ('BROWSER', '/root/.vscode-server/bin/618725e67565b290ba4da6fe2d29f8fa1d4e3622/bin/helpers/browser.sh'), ('HOME', '/root'), ('TERM_PROGRAM_VERSION', '1.107.0'), ('PIPEWIRE_RUNTIME_DIR', '/run/user/1001'), ('VSCODE_IPC_HOOK_CLI', '/run/user/1001/vscode-ipc-68058f33-30f0-4307-9342-81328915a75d.sock'), ('ROS_PYTHON_VERSION', '3'), ('VSCODE_GIT_ASKPASS_MAIN', '/root/.vscode-server/bin/618725e67565b290ba4da6fe2d29f8fa1d4e3622/extensions/git/dist/askpass-main.js'), ('VSCODE_GIT_ASKPASS_NODE', '/root/.vscode-server/bin/618725e67565b290ba4da6fe2d29f8fa1d4e3622/node'), ('VSCODE_PYTHON_AUTOACTIVATE_GUARD', '1'), ('COLORTERM', 'truecolor'), ('REMOTE_CONTAINERS', 'true'), ('DEBUGINFOD_URLS', ''), ('WAYLAND_DISPLAY', 'wayland-0'), ('ROS_DISTRO', 'humble'), ('REMOTE_CONTAINERS_IPC', '/tmp/vscode-remote-containers-ipc-4d2d4b98-497d-4534-a764-ab857881c228.sock'), ('_', '/usr/bin/colcon'), ('ROS_VERSION', '2'), ('PKG_CONFIG_PATH', '/usr/lib/x86_64-linux-gnu/pkgconfig:'), ('OPENSSL_CONF', '/etc/ssl/openssl_legacy.cnf'), ('TERM', 'xterm-256color'), ('ROS_LOCALHOST_ONLY', '0'), ('PATH', '/root/.vscode-server/data/User/globalStorage/github.copilot-chat/debugCommand:/root/.vscode-server/data/User/globalStorage/github.copilot-chat/copilotCli:/root/.vscode-server/bin/618725e67565b290ba4da6fe2d29f8fa1d4e3622/bin/remote-cli:/opt/ros/humble/bin:/usr/local/sbin:/usr/local/bin:/usr/sbin:/usr/bin:/sbin:/bin'), ('XDG_RUNTIME_DIR', '/run/user/1001'), ('REMOTE_CONTAINERS_SOCKETS', '["/root/.gnupg/S.gpg-agent"]'), ('DISPLAY', ':0'), ('LANG', 'C.UTF-8'), ('LS_COLORS', 'rs=0:di=01;34:ln=01;36:mh=00:pi=40;33:so=01;35:do=01;35:bd=40;33;01:cd=40;33;01:or=40;31;01:mi=00:su=37;41:sg=30;43:ca=30;41:tw=30;42:ow=34;42:st=37;44:ex=01;32:*.tar=01;31:*.tgz=01;31:*.arc=01;31:*.arj=01;31:*.taz=01;31:*.lha=01;31:*.lz4=01;31:*.lzh=01;31:*.lzma=01;31:*.tlz=01;31:*.txz=01;31:*.tzo=01;31:*.t7z=01;31:*.zip=01;31:*.z=01;31:*.dz=01;31:*.gz=01;31:*.lrz=01;31:*.lz=01;31:*.lzo=01;31:*.xz=01;31:*.zst=01;31:*.tzst=01;31:*.bz2=01;31:*.bz=01;31:*.tbz=01;31:*.tbz2=01;31:*.tz=01;31:*.deb=01;31:*.rpm=01;31:*.jar=01;31:*.war=01;31:*.ear=01;31:*.sar=01;31:*.rar=01;31:*.alz=01;31:*.ace=01;31:*.zoo=01;31:*.cpio=01;31:*.7z=01;31:*.rz=01;31:*.cab=01;31:*.wim=01;31:*.swm=01;31:*.dwm=01;31:*.esd=01;31:*.jpg=01;35:*.jpeg=01;35:*.mjpg=01;35:*.mjpeg=01;35:*.gif=01;35:*.bmp=01;35:*.pbm=01;35:*.pgm=01;35:*.ppm=01;35:*.tga=01;35:*.xbm=01;35:*.xpm=01;35:*.tif=01;35:*.tiff=01;35:*.png=01;35:*.svg=01;35:*.svgz=01;35:*.mng=01;35:*.pcx=01;35:*.mov=01;35:*.mpg=01;35:*.mpeg=01;35:*.m2v=01;35:*.mkv=01;35:*.webm=01;35:*.webp=01;35:*.ogm=01;35:*.mp4=01;35:*.m4v=01;35:*.mp4v=01;35:*.vob=01;35:*.qt=01;35:*.nuv=01;35:*.wmv=01;35:*.asf=01;35:*.rm=01;35:*.rmvb=01;35:*.flc=01;35:*.avi=01;35:*.fli=01;35:*.flv=01;35:*.gl=01;35:*.dl=01;35:*.xcf=01;35:*.xwd=01;35:*.yuv=01;35:*.cgm=01;35:*.emf=01;35:*.ogv=01;35:*.ogx=01;35:*.aac=00;36:*.au=00;36:*.flac=00;36:*.m4a=00;36:*.mid=00;36:*.midi=00;36:*.mka=00;36:*.mp3=00;36:*.mpc=00;36:*.ogg=00;36:*.ra=00;36:*.wav=00;36:*.oga=00;36:*.opus=00;36:*.spx=00;36:*.xspf=00;36:'), ('VSCODE_GIT_IPC_HANDLE', '/run/user/1001/vscode-git-84fad1f619.sock'), ('TERM_PROGRAM', 'vscode'), ('AMENT_PREFIX_PATH', '/root/ROS2_WEBRTC/rosgsthumble_ws/install/gst_bridge:/root/ROS2_WEBRTC/rosgsthumble_ws/install/gst_msgs:/root/ROS2_WEBRTC/rosgsthumble_ws/install/audio_msgs:/opt/ros/humble'), ('DEBIAN_FRONTEND', 'noninteractive'), ('SHELL', '/bin/bash'), ('VSCODE_GIT_ASKPASS_EXTRA_ARGS', ''), ('PWD', '/root/ROS2_WEBRTC/rosgsthumble_ws/build/gst_pipeline'), ('LC_ALL', 'C.UTF-8'), ('PYTHONPATH', '/root/ROS2_WEBRTC/rosgsthumble_ws/install/gst_msgs/local/lib/python3.10/dist-packages:/root/ROS2_WEBRTC/rosgsthumble_ws/install/audio_msgs/local/lib/python3.10/dist-packages:/opt/ros/humble/lib/python3.10/site-packages:/opt/ros/humble/local/lib/python3.10/dist-packages'), ('COLCON', '1'), ('CMAKE_PREFIX_PATH', '/root/ROS2_WEBRTC/rosgsthumble_ws/install/gst_bridge:/root/ROS2_WEBRTC/rosgsthumble_ws/install/gst_msgs:/root/ROS2_WEBRTC/rosgsthumble_ws/install/audio_msgs:/opt/ros/humble')]), 'shell': False}
[45.379051] (gst_pipeline) StdoutLine: {'line': b'-- Install configuration: ""\n'}
[45.379451] (gst_pipeline) StdoutLine: {'line': b'-- Execute custom install script\n'}
[45.379738] (gst_pipeline) StdoutLine: {'line': b'-- Symlinking: /root/ROS2_WEBRTC/rosgsthumble_ws/install/gst_pipeline/lib/gst_pipeline/gst_pipeline_node\n'}
[45.387578] (gst_pipeline) StdoutLine: {'line': b'-- Symlinking: /root/ROS2_WEBRTC/rosgsthumble_ws/install/gst_pipeline/include/gst_pipeline/gst_pipeline.h\n'}
[45.395176] (gst_pipeline) StdoutLine: {'line': b'-- Symlinking: /root/ROS2_WEBRTC/rosgsthumble_ws/install/gst_pipeline/include/gst_pipeline/plugin_base.h\n'}
[45.402394] (gst_pipeline) StdoutLine: {'line': b'-- Symlinking: /root/ROS2_WEBRTC/rosgsthumble_ws/install/gst_pipeline/include/gst_pipeline/syntax_sugar.h\n'}
[45.409900] (gst_pipeline) StdoutLine: {'line': b'-- Symlinking: /root/ROS2_WEBRTC/rosgsthumble_ws/install/gst_pipeline/share/gst_pipeline/config/example.config.yaml\n'}
[45.418096] (gst_pipeline) StdoutLine: {'line': b'-- Symlinking: /root/ROS2_WEBRTC/rosgsthumble_ws/install/gst_pipeline/share/gst_pipeline/config/example_rx.config.yaml\n'}
[45.425601] (gst_pipeline) StdoutLine: {'line': b'-- Symlinking: /root/ROS2_WEBRTC/rosgsthumble_ws/install/gst_pipeline/share/gst_pipeline/launch/example.launch.py\n'}
[45.433120] (gst_pipeline) StdoutLine: {'line': b'-- Symlinking: /root/ROS2_WEBRTC/rosgsthumble_ws/install/gst_pipeline/share/gst_pipeline/launch/example_rx.launch.py\n'}
[45.440387] (gst_pipeline) StdoutLine: {'line': b'-- Symlinking: /root/ROS2_WEBRTC/rosgsthumble_ws/install/gst_pipeline/share/gst_pipeline/environment/library_path.sh\n'}
[45.447494] (gst_pipeline) StdoutLine: {'line': b'-- Symlinking: /root/ROS2_WEBRTC/rosgsthumble_ws/install/gst_pipeline/share/gst_pipeline/environment/library_path.dsv\n'}
[45.450261] (-) TimerEvent: {}
[45.455622] (gst_pipeline) StdoutLine: {'line': b'-- Symlinking: /root/ROS2_WEBRTC/rosgsthumble_ws/install/gst_pipeline/share/ament_index/resource_index/package_run_dependencies/gst_pipeline\n'}
[45.463932] (gst_pipeline) StdoutLine: {'line': b'-- Symlinking: /root/ROS2_WEBRTC/rosgsthumble_ws/install/gst_pipeline/share/ament_index/resource_index/parent_prefix_path/gst_pipeline\n'}
[45.471720] (gst_pipeline) StdoutLine: {'line': b'-- Symlinking: /root/ROS2_WEBRTC/rosgsthumble_ws/install/gst_pipeline/share/gst_pipeline/environment/ament_prefix_path.sh\n'}
[45.479090] (gst_pipeline) StdoutLine: {'line': b'-- Symlinking: /root/ROS2_WEBRTC/rosgsthumble_ws/install/gst_pipeline/share/gst_pipeline/environment/ament_prefix_path.dsv\n'}
[45.486785] (gst_pipeline) StdoutLine: {'line': b'-- Symlinking: /root/ROS2_WEBRTC/rosgsthumble_ws/install/gst_pipeline/share/gst_pipeline/environment/path.sh\n'}
[45.494085] (gst_pipeline) StdoutLine: {'line': b'-- Symlinking: /root/ROS2_WEBRTC/rosgsthumble_ws/install/gst_pipeline/share/gst_pipeline/environment/path.dsv\n'}
[45.501473] (gst_pipeline) StdoutLine: {'line': b'-- Symlinking: /root/ROS2_WEBRTC/rosgsthumble_ws/install/gst_pipeline/share/gst_pipeline/local_setup.bash\n'}
[45.509383] (gst_pipeline) StdoutLine: {'line': b'-- Symlinking: /root/ROS2_WEBRTC/rosgsthumble_ws/install/gst_pipeline/share/gst_pipeline/local_setup.sh\n'}
[45.517527] (gst_pipeline) StdoutLine: {'line': b'-- Symlinking: /root/ROS2_WEBRTC/rosgsthumble_ws/install/gst_pipeline/share/gst_pipeline/local_setup.zsh\n'}
[45.525016] (gst_pipeline) StdoutLine: {'line': b'-- Symlinking: /root/ROS2_WEBRTC/rosgsthumble_ws/install/gst_pipeline/share/gst_pipeline/local_setup.dsv\n'}
[45.532609] (gst_pipeline) StdoutLine: {'line': b'-- Symlinking: /root/ROS2_WEBRTC/rosgsthumble_ws/install/gst_pipeline/share/gst_pipeline/package.dsv\n'}
[45.540559] (gst_pipeline) StdoutLine: {'line': b'-- Symlinking: /root/ROS2_WEBRTC/rosgsthumble_ws/install/gst_pipeline/share/ament_index/resource_index/packages/gst_pipeline\n'}
[45.547986] (gst_pipeline) StdoutLine: {'line': b'-- Symlinking: /root/ROS2_WEBRTC/rosgsthumble_ws/install/gst_pipeline/share/ament_index/resource_index/rclcpp_components/gst_pipeline\n'}
[45.550329] (-) TimerEvent: {}
[45.555482] (gst_pipeline) StdoutLine: {'line': b'-- Symlinking: /root/ROS2_WEBRTC/rosgsthumble_ws/install/gst_pipeline/share/gst_pipeline/cmake/ament_cmake_export_include_directories-extras.cmake\n'}
[45.563825] (gst_pipeline) StdoutLine: {'line': b'-- Symlinking: /root/ROS2_WEBRTC/rosgsthumble_ws/install/gst_pipeline/share/gst_pipeline/cmake/ament_cmake_export_libraries-extras.cmake\n'}
[45.572094] (gst_pipeline) StdoutLine: {'line': b'-- Symlinking: /root/ROS2_WEBRTC/rosgsthumble_ws/install/gst_pipeline/share/gst_pipeline/cmake/ament_cmake_export_targets-extras.cmake\n'}
[45.579249] (gst_pipeline) StdoutLine: {'line': b'-- Symlinking: /root/ROS2_WEBRTC/rosgsthumble_ws/install/gst_pipeline/share/gst_pipeline/cmake/ament_cmake_export_dependencies-extras.cmake\n'}
[45.586844] (gst_pipeline) StdoutLine: {'line': b'-- Symlinking: /root/ROS2_WEBRTC/rosgsthumble_ws/install/gst_pipeline/share/gst_pipeline/cmake/gst_pipelineConfig.cmake\n'}
[45.594269] (gst_pipeline) StdoutLine: {'line': b'-- Symlinking: /root/ROS2_WEBRTC/rosgsthumble_ws/install/gst_pipeline/share/gst_pipeline/cmake/gst_pipelineConfig-version.cmake\n'}
[45.601287] (gst_pipeline) StdoutLine: {'line': b'-- Symlinking: /root/ROS2_WEBRTC/rosgsthumble_ws/install/gst_pipeline/share/gst_pipeline/package.xml\n'}
[45.608650] (gst_pipeline) StdoutLine: {'line': b'-- Installing: /root/ROS2_WEBRTC/rosgsthumble_ws/install/gst_pipeline/lib/libgst_pipeline.so\n'}
[45.611483] (gst_pipeline) StdoutLine: {'line': b'-- Set runtime path of "/root/ROS2_WEBRTC/rosgsthumble_ws/install/gst_pipeline/lib/libgst_pipeline.so" to ""\n'}
[45.611679] (gst_pipeline) StdoutLine: {'line': b'-- Installing: /root/ROS2_WEBRTC/rosgsthumble_ws/install/gst_pipeline/share/gst_pipeline/cmake/export_gst_pipelineExport.cmake\n'}
[45.611793] (gst_pipeline) StdoutLine: {'line': b'-- Installing: /root/ROS2_WEBRTC/rosgsthumble_ws/install/gst_pipeline/share/gst_pipeline/cmake/export_gst_pipelineExport-noconfig.cmake\n'}
[45.613758] (gst_pipeline) CommandEnded: {'returncode': 0}
[45.650431] (-) TimerEvent: {}
[45.750729] (-) TimerEvent: {}
[45.851050] (-) TimerEvent: {}
[45.879212] (gst_pipeline) JobEnded: {'identifier': 'gst_pipeline', 'rc': 0}
[45.880123] (gst_pipeline_plugins) JobStarted: {'identifier': 'gst_pipeline_plugins'}
[45.882931] (gst_pipeline_plugins_webrtc) JobStarted: {'identifier': 'gst_pipeline_plugins_webrtc'}
[45.919369] (gst_pipeline_plugins) JobProgress: {'identifier': 'gst_pipeline_plugins', 'progress': 'cmake'}
[45.919934] (gst_pipeline_plugins) Command: {'cmd': ['/usr/bin/cmake', '/root/ROS2_WEBRTC/rosgsthumble_ws/src/ros-gst-bridge/gst_pipeline_plugins', '-DAMENT_CMAKE_SYMLINK_INSTALL=1', '-DCMAKE_INSTALL_PREFIX=/root/ROS2_WEBRTC/rosgsthumble_ws/install/gst_pipeline_plugins'], 'cwd': '/root/ROS2_WEBRTC/rosgsthumble_ws/build/gst_pipeline_plugins', 'env': OrderedDict([('HOSTNAME', 'DuquedeCaixias'), ('GIT_ASKPASS', '/root/.vscode-server/bin/618725e67565b290ba4da6fe2d29f8fa1d4e3622/extensions/git/dist/askpass.sh'), ('SHLVL', '2'), ('LD_LIBRARY_PATH', '/root/ROS2_WEBRTC/rosgsthumble_ws/install/gst_pipeline/lib:/root/ROS2_WEBRTC/rosgsthumble_ws/install/gst_bridge/lib:/root/ROS2_WEBRTC/rosgsthumble_ws/install/gst_msgs/lib:/root/ROS2_WEBRTC/rosgsthumble_ws/install/audio_msgs/lib:/usr/lib/x86_64-linux-gnu/gazebo-11/plugins:/opt/ros/humble/opt/rviz_ogre_vendor/lib:/opt/ros/humble/lib/x86_64-linux-gnu:/opt/ros/humble/lib'), ('BROWSER', '/root/.vscode-server/bin/618725e67565b290ba4da6fe2d29f8fa1d4e3622/bin/helpers/browser.sh'), ('HOME', '/root'), ('TERM_PROGRAM_VERSION', '1.107.0'), ('PIPEWIRE_RUNTIME_DIR', '/run/user/1001'), ('VSCODE_IPC_HOOK_CLI', '/run/user/1001/vscode-ipc-68058f33-30f0-4307-9342-81328915a75d.sock'), ('ROS_PYTHON_VERSION', '3'), ('VSCODE_GIT_ASKPASS_MAIN', '/root/.vscode-server/bin/618725e67565b290ba4da6fe2d29f8fa1d4e3622/extensions/git/dist/askpass-main.js'), ('VSCODE_GIT_ASKPASS_NODE', '/root/.vscode-server/bin/618725e67565b290ba4da6fe2d29f8fa1d4e3622/node'), ('VSCODE_PYTHON_AUTOACTIVATE_GUARD', '1'), ('COLORTERM', 'truecolor'), ('REMOTE_CONTAINERS', 'true'), ('DEBUGINFOD_URLS', ''), ('WAYLAND_DISPLAY', 'wayland-0'), ('ROS_DISTRO', 'humble'), ('REMOTE_CONTAINERS_IPC', '/tmp/vscode-remote-containers-ipc-4d2d4b98-497d-4534-a764-ab857881c228.sock'), ('_', '/usr/bin/colcon'), ('ROS_VERSION', '2'), ('PKG_CONFIG_PATH', '/usr/lib/x86_64-linux-gnu/pkgconfig:'), ('OPENSSL_CONF', '/etc/ssl/openssl_legacy.cnf'), ('TERM', 'xterm-256color'), ('ROS_LOCALHOST_ONLY', '0'), ('PATH', '/root/.vscode-server/data/User/globalStorage/github.copilot-chat/debugCommand:/root/.vscode-server/data/User/globalStorage/github.copilot-chat/copilotCli:/root/.vscode-server/bin/618725e67565b290ba4da6fe2d29f8fa1d4e3622/bin/remote-cli:/opt/ros/humble/bin:/usr/local/sbin:/usr/local/bin:/usr/sbin:/usr/bin:/sbin:/bin'), ('XDG_RUNTIME_DIR', '/run/user/1001'), ('REMOTE_CONTAINERS_SOCKETS', '["/root/.gnupg/S.gpg-agent"]'), ('DISPLAY', ':0'), ('LANG', 'C.UTF-8'), ('LS_COLORS', 'rs=0:di=01;34:ln=01;36:mh=00:pi=40;33:so=01;35:do=01;35:bd=40;33;01:cd=40;33;01:or=40;31;01:mi=00:su=37;41:sg=30;43:ca=30;41:tw=30;42:ow=34;42:st=37;44:ex=01;32:*.tar=01;31:*.tgz=01;31:*.arc=01;31:*.arj=01;31:*.taz=01;31:*.lha=01;31:*.lz4=01;31:*.lzh=01;31:*.lzma=01;31:*.tlz=01;31:*.txz=01;31:*.tzo=01;31:*.t7z=01;31:*.zip=01;31:*.z=01;31:*.dz=01;31:*.gz=01;31:*.lrz=01;31:*.lz=01;31:*.lzo=01;31:*.xz=01;31:*.zst=01;31:*.tzst=01;31:*.bz2=01;31:*.bz=01;31:*.tbz=01;31:*.tbz2=01;31:*.tz=01;31:*.deb=01;31:*.rpm=01;31:*.jar=01;31:*.war=01;31:*.ear=01;31:*.sar=01;31:*.rar=01;31:*.alz=01;31:*.ace=01;31:*.zoo=01;31:*.cpio=01;31:*.7z=01;31:*.rz=01;31:*.cab=01;31:*.wim=01;31:*.swm=01;31:*.dwm=01;31:*.esd=01;31:*.jpg=01;35:*.jpeg=01;35:*.mjpg=01;35:*.mjpeg=01;35:*.gif=01;35:*.bmp=01;35:*.pbm=01;35:*.pgm=01;35:*.ppm=01;35:*.tga=01;35:*.xbm=01;35:*.xpm=01;35:*.tif=01;35:*.tiff=01;35:*.png=01;35:*.svg=01;35:*.svgz=01;35:*.mng=01;35:*.pcx=01;35:*.mov=01;35:*.mpg=01;35:*.mpeg=01;35:*.m2v=01;35:*.mkv=01;35:*.webm=01;35:*.webp=01;35:*.ogm=01;35:*.mp4=01;35:*.m4v=01;35:*.mp4v=01;35:*.vob=01;35:*.qt=01;35:*.nuv=01;35:*.wmv=01;35:*.asf=01;35:*.rm=01;35:*.rmvb=01;35:*.flc=01;35:*.avi=01;35:*.fli=01;35:*.flv=01;35:*.gl=01;35:*.dl=01;35:*.xcf=01;35:*.xwd=01;35:*.yuv=01;35:*.cgm=01;35:*.emf=01;35:*.ogv=01;35:*.ogx=01;35:*.aac=00;36:*.au=00;36:*.flac=00;36:*.m4a=00;36:*.mid=00;36:*.midi=00;36:*.mka=00;36:*.mp3=00;36:*.mpc=00;36:*.ogg=00;36:*.ra=00;36:*.wav=00;36:*.oga=00;36:*.opus=00;36:*.spx=00;36:*.xspf=00;36:'), ('VSCODE_GIT_IPC_HANDLE', '/run/user/1001/vscode-git-84fad1f619.sock'), ('TERM_PROGRAM', 'vscode'), ('AMENT_PREFIX_PATH', '/root/ROS2_WEBRTC/rosgsthumble_ws/install/gst_pipeline:/root/ROS2_WEBRTC/rosgsthumble_ws/install/gst_bridge:/root/ROS2_WEBRTC/rosgsthumble_ws/install/gst_msgs:/root/ROS2_WEBRTC/rosgsthumble_ws/install/audio_msgs:/opt/ros/humble'), ('DEBIAN_FRONTEND', 'noninteractive'), ('SHELL', '/bin/bash'), ('VSCODE_GIT_ASKPASS_EXTRA_ARGS', ''), ('PWD', '/root/ROS2_WEBRTC/rosgsthumble_ws/build/gst_pipeline_plugins'), ('LC_ALL', 'C.UTF-8'), ('PYTHONPATH', '/root/ROS2_WEBRTC/rosgsthumble_ws/install/gst_msgs/local/lib/python3.10/dist-packages:/root/ROS2_WEBRTC/rosgsthumble_ws/install/audio_msgs/local/lib/python3.10/dist-packages:/opt/ros/humble/lib/python3.10/site-packages:/opt/ros/humble/local/lib/python3.10/dist-packages'), ('COLCON', '1'), ('CMAKE_PREFIX_PATH', '/root/ROS2_WEBRTC/rosgsthumble_ws/install/gst_pipeline:/root/ROS2_WEBRTC/rosgsthumble_ws/install/gst_bridge:/root/ROS2_WEBRTC/rosgsthumble_ws/install/gst_msgs:/root/ROS2_WEBRTC/rosgsthumble_ws/install/audio_msgs:/opt/ros/humble')]), 'shell': False}
[45.927187] (gst_pipeline_plugins_webrtc) JobProgress: {'identifier': 'gst_pipeline_plugins_webrtc', 'progress': 'cmake'}
[45.928148] (gst_pipeline_plugins_webrtc) Command: {'cmd': ['/usr/bin/cmake', '/root/ROS2_WEBRTC/rosgsthumble_ws/src/ros-gst-bridge/gst_pipeline_plugins_webrtc', '-DAMENT_CMAKE_SYMLINK_INSTALL=1', '-DCMAKE_INSTALL_PREFIX=/root/ROS2_WEBRTC/rosgsthumble_ws/install/gst_pipeline_plugins_webrtc'], 'cwd': '/root/ROS2_WEBRTC/rosgsthumble_ws/build/gst_pipeline_plugins_webrtc', 'env': OrderedDict([('HOSTNAME', 'DuquedeCaixias'), ('GIT_ASKPASS', '/root/.vscode-server/bin/618725e67565b290ba4da6fe2d29f8fa1d4e3622/extensions/git/dist/askpass.sh'), ('SHLVL', '2'), ('LD_LIBRARY_PATH', '/root/ROS2_WEBRTC/rosgsthumble_ws/install/gst_pipeline/lib:/root/ROS2_WEBRTC/rosgsthumble_ws/install/gst_bridge/lib:/root/ROS2_WEBRTC/rosgsthumble_ws/install/gst_msgs/lib:/root/ROS2_WEBRTC/rosgsthumble_ws/install/audio_msgs/lib:/usr/lib/x86_64-linux-gnu/gazebo-11/plugins:/opt/ros/humble/opt/rviz_ogre_vendor/lib:/opt/ros/humble/lib/x86_64-linux-gnu:/opt/ros/humble/lib'), ('BROWSER', '/root/.vscode-server/bin/618725e67565b290ba4da6fe2d29f8fa1d4e3622/bin/helpers/browser.sh'), ('HOME', '/root'), ('TERM_PROGRAM_VERSION', '1.107.0'), ('PIPEWIRE_RUNTIME_DIR', '/run/user/1001'), ('VSCODE_IPC_HOOK_CLI', '/run/user/1001/vscode-ipc-68058f33-30f0-4307-9342-81328915a75d.sock'), ('ROS_PYTHON_VERSION', '3'), ('VSCODE_GIT_ASKPASS_MAIN', '/root/.vscode-server/bin/618725e67565b290ba4da6fe2d29f8fa1d4e3622/extensions/git/dist/askpass-main.js'), ('VSCODE_GIT_ASKPASS_NODE', '/root/.vscode-server/bin/618725e67565b290ba4da6fe2d29f8fa1d4e3622/node'), ('VSCODE_PYTHON_AUTOACTIVATE_GUARD', '1'), ('COLORTERM', 'truecolor'), ('REMOTE_CONTAINERS', 'true'), ('DEBUGINFOD_URLS', ''), ('WAYLAND_DISPLAY', 'wayland-0'), ('ROS_DISTRO', 'humble'), ('REMOTE_CONTAINERS_IPC', '/tmp/vscode-remote-containers-ipc-4d2d4b98-497d-4534-a764-ab857881c228.sock'), ('_', '/usr/bin/colcon'), ('ROS_VERSION', '2'), ('PKG_CONFIG_PATH', '/usr/lib/x86_64-linux-gnu/pkgconfig:'), ('OPENSSL_CONF', '/etc/ssl/openssl_legacy.cnf'), ('TERM', 'xterm-256color'), ('ROS_LOCALHOST_ONLY', '0'), ('PATH', '/root/.vscode-server/data/User/globalStorage/github.copilot-chat/debugCommand:/root/.vscode-server/data/User/globalStorage/github.copilot-chat/copilotCli:/root/.vscode-server/bin/618725e67565b290ba4da6fe2d29f8fa1d4e3622/bin/remote-cli:/opt/ros/humble/bin:/usr/local/sbin:/usr/local/bin:/usr/sbin:/usr/bin:/sbin:/bin'), ('XDG_RUNTIME_DIR', '/run/user/1001'), ('REMOTE_CONTAINERS_SOCKETS', '["/root/.gnupg/S.gpg-agent"]'), ('DISPLAY', ':0'), ('LANG', 'C.UTF-8'), ('LS_COLORS', 'rs=0:di=01;34:ln=01;36:mh=00:pi=40;33:so=01;35:do=01;35:bd=40;33;01:cd=40;33;01:or=40;31;01:mi=00:su=37;41:sg=30;43:ca=30;41:tw=30;42:ow=34;42:st=37;44:ex=01;32:*.tar=01;31:*.tgz=01;31:*.arc=01;31:*.arj=01;31:*.taz=01;31:*.lha=01;31:*.lz4=01;31:*.lzh=01;31:*.lzma=01;31:*.tlz=01;31:*.txz=01;31:*.tzo=01;31:*.t7z=01;31:*.zip=01;31:*.z=01;31:*.dz=01;31:*.gz=01;31:*.lrz=01;31:*.lz=01;31:*.lzo=01;31:*.xz=01;31:*.zst=01;31:*.tzst=01;31:*.bz2=01;31:*.bz=01;31:*.tbz=01;31:*.tbz2=01;31:*.tz=01;31:*.deb=01;31:*.rpm=01;31:*.jar=01;31:*.war=01;31:*.ear=01;31:*.sar=01;31:*.rar=01;31:*.alz=01;31:*.ace=01;31:*.zoo=01;31:*.cpio=01;31:*.7z=01;31:*.rz=01;31:*.cab=01;31:*.wim=01;31:*.swm=01;31:*.dwm=01;31:*.esd=01;31:*.jpg=01;35:*.jpeg=01;35:*.mjpg=01;35:*.mjpeg=01;35:*.gif=01;35:*.bmp=01;35:*.pbm=01;35:*.pgm=01;35:*.ppm=01;35:*.tga=01;35:*.xbm=01;35:*.xpm=01;35:*.tif=01;35:*.tiff=01;35:*.png=01;35:*.svg=01;35:*.svgz=01;35:*.mng=01;35:*.pcx=01;35:*.mov=01;35:*.mpg=01;35:*.mpeg=01;35:*.m2v=01;35:*.mkv=01;35:*.webm=01;35:*.webp=01;35:*.ogm=01;35:*.mp4=01;35:*.m4v=01;35:*.mp4v=01;35:*.vob=01;35:*.qt=01;35:*.nuv=01;35:*.wmv=01;35:*.asf=01;35:*.rm=01;35:*.rmvb=01;35:*.flc=01;35:*.avi=01;35:*.fli=01;35:*.flv=01;35:*.gl=01;35:*.dl=01;35:*.xcf=01;35:*.xwd=01;35:*.yuv=01;35:*.cgm=01;35:*.emf=01;35:*.ogv=01;35:*.ogx=01;35:*.aac=00;36:*.au=00;36:*.flac=00;36:*.m4a=00;36:*.mid=00;36:*.midi=00;36:*.mka=00;36:*.mp3=00;36:*.mpc=00;36:*.ogg=00;36:*.ra=00;36:*.wav=00;36:*.oga=00;36:*.opus=00;36:*.spx=00;36:*.xspf=00;36:'), ('VSCODE_GIT_IPC_HANDLE', '/run/user/1001/vscode-git-84fad1f619.sock'), ('TERM_PROGRAM', 'vscode'), ('AMENT_PREFIX_PATH', '/root/ROS2_WEBRTC/rosgsthumble_ws/install/gst_pipeline:/root/ROS2_WEBRTC/rosgsthumble_ws/install/gst_bridge:/root/ROS2_WEBRTC/rosgsthumble_ws/install/gst_msgs:/root/ROS2_WEBRTC/rosgsthumble_ws/install/audio_msgs:/opt/ros/humble'), ('DEBIAN_FRONTEND', 'noninteractive'), ('SHELL', '/bin/bash'), ('VSCODE_GIT_ASKPASS_EXTRA_ARGS', ''), ('PWD', '/root/ROS2_WEBRTC/rosgsthumble_ws/build/gst_pipeline_plugins_webrtc'), ('LC_ALL', 'C.UTF-8'), ('PYTHONPATH', '/root/ROS2_WEBRTC/rosgsthumble_ws/install/gst_msgs/local/lib/python3.10/dist-packages:/root/ROS2_WEBRTC/rosgsthumble_ws/install/audio_msgs/local/lib/python3.10/dist-packages:/opt/ros/humble/lib/python3.10/site-packages:/opt/ros/humble/local/lib/python3.10/dist-packages'), ('COLCON', '1'), ('CMAKE_PREFIX_PATH', '/root/ROS2_WEBRTC/rosgsthumble_ws/install/gst_pipeline:/root/ROS2_WEBRTC/rosgsthumble_ws/install/gst_bridge:/root/ROS2_WEBRTC/rosgsthumble_ws/install/gst_msgs:/root/ROS2_WEBRTC/rosgsthumble_ws/install/audio_msgs:/opt/ros/humble')]), 'shell': False}
[45.951158] (-) TimerEvent: {}
[46.051446] (-) TimerEvent: {}
[46.151721] (-) TimerEvent: {}
[46.252002] (-) TimerEvent: {}
[46.352276] (-) TimerEvent: {}
[46.452536] (-) TimerEvent: {}
[46.552840] (-) TimerEvent: {}
[46.653120] (-) TimerEvent: {}
[46.984528] (-) TimerEvent: {}
[47.084819] (-) TimerEvent: {}
[47.126696] (gst_pipeline_plugins) StdoutLine: {'line': b'-- The C compiler identification is GNU 11.4.0\n'}
[47.127020] (gst_pipeline_plugins_webrtc) StdoutLine: {'line': b'-- The C compiler identification is GNU 11.4.0\n'}
[47.184921] (-) TimerEvent: {}
[47.285195] (-) TimerEvent: {}
[47.401248] (-) TimerEvent: {}
[47.501534] (-) TimerEvent: {}
[47.601835] (-) TimerEvent: {}
[47.676851] (gst_pipeline_plugins_webrtc) StdoutLine: {'line': b'-- The CXX compiler identification is GNU 11.4.0\n'}
[47.684194] (gst_pipeline_plugins_webrtc) StdoutLine: {'line': b'-- Detecting C compiler ABI info\n'}
[47.696930] (gst_pipeline_plugins) StdoutLine: {'line': b'-- The CXX compiler identification is GNU 11.4.0\n'}
[47.701911] (-) TimerEvent: {}
[47.702899] (gst_pipeline_plugins) StdoutLine: {'line': b'-- Detecting C compiler ABI info\n'}
[47.802020] (-) TimerEvent: {}
[47.902309] (-) TimerEvent: {}
[48.002621] (-) TimerEvent: {}
[48.049710] (gst_pipeline_plugins_webrtc) StdoutLine: {'line': b'-- Detecting C compiler ABI info - done\n'}
[48.049919] (gst_pipeline_plugins) StdoutLine: {'line': b'-- Detecting C compiler ABI info - done\n'}
[48.055110] (gst_pipeline_plugins_webrtc) StdoutLine: {'line': b'-- Check for working C compiler: /usr/bin/cc - skipped\n'}
[48.055224] (gst_pipeline_plugins) StdoutLine: {'line': b'-- Check for working C compiler: /usr/bin/cc - skipped\n'}
[48.055318] (gst_pipeline_plugins_webrtc) StdoutLine: {'line': b'-- Detecting C compile features\n'}
[48.055401] (gst_pipeline_plugins) StdoutLine: {'line': b'-- Detecting C compile features\n'}
[48.055801] (gst_pipeline_plugins_webrtc) StdoutLine: {'line': b'-- Detecting C compile features - done\n'}
[48.055945] (gst_pipeline_plugins) StdoutLine: {'line': b'-- Detecting C compile features - done\n'}
[48.058120] (gst_pipeline_plugins) StdoutLine: {'line': b'-- Detecting CXX compiler ABI info\n'}
[48.058248] (gst_pipeline_plugins_webrtc) StdoutLine: {'line': b'-- Detecting CXX compiler ABI info\n'}
[48.102717] (-) TimerEvent: {}
[48.126230] (gst_pipeline_plugins_webrtc) StdoutLine: {'line': b'-- Detecting CXX compiler ABI info - done\n'}
[48.126431] (gst_pipeline_plugins) StdoutLine: {'line': b'-- Detecting CXX compiler ABI info - done\n'}
[48.131789] (gst_pipeline_plugins_webrtc) StdoutLine: {'line': b'-- Check for working CXX compiler: /usr/bin/c++ - skipped\n'}
[48.131939] (gst_pipeline_plugins) StdoutLine: {'line': b'-- Check for working CXX compiler: /usr/bin/c++ - skipped\n'}
[48.132058] (gst_pipeline_plugins_webrtc) StdoutLine: {'line': b'-- Detecting CXX compile features\n'}
[48.132170] (gst_pipeline_plugins) StdoutLine: {'line': b'-- Detecting CXX compile features\n'}
[48.132399] (gst_pipeline_plugins_webrtc) StdoutLine: {'line': b'-- Detecting CXX compile features - done\n'}
[48.132511] (gst_pipeline_plugins) StdoutLine: {'line': b'-- Detecting CXX compile features - done\n'}
[48.135525] (gst_pipeline_plugins) StdoutLine: {'line': b'-- Found ament_cmake: 1.3.12 (/opt/ros/humble/share/ament_cmake/cmake)\n'}
[48.135635] (gst_pipeline_plugins_webrtc) StdoutLine: {'line': b'-- Found ament_cmake: 1.3.12 (/opt/ros/humble/share/ament_cmake/cmake)\n'}
[48.202793] (-) TimerEvent: {}
[48.259995] (gst_pipeline_plugins) StdoutLine: {'line': b'-- Found Python3: /usr/bin/python3 (found version "3.10.12") found components: Interpreter \n'}
[48.263345] (gst_pipeline_plugins_webrtc) StdoutLine: {'line': b'-- Found Python3: /usr/bin/python3 (found version "3.10.12") found components: Interpreter \n'}
[48.302889] (-) TimerEvent: {}
[48.316155] (gst_pipeline_plugins) StdoutLine: {'line': b'-- Override CMake install command with custom implementation using symlinks instead of copying resources\n'}
[48.319525] (gst_pipeline_plugins_webrtc) StdoutLine: {'line': b'-- Override CMake install command with custom implementation using symlinks instead of copying resources\n'}
[48.350882] (gst_pipeline_plugins) StdoutLine: {'line': b'-- Found rclcpp: 16.0.15 (/opt/ros/humble/share/rclcpp/cmake)\n'}
[48.353027] (gst_pipeline_plugins_webrtc) StdoutLine: {'line': b'-- Found rclcpp: 16.0.15 (/opt/ros/humble/share/rclcpp/cmake)\n'}
[48.396613] (gst_pipeline_plugins_webrtc) StdoutLine: {'line': b'-- Found rosidl_generator_c: 3.1.7 (/opt/ros/humble/share/rosidl_generator_c/cmake)\n'}
[48.397542] (gst_pipeline_plugins) StdoutLine: {'line': b'-- Found rosidl_generator_c: 3.1.7 (/opt/ros/humble/share/rosidl_generator_c/cmake)\n'}
[48.403001] (-) TimerEvent: {}
[48.403239] (gst_pipeline_plugins_webrtc) StdoutLine: {'line': b'-- Found rosidl_adapter: 3.1.7 (/opt/ros/humble/share/rosidl_adapter/cmake)\n'}
[48.404350] (gst_pipeline_plugins) StdoutLine: {'line': b'-- Found rosidl_adapter: 3.1.7 (/opt/ros/humble/share/rosidl_adapter/cmake)\n'}
[48.413663] (gst_pipeline_plugins) StdoutLine: {'line': b'-- Found rosidl_generator_cpp: 3.1.7 (/opt/ros/humble/share/rosidl_generator_cpp/cmake)\n'}
[48.413830] (gst_pipeline_plugins_webrtc) StdoutLine: {'line': b'-- Found rosidl_generator_cpp: 3.1.7 (/opt/ros/humble/share/rosidl_generator_cpp/cmake)\n'}
[48.425591] (gst_pipeline_plugins_webrtc) StdoutLine: {'line': b'-- Using all available rosidl_typesupport_c: rosidl_typesupport_fastrtps_c;rosidl_typesupport_introspection_c\n'}
[48.426616] (gst_pipeline_plugins) StdoutLine: {'line': b'-- Using all available rosidl_typesupport_c: rosidl_typesupport_fastrtps_c;rosidl_typesupport_introspection_c\n'}
[48.442198] (gst_pipeline_plugins_webrtc) StdoutLine: {'line': b'-- Using all available rosidl_typesupport_cpp: rosidl_typesupport_fastrtps_cpp;rosidl_typesupport_introspection_cpp\n'}
[48.445249] (gst_pipeline_plugins) StdoutLine: {'line': b'-- Using all available rosidl_typesupport_cpp: rosidl_typesupport_fastrtps_cpp;rosidl_typesupport_introspection_cpp\n'}
[48.481460] (webrtc_camera_node) StdoutLine: {'line': b'-- Using the multi-header code from /root/ROS2_WEBRTC/rosgsthumble_ws/build/webrtc_camera_node/_deps/nlohmann_json-src/include/\n'}
[48.485500] (gst_pipeline_plugins_webrtc) StdoutLine: {'line': b'-- Found rmw_implementation_cmake: 6.1.2 (/opt/ros/humble/share/rmw_implementation_cmake/cmake)\n'}
[48.488534] (gst_pipeline_plugins_webrtc) StdoutLine: {'line': b'-- Found rmw_fastrtps_cpp: 6.2.9 (/opt/ros/humble/share/rmw_fastrtps_cpp/cmake)\n'}
[48.491726] (gst_pipeline_plugins) StdoutLine: {'line': b'-- Found rmw_implementation_cmake: 6.1.2 (/opt/ros/humble/share/rmw_implementation_cmake/cmake)\n'}
[48.494897] (gst_pipeline_plugins) StdoutLine: {'line': b'-- Found rmw_fastrtps_cpp: 6.2.9 (/opt/ros/humble/share/rmw_fastrtps_cpp/cmake)\n'}
[48.503071] (-) TimerEvent: {}
[48.573809] (gst_pipeline_plugins_webrtc) StdoutLine: {'line': b'-- Found OpenSSL: /usr/lib/x86_64-linux-gnu/libcrypto.so (found version "3.0.2")  \n'}
[48.580412] (gst_pipeline_plugins) StdoutLine: {'line': b'-- Found OpenSSL: /usr/lib/x86_64-linux-gnu/libcrypto.so (found version "3.0.2")  \n'}
[48.603197] (-) TimerEvent: {}
[48.611575] (gst_pipeline_plugins_webrtc) StdoutLine: {'line': b'-- Found FastRTPS: /opt/ros/humble/include  \n'}
[48.618850] (gst_pipeline_plugins) StdoutLine: {'line': b'-- Found FastRTPS: /opt/ros/humble/include  \n'}
[48.665582] (gst_pipeline_plugins_webrtc) StdoutLine: {'line': b"-- Using RMW implementation 'rmw_fastrtps_cpp' as default\n"}
[48.672285] (gst_pipeline_plugins) StdoutLine: {'line': b"-- Using RMW implementation 'rmw_fastrtps_cpp' as default\n"}
[48.677344] (gst_pipeline_plugins_webrtc) StdoutLine: {'line': b'-- Looking for pthread.h\n'}
[48.682597] (gst_pipeline_plugins) StdoutLine: {'line': b'-- Looking for pthread.h\n'}
[48.703305] (-) TimerEvent: {}
[48.796834] (gst_pipeline_plugins_webrtc) StdoutLine: {'line': b'-- Looking for pthread.h - found\n'}
[48.797311] (gst_pipeline_plugins_webrtc) StdoutLine: {'line': b'-- Performing Test CMAKE_HAVE_LIBC_PTHREAD\n'}
[48.803382] (-) TimerEvent: {}
[48.829773] (gst_pipeline_plugins) StdoutLine: {'line': b'-- Looking for pthread.h - found\n'}
[48.830138] (gst_pipeline_plugins) StdoutLine: {'line': b'-- Performing Test CMAKE_HAVE_LIBC_PTHREAD\n'}
[48.865200] (gst_pipeline_plugins_webrtc) StdoutLine: {'line': b'-- Performing Test CMAKE_HAVE_LIBC_PTHREAD - Success\n'}
[48.866149] (gst_pipeline_plugins_webrtc) StdoutLine: {'line': b'-- Found Threads: TRUE  \n'}
[48.896819] (gst_pipeline_plugins) StdoutLine: {'line': b'-- Performing Test CMAKE_HAVE_LIBC_PTHREAD - Success\n'}
[48.897759] (gst_pipeline_plugins) StdoutLine: {'line': b'-- Found Threads: TRUE  \n'}
[48.903455] (-) TimerEvent: {}
[48.914603] (gst_pipeline_plugins_webrtc) StdoutLine: {'line': b'-- Found rclcpp_components: 16.0.15 (/opt/ros/humble/share/rclcpp_components/cmake)\n'}
[48.941918] (gst_pipeline_plugins_webrtc) StdoutLine: {'line': b'-- Found gst_bridge: 0.0.0 (/root/ROS2_WEBRTC/rosgsthumble_ws/install/gst_bridge/share/gst_bridge/cmake)\n'}
[48.945936] (gst_pipeline_plugins) StdoutLine: {'line': b'-- Found rclcpp_components: 16.0.15 (/opt/ros/humble/share/rclcpp_components/cmake)\n'}
[48.974001] (gst_pipeline_plugins) StdoutLine: {'line': b'-- Found gst_pipeline: 0.0.0 (/root/ROS2_WEBRTC/rosgsthumble_ws/install/gst_pipeline/share/gst_pipeline/cmake)\n'}
[48.982587] (gst_pipeline_plugins_webrtc) StdoutLine: {'line': b'-- Found gst_pipeline: 0.0.0 (/root/ROS2_WEBRTC/rosgsthumble_ws/install/gst_pipeline/share/gst_pipeline/cmake)\n'}
[49.003655] (-) TimerEvent: {}
[49.013832] (gst_pipeline_plugins_webrtc) StdoutLine: {'line': b'-- Found PkgConfig: /usr/bin/pkg-config (found version "0.29.2") \n'}
[49.014539] (gst_pipeline_plugins_webrtc) StdoutLine: {'line': b"-- Checking for module 'gstreamer-1.0'\n"}
[49.032996] (gst_pipeline_plugins_webrtc) StdoutLine: {'line': b'--   Found gstreamer-1.0, version 1.20.3\n'}
[49.052220] (gst_pipeline_plugins) StdoutLine: {'line': b'-- Found image_transport: 3.1.12 (/opt/ros/humble/share/image_transport/cmake)\n'}
[49.060313] (gst_pipeline_plugins) StdoutLine: {'line': b'-- Found cv_bridge: 3.2.1 (/opt/ros/humble/share/cv_bridge/cmake)\n'}
[49.070578] (gst_pipeline_plugins_webrtc) StdoutLine: {'line': b"-- Checking for module 'gstreamer-sdp-1.0'\n"}
[49.070892] (gst_pipeline_plugins) StdoutLine: {'line': b'-- Found TinyXML2 via Config file: TinyXML2_DIR-NOTFOUND\n'}
[49.074179] (gst_pipeline_plugins) StdoutLine: {'line': b'-- Found PkgConfig: /usr/bin/pkg-config (found version "0.29.2") \n'}
[49.074880] (gst_pipeline_plugins) StdoutLine: {'line': b"-- Checking for module 'gstreamer-1.0'\n"}
[49.084095] (gst_pipeline_plugins_webrtc) StdoutLine: {'line': b'--   Found gstreamer-sdp-1.0, version 1.20.1\n'}
[49.087517] (gst_pipeline_plugins) StdoutLine: {'line': b'--   Found gstreamer-1.0, version 1.20.3\n'}
[49.103725] (-) TimerEvent: {}
[49.120366] (gst_pipeline_plugins) StdoutLine: {'line': b"-- Checking for module 'gstreamer-rtp-1.0'\n"}
[49.124305] (gst_pipeline_plugins_webrtc) StdoutLine: {'line': b"-- Checking for module 'gstreamer-webrtc-1.0'\n"}
[49.132765] (gst_pipeline_plugins) StdoutLine: {'line': b'--   Found gstreamer-rtp-1.0, version 1.20.1\n'}
[49.136850] (gst_pipeline_plugins_webrtc) StdoutLine: {'line': b'--   Found gstreamer-webrtc-1.0, version 1.20.3\n'}
[49.173055] (gst_pipeline_plugins) StdoutLine: {'line': b"-- Checking for modules 'gstreamer-1.0;gstreamer-app-1.0;gstreamer-plugins-base-1.0;gstreamer-pbutils-1.0'\n"}
[49.177196] (gst_pipeline_plugins_webrtc) StdoutLine: {'line': b"-- Checking for module 'libsoup-2.4'\n"}
[49.193068] (gst_pipeline_plugins) StdoutLine: {'line': b'--   Found gstreamer-1.0, version 1.20.3\n'}
[49.193738] (gst_pipeline_plugins_webrtc) StdoutLine: {'line': b'--   Found libsoup-2.4, version 2.74.2\n'}
[49.201815] (gst_pipeline_plugins) StdoutLine: {'line': b'--   Found gstreamer-app-1.0, version 1.20.1\n'}
[49.203795] (-) TimerEvent: {}
[49.211340] (gst_pipeline_plugins) StdoutLine: {'line': b'--   Found gstreamer-plugins-base-1.0, version 1.20.1\n'}
[49.220431] (gst_pipeline_plugins) StdoutLine: {'line': b'--   Found gstreamer-pbutils-1.0, version 1.20.1\n'}
[49.238297] (gst_pipeline_plugins_webrtc) StdoutLine: {'line': b"-- Checking for module 'json-glib-1.0'\n"}
[49.252032] (gst_pipeline_plugins_webrtc) StdoutLine: {'line': b'--   Found json-glib-1.0, version 1.6.6\n'}
[49.263180] (gst_pipeline_plugins) StdoutLine: {'line': b'-- Found std_srvs: 4.9.0 (/opt/ros/humble/share/std_srvs/cmake)\n'}
[49.270946] (gst_pipeline_plugins) StdoutLine: {'line': b'-- Found gst_msgs: 0.0.0 (/root/ROS2_WEBRTC/rosgsthumble_ws/install/gst_msgs/share/gst_msgs/cmake)\n'}
[49.289222] (gst_pipeline_plugins_webrtc) StdoutLine: {'line': b'-- Found std_srvs: 4.9.0 (/opt/ros/humble/share/std_srvs/cmake)\n'}
[49.297274] (gst_pipeline_plugins_webrtc) StdoutLine: {'line': b'-- Found gst_msgs: 0.0.0 (/root/ROS2_WEBRTC/rosgsthumble_ws/install/gst_msgs/share/gst_msgs/cmake)\n'}
[49.303878] (-) TimerEvent: {}
[49.346726] (gst_pipeline_plugins) StdoutLine: {'line': b'-- Configuring done\n'}
[49.374134] (gst_pipeline_plugins) StdoutLine: {'line': b'-- Generating done\n'}
[49.375964] (gst_pipeline_plugins_webrtc) StdoutLine: {'line': b'-- Configuring done\n'}
[49.379067] (gst_pipeline_plugins) StdoutLine: {'line': b'-- Build files have been written to: /root/ROS2_WEBRTC/rosgsthumble_ws/build/gst_pipeline_plugins\n'}
[49.390220] (gst_pipeline_plugins) CommandEnded: {'returncode': 0}
[49.390766] (gst_pipeline_plugins) JobProgress: {'identifier': 'gst_pipeline_plugins', 'progress': 'build'}
[49.391116] (gst_pipeline_plugins) Command: {'cmd': ['/usr/bin/cmake', '--build', '/root/ROS2_WEBRTC/rosgsthumble_ws/build/gst_pipeline_plugins', '--', '-j12', '-l12'], 'cwd': '/root/ROS2_WEBRTC/rosgsthumble_ws/build/gst_pipeline_plugins', 'env': OrderedDict([('HOSTNAME', 'DuquedeCaixias'), ('GIT_ASKPASS', '/root/.vscode-server/bin/618725e67565b290ba4da6fe2d29f8fa1d4e3622/extensions/git/dist/askpass.sh'), ('SHLVL', '2'), ('LD_LIBRARY_PATH', '/root/ROS2_WEBRTC/rosgsthumble_ws/install/gst_pipeline/lib:/root/ROS2_WEBRTC/rosgsthumble_ws/install/gst_bridge/lib:/root/ROS2_WEBRTC/rosgsthumble_ws/install/gst_msgs/lib:/root/ROS2_WEBRTC/rosgsthumble_ws/install/audio_msgs/lib:/usr/lib/x86_64-linux-gnu/gazebo-11/plugins:/opt/ros/humble/opt/rviz_ogre_vendor/lib:/opt/ros/humble/lib/x86_64-linux-gnu:/opt/ros/humble/lib'), ('BROWSER', '/root/.vscode-server/bin/618725e67565b290ba4da6fe2d29f8fa1d4e3622/bin/helpers/browser.sh'), ('HOME', '/root'), ('TERM_PROGRAM_VERSION', '1.107.0'), ('PIPEWIRE_RUNTIME_DIR', '/run/user/1001'), ('VSCODE_IPC_HOOK_CLI', '/run/user/1001/vscode-ipc-68058f33-30f0-4307-9342-81328915a75d.sock'), ('ROS_PYTHON_VERSION', '3'), ('VSCODE_GIT_ASKPASS_MAIN', '/root/.vscode-server/bin/618725e67565b290ba4da6fe2d29f8fa1d4e3622/extensions/git/dist/askpass-main.js'), ('VSCODE_GIT_ASKPASS_NODE', '/root/.vscode-server/bin/618725e67565b290ba4da6fe2d29f8fa1d4e3622/node'), ('VSCODE_PYTHON_AUTOACTIVATE_GUARD', '1'), ('COLORTERM', 'truecolor'), ('REMOTE_CONTAINERS', 'true'), ('DEBUGINFOD_URLS', ''), ('WAYLAND_DISPLAY', 'wayland-0'), ('ROS_DISTRO', 'humble'), ('REMOTE_CONTAINERS_IPC', '/tmp/vscode-remote-containers-ipc-4d2d4b98-497d-4534-a764-ab857881c228.sock'), ('_', '/usr/bin/colcon'), ('ROS_VERSION', '2'), ('PKG_CONFIG_PATH', '/usr/lib/x86_64-linux-gnu/pkgconfig:'), ('OPENSSL_CONF', '/etc/ssl/openssl_legacy.cnf'), ('TERM', 'xterm-256color'), ('ROS_LOCALHOST_ONLY', '0'), ('PATH', '/root/.vscode-server/data/User/globalStorage/github.copilot-chat/debugCommand:/root/.vscode-server/data/User/globalStorage/github.copilot-chat/copilotCli:/root/.vscode-server/bin/618725e67565b290ba4da6fe2d29f8fa1d4e3622/bin/remote-cli:/opt/ros/humble/bin:/usr/local/sbin:/usr/local/bin:/usr/sbin:/usr/bin:/sbin:/bin'), ('XDG_RUNTIME_DIR', '/run/user/1001'), ('REMOTE_CONTAINERS_SOCKETS', '["/root/.gnupg/S.gpg-agent"]'), ('DISPLAY', ':0'), ('LANG', 'C.UTF-8'), ('LS_COLORS', 'rs=0:di=01;34:ln=01;36:mh=00:pi=40;33:so=01;35:do=01;35:bd=40;33;01:cd=40;33;01:or=40;31;01:mi=00:su=37;41:sg=30;43:ca=30;41:tw=30;42:ow=34;42:st=37;44:ex=01;32:*.tar=01;31:*.tgz=01;31:*.arc=01;31:*.arj=01;31:*.taz=01;31:*.lha=01;31:*.lz4=01;31:*.lzh=01;31:*.lzma=01;31:*.tlz=01;31:*.txz=01;31:*.tzo=01;31:*.t7z=01;31:*.zip=01;31:*.z=01;31:*.dz=01;31:*.gz=01;31:*.lrz=01;31:*.lz=01;31:*.lzo=01;31:*.xz=01;31:*.zst=01;31:*.tzst=01;31:*.bz2=01;31:*.bz=01;31:*.tbz=01;31:*.tbz2=01;31:*.tz=01;31:*.deb=01;31:*.rpm=01;31:*.jar=01;31:*.war=01;31:*.ear=01;31:*.sar=01;31:*.rar=01;31:*.alz=01;31:*.ace=01;31:*.zoo=01;31:*.cpio=01;31:*.7z=01;31:*.rz=01;31:*.cab=01;31:*.wim=01;31:*.swm=01;31:*.dwm=01;31:*.esd=01;31:*.jpg=01;35:*.jpeg=01;35:*.mjpg=01;35:*.mjpeg=01;35:*.gif=01;35:*.bmp=01;35:*.pbm=01;35:*.pgm=01;35:*.ppm=01;35:*.tga=01;35:*.xbm=01;35:*.xpm=01;35:*.tif=01;35:*.tiff=01;35:*.png=01;35:*.svg=01;35:*.svgz=01;35:*.mng=01;35:*.pcx=01;35:*.mov=01;35:*.mpg=01;35:*.mpeg=01;35:*.m2v=01;35:*.mkv=01;35:*.webm=01;35:*.webp=01;35:*.ogm=01;35:*.mp4=01;35:*.m4v=01;35:*.mp4v=01;35:*.vob=01;35:*.qt=01;35:*.nuv=01;35:*.wmv=01;35:*.asf=01;35:*.rm=01;35:*.rmvb=01;35:*.flc=01;35:*.avi=01;35:*.fli=01;35:*.flv=01;35:*.gl=01;35:*.dl=01;35:*.xcf=01;35:*.xwd=01;35:*.yuv=01;35:*.cgm=01;35:*.emf=01;35:*.ogv=01;35:*.ogx=01;35:*.aac=00;36:*.au=00;36:*.flac=00;36:*.m4a=00;36:*.mid=00;36:*.midi=00;36:*.mka=00;36:*.mp3=00;36:*.mpc=00;36:*.ogg=00;36:*.ra=00;36:*.wav=00;36:*.oga=00;36:*.opus=00;36:*.spx=00;36:*.xspf=00;36:'), ('VSCODE_GIT_IPC_HANDLE', '/run/user/1001/vscode-git-84fad1f619.sock'), ('TERM_PROGRAM', 'vscode'), ('AMENT_PREFIX_PATH', '/root/ROS2_WEBRTC/rosgsthumble_ws/install/gst_pipeline:/root/ROS2_WEBRTC/rosgsthumble_ws/install/gst_bridge:/root/ROS2_WEBRTC/rosgsthumble_ws/install/gst_msgs:/root/ROS2_WEBRTC/rosgsthumble_ws/install/audio_msgs:/opt/ros/humble'), ('DEBIAN_FRONTEND', 'noninteractive'), ('SHELL', '/bin/bash'), ('VSCODE_GIT_ASKPASS_EXTRA_ARGS', ''), ('PWD', '/root/ROS2_WEBRTC/rosgsthumble_ws/build/gst_pipeline_plugins'), ('LC_ALL', 'C.UTF-8'), ('PYTHONPATH', '/root/ROS2_WEBRTC/rosgsthumble_ws/install/gst_msgs/local/lib/python3.10/dist-packages:/root/ROS2_WEBRTC/rosgsthumble_ws/install/audio_msgs/local/lib/python3.10/dist-packages:/opt/ros/humble/lib/python3.10/site-packages:/opt/ros/humble/local/lib/python3.10/dist-packages'), ('COLCON', '1'), ('CMAKE_PREFIX_PATH', '/root/ROS2_WEBRTC/rosgsthumble_ws/install/gst_pipeline:/root/ROS2_WEBRTC/rosgsthumble_ws/install/gst_bridge:/root/ROS2_WEBRTC/rosgsthumble_ws/install/gst_msgs:/root/ROS2_WEBRTC/rosgsthumble_ws/install/audio_msgs:/opt/ros/humble')]), 'shell': False}
[49.403960] (-) TimerEvent: {}
[49.450323] (gst_pipeline_plugins) StdoutLine: {'line': b'[ 25%] \x1b[32mBuilding CXX object CMakeFiles/gst_pipeline_plugins.dir/src/framegate.cpp.o\x1b[0m\n'}
[49.450621] (gst_pipeline_plugins) StdoutLine: {'line': b'[ 25%] \x1b[32mBuilding CXX object CMakeFiles/gst_pipeline_plugins.dir/src/bridge.cpp.o\x1b[0m\n'}
[49.450887] (gst_pipeline_plugins) StdoutLine: {'line': b'[ 25%] \x1b[32mBuilding CXX object CMakeFiles/gst_pipeline_plugins.dir/src/multifilesink_observer.cpp.o\x1b[0m\n'}
[49.451024] (gst_pipeline_plugins) StdoutLine: {'line': b'[ 33%] \x1b[32mBuilding C object CMakeFiles/gst_pipeline_plugins.dir/src/meta/gstmark.c.o\x1b[0m\n'}
[49.451123] (gst_pipeline_plugins) StdoutLine: {'line': b'[ 41%] \x1b[32mBuilding CXX object CMakeFiles/gst_pipeline_plugins.dir/src/rtp_header_hook.cpp.o\x1b[0m\n'}
[49.451199] (gst_pipeline_plugins) StdoutLine: {'line': b'[ 50%] \x1b[32mBuilding CXX object CMakeFiles/gst_pipeline_plugins.dir/src/pause_srv.cpp.o\x1b[0m\n'}
[49.451269] (gst_pipeline_plugins) StdoutLine: {'line': b'[ 58%] \x1b[32mBuilding CXX object CMakeFiles/gst_pipeline_plugins.dir/src/buffer_observer.cpp.o\x1b[0m\n'}
[49.451336] (gst_pipeline_plugins) StdoutLine: {'line': b'[ 66%] \x1b[32mBuilding CXX object CMakeFiles/gst_pipeline_plugins.dir/src/clock_observer.cpp.o\x1b[0m\n'}
[49.451407] (gst_pipeline_plugins) StdoutLine: {'line': b'[ 75%] \x1b[32mBuilding CXX object CMakeFiles/gst_pipeline_plugins.dir/src/parameters/parameter_conversions.cpp.o\x1b[0m\n'}
[49.451476] (gst_pipeline_plugins) StdoutLine: {'line': b'[ 83%] \x1b[32mBuilding CXX object CMakeFiles/gst_pipeline_plugins.dir/src/parameters.cpp.o\x1b[0m\n'}
[49.451561] (gst_pipeline_plugins) StdoutLine: {'line': b'[ 91%] \x1b[32mBuilding CXX object CMakeFiles/gst_pipeline_plugins.dir/src/metadata_hook.cpp.o\x1b[0m\n'}
[49.504065] (-) TimerEvent: {}
[49.604351] (-) TimerEvent: {}
[49.659693] (gst_pipeline_plugins_webrtc) StdoutLine: {'line': b'-- Generating done\n'}
[49.669008] (gst_pipeline_plugins_webrtc) StdoutLine: {'line': b'-- Build files have been written to: /root/ROS2_WEBRTC/rosgsthumble_ws/build/gst_pipeline_plugins_webrtc\n'}
[49.700558] (gst_pipeline_plugins_webrtc) CommandEnded: {'returncode': 0}
[49.702498] (gst_pipeline_plugins_webrtc) JobProgress: {'identifier': 'gst_pipeline_plugins_webrtc', 'progress': 'build'}
[49.702559] (gst_pipeline_plugins_webrtc) Command: {'cmd': ['/usr/bin/cmake', '--build', '/root/ROS2_WEBRTC/rosgsthumble_ws/build/gst_pipeline_plugins_webrtc', '--', '-j12', '-l12'], 'cwd': '/root/ROS2_WEBRTC/rosgsthumble_ws/build/gst_pipeline_plugins_webrtc', 'env': OrderedDict([('HOSTNAME', 'DuquedeCaixias'), ('GIT_ASKPASS', '/root/.vscode-server/bin/618725e67565b290ba4da6fe2d29f8fa1d4e3622/extensions/git/dist/askpass.sh'), ('SHLVL', '2'), ('LD_LIBRARY_PATH', '/root/ROS2_WEBRTC/rosgsthumble_ws/install/gst_pipeline/lib:/root/ROS2_WEBRTC/rosgsthumble_ws/install/gst_bridge/lib:/root/ROS2_WEBRTC/rosgsthumble_ws/install/gst_msgs/lib:/root/ROS2_WEBRTC/rosgsthumble_ws/install/audio_msgs/lib:/usr/lib/x86_64-linux-gnu/gazebo-11/plugins:/opt/ros/humble/opt/rviz_ogre_vendor/lib:/opt/ros/humble/lib/x86_64-linux-gnu:/opt/ros/humble/lib'), ('BROWSER', '/root/.vscode-server/bin/618725e67565b290ba4da6fe2d29f8fa1d4e3622/bin/helpers/browser.sh'), ('HOME', '/root'), ('TERM_PROGRAM_VERSION', '1.107.0'), ('PIPEWIRE_RUNTIME_DIR', '/run/user/1001'), ('VSCODE_IPC_HOOK_CLI', '/run/user/1001/vscode-ipc-68058f33-30f0-4307-9342-81328915a75d.sock'), ('ROS_PYTHON_VERSION', '3'), ('VSCODE_GIT_ASKPASS_MAIN', '/root/.vscode-server/bin/618725e67565b290ba4da6fe2d29f8fa1d4e3622/extensions/git/dist/askpass-main.js'), ('VSCODE_GIT_ASKPASS_NODE', '/root/.vscode-server/bin/618725e67565b290ba4da6fe2d29f8fa1d4e3622/node'), ('VSCODE_PYTHON_AUTOACTIVATE_GUARD', '1'), ('COLORTERM', 'truecolor'), ('REMOTE_CONTAINERS', 'true'), ('DEBUGINFOD_URLS', ''), ('WAYLAND_DISPLAY', 'wayland-0'), ('ROS_DISTRO', 'humble'), ('REMOTE_CONTAINERS_IPC', '/tmp/vscode-remote-containers-ipc-4d2d4b98-497d-4534-a764-ab857881c228.sock'), ('_', '/usr/bin/colcon'), ('ROS_VERSION', '2'), ('PKG_CONFIG_PATH', '/usr/lib/x86_64-linux-gnu/pkgconfig:'), ('OPENSSL_CONF', '/etc/ssl/openssl_legacy.cnf'), ('TERM', 'xterm-256color'), ('ROS_LOCALHOST_ONLY', '0'), ('PATH', '/root/.vscode-server/data/User/globalStorage/github.copilot-chat/debugCommand:/root/.vscode-server/data/User/globalStorage/github.copilot-chat/copilotCli:/root/.vscode-server/bin/618725e67565b290ba4da6fe2d29f8fa1d4e3622/bin/remote-cli:/opt/ros/humble/bin:/usr/local/sbin:/usr/local/bin:/usr/sbin:/usr/bin:/sbin:/bin'), ('XDG_RUNTIME_DIR', '/run/user/1001'), ('REMOTE_CONTAINERS_SOCKETS', '["/root/.gnupg/S.gpg-agent"]'), ('DISPLAY', ':0'), ('LANG', 'C.UTF-8'), ('LS_COLORS', 'rs=0:di=01;34:ln=01;36:mh=00:pi=40;33:so=01;35:do=01;35:bd=40;33;01:cd=40;33;01:or=40;31;01:mi=00:su=37;41:sg=30;43:ca=30;41:tw=30;42:ow=34;42:st=37;44:ex=01;32:*.tar=01;31:*.tgz=01;31:*.arc=01;31:*.arj=01;31:*.taz=01;31:*.lha=01;31:*.lz4=01;31:*.lzh=01;31:*.lzma=01;31:*.tlz=01;31:*.txz=01;31:*.tzo=01;31:*.t7z=01;31:*.zip=01;31:*.z=01;31:*.dz=01;31:*.gz=01;31:*.lrz=01;31:*.lz=01;31:*.lzo=01;31:*.xz=01;31:*.zst=01;31:*.tzst=01;31:*.bz2=01;31:*.bz=01;31:*.tbz=01;31:*.tbz2=01;31:*.tz=01;31:*.deb=01;31:*.rpm=01;31:*.jar=01;31:*.war=01;31:*.ear=01;31:*.sar=01;31:*.rar=01;31:*.alz=01;31:*.ace=01;31:*.zoo=01;31:*.cpio=01;31:*.7z=01;31:*.rz=01;31:*.cab=01;31:*.wim=01;31:*.swm=01;31:*.dwm=01;31:*.esd=01;31:*.jpg=01;35:*.jpeg=01;35:*.mjpg=01;35:*.mjpeg=01;35:*.gif=01;35:*.bmp=01;35:*.pbm=01;35:*.pgm=01;35:*.ppm=01;35:*.tga=01;35:*.xbm=01;35:*.xpm=01;35:*.tif=01;35:*.tiff=01;35:*.png=01;35:*.svg=01;35:*.svgz=01;35:*.mng=01;35:*.pcx=01;35:*.mov=01;35:*.mpg=01;35:*.mpeg=01;35:*.m2v=01;35:*.mkv=01;35:*.webm=01;35:*.webp=01;35:*.ogm=01;35:*.mp4=01;35:*.m4v=01;35:*.mp4v=01;35:*.vob=01;35:*.qt=01;35:*.nuv=01;35:*.wmv=01;35:*.asf=01;35:*.rm=01;35:*.rmvb=01;35:*.flc=01;35:*.avi=01;35:*.fli=01;35:*.flv=01;35:*.gl=01;35:*.dl=01;35:*.xcf=01;35:*.xwd=01;35:*.yuv=01;35:*.cgm=01;35:*.emf=01;35:*.ogv=01;35:*.ogx=01;35:*.aac=00;36:*.au=00;36:*.flac=00;36:*.m4a=00;36:*.mid=00;36:*.midi=00;36:*.mka=00;36:*.mp3=00;36:*.mpc=00;36:*.ogg=00;36:*.ra=00;36:*.wav=00;36:*.oga=00;36:*.opus=00;36:*.spx=00;36:*.xspf=00;36:'), ('VSCODE_GIT_IPC_HANDLE', '/run/user/1001/vscode-git-84fad1f619.sock'), ('TERM_PROGRAM', 'vscode'), ('AMENT_PREFIX_PATH', '/root/ROS2_WEBRTC/rosgsthumble_ws/install/gst_pipeline:/root/ROS2_WEBRTC/rosgsthumble_ws/install/gst_bridge:/root/ROS2_WEBRTC/rosgsthumble_ws/install/gst_msgs:/root/ROS2_WEBRTC/rosgsthumble_ws/install/audio_msgs:/opt/ros/humble'), ('DEBIAN_FRONTEND', 'noninteractive'), ('SHELL', '/bin/bash'), ('VSCODE_GIT_ASKPASS_EXTRA_ARGS', ''), ('PWD', '/root/ROS2_WEBRTC/rosgsthumble_ws/build/gst_pipeline_plugins_webrtc'), ('LC_ALL', 'C.UTF-8'), ('PYTHONPATH', '/root/ROS2_WEBRTC/rosgsthumble_ws/install/gst_msgs/local/lib/python3.10/dist-packages:/root/ROS2_WEBRTC/rosgsthumble_ws/install/audio_msgs/local/lib/python3.10/dist-packages:/opt/ros/humble/lib/python3.10/site-packages:/opt/ros/humble/local/lib/python3.10/dist-packages'), ('COLCON', '1'), ('CMAKE_PREFIX_PATH', '/root/ROS2_WEBRTC/rosgsthumble_ws/install/gst_pipeline:/root/ROS2_WEBRTC/rosgsthumble_ws/install/gst_bridge:/root/ROS2_WEBRTC/rosgsthumble_ws/install/gst_msgs:/root/ROS2_WEBRTC/rosgsthumble_ws/install/audio_msgs:/opt/ros/humble')]), 'shell': False}
[49.704456] (-) TimerEvent: {}
[49.804726] (-) TimerEvent: {}
[49.840733] (gst_pipeline_plugins_webrtc) StdoutLine: {'line': b'[ 50%] \x1b[32mBuilding CXX object CMakeFiles/gst_pipeline_plugins_webrtc.dir/src/base.cpp.o\x1b[0m\n'}
[49.841057] (gst_pipeline_plugins_webrtc) StdoutLine: {'line': b'[ 50%] \x1b[32mBuilding CXX object CMakeFiles/gst_pipeline_plugins_webrtc.dir/src/websockets.cpp.o\x1b[0m\n'}
[49.842875] (gst_pipeline_plugins_webrtc) StdoutLine: {'line': b'[ 75%] \x1b[32mBuilding CXX object CMakeFiles/gst_pipeline_plugins_webrtc.dir/src/datachannel.cpp.o\x1b[0m\n'}
[49.905645] (-) TimerEvent: {}
[50.005987] (-) TimerEvent: {}
[50.107643] (-) TimerEvent: {}
[50.208004] (-) TimerEvent: {}
[50.308455] (-) TimerEvent: {}
[50.410656] (-) TimerEvent: {}
[50.511348] (-) TimerEvent: {}
[50.611879] (-) TimerEvent: {}
[50.840657] (-) TimerEvent: {}
[50.941074] (-) TimerEvent: {}
[51.041640] (-) TimerEvent: {}
[51.142854] (-) TimerEvent: {}
[51.245664] (-) TimerEvent: {}
[51.347657] (-) TimerEvent: {}
[51.448126] (-) TimerEvent: {}
[51.548716] (-) TimerEvent: {}
[51.649267] (-) TimerEvent: {}
[51.750687] (-) TimerEvent: {}
[51.851179] (-) TimerEvent: {}
[51.952994] (-) TimerEvent: {}
[52.024642] (webrtc_camera_node) StdoutLine: {'line': b'-- Found ZLIB: /usr/lib/x86_64-linux-gnu/libz.so (found version "1.2.11") \n'}
[52.053129] (-) TimerEvent: {}
[52.153645] (-) TimerEvent: {}
[52.254641] (webrtc_camera_node) StdoutLine: {'line': b'-- Configuring done\n'}
[52.254913] (-) TimerEvent: {}
[52.355283] (-) TimerEvent: {}
[52.412615] (webrtc_camera_node) StdoutLine: {'line': b'-- Generating done\n'}
[52.426360] (webrtc_camera_node) StdoutLine: {'line': b'-- Build files have been written to: /root/ROS2_WEBRTC/rosgsthumble_ws/build/webrtc_camera_node\n'}
[52.457652] (-) TimerEvent: {}
[52.469311] (webrtc_camera_node) CommandEnded: {'returncode': 0}
[52.469997] (webrtc_camera_node) JobProgress: {'identifier': 'webrtc_camera_node', 'progress': 'build'}
[52.470049] (webrtc_camera_node) Command: {'cmd': ['/usr/bin/cmake', '--build', '/root/ROS2_WEBRTC/rosgsthumble_ws/build/webrtc_camera_node', '--', '-j12', '-l12'], 'cwd': '/root/ROS2_WEBRTC/rosgsthumble_ws/build/webrtc_camera_node', 'env': OrderedDict([('HOSTNAME', 'DuquedeCaixias'), ('GIT_ASKPASS', '/root/.vscode-server/bin/618725e67565b290ba4da6fe2d29f8fa1d4e3622/extensions/git/dist/askpass.sh'), ('SHLVL', '2'), ('LD_LIBRARY_PATH', '/root/ROS2_WEBRTC/rosgsthumble_ws/install/gst_bridge/lib:/root/ROS2_WEBRTC/rosgsthumble_ws/install/audio_msgs/lib:/usr/lib/x86_64-linux-gnu/gazebo-11/plugins:/opt/ros/humble/opt/rviz_ogre_vendor/lib:/opt/ros/humble/lib/x86_64-linux-gnu:/opt/ros/humble/lib'), ('BROWSER', '/root/.vscode-server/bin/618725e67565b290ba4da6fe2d29f8fa1d4e3622/bin/helpers/browser.sh'), ('HOME', '/root'), ('TERM_PROGRAM_VERSION', '1.107.0'), ('PIPEWIRE_RUNTIME_DIR', '/run/user/1001'), ('VSCODE_IPC_HOOK_CLI', '/run/user/1001/vscode-ipc-68058f33-30f0-4307-9342-81328915a75d.sock'), ('ROS_PYTHON_VERSION', '3'), ('VSCODE_GIT_ASKPASS_MAIN', '/root/.vscode-server/bin/618725e67565b290ba4da6fe2d29f8fa1d4e3622/extensions/git/dist/askpass-main.js'), ('VSCODE_GIT_ASKPASS_NODE', '/root/.vscode-server/bin/618725e67565b290ba4da6fe2d29f8fa1d4e3622/node'), ('VSCODE_PYTHON_AUTOACTIVATE_GUARD', '1'), ('COLORTERM', 'truecolor'), ('REMOTE_CONTAINERS', 'true'), ('DEBUGINFOD_URLS', ''), ('WAYLAND_DISPLAY', 'wayland-0'), ('ROS_DISTRO', 'humble'), ('REMOTE_CONTAINERS_IPC', '/tmp/vscode-remote-containers-ipc-4d2d4b98-497d-4534-a764-ab857881c228.sock'), ('_', '/usr/bin/colcon'), ('ROS_VERSION', '2'), ('PKG_CONFIG_PATH', '/usr/lib/x86_64-linux-gnu/pkgconfig:'), ('OPENSSL_CONF', '/etc/ssl/openssl_legacy.cnf'), ('TERM', 'xterm-256color'), ('ROS_LOCALHOST_ONLY', '0'), ('PATH', '/root/.vscode-server/data/User/globalStorage/github.copilot-chat/debugCommand:/root/.vscode-server/data/User/globalStorage/github.copilot-chat/copilotCli:/root/.vscode-server/bin/618725e67565b290ba4da6fe2d29f8fa1d4e3622/bin/remote-cli:/opt/ros/humble/bin:/usr/local/sbin:/usr/local/bin:/usr/sbin:/usr/bin:/sbin:/bin'), ('XDG_RUNTIME_DIR', '/run/user/1001'), ('REMOTE_CONTAINERS_SOCKETS', '["/root/.gnupg/S.gpg-agent"]'), ('DISPLAY', ':0'), ('LANG', 'C.UTF-8'), ('LS_COLORS', 'rs=0:di=01;34:ln=01;36:mh=00:pi=40;33:so=01;35:do=01;35:bd=40;33;01:cd=40;33;01:or=40;31;01:mi=00:su=37;41:sg=30;43:ca=30;41:tw=30;42:ow=34;42:st=37;44:ex=01;32:*.tar=01;31:*.tgz=01;31:*.arc=01;31:*.arj=01;31:*.taz=01;31:*.lha=01;31:*.lz4=01;31:*.lzh=01;31:*.lzma=01;31:*.tlz=01;31:*.txz=01;31:*.tzo=01;31:*.t7z=01;31:*.zip=01;31:*.z=01;31:*.dz=01;31:*.gz=01;31:*.lrz=01;31:*.lz=01;31:*.lzo=01;31:*.xz=01;31:*.zst=01;31:*.tzst=01;31:*.bz2=01;31:*.bz=01;31:*.tbz=01;31:*.tbz2=01;31:*.tz=01;31:*.deb=01;31:*.rpm=01;31:*.jar=01;31:*.war=01;31:*.ear=01;31:*.sar=01;31:*.rar=01;31:*.alz=01;31:*.ace=01;31:*.zoo=01;31:*.cpio=01;31:*.7z=01;31:*.rz=01;31:*.cab=01;31:*.wim=01;31:*.swm=01;31:*.dwm=01;31:*.esd=01;31:*.jpg=01;35:*.jpeg=01;35:*.mjpg=01;35:*.mjpeg=01;35:*.gif=01;35:*.bmp=01;35:*.pbm=01;35:*.pgm=01;35:*.ppm=01;35:*.tga=01;35:*.xbm=01;35:*.xpm=01;35:*.tif=01;35:*.tiff=01;35:*.png=01;35:*.svg=01;35:*.svgz=01;35:*.mng=01;35:*.pcx=01;35:*.mov=01;35:*.mpg=01;35:*.mpeg=01;35:*.m2v=01;35:*.mkv=01;35:*.webm=01;35:*.webp=01;35:*.ogm=01;35:*.mp4=01;35:*.m4v=01;35:*.mp4v=01;35:*.vob=01;35:*.qt=01;35:*.nuv=01;35:*.wmv=01;35:*.asf=01;35:*.rm=01;35:*.rmvb=01;35:*.flc=01;35:*.avi=01;35:*.fli=01;35:*.flv=01;35:*.gl=01;35:*.dl=01;35:*.xcf=01;35:*.xwd=01;35:*.yuv=01;35:*.cgm=01;35:*.emf=01;35:*.ogv=01;35:*.ogx=01;35:*.aac=00;36:*.au=00;36:*.flac=00;36:*.m4a=00;36:*.mid=00;36:*.midi=00;36:*.mka=00;36:*.mp3=00;36:*.mpc=00;36:*.ogg=00;36:*.ra=00;36:*.wav=00;36:*.oga=00;36:*.opus=00;36:*.spx=00;36:*.xspf=00;36:'), ('VSCODE_GIT_IPC_HANDLE', '/run/user/1001/vscode-git-84fad1f619.sock'), ('TERM_PROGRAM', 'vscode'), ('AMENT_PREFIX_PATH', '/root/ROS2_WEBRTC/rosgsthumble_ws/install/gst_bridge:/root/ROS2_WEBRTC/rosgsthumble_ws/install/audio_msgs:/opt/ros/humble'), ('DEBIAN_FRONTEND', 'noninteractive'), ('SHELL', '/bin/bash'), ('VSCODE_GIT_ASKPASS_EXTRA_ARGS', ''), ('PWD', '/root/ROS2_WEBRTC/rosgsthumble_ws/build/webrtc_camera_node'), ('LC_ALL', 'C.UTF-8'), ('PYTHONPATH', '/root/ROS2_WEBRTC/rosgsthumble_ws/install/audio_msgs/local/lib/python3.10/dist-packages:/opt/ros/humble/lib/python3.10/site-packages:/opt/ros/humble/local/lib/python3.10/dist-packages'), ('COLCON', '1'), ('CMAKE_PREFIX_PATH', '/root/ROS2_WEBRTC/rosgsthumble_ws/install/gst_bridge:/root/ROS2_WEBRTC/rosgsthumble_ws/install/audio_msgs:/opt/ros/humble')]), 'shell': False}
[52.558654] (-) TimerEvent: {}
[52.658920] (webrtc_camera_node) StdoutLine: {'line': b'[  4%] \x1b[32mBuilding CXX object _deps/ixwebsocket-build/CMakeFiles/ixwebsocket.dir/ixwebsocket/IXCancellationRequest.cpp.o\x1b[0m\n'}
[52.659542] (-) TimerEvent: {}
[52.659785] (webrtc_camera_node) StdoutLine: {'line': b'[  7%] \x1b[32mBuilding CXX object _deps/ixwebsocket-build/CMakeFiles/ixwebsocket.dir/ixwebsocket/IXGetFreePort.cpp.o\x1b[0m\n'}
[52.665019] (webrtc_camera_node) StdoutLine: {'line': b'[  9%] \x1b[32mBuilding CXX object _deps/ixwebsocket-build/CMakeFiles/ixwebsocket.dir/ixwebsocket/IXBench.cpp.o\x1b[0m\n'}
[52.665361] (webrtc_camera_node) StdoutLine: {'line': b'[ 14%] \x1b[32mBuilding CXX object _deps/ixwebsocket-build/CMakeFiles/ixwebsocket.dir/ixwebsocket/IXHttpClient.cpp.o\x1b[0m\n'}
[52.665518] (webrtc_camera_node) StdoutLine: {'line': b'[ 12%] \x1b[32mBuilding CXX object _deps/ixwebsocket-build/CMakeFiles/ixwebsocket.dir/ixwebsocket/IXExponentialBackoff.cpp.o\x1b[0m\n'}
[52.665659] (webrtc_camera_node) StdoutLine: {'line': b'[ 12%] \x1b[32mBuilding CXX object _deps/ixwebsocket-build/CMakeFiles/ixwebsocket.dir/ixwebsocket/IXConnectionState.cpp.o\x1b[0m\n'}
[52.672536] (webrtc_camera_node) StdoutLine: {'line': b'[ 17%] \x1b[32mBuilding CXX object _deps/ixwebsocket-build/CMakeFiles/ixwebsocket.dir/ixwebsocket/IXDNSLookup.cpp.o\x1b[0m\n'}
[52.673997] (webrtc_camera_node) StdoutLine: {'line': b'[ 19%] \x1b[32mBuilding CXX object _deps/ixwebsocket-build/CMakeFiles/ixwebsocket.dir/ixwebsocket/IXHttp.cpp.o\x1b[0m\n'}
[52.674155] (webrtc_camera_node) StdoutLine: {'line': b'[ 21%] \x1b[32mBuilding CXX object _deps/ixwebsocket-build/CMakeFiles/ixwebsocket.dir/ixwebsocket/IXNetSystem.cpp.o\x1b[0m\n'}
[52.760674] (-) TimerEvent: {}
[52.863656] (-) TimerEvent: {}
[52.965648] (-) TimerEvent: {}
[53.066029] (-) TimerEvent: {}
[53.166399] (-) TimerEvent: {}
[53.268644] (-) TimerEvent: {}
[53.369811] (-) TimerEvent: {}
[53.470201] (-) TimerEvent: {}
[53.570864] (-) TimerEvent: {}
[53.671492] (-) TimerEvent: {}
[53.772182] (-) TimerEvent: {}
[53.840621] (webrtc_camera_node) StdoutLine: {'line': b'[ 26%] \x1b[32mBuilding CXX object _deps/ixwebsocket-build/CMakeFiles/ixwebsocket.dir/ixwebsocket/IXGzipCodec.cpp.o\x1b[0m\n'}
[53.841792] (webrtc_camera_node) StdoutLine: {'line': b'[ 29%] \x1b[32mBuilding CXX object _deps/ixwebsocket-build/CMakeFiles/ixwebsocket.dir/ixwebsocket/IXHttpServer.cpp.o\x1b[0m\n'}
[53.841953] (webrtc_camera_node) StdoutLine: {'line': b'[ 29%] \x1b[32mBuilding CXX object _deps/ixwebsocket-build/CMakeFiles/ixwebsocket.dir/ixwebsocket/IXSelectInterrupt.cpp.o\x1b[0m\n'}
[53.872300] (-) TimerEvent: {}
[53.974790] (-) TimerEvent: {}
[54.075192] (-) TimerEvent: {}
[54.175737] (-) TimerEvent: {}
[54.261639] (webrtc_camera_node) StdoutLine: {'line': b'[ 31%] \x1b[32mBuilding CXX object _deps/ixwebsocket-build/CMakeFiles/ixwebsocket.dir/ixwebsocket/IXSelectInterruptFactory.cpp.o\x1b[0m\n'}
[54.262428] (webrtc_camera_node) StdoutLine: {'line': b'[ 34%] \x1b[32mBuilding CXX object _deps/ixwebsocket-build/CMakeFiles/ixwebsocket.dir/ixwebsocket/IXSelectInterruptPipe.cpp.o\x1b[0m\n'}
[54.262690] (webrtc_camera_node) StdoutLine: {'line': b'[ 36%] \x1b[32mBuilding CXX object _deps/ixwebsocket-build/CMakeFiles/ixwebsocket.dir/ixwebsocket/IXSelectInterruptEvent.cpp.o\x1b[0m\n'}
[54.266619] (webrtc_camera_node) StdoutLine: {'line': b'[ 39%] \x1b[32mBuilding CXX object _deps/ixwebsocket-build/CMakeFiles/ixwebsocket.dir/ixwebsocket/IXSetThreadName.cpp.o\x1b[0m\n'}
[54.269926] (webrtc_camera_node) StdoutLine: {'line': b'[ 41%] \x1b[32mBuilding CXX object _deps/ixwebsocket-build/CMakeFiles/ixwebsocket.dir/ixwebsocket/IXSocket.cpp.o\x1b[0m\n'}
[54.275845] (-) TimerEvent: {}
[54.376529] (-) TimerEvent: {}
[54.420707] (webrtc_camera_node) StdoutLine: {'line': b'[ 43%] \x1b[32mBuilding CXX object _deps/ixwebsocket-build/CMakeFiles/ixwebsocket.dir/ixwebsocket/IXSocketConnect.cpp.o\x1b[0m\n'}
[54.476651] (-) TimerEvent: {}
[54.577582] (-) TimerEvent: {}
[54.679588] (-) TimerEvent: {}
[54.680531] (webrtc_camera_node) StdoutLine: {'line': b'[ 46%] \x1b[32mBuilding CXX object _deps/ixwebsocket-build/CMakeFiles/ixwebsocket.dir/ixwebsocket/IXSocketFactory.cpp.o\x1b[0m\n'}
[54.779644] (-) TimerEvent: {}
[54.880277] (-) TimerEvent: {}
[54.983676] (-) TimerEvent: {}
[55.017640] (webrtc_camera_node) StdoutLine: {'line': b'[ 48%] \x1b[32mBuilding CXX object _deps/ixwebsocket-build/CMakeFiles/ixwebsocket.dir/ixwebsocket/IXSocketServer.cpp.o\x1b[0m\n'}
[55.083937] (-) TimerEvent: {}
[55.084531] (webrtc_camera_node) StdoutLine: {'line': b'[ 51%] \x1b[32mBuilding CXX object _deps/ixwebsocket-build/CMakeFiles/ixwebsocket.dir/ixwebsocket/IXSocketTLSOptions.cpp.o\x1b[0m\n'}
[55.166227] (webrtc_camera_node) StdoutLine: {'line': b'[ 53%] \x1b[32mBuilding CXX object _deps/ixwebsocket-build/CMakeFiles/ixwebsocket.dir/ixwebsocket/IXUdpSocket.cpp.o\x1b[0m\n'}
[55.184051] (-) TimerEvent: {}
[55.193079] (webrtc_camera_node) StdoutLine: {'line': b'[ 56%] \x1b[32mBuilding CXX object _deps/ixwebsocket-build/CMakeFiles/ixwebsocket.dir/ixwebsocket/IXStrCaseCompare.cpp.o\x1b[0m\n'}
[55.272868] (webrtc_camera_node) StdoutLine: {'line': b'[ 58%] \x1b[32mBuilding CXX object _deps/ixwebsocket-build/CMakeFiles/ixwebsocket.dir/ixwebsocket/IXUrlParser.cpp.o\x1b[0m\n'}
[55.284243] (-) TimerEvent: {}
[55.385382] (-) TimerEvent: {}
[55.489538] (-) TimerEvent: {}
[55.517358] (webrtc_camera_node) StdoutLine: {'line': b'[ 60%] \x1b[32mBuilding CXX object _deps/ixwebsocket-build/CMakeFiles/ixwebsocket.dir/ixwebsocket/IXUuid.cpp.o\x1b[0m\n'}
[55.589711] (-) TimerEvent: {}
[55.633758] (webrtc_camera_node) StdoutLine: {'line': b'[ 63%] \x1b[32mBuilding CXX object _deps/ixwebsocket-build/CMakeFiles/ixwebsocket.dir/ixwebsocket/IXUserAgent.cpp.o\x1b[0m\n'}
[55.692658] (-) TimerEvent: {}
[55.793151] (-) TimerEvent: {}
[55.844333] (webrtc_camera_node) StdoutLine: {'line': b'[ 65%] \x1b[32mBuilding CXX object _deps/ixwebsocket-build/CMakeFiles/ixwebsocket.dir/ixwebsocket/IXWebSocket.cpp.o\x1b[0m\n'}
[55.893287] (-) TimerEvent: {}
[55.919859] (webrtc_camera_node) StdoutLine: {'line': b'[ 68%] \x1b[32mBuilding CXX object _deps/ixwebsocket-build/CMakeFiles/ixwebsocket.dir/ixwebsocket/IXWebSocketCloseConstants.cpp.o\x1b[0m\n'}
[55.994644] (-) TimerEvent: {}
[56.092710] (webrtc_camera_node) StdoutLine: {'line': b'[ 70%] \x1b[32mBuilding CXX object _deps/ixwebsocket-build/CMakeFiles/ixwebsocket.dir/ixwebsocket/IXWebSocketHandshake.cpp.o\x1b[0m\n'}
[56.094730] (-) TimerEvent: {}
[56.195379] (-) TimerEvent: {}
[56.226430] (webrtc_camera_node) StdoutLine: {'line': b'[ 73%] \x1b[32mBuilding CXX object _deps/ixwebsocket-build/CMakeFiles/ixwebsocket.dir/ixwebsocket/IXWebSocketHttpHeaders.cpp.o\x1b[0m\n'}
[56.256194] (webrtc_camera_node) StdoutLine: {'line': b'[ 75%] \x1b[32mBuilding CXX object _deps/ixwebsocket-build/CMakeFiles/ixwebsocket.dir/ixwebsocket/IXWebSocketPerMessageDeflate.cpp.o\x1b[0m\n'}
[56.298657] (-) TimerEvent: {}
[56.299656] (webrtc_camera_node) StdoutLine: {'line': b'[ 78%] \x1b[32mBuilding CXX object _deps/ixwebsocket-build/CMakeFiles/ixwebsocket.dir/ixwebsocket/IXWebSocketPerMessageDeflateCodec.cpp.o\x1b[0m\n'}
[56.401138] (-) TimerEvent: {}
[56.501930] (-) TimerEvent: {}
[56.522189] (webrtc_camera_node) StdoutLine: {'line': b'[ 80%] \x1b[32mBuilding CXX object _deps/ixwebsocket-build/CMakeFiles/ixwebsocket.dir/ixwebsocket/IXWebSocketPerMessageDeflateOptions.cpp.o\x1b[0m\n'}
[56.530324] (webrtc_camera_node) StdoutLine: {'line': b'[ 82%] \x1b[32mBuilding CXX object _deps/ixwebsocket-build/CMakeFiles/ixwebsocket.dir/ixwebsocket/IXWebSocketProxyServer.cpp.o\x1b[0m\n'}
[56.603647] (-) TimerEvent: {}
[56.706648] (-) TimerEvent: {}
[56.794023] (webrtc_camera_node) StdoutLine: {'line': b'[ 85%] \x1b[32mBuilding CXX object _deps/ixwebsocket-build/CMakeFiles/ixwebsocket.dir/ixwebsocket/IXWebSocketServer.cpp.o\x1b[0m\n'}
[56.806760] (-) TimerEvent: {}
[56.907646] (-) TimerEvent: {}
[56.937016] (webrtc_camera_node) StdoutLine: {'line': b'[ 87%] \x1b[32mBuilding CXX object _deps/ixwebsocket-build/CMakeFiles/ixwebsocket.dir/ixwebsocket/IXWebSocketTransport.cpp.o\x1b[0m\n'}
[57.009655] (-) TimerEvent: {}
[57.110052] (-) TimerEvent: {}
[57.210450] (-) TimerEvent: {}
[57.313655] (-) TimerEvent: {}
[57.414134] (-) TimerEvent: {}
[57.514654] (-) TimerEvent: {}
[57.615020] (-) TimerEvent: {}
[57.716651] (-) TimerEvent: {}
[57.817142] (-) TimerEvent: {}
[57.917651] (-) TimerEvent: {}
[58.018159] (-) TimerEvent: {}
[58.118651] (-) TimerEvent: {}
[58.219747] (-) TimerEvent: {}
[58.320508] (-) TimerEvent: {}
[58.421659] (-) TimerEvent: {}
[58.522042] (-) TimerEvent: {}
[58.622728] (-) TimerEvent: {}
[58.662547] (webrtc_camera_node) StdoutLine: {'line': b'[ 90%] \x1b[32m\x1b[1mLinking CXX static library libixwebsocket.a\x1b[0m\n'}
[58.722899] (-) TimerEvent: {}
[58.823277] (-) TimerEvent: {}
[58.879613] (webrtc_camera_node) StdoutLine: {'line': b'[ 90%] Built target ixwebsocket\n'}
[58.920213] (webrtc_camera_node) StdoutLine: {'line': b'[ 95%] \x1b[32mBuilding CXX object CMakeFiles/receive_camera_node.dir/src/receive_camera_node.cpp.o\x1b[0m\n'}
[58.920482] (webrtc_camera_node) StdoutLine: {'line': b'[ 95%] \x1b[32mBuilding CXX object CMakeFiles/send_camera_node.dir/src/send_camera_node.cpp.o\x1b[0m\n'}
[58.923404] (-) TimerEvent: {}
[59.023890] (-) TimerEvent: {}
[59.124260] (-) TimerEvent: {}
[59.224614] (-) TimerEvent: {}
[59.325023] (-) TimerEvent: {}
[59.425324] (-) TimerEvent: {}
[59.525646] (-) TimerEvent: {}
[59.626034] (-) TimerEvent: {}
[59.726521] (-) TimerEvent: {}
[59.826919] (-) TimerEvent: {}
[59.927267] (-) TimerEvent: {}
[60.027642] (-) TimerEvent: {}
[60.127988] (-) TimerEvent: {}
[60.228338] (-) TimerEvent: {}
[60.328664] (-) TimerEvent: {}
[60.429017] (-) TimerEvent: {}
[60.529420] (-) TimerEvent: {}
[60.629797] (-) TimerEvent: {}
[60.730161] (-) TimerEvent: {}
[60.830513] (-) TimerEvent: {}
[60.930840] (-) TimerEvent: {}
[61.031139] (-) TimerEvent: {}
[61.131479] (-) TimerEvent: {}
[61.231812] (-) TimerEvent: {}
[61.332152] (-) TimerEvent: {}
[61.432480] (-) TimerEvent: {}
[61.532836] (-) TimerEvent: {}
[61.633180] (-) TimerEvent: {}
[61.733520] (-) TimerEvent: {}
[61.833877] (-) TimerEvent: {}
[61.934212] (-) TimerEvent: {}
[62.034577] (-) TimerEvent: {}
[62.134968] (-) TimerEvent: {}
[62.175094] (gst_pipeline_plugins) StdoutLine: {'line': b'[100%] \x1b[32m\x1b[1mLinking CXX shared library libgst_pipeline_plugins.so\x1b[0m\n'}
[62.235079] (-) TimerEvent: {}
[62.335432] (-) TimerEvent: {}
[62.435804] (-) TimerEvent: {}
[62.536165] (-) TimerEvent: {}
[62.636514] (-) TimerEvent: {}
[62.736865] (-) TimerEvent: {}
[62.837232] (-) TimerEvent: {}
[62.937659] (-) TimerEvent: {}
[63.037991] (-) TimerEvent: {}
[63.138284] (-) TimerEvent: {}
[63.238592] (-) TimerEvent: {}
[63.338929] (-) TimerEvent: {}
[63.439265] (-) TimerEvent: {}
[63.539641] (-) TimerEvent: {}
[63.545665] (gst_pipeline_plugins_webrtc) StdoutLine: {'line': b'[100%] \x1b[32m\x1b[1mLinking CXX shared library libgst_pipeline_plugins_webrtc.so\x1b[0m\n'}
[63.582047] (gst_pipeline_plugins) StdoutLine: {'line': b'[100%] Built target gst_pipeline_plugins\n'}
[63.596171] (gst_pipeline_plugins) CommandEnded: {'returncode': 0}
[63.598045] (gst_pipeline_plugins) JobProgress: {'identifier': 'gst_pipeline_plugins', 'progress': 'install'}
[63.598112] (gst_pipeline_plugins) Command: {'cmd': ['/usr/bin/cmake', '--install', '/root/ROS2_WEBRTC/rosgsthumble_ws/build/gst_pipeline_plugins'], 'cwd': '/root/ROS2_WEBRTC/rosgsthumble_ws/build/gst_pipeline_plugins', 'env': OrderedDict([('HOSTNAME', 'DuquedeCaixias'), ('GIT_ASKPASS', '/root/.vscode-server/bin/618725e67565b290ba4da6fe2d29f8fa1d4e3622/extensions/git/dist/askpass.sh'), ('SHLVL', '2'), ('LD_LIBRARY_PATH', '/root/ROS2_WEBRTC/rosgsthumble_ws/install/gst_pipeline/lib:/root/ROS2_WEBRTC/rosgsthumble_ws/install/gst_bridge/lib:/root/ROS2_WEBRTC/rosgsthumble_ws/install/gst_msgs/lib:/root/ROS2_WEBRTC/rosgsthumble_ws/install/audio_msgs/lib:/usr/lib/x86_64-linux-gnu/gazebo-11/plugins:/opt/ros/humble/opt/rviz_ogre_vendor/lib:/opt/ros/humble/lib/x86_64-linux-gnu:/opt/ros/humble/lib'), ('BROWSER', '/root/.vscode-server/bin/618725e67565b290ba4da6fe2d29f8fa1d4e3622/bin/helpers/browser.sh'), ('HOME', '/root'), ('TERM_PROGRAM_VERSION', '1.107.0'), ('PIPEWIRE_RUNTIME_DIR', '/run/user/1001'), ('VSCODE_IPC_HOOK_CLI', '/run/user/1001/vscode-ipc-68058f33-30f0-4307-9342-81328915a75d.sock'), ('ROS_PYTHON_VERSION', '3'), ('VSCODE_GIT_ASKPASS_MAIN', '/root/.vscode-server/bin/618725e67565b290ba4da6fe2d29f8fa1d4e3622/extensions/git/dist/askpass-main.js'), ('VSCODE_GIT_ASKPASS_NODE', '/root/.vscode-server/bin/618725e67565b290ba4da6fe2d29f8fa1d4e3622/node'), ('VSCODE_PYTHON_AUTOACTIVATE_GUARD', '1'), ('COLORTERM', 'truecolor'), ('REMOTE_CONTAINERS', 'true'), ('DEBUGINFOD_URLS', ''), ('WAYLAND_DISPLAY', 'wayland-0'), ('ROS_DISTRO', 'humble'), ('REMOTE_CONTAINERS_IPC', '/tmp/vscode-remote-containers-ipc-4d2d4b98-497d-4534-a764-ab857881c228.sock'), ('_', '/usr/bin/colcon'), ('ROS_VERSION', '2'), ('PKG_CONFIG_PATH', '/usr/lib/x86_64-linux-gnu/pkgconfig:'), ('OPENSSL_CONF', '/etc/ssl/openssl_legacy.cnf'), ('TERM', 'xterm-256color'), ('ROS_LOCALHOST_ONLY', '0'), ('PATH', '/root/.vscode-server/data/User/globalStorage/github.copilot-chat/debugCommand:/root/.vscode-server/data/User/globalStorage/github.copilot-chat/copilotCli:/root/.vscode-server/bin/618725e67565b290ba4da6fe2d29f8fa1d4e3622/bin/remote-cli:/opt/ros/humble/bin:/usr/local/sbin:/usr/local/bin:/usr/sbin:/usr/bin:/sbin:/bin'), ('XDG_RUNTIME_DIR', '/run/user/1001'), ('REMOTE_CONTAINERS_SOCKETS', '["/root/.gnupg/S.gpg-agent"]'), ('DISPLAY', ':0'), ('LANG', 'C.UTF-8'), ('LS_COLORS', 'rs=0:di=01;34:ln=01;36:mh=00:pi=40;33:so=01;35:do=01;35:bd=40;33;01:cd=40;33;01:or=40;31;01:mi=00:su=37;41:sg=30;43:ca=30;41:tw=30;42:ow=34;42:st=37;44:ex=01;32:*.tar=01;31:*.tgz=01;31:*.arc=01;31:*.arj=01;31:*.taz=01;31:*.lha=01;31:*.lz4=01;31:*.lzh=01;31:*.lzma=01;31:*.tlz=01;31:*.txz=01;31:*.tzo=01;31:*.t7z=01;31:*.zip=01;31:*.z=01;31:*.dz=01;31:*.gz=01;31:*.lrz=01;31:*.lz=01;31:*.lzo=01;31:*.xz=01;31:*.zst=01;31:*.tzst=01;31:*.bz2=01;31:*.bz=01;31:*.tbz=01;31:*.tbz2=01;31:*.tz=01;31:*.deb=01;31:*.rpm=01;31:*.jar=01;31:*.war=01;31:*.ear=01;31:*.sar=01;31:*.rar=01;31:*.alz=01;31:*.ace=01;31:*.zoo=01;31:*.cpio=01;31:*.7z=01;31:*.rz=01;31:*.cab=01;31:*.wim=01;31:*.swm=01;31:*.dwm=01;31:*.esd=01;31:*.jpg=01;35:*.jpeg=01;35:*.mjpg=01;35:*.mjpeg=01;35:*.gif=01;35:*.bmp=01;35:*.pbm=01;35:*.pgm=01;35:*.ppm=01;35:*.tga=01;35:*.xbm=01;35:*.xpm=01;35:*.tif=01;35:*.tiff=01;35:*.png=01;35:*.svg=01;35:*.svgz=01;35:*.mng=01;35:*.pcx=01;35:*.mov=01;35:*.mpg=01;35:*.mpeg=01;35:*.m2v=01;35:*.mkv=01;35:*.webm=01;35:*.webp=01;35:*.ogm=01;35:*.mp4=01;35:*.m4v=01;35:*.mp4v=01;35:*.vob=01;35:*.qt=01;35:*.nuv=01;35:*.wmv=01;35:*.asf=01;35:*.rm=01;35:*.rmvb=01;35:*.flc=01;35:*.avi=01;35:*.fli=01;35:*.flv=01;35:*.gl=01;35:*.dl=01;35:*.xcf=01;35:*.xwd=01;35:*.yuv=01;35:*.cgm=01;35:*.emf=01;35:*.ogv=01;35:*.ogx=01;35:*.aac=00;36:*.au=00;36:*.flac=00;36:*.m4a=00;36:*.mid=00;36:*.midi=00;36:*.mka=00;36:*.mp3=00;36:*.mpc=00;36:*.ogg=00;36:*.ra=00;36:*.wav=00;36:*.oga=00;36:*.opus=00;36:*.spx=00;36:*.xspf=00;36:'), ('VSCODE_GIT_IPC_HANDLE', '/run/user/1001/vscode-git-84fad1f619.sock'), ('TERM_PROGRAM', 'vscode'), ('AMENT_PREFIX_PATH', '/root/ROS2_WEBRTC/rosgsthumble_ws/install/gst_pipeline:/root/ROS2_WEBRTC/rosgsthumble_ws/install/gst_bridge:/root/ROS2_WEBRTC/rosgsthumble_ws/install/gst_msgs:/root/ROS2_WEBRTC/rosgsthumble_ws/install/audio_msgs:/opt/ros/humble'), ('DEBIAN_FRONTEND', 'noninteractive'), ('SHELL', '/bin/bash'), ('VSCODE_GIT_ASKPASS_EXTRA_ARGS', ''), ('PWD', '/root/ROS2_WEBRTC/rosgsthumble_ws/build/gst_pipeline_plugins'), ('LC_ALL', 'C.UTF-8'), ('PYTHONPATH', '/root/ROS2_WEBRTC/rosgsthumble_ws/install/gst_msgs/local/lib/python3.10/dist-packages:/root/ROS2_WEBRTC/rosgsthumble_ws/install/audio_msgs/local/lib/python3.10/dist-packages:/opt/ros/humble/lib/python3.10/site-packages:/opt/ros/humble/local/lib/python3.10/dist-packages'), ('COLCON', '1'), ('CMAKE_PREFIX_PATH', '/root/ROS2_WEBRTC/rosgsthumble_ws/install/gst_pipeline:/root/ROS2_WEBRTC/rosgsthumble_ws/install/gst_bridge:/root/ROS2_WEBRTC/rosgsthumble_ws/install/gst_msgs:/root/ROS2_WEBRTC/rosgsthumble_ws/install/audio_msgs:/opt/ros/humble')]), 'shell': False}
[63.606378] (gst_pipeline_plugins) StdoutLine: {'line': b'-- Install configuration: ""\n'}
[63.607292] (gst_pipeline_plugins) StdoutLine: {'line': b'-- Execute custom install script\n'}
[63.607539] (gst_pipeline_plugins) StdoutLine: {'line': b'-- Symlinking: /root/ROS2_WEBRTC/rosgsthumble_ws/install/gst_pipeline_plugins/share/gst_pipeline_plugins//plugins.xml\n'}
[63.617382] (gst_pipeline_plugins) StdoutLine: {'line': b'-- Symlinking: /root/ROS2_WEBRTC/rosgsthumble_ws/install/gst_pipeline_plugins/include/gst_pipeline_plugins/bridge.h\n'}
[63.627027] (gst_pipeline_plugins) StdoutLine: {'line': b'-- Symlinking: /root/ROS2_WEBRTC/rosgsthumble_ws/install/gst_pipeline_plugins/include/gst_pipeline_plugins/buffer_observer.h\n'}
[63.635708] (gst_pipeline_plugins) StdoutLine: {'line': b'-- Symlinking: /root/ROS2_WEBRTC/rosgsthumble_ws/install/gst_pipeline_plugins/include/gst_pipeline_plugins/clock_observer.h\n'}
[63.639712] (-) TimerEvent: {}
[63.644270] (gst_pipeline_plugins) StdoutLine: {'line': b'-- Symlinking: /root/ROS2_WEBRTC/rosgsthumble_ws/install/gst_pipeline_plugins/include/gst_pipeline_plugins/framegate.h\n'}
[63.653318] (gst_pipeline_plugins) StdoutLine: {'line': b'-- Symlinking: /root/ROS2_WEBRTC/rosgsthumble_ws/install/gst_pipeline_plugins/include/gst_pipeline_plugins/meta/gstmark.h\n'}
[63.662080] (gst_pipeline_plugins) StdoutLine: {'line': b'-- Symlinking: /root/ROS2_WEBRTC/rosgsthumble_ws/install/gst_pipeline_plugins/include/gst_pipeline_plugins/metadata_hook.h\n'}
[63.672180] (gst_pipeline_plugins) StdoutLine: {'line': b'-- Symlinking: /root/ROS2_WEBRTC/rosgsthumble_ws/install/gst_pipeline_plugins/include/gst_pipeline_plugins/multifilesink_observer.h\n'}
[63.681389] (gst_pipeline_plugins) StdoutLine: {'line': b'-- Symlinking: /root/ROS2_WEBRTC/rosgsthumble_ws/install/gst_pipeline_plugins/include/gst_pipeline_plugins/net_clock.h\n'}
[63.690496] (gst_pipeline_plugins) StdoutLine: {'line': b'-- Symlinking: /root/ROS2_WEBRTC/rosgsthumble_ws/install/gst_pipeline_plugins/include/gst_pipeline_plugins/parameters.h\n'}
[63.699915] (gst_pipeline_plugins) StdoutLine: {'line': b'-- Symlinking: /root/ROS2_WEBRTC/rosgsthumble_ws/install/gst_pipeline_plugins/include/gst_pipeline_plugins/pause_srv.h\n'}
[63.709346] (gst_pipeline_plugins) StdoutLine: {'line': b'-- Symlinking: /root/ROS2_WEBRTC/rosgsthumble_ws/install/gst_pipeline_plugins/include/gst_pipeline_plugins/rtp_header_hook.h\n'}
[63.720012] (gst_pipeline_plugins) StdoutLine: {'line': b'-- Symlinking: /root/ROS2_WEBRTC/rosgsthumble_ws/install/gst_pipeline_plugins/share/gst_pipeline_plugins/config/parameters_example.config.yaml\n'}
[63.729790] (gst_pipeline_plugins) StdoutLine: {'line': b'-- Symlinking: /root/ROS2_WEBRTC/rosgsthumble_ws/install/gst_pipeline_plugins/share/gst_pipeline_plugins/launch/parameters_example.launch.py\n'}
[63.739310] (gst_pipeline_plugins) StdoutLine: {'line': b'-- Symlinking: /root/ROS2_WEBRTC/rosgsthumble_ws/install/gst_pipeline_plugins/share/gst_pipeline_plugins/environment/library_path.sh\n'}
[63.739783] (-) TimerEvent: {}
[63.749373] (gst_pipeline_plugins) StdoutLine: {'line': b'-- Symlinking: /root/ROS2_WEBRTC/rosgsthumble_ws/install/gst_pipeline_plugins/share/gst_pipeline_plugins/environment/library_path.dsv\n'}
[63.759759] (gst_pipeline_plugins) StdoutLine: {'line': b'-- Symlinking: /root/ROS2_WEBRTC/rosgsthumble_ws/install/gst_pipeline_plugins/share/ament_index/resource_index/package_run_dependencies/gst_pipeline_plugins\n'}
[63.769572] (gst_pipeline_plugins) StdoutLine: {'line': b'-- Symlinking: /root/ROS2_WEBRTC/rosgsthumble_ws/install/gst_pipeline_plugins/share/ament_index/resource_index/parent_prefix_path/gst_pipeline_plugins\n'}
[63.779380] (gst_pipeline_plugins) StdoutLine: {'line': b'-- Symlinking: /root/ROS2_WEBRTC/rosgsthumble_ws/install/gst_pipeline_plugins/share/gst_pipeline_plugins/environment/ament_prefix_path.sh\n'}
[63.789610] (gst_pipeline_plugins) StdoutLine: {'line': b'-- Symlinking: /root/ROS2_WEBRTC/rosgsthumble_ws/install/gst_pipeline_plugins/share/gst_pipeline_plugins/environment/ament_prefix_path.dsv\n'}
[63.799529] (gst_pipeline_plugins) StdoutLine: {'line': b'-- Symlinking: /root/ROS2_WEBRTC/rosgsthumble_ws/install/gst_pipeline_plugins/share/gst_pipeline_plugins/environment/path.sh\n'}
[63.810303] (gst_pipeline_plugins) StdoutLine: {'line': b'-- Symlinking: /root/ROS2_WEBRTC/rosgsthumble_ws/install/gst_pipeline_plugins/share/gst_pipeline_plugins/environment/path.dsv\n'}
[63.819870] (gst_pipeline_plugins) StdoutLine: {'line': b'-- Symlinking: /root/ROS2_WEBRTC/rosgsthumble_ws/install/gst_pipeline_plugins/share/gst_pipeline_plugins/local_setup.bash\n'}
[63.829738] (gst_pipeline_plugins) StdoutLine: {'line': b'-- Symlinking: /root/ROS2_WEBRTC/rosgsthumble_ws/install/gst_pipeline_plugins/share/gst_pipeline_plugins/local_setup.sh\n'}
[63.849451] (gst_pipeline_plugins) StdoutLine: {'line': b'-- Symlinking: /root/ROS2_WEBRTC/rosgsthumble_ws/install/gst_pipeline_plugins/share/gst_pipeline_plugins/local_setup.zsh\n'}
[63.849759] (-) TimerEvent: {}
[63.850023] (gst_pipeline_plugins) StdoutLine: {'line': b'-- Symlinking: /root/ROS2_WEBRTC/rosgsthumble_ws/install/gst_pipeline_plugins/share/gst_pipeline_plugins/local_setup.dsv\n'}
[63.859983] (gst_pipeline_plugins) StdoutLine: {'line': b'-- Symlinking: /root/ROS2_WEBRTC/rosgsthumble_ws/install/gst_pipeline_plugins/share/gst_pipeline_plugins/package.dsv\n'}
[63.870281] (gst_pipeline_plugins) StdoutLine: {'line': b'-- Symlinking: /root/ROS2_WEBRTC/rosgsthumble_ws/install/gst_pipeline_plugins/share/ament_index/resource_index/packages/gst_pipeline_plugins\n'}
[63.880379] (gst_pipeline_plugins) StdoutLine: {'line': b'-- Symlinking: /root/ROS2_WEBRTC/rosgsthumble_ws/install/gst_pipeline_plugins/share/ament_index/resource_index/gst_pipeline__pluginlib__plugin/gst_pipeline_plugins\n'}
[63.890629] (gst_pipeline_plugins) StdoutLine: {'line': b'-- Symlinking: /root/ROS2_WEBRTC/rosgsthumble_ws/install/gst_pipeline_plugins/share/gst_pipeline_plugins/cmake/ament_cmake_export_include_directories-extras.cmake\n'}
[63.901214] (gst_pipeline_plugins) StdoutLine: {'line': b'-- Symlinking: /root/ROS2_WEBRTC/rosgsthumble_ws/install/gst_pipeline_plugins/share/gst_pipeline_plugins/cmake/ament_cmake_export_libraries-extras.cmake\n'}
[63.912527] (gst_pipeline_plugins) StdoutLine: {'line': b'-- Symlinking: /root/ROS2_WEBRTC/rosgsthumble_ws/install/gst_pipeline_plugins/share/gst_pipeline_plugins/cmake/ament_cmake_export_targets-extras.cmake\n'}
[63.924438] (gst_pipeline_plugins) StdoutLine: {'line': b'-- Symlinking: /root/ROS2_WEBRTC/rosgsthumble_ws/install/gst_pipeline_plugins/share/gst_pipeline_plugins/cmake/ament_cmake_export_dependencies-extras.cmake\n'}
[63.934801] (gst_pipeline_plugins) StdoutLine: {'line': b'-- Symlinking: /root/ROS2_WEBRTC/rosgsthumble_ws/install/gst_pipeline_plugins/share/gst_pipeline_plugins/cmake/gst_pipeline_pluginsConfig.cmake\n'}
[63.944483] (gst_pipeline_plugins) StdoutLine: {'line': b'-- Symlinking: /root/ROS2_WEBRTC/rosgsthumble_ws/install/gst_pipeline_plugins/share/gst_pipeline_plugins/cmake/gst_pipeline_pluginsConfig-version.cmake\n'}
[63.949870] (-) TimerEvent: {}
[63.955730] (gst_pipeline_plugins) StdoutLine: {'line': b'-- Symlinking: /root/ROS2_WEBRTC/rosgsthumble_ws/install/gst_pipeline_plugins/share/gst_pipeline_plugins/package.xml\n'}
[63.966470] (gst_pipeline_plugins) StdoutLine: {'line': b'-- Installing: /root/ROS2_WEBRTC/rosgsthumble_ws/install/gst_pipeline_plugins/lib/libgst_pipeline_plugins.so\n'}
[63.987708] (gst_pipeline_plugins) StdoutLine: {'line': b'-- Set runtime path of "/root/ROS2_WEBRTC/rosgsthumble_ws/install/gst_pipeline_plugins/lib/libgst_pipeline_plugins.so" to ""\n'}
[63.987934] (gst_pipeline_plugins) StdoutLine: {'line': b'-- Installing: /root/ROS2_WEBRTC/rosgsthumble_ws/install/gst_pipeline_plugins/share/gst_pipeline_plugins/cmake/export_gst_pipeline_pluginsExport.cmake\n'}
[63.988069] (gst_pipeline_plugins) StdoutLine: {'line': b'-- Installing: /root/ROS2_WEBRTC/rosgsthumble_ws/install/gst_pipeline_plugins/share/gst_pipeline_plugins/cmake/export_gst_pipeline_pluginsExport-noconfig.cmake\n'}
[63.990520] (gst_pipeline_plugins) CommandEnded: {'returncode': 0}
[64.036683] (gst_pipeline_plugins) JobEnded: {'identifier': 'gst_pipeline_plugins', 'rc': 0}
[64.049971] (-) TimerEvent: {}
[64.131816] (webrtc_camera_node) StdoutLine: {'line': b'[ 97%] \x1b[32m\x1b[1mLinking CXX executable send_camera_node\x1b[0m\n'}
[64.150082] (-) TimerEvent: {}
[64.220386] (webrtc_camera_node) StdoutLine: {'line': b'[100%] \x1b[32m\x1b[1mLinking CXX executable receive_camera_node\x1b[0m\n'}
[64.250197] (-) TimerEvent: {}
[64.350594] (-) TimerEvent: {}
[64.392357] (gst_pipeline_plugins_webrtc) StdoutLine: {'line': b'[100%] Built target gst_pipeline_plugins_webrtc\n'}
[64.404001] (gst_pipeline_plugins_webrtc) CommandEnded: {'returncode': 0}
[64.404579] (gst_pipeline_plugins_webrtc) JobProgress: {'identifier': 'gst_pipeline_plugins_webrtc', 'progress': 'install'}
[64.404908] (gst_pipeline_plugins_webrtc) Command: {'cmd': ['/usr/bin/cmake', '--install', '/root/ROS2_WEBRTC/rosgsthumble_ws/build/gst_pipeline_plugins_webrtc'], 'cwd': '/root/ROS2_WEBRTC/rosgsthumble_ws/build/gst_pipeline_plugins_webrtc', 'env': OrderedDict([('HOSTNAME', 'DuquedeCaixias'), ('GIT_ASKPASS', '/root/.vscode-server/bin/618725e67565b290ba4da6fe2d29f8fa1d4e3622/extensions/git/dist/askpass.sh'), ('SHLVL', '2'), ('LD_LIBRARY_PATH', '/root/ROS2_WEBRTC/rosgsthumble_ws/install/gst_pipeline/lib:/root/ROS2_WEBRTC/rosgsthumble_ws/install/gst_bridge/lib:/root/ROS2_WEBRTC/rosgsthumble_ws/install/gst_msgs/lib:/root/ROS2_WEBRTC/rosgsthumble_ws/install/audio_msgs/lib:/usr/lib/x86_64-linux-gnu/gazebo-11/plugins:/opt/ros/humble/opt/rviz_ogre_vendor/lib:/opt/ros/humble/lib/x86_64-linux-gnu:/opt/ros/humble/lib'), ('BROWSER', '/root/.vscode-server/bin/618725e67565b290ba4da6fe2d29f8fa1d4e3622/bin/helpers/browser.sh'), ('HOME', '/root'), ('TERM_PROGRAM_VERSION', '1.107.0'), ('PIPEWIRE_RUNTIME_DIR', '/run/user/1001'), ('VSCODE_IPC_HOOK_CLI', '/run/user/1001/vscode-ipc-68058f33-30f0-4307-9342-81328915a75d.sock'), ('ROS_PYTHON_VERSION', '3'), ('VSCODE_GIT_ASKPASS_MAIN', '/root/.vscode-server/bin/618725e67565b290ba4da6fe2d29f8fa1d4e3622/extensions/git/dist/askpass-main.js'), ('VSCODE_GIT_ASKPASS_NODE', '/root/.vscode-server/bin/618725e67565b290ba4da6fe2d29f8fa1d4e3622/node'), ('VSCODE_PYTHON_AUTOACTIVATE_GUARD', '1'), ('COLORTERM', 'truecolor'), ('REMOTE_CONTAINERS', 'true'), ('DEBUGINFOD_URLS', ''), ('WAYLAND_DISPLAY', 'wayland-0'), ('ROS_DISTRO', 'humble'), ('REMOTE_CONTAINERS_IPC', '/tmp/vscode-remote-containers-ipc-4d2d4b98-497d-4534-a764-ab857881c228.sock'), ('_', '/usr/bin/colcon'), ('ROS_VERSION', '2'), ('PKG_CONFIG_PATH', '/usr/lib/x86_64-linux-gnu/pkgconfig:'), ('OPENSSL_CONF', '/etc/ssl/openssl_legacy.cnf'), ('TERM', 'xterm-256color'), ('ROS_LOCALHOST_ONLY', '0'), ('PATH', '/root/.vscode-server/data/User/globalStorage/github.copilot-chat/debugCommand:/root/.vscode-server/data/User/globalStorage/github.copilot-chat/copilotCli:/root/.vscode-server/bin/618725e67565b290ba4da6fe2d29f8fa1d4e3622/bin/remote-cli:/opt/ros/humble/bin:/usr/local/sbin:/usr/local/bin:/usr/sbin:/usr/bin:/sbin:/bin'), ('XDG_RUNTIME_DIR', '/run/user/1001'), ('REMOTE_CONTAINERS_SOCKETS', '["/root/.gnupg/S.gpg-agent"]'), ('DISPLAY', ':0'), ('LANG', 'C.UTF-8'), ('LS_COLORS', 'rs=0:di=01;34:ln=01;36:mh=00:pi=40;33:so=01;35:do=01;35:bd=40;33;01:cd=40;33;01:or=40;31;01:mi=00:su=37;41:sg=30;43:ca=30;41:tw=30;42:ow=34;42:st=37;44:ex=01;32:*.tar=01;31:*.tgz=01;31:*.arc=01;31:*.arj=01;31:*.taz=01;31:*.lha=01;31:*.lz4=01;31:*.lzh=01;31:*.lzma=01;31:*.tlz=01;31:*.txz=01;31:*.tzo=01;31:*.t7z=01;31:*.zip=01;31:*.z=01;31:*.dz=01;31:*.gz=01;31:*.lrz=01;31:*.lz=01;31:*.lzo=01;31:*.xz=01;31:*.zst=01;31:*.tzst=01;31:*.bz2=01;31:*.bz=01;31:*.tbz=01;31:*.tbz2=01;31:*.tz=01;31:*.deb=01;31:*.rpm=01;31:*.jar=01;31:*.war=01;31:*.ear=01;31:*.sar=01;31:*.rar=01;31:*.alz=01;31:*.ace=01;31:*.zoo=01;31:*.cpio=01;31:*.7z=01;31:*.rz=01;31:*.cab=01;31:*.wim=01;31:*.swm=01;31:*.dwm=01;31:*.esd=01;31:*.jpg=01;35:*.jpeg=01;35:*.mjpg=01;35:*.mjpeg=01;35:*.gif=01;35:*.bmp=01;35:*.pbm=01;35:*.pgm=01;35:*.ppm=01;35:*.tga=01;35:*.xbm=01;35:*.xpm=01;35:*.tif=01;35:*.tiff=01;35:*.png=01;35:*.svg=01;35:*.svgz=01;35:*.mng=01;35:*.pcx=01;35:*.mov=01;35:*.mpg=01;35:*.mpeg=01;35:*.m2v=01;35:*.mkv=01;35:*.webm=01;35:*.webp=01;35:*.ogm=01;35:*.mp4=01;35:*.m4v=01;35:*.mp4v=01;35:*.vob=01;35:*.qt=01;35:*.nuv=01;35:*.wmv=01;35:*.asf=01;35:*.rm=01;35:*.rmvb=01;35:*.flc=01;35:*.avi=01;35:*.fli=01;35:*.flv=01;35:*.gl=01;35:*.dl=01;35:*.xcf=01;35:*.xwd=01;35:*.yuv=01;35:*.cgm=01;35:*.emf=01;35:*.ogv=01;35:*.ogx=01;35:*.aac=00;36:*.au=00;36:*.flac=00;36:*.m4a=00;36:*.mid=00;36:*.midi=00;36:*.mka=00;36:*.mp3=00;36:*.mpc=00;36:*.ogg=00;36:*.ra=00;36:*.wav=00;36:*.oga=00;36:*.opus=00;36:*.spx=00;36:*.xspf=00;36:'), ('VSCODE_GIT_IPC_HANDLE', '/run/user/1001/vscode-git-84fad1f619.sock'), ('TERM_PROGRAM', 'vscode'), ('AMENT_PREFIX_PATH', '/root/ROS2_WEBRTC/rosgsthumble_ws/install/gst_pipeline:/root/ROS2_WEBRTC/rosgsthumble_ws/install/gst_bridge:/root/ROS2_WEBRTC/rosgsthumble_ws/install/gst_msgs:/root/ROS2_WEBRTC/rosgsthumble_ws/install/audio_msgs:/opt/ros/humble'), ('DEBIAN_FRONTEND', 'noninteractive'), ('SHELL', '/bin/bash'), ('VSCODE_GIT_ASKPASS_EXTRA_ARGS', ''), ('PWD', '/root/ROS2_WEBRTC/rosgsthumble_ws/build/gst_pipeline_plugins_webrtc'), ('LC_ALL', 'C.UTF-8'), ('PYTHONPATH', '/root/ROS2_WEBRTC/rosgsthumble_ws/install/gst_msgs/local/lib/python3.10/dist-packages:/root/ROS2_WEBRTC/rosgsthumble_ws/install/audio_msgs/local/lib/python3.10/dist-packages:/opt/ros/humble/lib/python3.10/site-packages:/opt/ros/humble/local/lib/python3.10/dist-packages'), ('COLCON', '1'), ('CMAKE_PREFIX_PATH', '/root/ROS2_WEBRTC/rosgsthumble_ws/install/gst_pipeline:/root/ROS2_WEBRTC/rosgsthumble_ws/install/gst_bridge:/root/ROS2_WEBRTC/rosgsthumble_ws/install/gst_msgs:/root/ROS2_WEBRTC/rosgsthumble_ws/install/audio_msgs:/opt/ros/humble')]), 'shell': False}
[64.413024] (gst_pipeline_plugins_webrtc) StdoutLine: {'line': b'-- Install configuration: ""\n'}
[64.413412] (gst_pipeline_plugins_webrtc) StdoutLine: {'line': b'-- Execute custom install script\n'}
[64.413801] (gst_pipeline_plugins_webrtc) StdoutLine: {'line': b'-- Symlinking: /root/ROS2_WEBRTC/rosgsthumble_ws/install/gst_pipeline_plugins_webrtc/include/gst_pipeline_plugins_webrtc/base.h\n'}
[64.422362] (gst_pipeline_plugins_webrtc) StdoutLine: {'line': b'-- Symlinking: /root/ROS2_WEBRTC/rosgsthumble_ws/install/gst_pipeline_plugins_webrtc/include/gst_pipeline_plugins_webrtc/datachannel.h\n'}
[64.432150] (gst_pipeline_plugins_webrtc) StdoutLine: {'line': b'-- Symlinking: /root/ROS2_WEBRTC/rosgsthumble_ws/install/gst_pipeline_plugins_webrtc/include/gst_pipeline_plugins_webrtc/ros.h\n'}
[64.441676] (gst_pipeline_plugins_webrtc) StdoutLine: {'line': b'-- Symlinking: /root/ROS2_WEBRTC/rosgsthumble_ws/install/gst_pipeline_plugins_webrtc/include/gst_pipeline_plugins_webrtc/websockets.h\n'}
[64.450704] (-) TimerEvent: {}
[64.451376] (gst_pipeline_plugins_webrtc) StdoutLine: {'line': b'-- Symlinking: /root/ROS2_WEBRTC/rosgsthumble_ws/install/gst_pipeline_plugins_webrtc/share/gst_pipeline_plugins_webrtc/config/dynamic_loop.config.yaml\n'}
[64.463825] (gst_pipeline_plugins_webrtc) StdoutLine: {'line': b'-- Symlinking: /root/ROS2_WEBRTC/rosgsthumble_ws/install/gst_pipeline_plugins_webrtc/share/gst_pipeline_plugins_webrtc/config/peer_to_peer.config.yaml\n'}
[64.474017] (gst_pipeline_plugins_webrtc) StdoutLine: {'line': b'-- Symlinking: /root/ROS2_WEBRTC/rosgsthumble_ws/install/gst_pipeline_plugins_webrtc/share/gst_pipeline_plugins_webrtc/config/websockets.config.yaml\n'}
[64.484008] (gst_pipeline_plugins_webrtc) StdoutLine: {'line': b'-- Symlinking: /root/ROS2_WEBRTC/rosgsthumble_ws/install/gst_pipeline_plugins_webrtc/share/gst_pipeline_plugins_webrtc/config/websockets_and_datachannels.config.yaml\n'}
[64.493484] (gst_pipeline_plugins_webrtc) StdoutLine: {'line': b'-- Symlinking: /root/ROS2_WEBRTC/rosgsthumble_ws/install/gst_pipeline_plugins_webrtc/share/gst_pipeline_plugins_webrtc/launch/dynamic_loop.launch.py\n'}
[64.497035] (webrtc_camera_node) StdoutLine: {'line': b'[100%] Built target send_camera_node\n'}
[64.502884] (gst_pipeline_plugins_webrtc) StdoutLine: {'line': b'-- Symlinking: /root/ROS2_WEBRTC/rosgsthumble_ws/install/gst_pipeline_plugins_webrtc/share/gst_pipeline_plugins_webrtc/launch/peer_to_peer.launch.py\n'}
[64.511268] (gst_pipeline_plugins_webrtc) StdoutLine: {'line': b'-- Symlinking: /root/ROS2_WEBRTC/rosgsthumble_ws/install/gst_pipeline_plugins_webrtc/share/gst_pipeline_plugins_webrtc/launch/websockets.launch.py\n'}
[64.519858] (gst_pipeline_plugins_webrtc) StdoutLine: {'line': b'-- Symlinking: /root/ROS2_WEBRTC/rosgsthumble_ws/install/gst_pipeline_plugins_webrtc/share/gst_pipeline_plugins_webrtc/launch/websockets_and_datachannels.launch.py\n'}
[64.529325] (gst_pipeline_plugins_webrtc) StdoutLine: {'line': b'-- Symlinking: /root/ROS2_WEBRTC/rosgsthumble_ws/install/gst_pipeline_plugins_webrtc/share/gst_pipeline_plugins_webrtc//plugins.xml\n'}
[64.537767] (gst_pipeline_plugins_webrtc) StdoutLine: {'line': b'-- Symlinking: /root/ROS2_WEBRTC/rosgsthumble_ws/install/gst_pipeline_plugins_webrtc/share/gst_pipeline_plugins_webrtc//datachannel_plugins.xml\n'}
[64.540227] (webrtc_camera_node) StdoutLine: {'line': b'[100%] Built target receive_camera_node\n'}
[64.546227] (gst_pipeline_plugins_webrtc) StdoutLine: {'line': b'-- Symlinking: /root/ROS2_WEBRTC/rosgsthumble_ws/install/gst_pipeline_plugins_webrtc/share/gst_pipeline_plugins_webrtc/environment/library_path.sh\n'}
[64.550605] (webrtc_camera_node) CommandEnded: {'returncode': 0}
[64.550954] (-) TimerEvent: {}
[64.551463] (webrtc_camera_node) JobProgress: {'identifier': 'webrtc_camera_node', 'progress': 'install'}
[64.551907] (webrtc_camera_node) Command: {'cmd': ['/usr/bin/cmake', '--install', '/root/ROS2_WEBRTC/rosgsthumble_ws/build/webrtc_camera_node'], 'cwd': '/root/ROS2_WEBRTC/rosgsthumble_ws/build/webrtc_camera_node', 'env': OrderedDict([('HOSTNAME', 'DuquedeCaixias'), ('GIT_ASKPASS', '/root/.vscode-server/bin/618725e67565b290ba4da6fe2d29f8fa1d4e3622/extensions/git/dist/askpass.sh'), ('SHLVL', '2'), ('LD_LIBRARY_PATH', '/root/ROS2_WEBRTC/rosgsthumble_ws/install/gst_bridge/lib:/root/ROS2_WEBRTC/rosgsthumble_ws/install/audio_msgs/lib:/usr/lib/x86_64-linux-gnu/gazebo-11/plugins:/opt/ros/humble/opt/rviz_ogre_vendor/lib:/opt/ros/humble/lib/x86_64-linux-gnu:/opt/ros/humble/lib'), ('BROWSER', '/root/.vscode-server/bin/618725e67565b290ba4da6fe2d29f8fa1d4e3622/bin/helpers/browser.sh'), ('HOME', '/root'), ('TERM_PROGRAM_VERSION', '1.107.0'), ('PIPEWIRE_RUNTIME_DIR', '/run/user/1001'), ('VSCODE_IPC_HOOK_CLI', '/run/user/1001/vscode-ipc-68058f33-30f0-4307-9342-81328915a75d.sock'), ('ROS_PYTHON_VERSION', '3'), ('VSCODE_GIT_ASKPASS_MAIN', '/root/.vscode-server/bin/618725e67565b290ba4da6fe2d29f8fa1d4e3622/extensions/git/dist/askpass-main.js'), ('VSCODE_GIT_ASKPASS_NODE', '/root/.vscode-server/bin/618725e67565b290ba4da6fe2d29f8fa1d4e3622/node'), ('VSCODE_PYTHON_AUTOACTIVATE_GUARD', '1'), ('COLORTERM', 'truecolor'), ('REMOTE_CONTAINERS', 'true'), ('DEBUGINFOD_URLS', ''), ('WAYLAND_DISPLAY', 'wayland-0'), ('ROS_DISTRO', 'humble'), ('REMOTE_CONTAINERS_IPC', '/tmp/vscode-remote-containers-ipc-4d2d4b98-497d-4534-a764-ab857881c228.sock'), ('_', '/usr/bin/colcon'), ('ROS_VERSION', '2'), ('PKG_CONFIG_PATH', '/usr/lib/x86_64-linux-gnu/pkgconfig:'), ('OPENSSL_CONF', '/etc/ssl/openssl_legacy.cnf'), ('TERM', 'xterm-256color'), ('ROS_LOCALHOST_ONLY', '0'), ('PATH', '/root/.vscode-server/data/User/globalStorage/github.copilot-chat/debugCommand:/root/.vscode-server/data/User/globalStorage/github.copilot-chat/copilotCli:/root/.vscode-server/bin/618725e67565b290ba4da6fe2d29f8fa1d4e3622/bin/remote-cli:/opt/ros/humble/bin:/usr/local/sbin:/usr/local/bin:/usr/sbin:/usr/bin:/sbin:/bin'), ('XDG_RUNTIME_DIR', '/run/user/1001'), ('REMOTE_CONTAINERS_SOCKETS', '["/root/.gnupg/S.gpg-agent"]'), ('DISPLAY', ':0'), ('LANG', 'C.UTF-8'), ('LS_COLORS', 'rs=0:di=01;34:ln=01;36:mh=00:pi=40;33:so=01;35:do=01;35:bd=40;33;01:cd=40;33;01:or=40;31;01:mi=00:su=37;41:sg=30;43:ca=30;41:tw=30;42:ow=34;42:st=37;44:ex=01;32:*.tar=01;31:*.tgz=01;31:*.arc=01;31:*.arj=01;31:*.taz=01;31:*.lha=01;31:*.lz4=01;31:*.lzh=01;31:*.lzma=01;31:*.tlz=01;31:*.txz=01;31:*.tzo=01;31:*.t7z=01;31:*.zip=01;31:*.z=01;31:*.dz=01;31:*.gz=01;31:*.lrz=01;31:*.lz=01;31:*.lzo=01;31:*.xz=01;31:*.zst=01;31:*.tzst=01;31:*.bz2=01;31:*.bz=01;31:*.tbz=01;31:*.tbz2=01;31:*.tz=01;31:*.deb=01;31:*.rpm=01;31:*.jar=01;31:*.war=01;31:*.ear=01;31:*.sar=01;31:*.rar=01;31:*.alz=01;31:*.ace=01;31:*.zoo=01;31:*.cpio=01;31:*.7z=01;31:*.rz=01;31:*.cab=01;31:*.wim=01;31:*.swm=01;31:*.dwm=01;31:*.esd=01;31:*.jpg=01;35:*.jpeg=01;35:*.mjpg=01;35:*.mjpeg=01;35:*.gif=01;35:*.bmp=01;35:*.pbm=01;35:*.pgm=01;35:*.ppm=01;35:*.tga=01;35:*.xbm=01;35:*.xpm=01;35:*.tif=01;35:*.tiff=01;35:*.png=01;35:*.svg=01;35:*.svgz=01;35:*.mng=01;35:*.pcx=01;35:*.mov=01;35:*.mpg=01;35:*.mpeg=01;35:*.m2v=01;35:*.mkv=01;35:*.webm=01;35:*.webp=01;35:*.ogm=01;35:*.mp4=01;35:*.m4v=01;35:*.mp4v=01;35:*.vob=01;35:*.qt=01;35:*.nuv=01;35:*.wmv=01;35:*.asf=01;35:*.rm=01;35:*.rmvb=01;35:*.flc=01;35:*.avi=01;35:*.fli=01;35:*.flv=01;35:*.gl=01;35:*.dl=01;35:*.xcf=01;35:*.xwd=01;35:*.yuv=01;35:*.cgm=01;35:*.emf=01;35:*.ogv=01;35:*.ogx=01;35:*.aac=00;36:*.au=00;36:*.flac=00;36:*.m4a=00;36:*.mid=00;36:*.midi=00;36:*.mka=00;36:*.mp3=00;36:*.mpc=00;36:*.ogg=00;36:*.ra=00;36:*.wav=00;36:*.oga=00;36:*.opus=00;36:*.spx=00;36:*.xspf=00;36:'), ('VSCODE_GIT_IPC_HANDLE', '/run/user/1001/vscode-git-84fad1f619.sock'), ('TERM_PROGRAM', 'vscode'), ('AMENT_PREFIX_PATH', '/root/ROS2_WEBRTC/rosgsthumble_ws/install/gst_bridge:/root/ROS2_WEBRTC/rosgsthumble_ws/install/audio_msgs:/opt/ros/humble'), ('DEBIAN_FRONTEND', 'noninteractive'), ('SHELL', '/bin/bash'), ('VSCODE_GIT_ASKPASS_EXTRA_ARGS', ''), ('PWD', '/root/ROS2_WEBRTC/rosgsthumble_ws/build/webrtc_camera_node'), ('LC_ALL', 'C.UTF-8'), ('PYTHONPATH', '/root/ROS2_WEBRTC/rosgsthumble_ws/install/audio_msgs/local/lib/python3.10/dist-packages:/opt/ros/humble/lib/python3.10/site-packages:/opt/ros/humble/local/lib/python3.10/dist-packages'), ('COLCON', '1'), ('CMAKE_PREFIX_PATH', '/root/ROS2_WEBRTC/rosgsthumble_ws/install/gst_bridge:/root/ROS2_WEBRTC/rosgsthumble_ws/install/audio_msgs:/opt/ros/humble')]), 'shell': False}
[64.555102] (gst_pipeline_plugins_webrtc) StdoutLine: {'line': b'-- Symlinking: /root/ROS2_WEBRTC/rosgsthumble_ws/install/gst_pipeline_plugins_webrtc/share/gst_pipeline_plugins_webrtc/environment/library_path.dsv\n'}
[64.559334] (webrtc_camera_node) StdoutLine: {'line': b'-- Install configuration: ""\n'}
[64.559762] (webrtc_camera_node) StdoutLine: {'line': b'-- Execute custom install script\n'}
[64.560054] (webrtc_camera_node) StdoutLine: {'line': b'-- Symlinking: /root/ROS2_WEBRTC/rosgsthumble_ws/install/webrtc_camera_node/lib/cmake/ixwebsocket/ixwebsocket-config.cmake\n'}
[64.564349] (gst_pipeline_plugins_webrtc) StdoutLine: {'line': b'-- Symlinking: /root/ROS2_WEBRTC/rosgsthumble_ws/install/gst_pipeline_plugins_webrtc/share/ament_index/resource_index/package_run_dependencies/gst_pipeline_plugins_webrtc\n'}
[64.569270] (webrtc_camera_node) StdoutLine: {'line': b'-- Symlinking: /root/ROS2_WEBRTC/rosgsthumble_ws/install/webrtc_camera_node/lib/pkgconfig/ixwebsocket.pc\n'}
[64.573466] (gst_pipeline_plugins_webrtc) StdoutLine: {'line': b'-- Symlinking: /root/ROS2_WEBRTC/rosgsthumble_ws/install/gst_pipeline_plugins_webrtc/share/ament_index/resource_index/parent_prefix_path/gst_pipeline_plugins_webrtc\n'}
[64.577133] (webrtc_camera_node) StdoutLine: {'line': b'-- Symlinking: /root/ROS2_WEBRTC/rosgsthumble_ws/install/webrtc_camera_node/lib/webrtc_camera_node/send_camera_node\n'}
[64.581123] (gst_pipeline_plugins_webrtc) StdoutLine: {'line': b'-- Symlinking: /root/ROS2_WEBRTC/rosgsthumble_ws/install/gst_pipeline_plugins_webrtc/share/gst_pipeline_plugins_webrtc/environment/ament_prefix_path.sh\n'}
[64.584181] (webrtc_camera_node) StdoutLine: {'line': b'-- Symlinking: /root/ROS2_WEBRTC/rosgsthumble_ws/install/webrtc_camera_node/lib/webrtc_camera_node/receive_camera_node\n'}
[64.589341] (gst_pipeline_plugins_webrtc) StdoutLine: {'line': b'-- Symlinking: /root/ROS2_WEBRTC/rosgsthumble_ws/install/gst_pipeline_plugins_webrtc/share/gst_pipeline_plugins_webrtc/environment/ament_prefix_path.dsv\n'}
[64.592076] (webrtc_camera_node) StdoutLine: {'line': b'-- Symlinking: /root/ROS2_WEBRTC/rosgsthumble_ws/install/webrtc_camera_node/share/ament_index/resource_index/package_run_dependencies/webrtc_camera_node\n'}
[64.597303] (gst_pipeline_plugins_webrtc) StdoutLine: {'line': b'-- Symlinking: /root/ROS2_WEBRTC/rosgsthumble_ws/install/gst_pipeline_plugins_webrtc/share/gst_pipeline_plugins_webrtc/environment/path.sh\n'}
[64.600216] (webrtc_camera_node) StdoutLine: {'line': b'-- Symlinking: /root/ROS2_WEBRTC/rosgsthumble_ws/install/webrtc_camera_node/share/ament_index/resource_index/parent_prefix_path/webrtc_camera_node\n'}
[64.605942] (gst_pipeline_plugins_webrtc) StdoutLine: {'line': b'-- Symlinking: /root/ROS2_WEBRTC/rosgsthumble_ws/install/gst_pipeline_plugins_webrtc/share/gst_pipeline_plugins_webrtc/environment/path.dsv\n'}
[64.607050] (webrtc_camera_node) StdoutLine: {'line': b'-- Symlinking: /root/ROS2_WEBRTC/rosgsthumble_ws/install/webrtc_camera_node/share/webrtc_camera_node/environment/ament_prefix_path.sh\n'}
[64.614352] (gst_pipeline_plugins_webrtc) StdoutLine: {'line': b'-- Symlinking: /root/ROS2_WEBRTC/rosgsthumble_ws/install/gst_pipeline_plugins_webrtc/share/gst_pipeline_plugins_webrtc/local_setup.bash\n'}
[64.614513] (webrtc_camera_node) StdoutLine: {'line': b'-- Symlinking: /root/ROS2_WEBRTC/rosgsthumble_ws/install/webrtc_camera_node/share/webrtc_camera_node/environment/ament_prefix_path.dsv\n'}
[64.621577] (webrtc_camera_node) StdoutLine: {'line': b'-- Symlinking: /root/ROS2_WEBRTC/rosgsthumble_ws/install/webrtc_camera_node/share/webrtc_camera_node/environment/path.sh\n'}
[64.621741] (gst_pipeline_plugins_webrtc) StdoutLine: {'line': b'-- Symlinking: /root/ROS2_WEBRTC/rosgsthumble_ws/install/gst_pipeline_plugins_webrtc/share/gst_pipeline_plugins_webrtc/local_setup.sh\n'}
[64.629152] (webrtc_camera_node) StdoutLine: {'line': b'-- Symlinking: /root/ROS2_WEBRTC/rosgsthumble_ws/install/webrtc_camera_node/share/webrtc_camera_node/environment/path.dsv\n'}
[64.629328] (gst_pipeline_plugins_webrtc) StdoutLine: {'line': b'-- Symlinking: /root/ROS2_WEBRTC/rosgsthumble_ws/install/gst_pipeline_plugins_webrtc/share/gst_pipeline_plugins_webrtc/local_setup.zsh\n'}
[64.637044] (gst_pipeline_plugins_webrtc) StdoutLine: {'line': b'-- Symlinking: /root/ROS2_WEBRTC/rosgsthumble_ws/install/gst_pipeline_plugins_webrtc/share/gst_pipeline_plugins_webrtc/local_setup.dsv\n'}
[64.637257] (webrtc_camera_node) StdoutLine: {'line': b'-- Symlinking: /root/ROS2_WEBRTC/rosgsthumble_ws/install/webrtc_camera_node/share/webrtc_camera_node/local_setup.bash\n'}
[64.645323] (gst_pipeline_plugins_webrtc) StdoutLine: {'line': b'-- Symlinking: /root/ROS2_WEBRTC/rosgsthumble_ws/install/gst_pipeline_plugins_webrtc/share/gst_pipeline_plugins_webrtc/package.dsv\n'}
[64.645514] (webrtc_camera_node) StdoutLine: {'line': b'-- Symlinking: /root/ROS2_WEBRTC/rosgsthumble_ws/install/webrtc_camera_node/share/webrtc_camera_node/local_setup.sh\n'}
[64.651054] (-) TimerEvent: {}
[64.652932] (webrtc_camera_node) StdoutLine: {'line': b'-- Symlinking: /root/ROS2_WEBRTC/rosgsthumble_ws/install/webrtc_camera_node/share/webrtc_camera_node/local_setup.zsh\n'}
[64.653278] (gst_pipeline_plugins_webrtc) StdoutLine: {'line': b'-- Symlinking: /root/ROS2_WEBRTC/rosgsthumble_ws/install/gst_pipeline_plugins_webrtc/share/ament_index/resource_index/packages/gst_pipeline_plugins_webrtc\n'}
[64.661013] (webrtc_camera_node) StdoutLine: {'line': b'-- Symlinking: /root/ROS2_WEBRTC/rosgsthumble_ws/install/webrtc_camera_node/share/webrtc_camera_node/local_setup.dsv\n'}
[64.661232] (gst_pipeline_plugins_webrtc) StdoutLine: {'line': b'-- Symlinking: /root/ROS2_WEBRTC/rosgsthumble_ws/install/gst_pipeline_plugins_webrtc/share/ament_index/resource_index/gst_pipeline__pluginlib__plugin/gst_pipeline_plugins_webrtc\n'}
[64.668268] (webrtc_camera_node) StdoutLine: {'line': b'-- Symlinking: /root/ROS2_WEBRTC/rosgsthumble_ws/install/webrtc_camera_node/share/webrtc_camera_node/package.dsv\n'}
[64.674765] (gst_pipeline_plugins_webrtc) StdoutLine: {'line': b'-- Symlinking: /root/ROS2_WEBRTC/rosgsthumble_ws/install/gst_pipeline_plugins_webrtc/share/ament_index/resource_index/gst_pipeline_plugins_webrtc__pluginlib__plugin/gst_pipeline_plugins_webrtc\n'}
[64.675163] (webrtc_camera_node) StdoutLine: {'line': b'-- Symlinking: /root/ROS2_WEBRTC/rosgsthumble_ws/install/webrtc_camera_node/share/ament_index/resource_index/packages/webrtc_camera_node\n'}
[64.682222] (webrtc_camera_node) StdoutLine: {'line': b'-- Symlinking: /root/ROS2_WEBRTC/rosgsthumble_ws/install/webrtc_camera_node/share/webrtc_camera_node/cmake/webrtc_camera_nodeConfig.cmake\n'}
[64.682377] (gst_pipeline_plugins_webrtc) StdoutLine: {'line': b'-- Symlinking: /root/ROS2_WEBRTC/rosgsthumble_ws/install/gst_pipeline_plugins_webrtc/share/gst_pipeline_plugins_webrtc/cmake/ament_cmake_export_include_directories-extras.cmake\n'}
[64.689675] (webrtc_camera_node) StdoutLine: {'line': b'-- Symlinking: /root/ROS2_WEBRTC/rosgsthumble_ws/install/webrtc_camera_node/share/webrtc_camera_node/cmake/webrtc_camera_nodeConfig-version.cmake\n'}
[64.689907] (gst_pipeline_plugins_webrtc) StdoutLine: {'line': b'-- Symlinking: /root/ROS2_WEBRTC/rosgsthumble_ws/install/gst_pipeline_plugins_webrtc/share/gst_pipeline_plugins_webrtc/cmake/ament_cmake_export_libraries-extras.cmake\n'}
[64.698017] (webrtc_camera_node) StdoutLine: {'line': b'-- Symlinking: /root/ROS2_WEBRTC/rosgsthumble_ws/install/webrtc_camera_node/share/webrtc_camera_node/package.xml\n'}
[64.698208] (gst_pipeline_plugins_webrtc) StdoutLine: {'line': b'-- Symlinking: /root/ROS2_WEBRTC/rosgsthumble_ws/install/gst_pipeline_plugins_webrtc/share/gst_pipeline_plugins_webrtc/cmake/ament_cmake_export_targets-extras.cmake\n'}
[64.705744] (gst_pipeline_plugins_webrtc) StdoutLine: {'line': b'-- Symlinking: /root/ROS2_WEBRTC/rosgsthumble_ws/install/gst_pipeline_plugins_webrtc/share/gst_pipeline_plugins_webrtc/cmake/ament_cmake_export_dependencies-extras.cmake\n'}
[64.706049] (webrtc_camera_node) StdoutLine: {'line': b'-- Installing: /root/ROS2_WEBRTC/rosgsthumble_ws/install/webrtc_camera_node/lib/libixwebsocket.a\n'}
[64.711500] (webrtc_camera_node) StdoutLine: {'line': b'-- Installing: /root/ROS2_WEBRTC/rosgsthumble_ws/install/webrtc_camera_node/include/ixwebsocket/IXBase64.h\n'}
[64.711661] (webrtc_camera_node) StdoutLine: {'line': b'-- Installing: /root/ROS2_WEBRTC/rosgsthumble_ws/install/webrtc_camera_node/include/ixwebsocket/IXBench.h\n'}
[64.711749] (webrtc_camera_node) StdoutLine: {'line': b'-- Installing: /root/ROS2_WEBRTC/rosgsthumble_ws/install/webrtc_camera_node/include/ixwebsocket/IXCancellationRequest.h\n'}
[64.711819] (webrtc_camera_node) StdoutLine: {'line': b'-- Installing: /root/ROS2_WEBRTC/rosgsthumble_ws/install/webrtc_camera_node/include/ixwebsocket/IXConnectionState.h\n'}
[64.711902] (webrtc_camera_node) StdoutLine: {'line': b'-- Installing: /root/ROS2_WEBRTC/rosgsthumble_ws/install/webrtc_camera_node/include/ixwebsocket/IXDNSLookup.h\n'}
[64.711999] (webrtc_camera_node) StdoutLine: {'line': b'-- Installing: /root/ROS2_WEBRTC/rosgsthumble_ws/install/webrtc_camera_node/include/ixwebsocket/IXExponentialBackoff.h\n'}
[64.712096] (webrtc_camera_node) StdoutLine: {'line': b'-- Installing: /root/ROS2_WEBRTC/rosgsthumble_ws/install/webrtc_camera_node/include/ixwebsocket/IXGetFreePort.h\n'}
[64.712196] (webrtc_camera_node) StdoutLine: {'line': b'-- Installing: /root/ROS2_WEBRTC/rosgsthumble_ws/install/webrtc_camera_node/include/ixwebsocket/IXGzipCodec.h\n'}
[64.712295] (webrtc_camera_node) StdoutLine: {'line': b'-- Installing: /root/ROS2_WEBRTC/rosgsthumble_ws/install/webrtc_camera_node/include/ixwebsocket/IXHttp.h\n'}
[64.712401] (webrtc_camera_node) StdoutLine: {'line': b'-- Installing: /root/ROS2_WEBRTC/rosgsthumble_ws/install/webrtc_camera_node/include/ixwebsocket/IXHttpClient.h\n'}
[64.712508] (webrtc_camera_node) StdoutLine: {'line': b'-- Installing: /root/ROS2_WEBRTC/rosgsthumble_ws/install/webrtc_camera_node/include/ixwebsocket/IXHttpServer.h\n'}
[64.712649] (webrtc_camera_node) StdoutLine: {'line': b'-- Installing: /root/ROS2_WEBRTC/rosgsthumble_ws/install/webrtc_camera_node/include/ixwebsocket/IXNetSystem.h\n'}
[64.712751] (webrtc_camera_node) StdoutLine: {'line': b'-- Installing: /root/ROS2_WEBRTC/rosgsthumble_ws/install/webrtc_camera_node/include/ixwebsocket/IXProgressCallback.h\n'}
[64.712852] (webrtc_camera_node) StdoutLine: {'line': b'-- Installing: /root/ROS2_WEBRTC/rosgsthumble_ws/install/webrtc_camera_node/include/ixwebsocket/IXSelectInterrupt.h\n'}
[64.712953] (webrtc_camera_node) StdoutLine: {'line': b'-- Installing: /root/ROS2_WEBRTC/rosgsthumble_ws/install/webrtc_camera_node/include/ixwebsocket/IXSelectInterruptFactory.h\n'}
[64.713050] (webrtc_camera_node) StdoutLine: {'line': b'-- Installing: /root/ROS2_WEBRTC/rosgsthumble_ws/install/webrtc_camera_node/include/ixwebsocket/IXSelectInterruptPipe.h\n'}
[64.713149] (webrtc_camera_node) StdoutLine: {'line': b'-- Installing: /root/ROS2_WEBRTC/rosgsthumble_ws/install/webrtc_camera_node/include/ixwebsocket/IXSelectInterruptEvent.h\n'}
[64.713287] (webrtc_camera_node) StdoutLine: {'line': b'-- Installing: /root/ROS2_WEBRTC/rosgsthumble_ws/install/webrtc_camera_node/include/ixwebsocket/IXSetThreadName.h\n'}
[64.713387] (gst_pipeline_plugins_webrtc) StdoutLine: {'line': b'-- Symlinking: /root/ROS2_WEBRTC/rosgsthumble_ws/install/gst_pipeline_plugins_webrtc/share/gst_pipeline_plugins_webrtc/cmake/gst_pipeline_plugins_webrtcConfig.cmake\n'}
[64.713456] (webrtc_camera_node) StdoutLine: {'line': b'-- Installing: /root/ROS2_WEBRTC/rosgsthumble_ws/install/webrtc_camera_node/include/ixwebsocket/IXSocket.h\n'}
[64.713539] (webrtc_camera_node) StdoutLine: {'line': b'-- Installing: /root/ROS2_WEBRTC/rosgsthumble_ws/install/webrtc_camera_node/include/ixwebsocket/IXSocketConnect.h\n'}
[64.713638] (webrtc_camera_node) StdoutLine: {'line': b'-- Installing: /root/ROS2_WEBRTC/rosgsthumble_ws/install/webrtc_camera_node/include/ixwebsocket/IXSocketFactory.h\n'}
[64.713701] (webrtc_camera_node) StdoutLine: {'line': b'-- Installing: /root/ROS2_WEBRTC/rosgsthumble_ws/install/webrtc_camera_node/include/ixwebsocket/IXSocketServer.h\n'}
[64.713766] (webrtc_camera_node) StdoutLine: {'line': b'-- Installing: /root/ROS2_WEBRTC/rosgsthumble_ws/install/webrtc_camera_node/include/ixwebsocket/IXSocketTLSOptions.h\n'}
[64.713854] (webrtc_camera_node) StdoutLine: {'line': b'-- Installing: /root/ROS2_WEBRTC/rosgsthumble_ws/install/webrtc_camera_node/include/ixwebsocket/IXStrCaseCompare.h\n'}
[64.713954] (webrtc_camera_node) StdoutLine: {'line': b'-- Installing: /root/ROS2_WEBRTC/rosgsthumble_ws/install/webrtc_camera_node/include/ixwebsocket/IXUdpSocket.h\n'}
[64.714055] (webrtc_camera_node) StdoutLine: {'line': b'-- Installing: /root/ROS2_WEBRTC/rosgsthumble_ws/install/webrtc_camera_node/include/ixwebsocket/IXUniquePtr.h\n'}
[64.714160] (webrtc_camera_node) StdoutLine: {'line': b'-- Installing: /root/ROS2_WEBRTC/rosgsthumble_ws/install/webrtc_camera_node/include/ixwebsocket/IXUrlParser.h\n'}
[64.714255] (webrtc_camera_node) StdoutLine: {'line': b'-- Installing: /root/ROS2_WEBRTC/rosgsthumble_ws/install/webrtc_camera_node/include/ixwebsocket/IXUuid.h\n'}
[64.714354] (webrtc_camera_node) StdoutLine: {'line': b'-- Installing: /root/ROS2_WEBRTC/rosgsthumble_ws/install/webrtc_camera_node/include/ixwebsocket/IXUtf8Validator.h\n'}
[64.714463] (webrtc_camera_node) StdoutLine: {'line': b'-- Installing: /root/ROS2_WEBRTC/rosgsthumble_ws/install/webrtc_camera_node/include/ixwebsocket/IXUserAgent.h\n'}
[64.714562] (webrtc_camera_node) StdoutLine: {'line': b'-- Installing: /root/ROS2_WEBRTC/rosgsthumble_ws/install/webrtc_camera_node/include/ixwebsocket/IXWebSocket.h\n'}
[64.714679] (webrtc_camera_node) StdoutLine: {'line': b'-- Installing: /root/ROS2_WEBRTC/rosgsthumble_ws/install/webrtc_camera_node/include/ixwebsocket/IXWebSocketCloseConstants.h\n'}
[64.714777] (webrtc_camera_node) StdoutLine: {'line': b'-- Installing: /root/ROS2_WEBRTC/rosgsthumble_ws/install/webrtc_camera_node/include/ixwebsocket/IXWebSocketCloseInfo.h\n'}
[64.714878] (webrtc_camera_node) StdoutLine: {'line': b'-- Installing: /root/ROS2_WEBRTC/rosgsthumble_ws/install/webrtc_camera_node/include/ixwebsocket/IXWebSocketErrorInfo.h\n'}
[64.714978] (webrtc_camera_node) StdoutLine: {'line': b'-- Installing: /root/ROS2_WEBRTC/rosgsthumble_ws/install/webrtc_camera_node/include/ixwebsocket/IXWebSocketHandshake.h\n'}
[64.715125] (webrtc_camera_node) StdoutLine: {'line': b'-- Installing: /root/ROS2_WEBRTC/rosgsthumble_ws/install/webrtc_camera_node/include/ixwebsocket/IXWebSocketHandshakeKeyGen.h\n'}
[64.715213] (webrtc_camera_node) StdoutLine: {'line': b'-- Installing: /root/ROS2_WEBRTC/rosgsthumble_ws/install/webrtc_camera_node/include/ixwebsocket/IXWebSocketHttpHeaders.h\n'}
[64.715289] (webrtc_camera_node) StdoutLine: {'line': b'-- Installing: /root/ROS2_WEBRTC/rosgsthumble_ws/install/webrtc_camera_node/include/ixwebsocket/IXWebSocketInitResult.h\n'}
[64.715390] (webrtc_camera_node) StdoutLine: {'line': b'-- Installing: /root/ROS2_WEBRTC/rosgsthumble_ws/install/webrtc_camera_node/include/ixwebsocket/IXWebSocketMessage.h\n'}
[64.715490] (webrtc_camera_node) StdoutLine: {'line': b'-- Installing: /root/ROS2_WEBRTC/rosgsthumble_ws/install/webrtc_camera_node/include/ixwebsocket/IXWebSocketMessageType.h\n'}
[64.715627] (webrtc_camera_node) StdoutLine: {'line': b'-- Installing: /root/ROS2_WEBRTC/rosgsthumble_ws/install/webrtc_camera_node/include/ixwebsocket/IXWebSocketOpenInfo.h\n'}
[64.715732] (webrtc_camera_node) StdoutLine: {'line': b'-- Installing: /root/ROS2_WEBRTC/rosgsthumble_ws/install/webrtc_camera_node/include/ixwebsocket/IXWebSocketPerMessageDeflate.h\n'}
[64.715813] (webrtc_camera_node) StdoutLine: {'line': b'-- Installing: /root/ROS2_WEBRTC/rosgsthumble_ws/install/webrtc_camera_node/include/ixwebsocket/IXWebSocketPerMessageDeflateCodec.h\n'}
[64.715912] (webrtc_camera_node) StdoutLine: {'line': b'-- Installing: /root/ROS2_WEBRTC/rosgsthumble_ws/install/webrtc_camera_node/include/ixwebsocket/IXWebSocketPerMessageDeflateOptions.h\n'}
[64.716016] (webrtc_camera_node) StdoutLine: {'line': b'-- Installing: /root/ROS2_WEBRTC/rosgsthumble_ws/install/webrtc_camera_node/include/ixwebsocket/IXWebSocketProxyServer.h\n'}
[64.716131] (webrtc_camera_node) StdoutLine: {'line': b'-- Installing: /root/ROS2_WEBRTC/rosgsthumble_ws/install/webrtc_camera_node/include/ixwebsocket/IXWebSocketSendData.h\n'}
[64.716226] (webrtc_camera_node) StdoutLine: {'line': b'-- Installing: /root/ROS2_WEBRTC/rosgsthumble_ws/install/webrtc_camera_node/include/ixwebsocket/IXWebSocketSendInfo.h\n'}
[64.716324] (webrtc_camera_node) StdoutLine: {'line': b'-- Installing: /root/ROS2_WEBRTC/rosgsthumble_ws/install/webrtc_camera_node/include/ixwebsocket/IXWebSocketServer.h\n'}
[64.716425] (webrtc_camera_node) StdoutLine: {'line': b'-- Installing: /root/ROS2_WEBRTC/rosgsthumble_ws/install/webrtc_camera_node/include/ixwebsocket/IXWebSocketTransport.h\n'}
[64.716540] (webrtc_camera_node) StdoutLine: {'line': b'-- Installing: /root/ROS2_WEBRTC/rosgsthumble_ws/install/webrtc_camera_node/include/ixwebsocket/IXWebSocketVersion.h\n'}
[64.716701] (webrtc_camera_node) StdoutLine: {'line': b'-- Installing: /root/ROS2_WEBRTC/rosgsthumble_ws/install/webrtc_camera_node/lib/cmake/ixwebsocket/ixwebsocket-targets.cmake\n'}
[64.716866] (webrtc_camera_node) StdoutLine: {'line': b'-- Installing: /root/ROS2_WEBRTC/rosgsthumble_ws/install/webrtc_camera_node/lib/cmake/ixwebsocket/ixwebsocket-targets-noconfig.cmake\n'}
[64.718509] (webrtc_camera_node) CommandEnded: {'returncode': 0}
[64.720573] (gst_pipeline_plugins_webrtc) StdoutLine: {'line': b'-- Symlinking: /root/ROS2_WEBRTC/rosgsthumble_ws/install/gst_pipeline_plugins_webrtc/share/gst_pipeline_plugins_webrtc/cmake/gst_pipeline_plugins_webrtcConfig-version.cmake\n'}
[64.728305] (webrtc_camera_node) JobEnded: {'identifier': 'webrtc_camera_node', 'rc': 0}
[64.728594] (gst_pipeline_plugins_webrtc) StdoutLine: {'line': b'-- Symlinking: /root/ROS2_WEBRTC/rosgsthumble_ws/install/gst_pipeline_plugins_webrtc/share/gst_pipeline_plugins_webrtc/package.xml\n'}
[64.736372] (gst_pipeline_plugins_webrtc) StdoutLine: {'line': b'-- Installing: /root/ROS2_WEBRTC/rosgsthumble_ws/install/gst_pipeline_plugins_webrtc/lib/libgst_pipeline_plugins_webrtc.so\n'}
[64.746757] (gst_pipeline_plugins_webrtc) StdoutLine: {'line': b'-- Set runtime path of "/root/ROS2_WEBRTC/rosgsthumble_ws/install/gst_pipeline_plugins_webrtc/lib/libgst_pipeline_plugins_webrtc.so" to ""\n'}
[64.746915] (gst_pipeline_plugins_webrtc) StdoutLine: {'line': b'-- Installing: /root/ROS2_WEBRTC/rosgsthumble_ws/install/gst_pipeline_plugins_webrtc/share/gst_pipeline_plugins_webrtc/cmake/export_gst_pipeline_plugins_webrtcExport.cmake\n'}
[64.747011] (gst_pipeline_plugins_webrtc) StdoutLine: {'line': b'-- Installing: /root/ROS2_WEBRTC/rosgsthumble_ws/install/gst_pipeline_plugins_webrtc/share/gst_pipeline_plugins_webrtc/cmake/export_gst_pipeline_plugins_webrtcExport-noconfig.cmake\n'}
[64.748828] (gst_pipeline_plugins_webrtc) CommandEnded: {'returncode': 0}
[64.751171] (-) TimerEvent: {}
[64.762124] (gst_pipeline_plugins_webrtc) JobEnded: {'identifier': 'gst_pipeline_plugins_webrtc', 'rc': 0}
[64.763452] (-) EventReactorShutdown: {}
