[0.000000] (-) TimerEvent: {}
[0.001206] (audio_msgs) JobQueued: {'identifier': 'audio_msgs', 'dependencies': OrderedDict()}
[0.001833] (cv_bridge) JobQueued: {'identifier': 'cv_bridge', 'dependencies': OrderedDict()}
[0.003695] (diagnostic_updater) JobQueued: {'identifier': 'diagnostic_updater', 'dependencies': OrderedDict()}
[0.004475] (gst_msgs) JobQueued: {'identifier': 'gst_msgs', 'dependencies': OrderedDict()}
[0.009834] (image_geometry) JobQueued: {'identifier': 'image_geometry', 'dependencies': OrderedDict()}
[0.015133] (realsense2_camera_msgs) JobQueued: {'identifier': 'realsense2_camera_msgs', 'dependencies': OrderedDict()}
[0.015425] (xacro) JobQueued: {'identifier': 'xacro', 'dependencies': OrderedDict()}
[0.015855] (diagnostic_common_diagnostics) JobQueued: {'identifier': 'diagnostic_common_diagnostics', 'dependencies': OrderedDict([('diagnostic_updater', '/root/Workspaces/rosgsthumble_ws/install/diagnostic_updater')])}
[0.016073] (gst_bridge) JobQueued: {'identifier': 'gst_bridge', 'dependencies': OrderedDict([('audio_msgs', '/root/Workspaces/rosgsthumble_ws/install/audio_msgs')])}
[0.016240] (realsense2_camera) JobQueued: {'identifier': 'realsense2_camera', 'dependencies': OrderedDict([('cv_bridge', '/root/Workspaces/rosgsthumble_ws/install/cv_bridge'), ('diagnostic_updater', '/root/Workspaces/rosgsthumble_ws/install/diagnostic_updater'), ('realsense2_camera_msgs', '/root/Workspaces/rosgsthumble_ws/install/realsense2_camera_msgs')])}
[0.016406] (realsense2_description) JobQueued: {'identifier': 'realsense2_description', 'dependencies': OrderedDict([('realsense2_camera_msgs', '/root/Workspaces/rosgsthumble_ws/install/realsense2_camera_msgs'), ('xacro', '/root/Workspaces/rosgsthumble_ws/install/xacro')])}
[0.021822] (vision_opencv) JobQueued: {'identifier': 'vision_opencv', 'dependencies': OrderedDict([('cv_bridge', '/root/Workspaces/rosgsthumble_ws/install/cv_bridge'), ('image_geometry', '/root/Workspaces/rosgsthumble_ws/install/image_geometry')])}
[0.025942] (diagnostics) JobQueued: {'identifier': 'diagnostics', 'dependencies': OrderedDict([('diagnostic_updater', '/root/Workspaces/rosgsthumble_ws/install/diagnostic_updater'), ('diagnostic_common_diagnostics', '/root/Workspaces/rosgsthumble_ws/install/diagnostic_common_diagnostics')])}
[0.026395] (gst_pipeline) JobQueued: {'identifier': 'gst_pipeline', 'dependencies': OrderedDict([('audio_msgs', '/root/Workspaces/rosgsthumble_ws/install/audio_msgs'), ('cv_bridge', '/root/Workspaces/rosgsthumble_ws/install/cv_bridge'), ('gst_msgs', '/root/Workspaces/rosgsthumble_ws/install/gst_msgs'), ('gst_bridge', '/root/Workspaces/rosgsthumble_ws/install/gst_bridge')])}
[0.026632] (webrtc_camera_node) JobQueued: {'identifier': 'webrtc_camera_node', 'dependencies': OrderedDict([('audio_msgs', '/root/Workspaces/rosgsthumble_ws/install/audio_msgs'), ('gst_bridge', '/root/Workspaces/rosgsthumble_ws/install/gst_bridge')])}
[0.026865] (gst_pipeline_plugins) JobQueued: {'identifier': 'gst_pipeline_plugins', 'dependencies': OrderedDict([('audio_msgs', '/root/Workspaces/rosgsthumble_ws/install/audio_msgs'), ('cv_bridge', '/root/Workspaces/rosgsthumble_ws/install/cv_bridge'), ('gst_msgs', '/root/Workspaces/rosgsthumble_ws/install/gst_msgs'), ('gst_bridge', '/root/Workspaces/rosgsthumble_ws/install/gst_bridge'), ('gst_pipeline', '/root/Workspaces/rosgsthumble_ws/install/gst_pipeline')])}
[0.027086] (audio_msgs) JobStarted: {'identifier': 'audio_msgs'}
[0.100544] (-) TimerEvent: {}
[0.181372] (cv_bridge) JobStarted: {'identifier': 'cv_bridge'}
[0.205807] (-) TimerEvent: {}
[0.316961] (-) TimerEvent: {}
[0.330796] (diagnostic_updater) JobStarted: {'identifier': 'diagnostic_updater'}
[0.417167] (-) TimerEvent: {}
[0.484304] (gst_msgs) JobStarted: {'identifier': 'gst_msgs'}
[0.522429] (-) TimerEvent: {}
[0.635426] (-) TimerEvent: {}
[0.644123] (audio_msgs) JobProgress: {'identifier': 'audio_msgs', 'progress': 'cmake'}
[0.647435] (audio_msgs) JobProgress: {'identifier': 'audio_msgs', 'progress': 'build'}
[0.651321] (audio_msgs) Command: {'cmd': ['/usr/local/bin/cmake', '--build', '/root/Workspaces/rosgsthumble_ws/build/audio_msgs', '--', '-j4', '-l4'], 'cwd': '/root/Workspaces/rosgsthumble_ws/build/audio_msgs', 'env': OrderedDict([('OPENBLAS_CORETYPE', 'ARMV8'), ('PYTHONIOENCODING', 'utf-8'), ('HOSTNAME', 'nano'), ('LD_LIBRARY_PATH', '/root/Workspaces/rosgsthumble_ws/install/realsense2_camera/lib:/root/Workspaces/rosgsthumble_ws/install/realsense2_camera_msgs/lib:/root/Workspaces/rosgsthumble_ws/install/image_geometry/lib:/root/Workspaces/rosgsthumble_ws/install/gst_pipeline_plugins/lib:/root/Workspaces/rosgsthumble_ws/install/gst_pipeline/lib:/root/Workspaces/rosgsthumble_ws/install/gst_msgs/lib:/root/Workspaces/rosgsthumble_ws/install/gst_bridge/lib:/root/Workspaces/rosgsthumble_ws/install/diagnostic_updater/lib:/root/Workspaces/rosgsthumble_ws/install/cv_bridge/lib:/root/Workspaces/rosgsthumble_ws/install/audio_msgs/lib:/opt/ros/humble/install/opt/rviz_ogre_vendor/lib:/opt/ros/humble/install/lib:/usr/local/cuda-10.2/targets/aarch64-linux/lib:'), ('SHLVL', '1'), ('OLDPWD', '/root/Workspaces'), ('HOME', '/root'), ('ROS_PYTHON_VERSION', '3'), ('COLCON_PREFIX_PATH', '/opt/ros/humble/install:/root/Workspaces/rosgsthumble_ws/install'), ('ROS_DISTRO', 'humble'), ('PULSE_SERVER', 'unix:/run/user/1000/pulse/native'), ('_', '/usr/bin/colcon'), ('ROS_VERSION', '2'), ('NVIDIA_DRIVER_CAPABILITIES', 'compute,utility,graphics'), ('PKG_CONFIG_PATH', '/opt/ros/humble/install/lib/aarch64-linux-gnu/pkgconfig:/opt/ros/humble/install/lib/pkgconfig'), ('TERM', 'xterm'), ('ROS_LOCALHOST_ONLY', '0'), ('PATH', '/root/Workspaces/rosgsthumble_ws/install/xacro/bin:/opt/ros/humble/install/bin:/usr/local/cuda-10.2/bin:/usr/local/cuda/bin:/usr/local/sbin:/usr/local/bin:/usr/sbin:/usr/bin:/sbin:/bin'), ('XDG_RUNTIME_DIR', '/run/user/1000'), ('DISPLAY', ''), ('LANG', 'en_US.UTF-8'), ('RMW_IMPLEMENTATION', 'rmw_cyclonedds_cpp'), ('LS_COLORS', 'rs=0:di=01;34:ln=01;36:mh=00:pi=40;33:so=01;35:do=01;35:bd=40;33;01:cd=40;33;01:or=40;31;01:mi=00:su=37;41:sg=30;43:ca=30;41:tw=30;42:ow=34;42:st=37;44:ex=01;32:*.tar=01;31:*.tgz=01;31:*.arc=01;31:*.arj=01;31:*.taz=01;31:*.lha=01;31:*.lz4=01;31:*.lzh=01;31:*.lzma=01;31:*.tlz=01;31:*.txz=01;31:*.tzo=01;31:*.t7z=01;31:*.zip=01;31:*.z=01;31:*.Z=01;31:*.dz=01;31:*.gz=01;31:*.lrz=01;31:*.lz=01;31:*.lzo=01;31:*.xz=01;31:*.zst=01;31:*.tzst=01;31:*.bz2=01;31:*.bz=01;31:*.tbz=01;31:*.tbz2=01;31:*.tz=01;31:*.deb=01;31:*.rpm=01;31:*.jar=01;31:*.war=01;31:*.ear=01;31:*.sar=01;31:*.rar=01;31:*.alz=01;31:*.ace=01;31:*.zoo=01;31:*.cpio=01;31:*.7z=01;31:*.rz=01;31:*.cab=01;31:*.wim=01;31:*.swm=01;31:*.dwm=01;31:*.esd=01;31:*.jpg=01;35:*.jpeg=01;35:*.mjpg=01;35:*.mjpeg=01;35:*.gif=01;35:*.bmp=01;35:*.pbm=01;35:*.pgm=01;35:*.ppm=01;35:*.tga=01;35:*.xbm=01;35:*.xpm=01;35:*.tif=01;35:*.tiff=01;35:*.png=01;35:*.svg=01;35:*.svgz=01;35:*.mng=01;35:*.pcx=01;35:*.mov=01;35:*.mpg=01;35:*.mpeg=01;35:*.m2v=01;35:*.mkv=01;35:*.webm=01;35:*.ogm=01;35:*.mp4=01;35:*.m4v=01;35:*.mp4v=01;35:*.vob=01;35:*.qt=01;35:*.nuv=01;35:*.wmv=01;35:*.asf=01;35:*.rm=01;35:*.rmvb=01;35:*.flc=01;35:*.avi=01;35:*.fli=01;35:*.flv=01;35:*.gl=01;35:*.dl=01;35:*.xcf=01;35:*.xwd=01;35:*.yuv=01;35:*.cgm=01;35:*.emf=01;35:*.ogv=01;35:*.ogx=01;35:*.aac=00;36:*.au=00;36:*.flac=00;36:*.m4a=00;36:*.mid=00;36:*.midi=00;36:*.mka=00;36:*.mp3=00;36:*.mpc=00;36:*.ogg=00;36:*.ra=00;36:*.wav=00;36:*.oga=00;36:*.opus=00;36:*.spx=00;36:*.xspf=00;36:'), ('ROS_ROOT', '/opt/ros/humble'), ('AMENT_PREFIX_PATH', '/opt/ros/humble/install'), ('DEBIAN_FRONTEND', 'noninteractive'), ('GST_PLUGIN_PATH', '/root/Workspaces/rosgsthumble_ws/install/gst_bridge/lib/gst_bridge/'), ('SHELL', '/bin/bash'), ('PWD', '/root/Workspaces/rosgsthumble_ws/build/audio_msgs'), ('PYTHONPATH', '/root/Workspaces/rosgsthumble_ws/install/xacro/lib/python3.6/site-packages:/root/Workspaces/rosgsthumble_ws/install/realsense2_camera_msgs/lib/python3.6/site-packages:/root/Workspaces/rosgsthumble_ws/install/image_geometry/lib/python3.6/site-packages:/root/Workspaces/rosgsthumble_ws/install/gst_msgs/lib/python3.6/site-packages:/root/Workspaces/rosgsthumble_ws/install/diagnostic_common_diagnostics/lib/python3.6/site-packages:/root/Workspaces/rosgsthumble_ws/install/diagnostic_updater/lib/python3.6/site-packages:/root/Workspaces/rosgsthumble_ws/install/cv_bridge/lib/python3.6/site-packages:/root/Workspaces/rosgsthumble_ws/install/audio_msgs/lib/python3.6/site-packages:/opt/ros/humble/install/lib/python3.6/site-packages'), ('NVIDIA_VISIBLE_DEVICES', 'all'), ('COLCON', '1'), ('CMAKE_PREFIX_PATH', '/opt/ros/humble/install')]), 'shell': False}
[0.673049] (cv_bridge) JobProgress: {'identifier': 'cv_bridge', 'progress': 'cmake'}
[0.677045] (cv_bridge) JobProgress: {'identifier': 'cv_bridge', 'progress': 'build'}
[0.679324] (cv_bridge) Command: {'cmd': ['/usr/local/bin/cmake', '--build', '/root/Workspaces/rosgsthumble_ws/build/cv_bridge', '--', '-j4', '-l4'], 'cwd': '/root/Workspaces/rosgsthumble_ws/build/cv_bridge', 'env': OrderedDict([('OPENBLAS_CORETYPE', 'ARMV8'), ('PYTHONIOENCODING', 'utf-8'), ('HOSTNAME', 'nano'), ('LD_LIBRARY_PATH', '/root/Workspaces/rosgsthumble_ws/install/realsense2_camera/lib:/root/Workspaces/rosgsthumble_ws/install/realsense2_camera_msgs/lib:/root/Workspaces/rosgsthumble_ws/install/image_geometry/lib:/root/Workspaces/rosgsthumble_ws/install/gst_pipeline_plugins/lib:/root/Workspaces/rosgsthumble_ws/install/gst_pipeline/lib:/root/Workspaces/rosgsthumble_ws/install/gst_msgs/lib:/root/Workspaces/rosgsthumble_ws/install/gst_bridge/lib:/root/Workspaces/rosgsthumble_ws/install/diagnostic_updater/lib:/root/Workspaces/rosgsthumble_ws/install/cv_bridge/lib:/root/Workspaces/rosgsthumble_ws/install/audio_msgs/lib:/opt/ros/humble/install/opt/rviz_ogre_vendor/lib:/opt/ros/humble/install/lib:/usr/local/cuda-10.2/targets/aarch64-linux/lib:'), ('SHLVL', '1'), ('OLDPWD', '/root/Workspaces'), ('HOME', '/root'), ('ROS_PYTHON_VERSION', '3'), ('COLCON_PREFIX_PATH', '/opt/ros/humble/install:/root/Workspaces/rosgsthumble_ws/install'), ('ROS_DISTRO', 'humble'), ('PULSE_SERVER', 'unix:/run/user/1000/pulse/native'), ('_', '/usr/bin/colcon'), ('ROS_VERSION', '2'), ('NVIDIA_DRIVER_CAPABILITIES', 'compute,utility,graphics'), ('PKG_CONFIG_PATH', '/opt/ros/humble/install/lib/aarch64-linux-gnu/pkgconfig:/opt/ros/humble/install/lib/pkgconfig'), ('TERM', 'xterm'), ('ROS_LOCALHOST_ONLY', '0'), ('PATH', '/root/Workspaces/rosgsthumble_ws/install/xacro/bin:/opt/ros/humble/install/bin:/usr/local/cuda-10.2/bin:/usr/local/cuda/bin:/usr/local/sbin:/usr/local/bin:/usr/sbin:/usr/bin:/sbin:/bin'), ('XDG_RUNTIME_DIR', '/run/user/1000'), ('DISPLAY', ''), ('LANG', 'en_US.UTF-8'), ('RMW_IMPLEMENTATION', 'rmw_cyclonedds_cpp'), ('LS_COLORS', 'rs=0:di=01;34:ln=01;36:mh=00:pi=40;33:so=01;35:do=01;35:bd=40;33;01:cd=40;33;01:or=40;31;01:mi=00:su=37;41:sg=30;43:ca=30;41:tw=30;42:ow=34;42:st=37;44:ex=01;32:*.tar=01;31:*.tgz=01;31:*.arc=01;31:*.arj=01;31:*.taz=01;31:*.lha=01;31:*.lz4=01;31:*.lzh=01;31:*.lzma=01;31:*.tlz=01;31:*.txz=01;31:*.tzo=01;31:*.t7z=01;31:*.zip=01;31:*.z=01;31:*.Z=01;31:*.dz=01;31:*.gz=01;31:*.lrz=01;31:*.lz=01;31:*.lzo=01;31:*.xz=01;31:*.zst=01;31:*.tzst=01;31:*.bz2=01;31:*.bz=01;31:*.tbz=01;31:*.tbz2=01;31:*.tz=01;31:*.deb=01;31:*.rpm=01;31:*.jar=01;31:*.war=01;31:*.ear=01;31:*.sar=01;31:*.rar=01;31:*.alz=01;31:*.ace=01;31:*.zoo=01;31:*.cpio=01;31:*.7z=01;31:*.rz=01;31:*.cab=01;31:*.wim=01;31:*.swm=01;31:*.dwm=01;31:*.esd=01;31:*.jpg=01;35:*.jpeg=01;35:*.mjpg=01;35:*.mjpeg=01;35:*.gif=01;35:*.bmp=01;35:*.pbm=01;35:*.pgm=01;35:*.ppm=01;35:*.tga=01;35:*.xbm=01;35:*.xpm=01;35:*.tif=01;35:*.tiff=01;35:*.png=01;35:*.svg=01;35:*.svgz=01;35:*.mng=01;35:*.pcx=01;35:*.mov=01;35:*.mpg=01;35:*.mpeg=01;35:*.m2v=01;35:*.mkv=01;35:*.webm=01;35:*.ogm=01;35:*.mp4=01;35:*.m4v=01;35:*.mp4v=01;35:*.vob=01;35:*.qt=01;35:*.nuv=01;35:*.wmv=01;35:*.asf=01;35:*.rm=01;35:*.rmvb=01;35:*.flc=01;35:*.avi=01;35:*.fli=01;35:*.flv=01;35:*.gl=01;35:*.dl=01;35:*.xcf=01;35:*.xwd=01;35:*.yuv=01;35:*.cgm=01;35:*.emf=01;35:*.ogv=01;35:*.ogx=01;35:*.aac=00;36:*.au=00;36:*.flac=00;36:*.m4a=00;36:*.mid=00;36:*.midi=00;36:*.mka=00;36:*.mp3=00;36:*.mpc=00;36:*.ogg=00;36:*.ra=00;36:*.wav=00;36:*.oga=00;36:*.opus=00;36:*.spx=00;36:*.xspf=00;36:'), ('ROS_ROOT', '/opt/ros/humble'), ('AMENT_PREFIX_PATH', '/opt/ros/humble/install'), ('DEBIAN_FRONTEND', 'noninteractive'), ('GST_PLUGIN_PATH', '/root/Workspaces/rosgsthumble_ws/install/gst_bridge/lib/gst_bridge/'), ('SHELL', '/bin/bash'), ('PWD', '/root/Workspaces/rosgsthumble_ws/build/cv_bridge'), ('PYTHONPATH', '/root/Workspaces/rosgsthumble_ws/install/xacro/lib/python3.6/site-packages:/root/Workspaces/rosgsthumble_ws/install/realsense2_camera_msgs/lib/python3.6/site-packages:/root/Workspaces/rosgsthumble_ws/install/image_geometry/lib/python3.6/site-packages:/root/Workspaces/rosgsthumble_ws/install/gst_msgs/lib/python3.6/site-packages:/root/Workspaces/rosgsthumble_ws/install/diagnostic_common_diagnostics/lib/python3.6/site-packages:/root/Workspaces/rosgsthumble_ws/install/diagnostic_updater/lib/python3.6/site-packages:/root/Workspaces/rosgsthumble_ws/install/cv_bridge/lib/python3.6/site-packages:/root/Workspaces/rosgsthumble_ws/install/audio_msgs/lib/python3.6/site-packages:/opt/ros/humble/install/lib/python3.6/site-packages'), ('NVIDIA_VISIBLE_DEVICES', 'all'), ('COLCON', '1'), ('CMAKE_PREFIX_PATH', '/opt/ros/humble/install')]), 'shell': False}
[0.700332] (diagnostic_updater) JobProgress: {'identifier': 'diagnostic_updater', 'progress': 'cmake'}
[0.701073] (diagnostic_updater) JobProgress: {'identifier': 'diagnostic_updater', 'progress': 'build'}
[0.701368] (diagnostic_updater) Command: {'cmd': ['/usr/local/bin/cmake', '--build', '/root/Workspaces/rosgsthumble_ws/build/diagnostic_updater', '--', '-j4', '-l4'], 'cwd': '/root/Workspaces/rosgsthumble_ws/build/diagnostic_updater', 'env': OrderedDict([('OPENBLAS_CORETYPE', 'ARMV8'), ('PYTHONIOENCODING', 'utf-8'), ('HOSTNAME', 'nano'), ('LD_LIBRARY_PATH', '/root/Workspaces/rosgsthumble_ws/install/realsense2_camera/lib:/root/Workspaces/rosgsthumble_ws/install/realsense2_camera_msgs/lib:/root/Workspaces/rosgsthumble_ws/install/image_geometry/lib:/root/Workspaces/rosgsthumble_ws/install/gst_pipeline_plugins/lib:/root/Workspaces/rosgsthumble_ws/install/gst_pipeline/lib:/root/Workspaces/rosgsthumble_ws/install/gst_msgs/lib:/root/Workspaces/rosgsthumble_ws/install/gst_bridge/lib:/root/Workspaces/rosgsthumble_ws/install/diagnostic_updater/lib:/root/Workspaces/rosgsthumble_ws/install/cv_bridge/lib:/root/Workspaces/rosgsthumble_ws/install/audio_msgs/lib:/opt/ros/humble/install/opt/rviz_ogre_vendor/lib:/opt/ros/humble/install/lib:/usr/local/cuda-10.2/targets/aarch64-linux/lib:'), ('SHLVL', '1'), ('OLDPWD', '/root/Workspaces'), ('HOME', '/root'), ('ROS_PYTHON_VERSION', '3'), ('COLCON_PREFIX_PATH', '/opt/ros/humble/install:/root/Workspaces/rosgsthumble_ws/install'), ('ROS_DISTRO', 'humble'), ('PULSE_SERVER', 'unix:/run/user/1000/pulse/native'), ('_', '/usr/bin/colcon'), ('ROS_VERSION', '2'), ('NVIDIA_DRIVER_CAPABILITIES', 'compute,utility,graphics'), ('PKG_CONFIG_PATH', '/opt/ros/humble/install/lib/aarch64-linux-gnu/pkgconfig:/opt/ros/humble/install/lib/pkgconfig'), ('TERM', 'xterm'), ('ROS_LOCALHOST_ONLY', '0'), ('PATH', '/root/Workspaces/rosgsthumble_ws/install/xacro/bin:/opt/ros/humble/install/bin:/usr/local/cuda-10.2/bin:/usr/local/cuda/bin:/usr/local/sbin:/usr/local/bin:/usr/sbin:/usr/bin:/sbin:/bin'), ('XDG_RUNTIME_DIR', '/run/user/1000'), ('DISPLAY', ''), ('LANG', 'en_US.UTF-8'), ('RMW_IMPLEMENTATION', 'rmw_cyclonedds_cpp'), ('LS_COLORS', 'rs=0:di=01;34:ln=01;36:mh=00:pi=40;33:so=01;35:do=01;35:bd=40;33;01:cd=40;33;01:or=40;31;01:mi=00:su=37;41:sg=30;43:ca=30;41:tw=30;42:ow=34;42:st=37;44:ex=01;32:*.tar=01;31:*.tgz=01;31:*.arc=01;31:*.arj=01;31:*.taz=01;31:*.lha=01;31:*.lz4=01;31:*.lzh=01;31:*.lzma=01;31:*.tlz=01;31:*.txz=01;31:*.tzo=01;31:*.t7z=01;31:*.zip=01;31:*.z=01;31:*.Z=01;31:*.dz=01;31:*.gz=01;31:*.lrz=01;31:*.lz=01;31:*.lzo=01;31:*.xz=01;31:*.zst=01;31:*.tzst=01;31:*.bz2=01;31:*.bz=01;31:*.tbz=01;31:*.tbz2=01;31:*.tz=01;31:*.deb=01;31:*.rpm=01;31:*.jar=01;31:*.war=01;31:*.ear=01;31:*.sar=01;31:*.rar=01;31:*.alz=01;31:*.ace=01;31:*.zoo=01;31:*.cpio=01;31:*.7z=01;31:*.rz=01;31:*.cab=01;31:*.wim=01;31:*.swm=01;31:*.dwm=01;31:*.esd=01;31:*.jpg=01;35:*.jpeg=01;35:*.mjpg=01;35:*.mjpeg=01;35:*.gif=01;35:*.bmp=01;35:*.pbm=01;35:*.pgm=01;35:*.ppm=01;35:*.tga=01;35:*.xbm=01;35:*.xpm=01;35:*.tif=01;35:*.tiff=01;35:*.png=01;35:*.svg=01;35:*.svgz=01;35:*.mng=01;35:*.pcx=01;35:*.mov=01;35:*.mpg=01;35:*.mpeg=01;35:*.m2v=01;35:*.mkv=01;35:*.webm=01;35:*.ogm=01;35:*.mp4=01;35:*.m4v=01;35:*.mp4v=01;35:*.vob=01;35:*.qt=01;35:*.nuv=01;35:*.wmv=01;35:*.asf=01;35:*.rm=01;35:*.rmvb=01;35:*.flc=01;35:*.avi=01;35:*.fli=01;35:*.flv=01;35:*.gl=01;35:*.dl=01;35:*.xcf=01;35:*.xwd=01;35:*.yuv=01;35:*.cgm=01;35:*.emf=01;35:*.ogv=01;35:*.ogx=01;35:*.aac=00;36:*.au=00;36:*.flac=00;36:*.m4a=00;36:*.mid=00;36:*.midi=00;36:*.mka=00;36:*.mp3=00;36:*.mpc=00;36:*.ogg=00;36:*.ra=00;36:*.wav=00;36:*.oga=00;36:*.opus=00;36:*.spx=00;36:*.xspf=00;36:'), ('ROS_ROOT', '/opt/ros/humble'), ('AMENT_PREFIX_PATH', '/opt/ros/humble/install'), ('DEBIAN_FRONTEND', 'noninteractive'), ('GST_PLUGIN_PATH', '/root/Workspaces/rosgsthumble_ws/install/gst_bridge/lib/gst_bridge/'), ('SHELL', '/bin/bash'), ('PWD', '/root/Workspaces/rosgsthumble_ws/build/diagnostic_updater'), ('PYTHONPATH', '/root/Workspaces/rosgsthumble_ws/install/xacro/lib/python3.6/site-packages:/root/Workspaces/rosgsthumble_ws/install/realsense2_camera_msgs/lib/python3.6/site-packages:/root/Workspaces/rosgsthumble_ws/install/image_geometry/lib/python3.6/site-packages:/root/Workspaces/rosgsthumble_ws/install/gst_msgs/lib/python3.6/site-packages:/root/Workspaces/rosgsthumble_ws/install/diagnostic_common_diagnostics/lib/python3.6/site-packages:/root/Workspaces/rosgsthumble_ws/install/diagnostic_updater/lib/python3.6/site-packages:/root/Workspaces/rosgsthumble_ws/install/cv_bridge/lib/python3.6/site-packages:/root/Workspaces/rosgsthumble_ws/install/audio_msgs/lib/python3.6/site-packages:/opt/ros/humble/install/lib/python3.6/site-packages'), ('NVIDIA_VISIBLE_DEVICES', 'all'), ('COLCON', '1'), ('CMAKE_PREFIX_PATH', '/opt/ros/humble/install')]), 'shell': False}
[0.718797] (gst_msgs) JobProgress: {'identifier': 'gst_msgs', 'progress': 'cmake'}
[0.722192] (gst_msgs) JobProgress: {'identifier': 'gst_msgs', 'progress': 'build'}
[0.723917] (gst_msgs) Command: {'cmd': ['/usr/local/bin/cmake', '--build', '/root/Workspaces/rosgsthumble_ws/build/gst_msgs', '--', '-j4', '-l4'], 'cwd': '/root/Workspaces/rosgsthumble_ws/build/gst_msgs', 'env': OrderedDict([('OPENBLAS_CORETYPE', 'ARMV8'), ('PYTHONIOENCODING', 'utf-8'), ('HOSTNAME', 'nano'), ('LD_LIBRARY_PATH', '/root/Workspaces/rosgsthumble_ws/install/realsense2_camera/lib:/root/Workspaces/rosgsthumble_ws/install/realsense2_camera_msgs/lib:/root/Workspaces/rosgsthumble_ws/install/image_geometry/lib:/root/Workspaces/rosgsthumble_ws/install/gst_pipeline_plugins/lib:/root/Workspaces/rosgsthumble_ws/install/gst_pipeline/lib:/root/Workspaces/rosgsthumble_ws/install/gst_msgs/lib:/root/Workspaces/rosgsthumble_ws/install/gst_bridge/lib:/root/Workspaces/rosgsthumble_ws/install/diagnostic_updater/lib:/root/Workspaces/rosgsthumble_ws/install/cv_bridge/lib:/root/Workspaces/rosgsthumble_ws/install/audio_msgs/lib:/opt/ros/humble/install/opt/rviz_ogre_vendor/lib:/opt/ros/humble/install/lib:/usr/local/cuda-10.2/targets/aarch64-linux/lib:'), ('SHLVL', '1'), ('OLDPWD', '/root/Workspaces'), ('HOME', '/root'), ('ROS_PYTHON_VERSION', '3'), ('COLCON_PREFIX_PATH', '/opt/ros/humble/install:/root/Workspaces/rosgsthumble_ws/install'), ('ROS_DISTRO', 'humble'), ('PULSE_SERVER', 'unix:/run/user/1000/pulse/native'), ('_', '/usr/bin/colcon'), ('ROS_VERSION', '2'), ('NVIDIA_DRIVER_CAPABILITIES', 'compute,utility,graphics'), ('PKG_CONFIG_PATH', '/opt/ros/humble/install/lib/aarch64-linux-gnu/pkgconfig:/opt/ros/humble/install/lib/pkgconfig'), ('TERM', 'xterm'), ('ROS_LOCALHOST_ONLY', '0'), ('PATH', '/root/Workspaces/rosgsthumble_ws/install/xacro/bin:/opt/ros/humble/install/bin:/usr/local/cuda-10.2/bin:/usr/local/cuda/bin:/usr/local/sbin:/usr/local/bin:/usr/sbin:/usr/bin:/sbin:/bin'), ('XDG_RUNTIME_DIR', '/run/user/1000'), ('DISPLAY', ''), ('LANG', 'en_US.UTF-8'), ('RMW_IMPLEMENTATION', 'rmw_cyclonedds_cpp'), ('LS_COLORS', 'rs=0:di=01;34:ln=01;36:mh=00:pi=40;33:so=01;35:do=01;35:bd=40;33;01:cd=40;33;01:or=40;31;01:mi=00:su=37;41:sg=30;43:ca=30;41:tw=30;42:ow=34;42:st=37;44:ex=01;32:*.tar=01;31:*.tgz=01;31:*.arc=01;31:*.arj=01;31:*.taz=01;31:*.lha=01;31:*.lz4=01;31:*.lzh=01;31:*.lzma=01;31:*.tlz=01;31:*.txz=01;31:*.tzo=01;31:*.t7z=01;31:*.zip=01;31:*.z=01;31:*.Z=01;31:*.dz=01;31:*.gz=01;31:*.lrz=01;31:*.lz=01;31:*.lzo=01;31:*.xz=01;31:*.zst=01;31:*.tzst=01;31:*.bz2=01;31:*.bz=01;31:*.tbz=01;31:*.tbz2=01;31:*.tz=01;31:*.deb=01;31:*.rpm=01;31:*.jar=01;31:*.war=01;31:*.ear=01;31:*.sar=01;31:*.rar=01;31:*.alz=01;31:*.ace=01;31:*.zoo=01;31:*.cpio=01;31:*.7z=01;31:*.rz=01;31:*.cab=01;31:*.wim=01;31:*.swm=01;31:*.dwm=01;31:*.esd=01;31:*.jpg=01;35:*.jpeg=01;35:*.mjpg=01;35:*.mjpeg=01;35:*.gif=01;35:*.bmp=01;35:*.pbm=01;35:*.pgm=01;35:*.ppm=01;35:*.tga=01;35:*.xbm=01;35:*.xpm=01;35:*.tif=01;35:*.tiff=01;35:*.png=01;35:*.svg=01;35:*.svgz=01;35:*.mng=01;35:*.pcx=01;35:*.mov=01;35:*.mpg=01;35:*.mpeg=01;35:*.m2v=01;35:*.mkv=01;35:*.webm=01;35:*.ogm=01;35:*.mp4=01;35:*.m4v=01;35:*.mp4v=01;35:*.vob=01;35:*.qt=01;35:*.nuv=01;35:*.wmv=01;35:*.asf=01;35:*.rm=01;35:*.rmvb=01;35:*.flc=01;35:*.avi=01;35:*.fli=01;35:*.flv=01;35:*.gl=01;35:*.dl=01;35:*.xcf=01;35:*.xwd=01;35:*.yuv=01;35:*.cgm=01;35:*.emf=01;35:*.ogv=01;35:*.ogx=01;35:*.aac=00;36:*.au=00;36:*.flac=00;36:*.m4a=00;36:*.mid=00;36:*.midi=00;36:*.mka=00;36:*.mp3=00;36:*.mpc=00;36:*.ogg=00;36:*.ra=00;36:*.wav=00;36:*.oga=00;36:*.opus=00;36:*.spx=00;36:*.xspf=00;36:'), ('ROS_ROOT', '/opt/ros/humble'), ('AMENT_PREFIX_PATH', '/opt/ros/humble/install'), ('DEBIAN_FRONTEND', 'noninteractive'), ('GST_PLUGIN_PATH', '/root/Workspaces/rosgsthumble_ws/install/gst_bridge/lib/gst_bridge/'), ('SHELL', '/bin/bash'), ('PWD', '/root/Workspaces/rosgsthumble_ws/build/gst_msgs'), ('PYTHONPATH', '/root/Workspaces/rosgsthumble_ws/install/xacro/lib/python3.6/site-packages:/root/Workspaces/rosgsthumble_ws/install/realsense2_camera_msgs/lib/python3.6/site-packages:/root/Workspaces/rosgsthumble_ws/install/image_geometry/lib/python3.6/site-packages:/root/Workspaces/rosgsthumble_ws/install/gst_msgs/lib/python3.6/site-packages:/root/Workspaces/rosgsthumble_ws/install/diagnostic_common_diagnostics/lib/python3.6/site-packages:/root/Workspaces/rosgsthumble_ws/install/diagnostic_updater/lib/python3.6/site-packages:/root/Workspaces/rosgsthumble_ws/install/cv_bridge/lib/python3.6/site-packages:/root/Workspaces/rosgsthumble_ws/install/audio_msgs/lib/python3.6/site-packages:/opt/ros/humble/install/lib/python3.6/site-packages'), ('NVIDIA_VISIBLE_DEVICES', 'all'), ('COLCON', '1'), ('CMAKE_PREFIX_PATH', '/opt/ros/humble/install')]), 'shell': False}
[0.735961] (-) TimerEvent: {}
[0.839566] (-) TimerEvent: {}
[0.942980] (-) TimerEvent: {}
[1.045712] (-) TimerEvent: {}
[1.093959] (audio_msgs) StdoutLine: {'line': b'[  9%] Built target audio_msgs__rosidl_generator_c\n'}
[1.115291] (audio_msgs) StdoutLine: {'line': b'[ 12%] Built target audio_msgs__cpp\n'}
[1.145909] (-) TimerEvent: {}
[1.197068] (cv_bridge) StdoutLine: {'line': b'[ 18%] Built target cv_bridge\n'}
[1.226353] (gst_msgs) StdoutLine: {'line': b'[  1%] Built target ament_cmake_python_symlink_gst_msgs\n'}
[1.228837] (gst_msgs) StdoutLine: {'line': b'[  1%] Built target gst_msgs__cpp\n'}
[1.230897] (audio_msgs) StdoutLine: {'line': b'[ 22%] Built target audio_msgs__rosidl_typesupport_introspection_c\n'}
[1.231759] (cv_bridge) StdoutLine: {'line': b'[ 31%] Built target gtest_main\n'}
[1.232634] (cv_bridge) StdoutLine: {'line': b'[ 25%] Built target ament_cmake_python_symlink_cv_bridge\n'}
[1.246083] (-) TimerEvent: {}
[1.254269] (audio_msgs) StdoutLine: {'line': b'[ 32%] Built target audio_msgs__rosidl_typesupport_c\n'}
[1.259717] (audio_msgs) StdoutLine: {'line': b'[ 32%] Built target ament_cmake_python_symlink_audio_msgs\n'}
[1.274830] (audio_msgs) StdoutLine: {'line': b'[ 41%] Built target audio_msgs__rosidl_typesupport_fastrtps_c\n'}
[1.278272] (gst_msgs) StdoutLine: {'line': b'[ 12%] Built target gst_msgs__rosidl_generator_c\n'}
[1.302105] (cv_bridge) StdoutLine: {'line': b'[ 43%] Built target gtest\n'}
[1.334463] (audio_msgs) StdoutLine: {'line': b'[ 51%] Built target audio_msgs__rosidl_typesupport_cpp\n'}
[1.346260] (-) TimerEvent: {}
[1.369396] (audio_msgs) StdoutLine: {'line': b'[ 61%] Built target audio_msgs__rosidl_typesupport_introspection_cpp\n'}
[1.390230] (gst_msgs) StdoutLine: {'line': b'[ 24%] Built target gst_msgs__rosidl_typesupport_fastrtps_cpp\n'}
[1.421663] (gst_msgs) StdoutLine: {'line': b'[ 46%] Built target gst_msgs__rosidl_typesupport_cpp\n'}
[1.422528] (gst_msgs) StdoutLine: {'line': b'[ 46%] Built target gst_msgs__rosidl_typesupport_introspection_cpp\n'}
[1.431906] (audio_msgs) StdoutLine: {'line': b'[ 70%] Built target audio_msgs__rosidl_typesupport_fastrtps_cpp\n'}
[1.446447] (-) TimerEvent: {}
[1.494165] (cv_bridge) StdoutLine: {'line': b'[ 62%] Built target cv_bridge_boost\n'}
[1.546630] (-) TimerEvent: {}
[1.585725] (audio_msgs) StdoutLine: {'line': b'[ 70%] Built target audio_msgs\n'}
[1.593018] (diagnostic_updater) StdoutLine: {'line': b'[  0%] Built target ament_cmake_python_symlink_diagnostic_updater\n'}
[1.632044] (diagnostic_updater) StdoutLine: {'line': b'[ 30%] Built target gtest_main\n'}
[1.634623] (diagnostic_updater) StdoutLine: {'line': b'[ 40%] Built target example\n'}
[1.637534] (cv_bridge) StdoutLine: {'line': b'[100%] Built target cv_bridge-utest\n'}
[1.646812] (-) TimerEvent: {}
[1.654417] (diagnostic_updater) StdoutLine: {'line': b'[ 60%] Built target gtest\n'}
[1.694794] (gst_msgs) StdoutLine: {'line': b'[ 64%] Built target gst_msgs__rosidl_typesupport_fastrtps_c\n'}
[1.699579] (gst_msgs) StdoutLine: {'line': b'[ 69%] Built target gst_msgs__rosidl_typesupport_introspection_c\n'}
[1.734686] (gst_msgs) StdoutLine: {'line': b'[ 81%] Built target gst_msgs__rosidl_typesupport_c\n'}
[1.742917] (audio_msgs) StdoutLine: {'line': b'[ 74%] Built target audio_msgs__py\n'}
[1.746989] (-) TimerEvent: {}
[1.849542] (-) TimerEvent: {}
[1.918503] (gst_msgs) StdoutLine: {'line': b'[ 81%] Built target gst_msgs\n'}
[1.949735] (-) TimerEvent: {}
[1.953490] (diagnostic_updater) StdoutLine: {'line': b'[ 80%] Built target diagnostic_status_wrapper_test\n'}
[1.975935] (diagnostic_updater) StdoutLine: {'line': b'[100%] Built target diagnostic_updater_test\n'}
[1.978587] (audio_msgs) StdoutLine: {'line': b'[ 80%] Built target audio_msgs__rosidl_generator_py\n'}
[2.049922] (-) TimerEvent: {}
[2.147428] (gst_msgs) StdoutLine: {'line': b'[ 82%] Built target gst_msgs__py\n'}
[2.150067] (-) TimerEvent: {}
[2.174229] (audio_msgs) StdoutLine: {'line': b'[ 87%] Built target audio_msgs__rosidl_typesupport_fastrtps_c__pyext\n'}
[2.189424] (audio_msgs) StdoutLine: {'line': b'[ 93%] Built target audio_msgs__rosidl_typesupport_introspection_c__pyext\n'}
[2.201138] (audio_msgs) StdoutLine: {'line': b'[100%] Built target audio_msgs__rosidl_typesupport_c__pyext\n'}
[2.250243] (-) TimerEvent: {}
[2.311849] (gst_msgs) StdoutLine: {'line': b'[ 92%] Built target gst_msgs__rosidl_generator_py\n'}
[2.350424] (-) TimerEvent: {}
[2.452289] (-) TimerEvent: {}
[2.487197] (gst_msgs) StdoutLine: {'line': b'[ 94%] Built target gst_msgs__rosidl_typesupport_fastrtps_c__pyext\n'}
[2.489324] (gst_msgs) StdoutLine: {'line': b'[ 97%] Built target gst_msgs__rosidl_typesupport_c__pyext\n'}
[2.514109] (gst_msgs) StdoutLine: {'line': b'[100%] Built target gst_msgs__rosidl_typesupport_introspection_c__pyext\n'}
[2.552475] (-) TimerEvent: {}
[2.653543] (-) TimerEvent: {}
[2.754473] (-) TimerEvent: {}
[2.855728] (-) TimerEvent: {}
[2.957213] (-) TimerEvent: {}
[3.059781] (-) TimerEvent: {}
[3.160944] (-) TimerEvent: {}
[3.263883] (-) TimerEvent: {}
[3.366968] (-) TimerEvent: {}
[3.430063] (audio_msgs) StdoutLine: {'line': b'running egg_info\n'}
[3.435679] (audio_msgs) StdoutLine: {'line': b'writing audio_msgs.egg-info/PKG-INFO\n'}
[3.438812] (audio_msgs) StdoutLine: {'line': b'writing dependency_links to audio_msgs.egg-info/dependency_links.txt\n'}
[3.440614] (audio_msgs) StdoutLine: {'line': b'writing top-level names to audio_msgs.egg-info/top_level.txt\n'}
[3.454626] (audio_msgs) StdoutLine: {'line': b"reading manifest file 'audio_msgs.egg-info/SOURCES.txt'\n"}
[3.456846] (audio_msgs) StdoutLine: {'line': b"writing manifest file 'audio_msgs.egg-info/SOURCES.txt'\n"}
[3.467189] (-) TimerEvent: {}
[3.506778] (gst_msgs) StdoutLine: {'line': b'running egg_info\n'}
[3.512885] (gst_msgs) StdoutLine: {'line': b'writing gst_msgs.egg-info/PKG-INFO\n'}
[3.513984] (gst_msgs) StdoutLine: {'line': b'writing dependency_links to gst_msgs.egg-info/dependency_links.txt\n'}
[3.515942] (gst_msgs) StdoutLine: {'line': b'writing top-level names to gst_msgs.egg-info/top_level.txt\n'}
[3.530627] (gst_msgs) StdoutLine: {'line': b"reading manifest file 'gst_msgs.egg-info/SOURCES.txt'\n"}
[3.537141] (gst_msgs) StdoutLine: {'line': b"writing manifest file 'gst_msgs.egg-info/SOURCES.txt'\n"}
[3.567378] (-) TimerEvent: {}
[3.620528] (audio_msgs) StdoutLine: {'line': b'[100%] Built target ament_cmake_python_build_audio_msgs_egg\n'}
[3.667590] (-) TimerEvent: {}
[3.696767] (audio_msgs) CommandEnded: {'returncode': 0}
[3.704143] (gst_msgs) StdoutLine: {'line': b'[100%] Built target ament_cmake_python_build_gst_msgs_egg\n'}
[3.767818] (-) TimerEvent: {}
[3.777058] (cv_bridge) StdoutLine: {'line': b'running egg_info\n'}
[3.785070] (gst_msgs) CommandEnded: {'returncode': 0}
[3.793710] (cv_bridge) StdoutLine: {'line': b'writing cv_bridge.egg-info/PKG-INFO\n'}
[3.796548] (cv_bridge) StdoutLine: {'line': b'writing dependency_links to cv_bridge.egg-info/dependency_links.txt\n'}
[3.798922] (cv_bridge) StdoutLine: {'line': b'writing top-level names to cv_bridge.egg-info/top_level.txt\n'}
[3.811846] (cv_bridge) StdoutLine: {'line': b"reading manifest file 'cv_bridge.egg-info/SOURCES.txt'\n"}
[3.817910] (cv_bridge) StdoutLine: {'line': b"writing manifest file 'cv_bridge.egg-info/SOURCES.txt'\n"}
[3.867994] (-) TimerEvent: {}
[3.954421] (cv_bridge) StdoutLine: {'line': b'[100%] Built target ament_cmake_python_build_cv_bridge_egg\n'}
[3.968180] (-) TimerEvent: {}
[3.997736] (cv_bridge) CommandEnded: {'returncode': 0}
[4.068455] (-) TimerEvent: {}
[4.170021] (-) TimerEvent: {}
[4.271195] (-) TimerEvent: {}
[4.367996] (diagnostic_updater) StdoutLine: {'line': b'running egg_info\n'}
[4.371348] (-) TimerEvent: {}
[4.385921] (diagnostic_updater) StdoutLine: {'line': b'writing diagnostic_updater.egg-info/PKG-INFO\n'}
[4.388358] (diagnostic_updater) StdoutLine: {'line': b'writing dependency_links to diagnostic_updater.egg-info/dependency_links.txt\n'}
[4.390740] (diagnostic_updater) StdoutLine: {'line': b'writing top-level names to diagnostic_updater.egg-info/top_level.txt\n'}
[4.393725] (diagnostic_updater) StdoutLine: {'line': b"reading manifest file 'diagnostic_updater.egg-info/SOURCES.txt'\n"}
[4.396069] (diagnostic_updater) StdoutLine: {'line': b"writing manifest file 'diagnostic_updater.egg-info/SOURCES.txt'\n"}
[4.413972] (cv_bridge) JobProgress: {'identifier': 'cv_bridge', 'progress': 'install'}
[4.471587] (-) TimerEvent: {}
[4.507865] (diagnostic_updater) StdoutLine: {'line': b'[100%] Built target ament_cmake_python_build_diagnostic_updater_egg\n'}
[4.571761] (-) TimerEvent: {}
[4.674089] (-) TimerEvent: {}
[4.678978] (cv_bridge) Command: {'cmd': ['/usr/local/bin/cmake', '--install', '/root/Workspaces/rosgsthumble_ws/build/cv_bridge'], 'cwd': '/root/Workspaces/rosgsthumble_ws/build/cv_bridge', 'env': OrderedDict([('OPENBLAS_CORETYPE', 'ARMV8'), ('PYTHONIOENCODING', 'utf-8'), ('HOSTNAME', 'nano'), ('LD_LIBRARY_PATH', '/root/Workspaces/rosgsthumble_ws/install/realsense2_camera/lib:/root/Workspaces/rosgsthumble_ws/install/realsense2_camera_msgs/lib:/root/Workspaces/rosgsthumble_ws/install/image_geometry/lib:/root/Workspaces/rosgsthumble_ws/install/gst_pipeline_plugins/lib:/root/Workspaces/rosgsthumble_ws/install/gst_pipeline/lib:/root/Workspaces/rosgsthumble_ws/install/gst_msgs/lib:/root/Workspaces/rosgsthumble_ws/install/gst_bridge/lib:/root/Workspaces/rosgsthumble_ws/install/diagnostic_updater/lib:/root/Workspaces/rosgsthumble_ws/install/cv_bridge/lib:/root/Workspaces/rosgsthumble_ws/install/audio_msgs/lib:/opt/ros/humble/install/opt/rviz_ogre_vendor/lib:/opt/ros/humble/install/lib:/usr/local/cuda-10.2/targets/aarch64-linux/lib:'), ('SHLVL', '1'), ('OLDPWD', '/root/Workspaces'), ('HOME', '/root'), ('ROS_PYTHON_VERSION', '3'), ('COLCON_PREFIX_PATH', '/opt/ros/humble/install:/root/Workspaces/rosgsthumble_ws/install'), ('ROS_DISTRO', 'humble'), ('PULSE_SERVER', 'unix:/run/user/1000/pulse/native'), ('_', '/usr/bin/colcon'), ('ROS_VERSION', '2'), ('NVIDIA_DRIVER_CAPABILITIES', 'compute,utility,graphics'), ('PKG_CONFIG_PATH', '/opt/ros/humble/install/lib/aarch64-linux-gnu/pkgconfig:/opt/ros/humble/install/lib/pkgconfig'), ('TERM', 'xterm'), ('ROS_LOCALHOST_ONLY', '0'), ('PATH', '/root/Workspaces/rosgsthumble_ws/install/xacro/bin:/opt/ros/humble/install/bin:/usr/local/cuda-10.2/bin:/usr/local/cuda/bin:/usr/local/sbin:/usr/local/bin:/usr/sbin:/usr/bin:/sbin:/bin'), ('XDG_RUNTIME_DIR', '/run/user/1000'), ('DISPLAY', ''), ('LANG', 'en_US.UTF-8'), ('RMW_IMPLEMENTATION', 'rmw_cyclonedds_cpp'), ('LS_COLORS', 'rs=0:di=01;34:ln=01;36:mh=00:pi=40;33:so=01;35:do=01;35:bd=40;33;01:cd=40;33;01:or=40;31;01:mi=00:su=37;41:sg=30;43:ca=30;41:tw=30;42:ow=34;42:st=37;44:ex=01;32:*.tar=01;31:*.tgz=01;31:*.arc=01;31:*.arj=01;31:*.taz=01;31:*.lha=01;31:*.lz4=01;31:*.lzh=01;31:*.lzma=01;31:*.tlz=01;31:*.txz=01;31:*.tzo=01;31:*.t7z=01;31:*.zip=01;31:*.z=01;31:*.Z=01;31:*.dz=01;31:*.gz=01;31:*.lrz=01;31:*.lz=01;31:*.lzo=01;31:*.xz=01;31:*.zst=01;31:*.tzst=01;31:*.bz2=01;31:*.bz=01;31:*.tbz=01;31:*.tbz2=01;31:*.tz=01;31:*.deb=01;31:*.rpm=01;31:*.jar=01;31:*.war=01;31:*.ear=01;31:*.sar=01;31:*.rar=01;31:*.alz=01;31:*.ace=01;31:*.zoo=01;31:*.cpio=01;31:*.7z=01;31:*.rz=01;31:*.cab=01;31:*.wim=01;31:*.swm=01;31:*.dwm=01;31:*.esd=01;31:*.jpg=01;35:*.jpeg=01;35:*.mjpg=01;35:*.mjpeg=01;35:*.gif=01;35:*.bmp=01;35:*.pbm=01;35:*.pgm=01;35:*.ppm=01;35:*.tga=01;35:*.xbm=01;35:*.xpm=01;35:*.tif=01;35:*.tiff=01;35:*.png=01;35:*.svg=01;35:*.svgz=01;35:*.mng=01;35:*.pcx=01;35:*.mov=01;35:*.mpg=01;35:*.mpeg=01;35:*.m2v=01;35:*.mkv=01;35:*.webm=01;35:*.ogm=01;35:*.mp4=01;35:*.m4v=01;35:*.mp4v=01;35:*.vob=01;35:*.qt=01;35:*.nuv=01;35:*.wmv=01;35:*.asf=01;35:*.rm=01;35:*.rmvb=01;35:*.flc=01;35:*.avi=01;35:*.fli=01;35:*.flv=01;35:*.gl=01;35:*.dl=01;35:*.xcf=01;35:*.xwd=01;35:*.yuv=01;35:*.cgm=01;35:*.emf=01;35:*.ogv=01;35:*.ogx=01;35:*.aac=00;36:*.au=00;36:*.flac=00;36:*.m4a=00;36:*.mid=00;36:*.midi=00;36:*.mka=00;36:*.mp3=00;36:*.mpc=00;36:*.ogg=00;36:*.ra=00;36:*.wav=00;36:*.oga=00;36:*.opus=00;36:*.spx=00;36:*.xspf=00;36:'), ('ROS_ROOT', '/opt/ros/humble'), ('AMENT_PREFIX_PATH', '/opt/ros/humble/install'), ('DEBIAN_FRONTEND', 'noninteractive'), ('GST_PLUGIN_PATH', '/root/Workspaces/rosgsthumble_ws/install/gst_bridge/lib/gst_bridge/'), ('SHELL', '/bin/bash'), ('PWD', '/root/Workspaces/rosgsthumble_ws/build/cv_bridge'), ('PYTHONPATH', '/root/Workspaces/rosgsthumble_ws/install/xacro/lib/python3.6/site-packages:/root/Workspaces/rosgsthumble_ws/install/realsense2_camera_msgs/lib/python3.6/site-packages:/root/Workspaces/rosgsthumble_ws/install/image_geometry/lib/python3.6/site-packages:/root/Workspaces/rosgsthumble_ws/install/gst_msgs/lib/python3.6/site-packages:/root/Workspaces/rosgsthumble_ws/install/diagnostic_common_diagnostics/lib/python3.6/site-packages:/root/Workspaces/rosgsthumble_ws/install/diagnostic_updater/lib/python3.6/site-packages:/root/Workspaces/rosgsthumble_ws/install/cv_bridge/lib/python3.6/site-packages:/root/Workspaces/rosgsthumble_ws/install/audio_msgs/lib/python3.6/site-packages:/opt/ros/humble/install/lib/python3.6/site-packages'), ('NVIDIA_VISIBLE_DEVICES', 'all'), ('COLCON', '1'), ('CMAKE_PREFIX_PATH', '/opt/ros/humble/install')]), 'shell': False}
[4.699196] (audio_msgs) JobProgress: {'identifier': 'audio_msgs', 'progress': 'install'}
[4.706704] (audio_msgs) Command: {'cmd': ['/usr/local/bin/cmake', '--install', '/root/Workspaces/rosgsthumble_ws/build/audio_msgs'], 'cwd': '/root/Workspaces/rosgsthumble_ws/build/audio_msgs', 'env': OrderedDict([('OPENBLAS_CORETYPE', 'ARMV8'), ('PYTHONIOENCODING', 'utf-8'), ('HOSTNAME', 'nano'), ('LD_LIBRARY_PATH', '/root/Workspaces/rosgsthumble_ws/install/realsense2_camera/lib:/root/Workspaces/rosgsthumble_ws/install/realsense2_camera_msgs/lib:/root/Workspaces/rosgsthumble_ws/install/image_geometry/lib:/root/Workspaces/rosgsthumble_ws/install/gst_pipeline_plugins/lib:/root/Workspaces/rosgsthumble_ws/install/gst_pipeline/lib:/root/Workspaces/rosgsthumble_ws/install/gst_msgs/lib:/root/Workspaces/rosgsthumble_ws/install/gst_bridge/lib:/root/Workspaces/rosgsthumble_ws/install/diagnostic_updater/lib:/root/Workspaces/rosgsthumble_ws/install/cv_bridge/lib:/root/Workspaces/rosgsthumble_ws/install/audio_msgs/lib:/opt/ros/humble/install/opt/rviz_ogre_vendor/lib:/opt/ros/humble/install/lib:/usr/local/cuda-10.2/targets/aarch64-linux/lib:'), ('SHLVL', '1'), ('OLDPWD', '/root/Workspaces'), ('HOME', '/root'), ('ROS_PYTHON_VERSION', '3'), ('COLCON_PREFIX_PATH', '/opt/ros/humble/install:/root/Workspaces/rosgsthumble_ws/install'), ('ROS_DISTRO', 'humble'), ('PULSE_SERVER', 'unix:/run/user/1000/pulse/native'), ('_', '/usr/bin/colcon'), ('ROS_VERSION', '2'), ('NVIDIA_DRIVER_CAPABILITIES', 'compute,utility,graphics'), ('PKG_CONFIG_PATH', '/opt/ros/humble/install/lib/aarch64-linux-gnu/pkgconfig:/opt/ros/humble/install/lib/pkgconfig'), ('TERM', 'xterm'), ('ROS_LOCALHOST_ONLY', '0'), ('PATH', '/root/Workspaces/rosgsthumble_ws/install/xacro/bin:/opt/ros/humble/install/bin:/usr/local/cuda-10.2/bin:/usr/local/cuda/bin:/usr/local/sbin:/usr/local/bin:/usr/sbin:/usr/bin:/sbin:/bin'), ('XDG_RUNTIME_DIR', '/run/user/1000'), ('DISPLAY', ''), ('LANG', 'en_US.UTF-8'), ('RMW_IMPLEMENTATION', 'rmw_cyclonedds_cpp'), ('LS_COLORS', 'rs=0:di=01;34:ln=01;36:mh=00:pi=40;33:so=01;35:do=01;35:bd=40;33;01:cd=40;33;01:or=40;31;01:mi=00:su=37;41:sg=30;43:ca=30;41:tw=30;42:ow=34;42:st=37;44:ex=01;32:*.tar=01;31:*.tgz=01;31:*.arc=01;31:*.arj=01;31:*.taz=01;31:*.lha=01;31:*.lz4=01;31:*.lzh=01;31:*.lzma=01;31:*.tlz=01;31:*.txz=01;31:*.tzo=01;31:*.t7z=01;31:*.zip=01;31:*.z=01;31:*.Z=01;31:*.dz=01;31:*.gz=01;31:*.lrz=01;31:*.lz=01;31:*.lzo=01;31:*.xz=01;31:*.zst=01;31:*.tzst=01;31:*.bz2=01;31:*.bz=01;31:*.tbz=01;31:*.tbz2=01;31:*.tz=01;31:*.deb=01;31:*.rpm=01;31:*.jar=01;31:*.war=01;31:*.ear=01;31:*.sar=01;31:*.rar=01;31:*.alz=01;31:*.ace=01;31:*.zoo=01;31:*.cpio=01;31:*.7z=01;31:*.rz=01;31:*.cab=01;31:*.wim=01;31:*.swm=01;31:*.dwm=01;31:*.esd=01;31:*.jpg=01;35:*.jpeg=01;35:*.mjpg=01;35:*.mjpeg=01;35:*.gif=01;35:*.bmp=01;35:*.pbm=01;35:*.pgm=01;35:*.ppm=01;35:*.tga=01;35:*.xbm=01;35:*.xpm=01;35:*.tif=01;35:*.tiff=01;35:*.png=01;35:*.svg=01;35:*.svgz=01;35:*.mng=01;35:*.pcx=01;35:*.mov=01;35:*.mpg=01;35:*.mpeg=01;35:*.m2v=01;35:*.mkv=01;35:*.webm=01;35:*.ogm=01;35:*.mp4=01;35:*.m4v=01;35:*.mp4v=01;35:*.vob=01;35:*.qt=01;35:*.nuv=01;35:*.wmv=01;35:*.asf=01;35:*.rm=01;35:*.rmvb=01;35:*.flc=01;35:*.avi=01;35:*.fli=01;35:*.flv=01;35:*.gl=01;35:*.dl=01;35:*.xcf=01;35:*.xwd=01;35:*.yuv=01;35:*.cgm=01;35:*.emf=01;35:*.ogv=01;35:*.ogx=01;35:*.aac=00;36:*.au=00;36:*.flac=00;36:*.m4a=00;36:*.mid=00;36:*.midi=00;36:*.mka=00;36:*.mp3=00;36:*.mpc=00;36:*.ogg=00;36:*.ra=00;36:*.wav=00;36:*.oga=00;36:*.opus=00;36:*.spx=00;36:*.xspf=00;36:'), ('ROS_ROOT', '/opt/ros/humble'), ('AMENT_PREFIX_PATH', '/opt/ros/humble/install'), ('DEBIAN_FRONTEND', 'noninteractive'), ('GST_PLUGIN_PATH', '/root/Workspaces/rosgsthumble_ws/install/gst_bridge/lib/gst_bridge/'), ('SHELL', '/bin/bash'), ('PWD', '/root/Workspaces/rosgsthumble_ws/build/audio_msgs'), ('PYTHONPATH', '/root/Workspaces/rosgsthumble_ws/install/xacro/lib/python3.6/site-packages:/root/Workspaces/rosgsthumble_ws/install/realsense2_camera_msgs/lib/python3.6/site-packages:/root/Workspaces/rosgsthumble_ws/install/image_geometry/lib/python3.6/site-packages:/root/Workspaces/rosgsthumble_ws/install/gst_msgs/lib/python3.6/site-packages:/root/Workspaces/rosgsthumble_ws/install/diagnostic_common_diagnostics/lib/python3.6/site-packages:/root/Workspaces/rosgsthumble_ws/install/diagnostic_updater/lib/python3.6/site-packages:/root/Workspaces/rosgsthumble_ws/install/cv_bridge/lib/python3.6/site-packages:/root/Workspaces/rosgsthumble_ws/install/audio_msgs/lib/python3.6/site-packages:/opt/ros/humble/install/lib/python3.6/site-packages'), ('NVIDIA_VISIBLE_DEVICES', 'all'), ('COLCON', '1'), ('CMAKE_PREFIX_PATH', '/opt/ros/humble/install')]), 'shell': False}
[4.722469] (diagnostic_updater) CommandEnded: {'returncode': 0}
[4.774291] (-) TimerEvent: {}
[4.875604] (-) TimerEvent: {}
[4.908442] (audio_msgs) StdoutLine: {'line': b'-- Install configuration: ""\n'}
[4.912232] (audio_msgs) StdoutLine: {'line': b'-- Execute custom install script\n'}
[4.912998] (audio_msgs) StdoutLine: {'line': b'-- Up-to-date symlink: /root/Workspaces/rosgsthumble_ws/install/audio_msgs/share/ament_index/resource_index/rosidl_interfaces/audio_msgs\n'}
[4.917144] (cv_bridge) StdoutLine: {'line': b'-- Install configuration: ""\n'}
[4.920056] (cv_bridge) StdoutLine: {'line': b'-- Execute custom install script\n'}
[4.922922] (cv_bridge) StdoutLine: {'line': b'-- Up-to-date symlink: /root/Workspaces/rosgsthumble_ws/install/cv_bridge/share/cv_bridge/environment/pythonpath.sh\n'}
[4.924627] (cv_bridge) StdoutLine: {'line': b'-- Up-to-date symlink: /root/Workspaces/rosgsthumble_ws/install/cv_bridge/share/cv_bridge/environment/pythonpath.dsv\n'}
[4.925239] (cv_bridge) StdoutLine: {'line': b'-- Up-to-date symlink: /root/Workspaces/rosgsthumble_ws/install/cv_bridge/lib/python3.6/site-packages/cv_bridge-3.2.1-py3.6.egg-info/PKG-INFO\n'}
[4.926663] (cv_bridge) StdoutLine: {'line': b'-- Up-to-date symlink: /root/Workspaces/rosgsthumble_ws/install/cv_bridge/lib/python3.6/site-packages/cv_bridge-3.2.1-py3.6.egg-info/SOURCES.txt\n'}
[4.927239] (cv_bridge) StdoutLine: {'line': b'-- Up-to-date symlink: /root/Workspaces/rosgsthumble_ws/install/cv_bridge/lib/python3.6/site-packages/cv_bridge-3.2.1-py3.6.egg-info/dependency_links.txt\n'}
[4.927742] (cv_bridge) StdoutLine: {'line': b'-- Up-to-date symlink: /root/Workspaces/rosgsthumble_ws/install/cv_bridge/lib/python3.6/site-packages/cv_bridge-3.2.1-py3.6.egg-info/top_level.txt\n'}
[4.928413] (cv_bridge) StdoutLine: {'line': b'-- Up-to-date symlink: /root/Workspaces/rosgsthumble_ws/install/cv_bridge/lib/python3.6/site-packages/cv_bridge/__init__.py\n'}
[4.930089] (cv_bridge) StdoutLine: {'line': b'-- Up-to-date symlink: /root/Workspaces/rosgsthumble_ws/install/cv_bridge/lib/python3.6/site-packages/cv_bridge/core.py\n'}
[4.931065] (audio_msgs) StdoutLine: {'line': b'-- Up-to-date symlink: /root/Workspaces/rosgsthumble_ws/install/audio_msgs/include/audio_msgs/audio_msgs/msg/audio.h\n'}
[4.931828] (audio_msgs) StdoutLine: {'line': b'-- Up-to-date symlink: /root/Workspaces/rosgsthumble_ws/install/audio_msgs/include/audio_msgs/audio_msgs/msg/detail/audio__functions.h\n'}
[4.932617] (cv_bridge) StdoutLine: {'line': b'-- Up-to-date symlink: /root/Workspaces/rosgsthumble_ws/install/cv_bridge/include/cv_bridge/cv_bridge/cv_bridge_export.h\n'}
[4.933225] (audio_msgs) StdoutLine: {'line': b'-- Up-to-date symlink: /root/Workspaces/rosgsthumble_ws/install/audio_msgs/include/audio_msgs/audio_msgs/msg/detail/audio__struct.h\n'}
[4.934160] (audio_msgs) StdoutLine: {'line': b'-- Up-to-date symlink: /root/Workspaces/rosgsthumble_ws/install/audio_msgs/include/audio_msgs/audio_msgs/msg/detail/audio__type_support.h\n'}
[4.934686] (cv_bridge) StdoutLine: {'line': b'-- Up-to-date symlink: /root/Workspaces/rosgsthumble_ws/install/cv_bridge/lib/python3.6/site-packages/cv_bridge/boost//cv_bridge_boost.so\n'}
[4.935363] (audio_msgs) StdoutLine: {'line': b'-- Up-to-date symlink: /root/Workspaces/rosgsthumble_ws/install/audio_msgs/include/audio_msgs/audio_msgs/msg/rosidl_generator_c__visibility_control.h\n'}
[4.936014] (cv_bridge) StdoutLine: {'line': b'-- Up-to-date symlink: /root/Workspaces/rosgsthumble_ws/install/cv_bridge/include/cv_bridge/cv_bridge/cv_bridge.h\n'}
[4.936497] (cv_bridge) StdoutLine: {'line': b'-- Up-to-date symlink: /root/Workspaces/rosgsthumble_ws/install/cv_bridge/include/cv_bridge/cv_bridge/rgb_colors.h\n'}
[4.942500] (cv_bridge) StdoutLine: {'line': b'-- Up-to-date symlink: /root/Workspaces/rosgsthumble_ws/install/cv_bridge/lib/libcv_bridge.so\n'}
[4.943176] (cv_bridge) StdoutLine: {'line': b'-- Up-to-date symlink: /root/Workspaces/rosgsthumble_ws/install/cv_bridge/share/ament_index/resource_index/package_run_dependencies/cv_bridge\n'}
[4.943796] (cv_bridge) StdoutLine: {'line': b'-- Up-to-date symlink: /root/Workspaces/rosgsthumble_ws/install/cv_bridge/share/ament_index/resource_index/parent_prefix_path/cv_bridge\n'}
[4.945825] (cv_bridge) StdoutLine: {'line': b'-- Up-to-date symlink: /root/Workspaces/rosgsthumble_ws/install/cv_bridge/share/cv_bridge/environment/ament_prefix_path.sh\n'}
[4.946476] (cv_bridge) StdoutLine: {'line': b'-- Up-to-date symlink: /root/Workspaces/rosgsthumble_ws/install/cv_bridge/share/cv_bridge/environment/ament_prefix_path.dsv\n'}
[4.948511] (cv_bridge) StdoutLine: {'line': b'-- Up-to-date symlink: /root/Workspaces/rosgsthumble_ws/install/cv_bridge/share/cv_bridge/environment/path.sh\n'}
[4.949117] (cv_bridge) StdoutLine: {'line': b'-- Up-to-date symlink: /root/Workspaces/rosgsthumble_ws/install/cv_bridge/share/cv_bridge/environment/path.dsv\n'}
[4.949838] (cv_bridge) StdoutLine: {'line': b'-- Up-to-date symlink: /root/Workspaces/rosgsthumble_ws/install/cv_bridge/share/cv_bridge/local_setup.bash\n'}
[4.950373] (cv_bridge) StdoutLine: {'line': b'-- Up-to-date symlink: /root/Workspaces/rosgsthumble_ws/install/cv_bridge/share/cv_bridge/local_setup.sh\n'}
[4.950892] (cv_bridge) StdoutLine: {'line': b'-- Up-to-date symlink: /root/Workspaces/rosgsthumble_ws/install/cv_bridge/share/cv_bridge/local_setup.zsh\n'}
[4.951402] (cv_bridge) StdoutLine: {'line': b'-- Up-to-date symlink: /root/Workspaces/rosgsthumble_ws/install/cv_bridge/share/cv_bridge/local_setup.dsv\n'}
[4.951928] (cv_bridge) StdoutLine: {'line': b'-- Symlinking: /root/Workspaces/rosgsthumble_ws/install/cv_bridge/share/cv_bridge/package.dsv\n'}
[4.956328] (audio_msgs) StdoutLine: {'line': b'-- Up-to-date symlink: /root/Workspaces/rosgsthumble_ws/install/audio_msgs/share/audio_msgs/environment/library_path.sh\n'}
[4.958654] (audio_msgs) StdoutLine: {'line': b'-- Up-to-date symlink: /root/Workspaces/rosgsthumble_ws/install/audio_msgs/share/audio_msgs/environment/library_path.dsv\n'}
[4.962121] (audio_msgs) StdoutLine: {'line': b'-- Up-to-date symlink: /root/Workspaces/rosgsthumble_ws/install/audio_msgs/include/audio_msgs/audio_msgs/msg/detail/audio__rosidl_typesupport_fastrtps_c.h\n'}
[4.964058] (audio_msgs) StdoutLine: {'line': b'-- Up-to-date symlink: /root/Workspaces/rosgsthumble_ws/install/audio_msgs/include/audio_msgs/audio_msgs/msg/rosidl_typesupport_fastrtps_c__visibility_control.h\n'}
[4.967221] (audio_msgs) StdoutLine: {'line': b'-- Up-to-date symlink: /root/Workspaces/rosgsthumble_ws/install/audio_msgs/include/audio_msgs/audio_msgs/msg/audio.hpp\n'}
[4.969164] (audio_msgs) StdoutLine: {'line': b'-- Up-to-date symlink: /root/Workspaces/rosgsthumble_ws/install/audio_msgs/include/audio_msgs/audio_msgs/msg/detail/audio__builder.hpp\n'}
[4.970172] (audio_msgs) StdoutLine: {'line': b'-- Up-to-date symlink: /root/Workspaces/rosgsthumble_ws/install/audio_msgs/include/audio_msgs/audio_msgs/msg/detail/audio__struct.hpp\n'}
[4.970942] (audio_msgs) StdoutLine: {'line': b'-- Up-to-date symlink: /root/Workspaces/rosgsthumble_ws/install/audio_msgs/include/audio_msgs/audio_msgs/msg/detail/audio__traits.hpp\n'}
[4.974071] (audio_msgs) StdoutLine: {'line': b'-- Up-to-date symlink: /root/Workspaces/rosgsthumble_ws/install/audio_msgs/include/audio_msgs/audio_msgs/msg/detail/audio__rosidl_typesupport_fastrtps_cpp.hpp\n'}
[4.978113] (-) TimerEvent: {}
[4.980835] (audio_msgs) StdoutLine: {'line': b'-- Up-to-date symlink: /root/Workspaces/rosgsthumble_ws/install/audio_msgs/include/audio_msgs/audio_msgs/msg/rosidl_typesupport_fastrtps_cpp__visibility_control.h\n'}
[4.983076] (cv_bridge) StdoutLine: {'line': b'-- Up-to-date symlink: /root/Workspaces/rosgsthumble_ws/install/cv_bridge/share/ament_index/resource_index/packages/cv_bridge\n'}
[4.983785] (cv_bridge) StdoutLine: {'line': b'-- Up-to-date symlink: /root/Workspaces/rosgsthumble_ws/install/cv_bridge/share/cv_bridge/cmake/cv_bridge-extras.cmake\n'}
[4.984373] (audio_msgs) StdoutLine: {'line': b'-- Up-to-date symlink: /root/Workspaces/rosgsthumble_ws/install/audio_msgs/include/audio_msgs/audio_msgs/msg/detail/audio__rosidl_typesupport_introspection_c.h\n'}
[4.985827] (cv_bridge) StdoutLine: {'line': b'-- Up-to-date symlink: /root/Workspaces/rosgsthumble_ws/install/cv_bridge/share/cv_bridge/cmake/ament_cmake_export_dependencies-extras.cmake\n'}
[4.986393] (audio_msgs) StdoutLine: {'line': b'-- Up-to-date symlink: /root/Workspaces/rosgsthumble_ws/install/audio_msgs/include/audio_msgs/audio_msgs/msg/rosidl_typesupport_introspection_c__visibility_control.h\n'}
[4.987583] (audio_msgs) StdoutLine: {'line': b'-- Up-to-date symlink: /root/Workspaces/rosgsthumble_ws/install/audio_msgs/include/audio_msgs/audio_msgs/msg/detail/audio__rosidl_typesupport_introspection_cpp.hpp\n'}
[4.988334] (audio_msgs) StdoutLine: {'line': b'-- Up-to-date symlink: /root/Workspaces/rosgsthumble_ws/install/audio_msgs/share/audio_msgs/environment/pythonpath.sh\n'}
[4.988878] (cv_bridge) StdoutLine: {'line': b'-- Up-to-date symlink: /root/Workspaces/rosgsthumble_ws/install/cv_bridge/share/cv_bridge/cmake/ament_cmake_export_targets-extras.cmake\n'}
[4.989376] (audio_msgs) StdoutLine: {'line': b'-- Up-to-date symlink: /root/Workspaces/rosgsthumble_ws/install/audio_msgs/share/audio_msgs/environment/pythonpath.dsv\n'}
[4.990029] (audio_msgs) StdoutLine: {'line': b'-- Up-to-date symlink: /root/Workspaces/rosgsthumble_ws/install/audio_msgs/lib/python3.6/site-packages/audio_msgs-0.0.0-py3.6.egg-info/PKG-INFO\n'}
[4.991256] (audio_msgs) StdoutLine: {'line': b'-- Up-to-date symlink: /root/Workspaces/rosgsthumble_ws/install/audio_msgs/lib/python3.6/site-packages/audio_msgs-0.0.0-py3.6.egg-info/SOURCES.txt\n'}
[4.992498] (audio_msgs) StdoutLine: {'line': b'-- Up-to-date symlink: /root/Workspaces/rosgsthumble_ws/install/audio_msgs/lib/python3.6/site-packages/audio_msgs-0.0.0-py3.6.egg-info/dependency_links.txt\n'}
[4.993370] (cv_bridge) StdoutLine: {'line': b'-- Up-to-date symlink: /root/Workspaces/rosgsthumble_ws/install/cv_bridge/share/cv_bridge/cmake/cv_bridgeConfig.cmake\n'}
[4.996466] (cv_bridge) StdoutLine: {'line': b'-- Up-to-date symlink: /root/Workspaces/rosgsthumble_ws/install/cv_bridge/share/cv_bridge/cmake/cv_bridgeConfig-version.cmake\n'}
[4.999834] (audio_msgs) StdoutLine: {'line': b'-- Up-to-date symlink: /root/Workspaces/rosgsthumble_ws/install/audio_msgs/lib/python3.6/site-packages/audio_msgs-0.0.0-py3.6.egg-info/top_level.txt\n'}
[5.000721] (cv_bridge) StdoutLine: {'line': b'-- Up-to-date symlink: /root/Workspaces/rosgsthumble_ws/install/cv_bridge/share/cv_bridge/package.xml\n'}
[5.001821] (audio_msgs) StdoutLine: {'line': b'-- Up-to-date symlink: /root/Workspaces/rosgsthumble_ws/install/audio_msgs/lib/python3.6/site-packages/audio_msgs/__init__.py\n'}
[5.002666] (audio_msgs) StdoutLine: {'line': b'-- Up-to-date symlink: /root/Workspaces/rosgsthumble_ws/install/audio_msgs/lib/python3.6/site-packages/audio_msgs/_audio_msgs_s.ep.rosidl_typesupport_c.c\n'}
[5.003409] (audio_msgs) StdoutLine: {'line': b'-- Up-to-date symlink: /root/Workspaces/rosgsthumble_ws/install/audio_msgs/lib/python3.6/site-packages/audio_msgs/_audio_msgs_s.ep.rosidl_typesupport_fastrtps_c.c\n'}
[5.004171] (audio_msgs) StdoutLine: {'line': b'-- Up-to-date symlink: /root/Workspaces/rosgsthumble_ws/install/audio_msgs/lib/python3.6/site-packages/audio_msgs/_audio_msgs_s.ep.rosidl_typesupport_introspection_c.c\n'}
[5.004925] (audio_msgs) StdoutLine: {'line': b'-- Up-to-date symlink: /root/Workspaces/rosgsthumble_ws/install/audio_msgs/lib/python3.6/site-packages/audio_msgs/audio_msgs_s__rosidl_typesupport_c.cpython-36m-aarch64-linux-gnu.so\n'}
[5.005511] (audio_msgs) StdoutLine: {'line': b'-- Up-to-date symlink: /root/Workspaces/rosgsthumble_ws/install/audio_msgs/lib/python3.6/site-packages/audio_msgs/audio_msgs_s__rosidl_typesupport_fastrtps_c.cpython-36m-aarch64-linux-gnu.so\n'}
[5.006610] (audio_msgs) StdoutLine: {'line': b'-- Up-to-date symlink: /root/Workspaces/rosgsthumble_ws/install/audio_msgs/lib/python3.6/site-packages/audio_msgs/audio_msgs_s__rosidl_typesupport_introspection_c.cpython-36m-aarch64-linux-gnu.so\n'}
[5.007338] (audio_msgs) StdoutLine: {'line': b'-- Up-to-date symlink: /root/Workspaces/rosgsthumble_ws/install/audio_msgs/lib/python3.6/site-packages/audio_msgs/libaudio_msgs__rosidl_generator_py.so\n'}
[5.008041] (audio_msgs) StdoutLine: {'line': b'-- Up-to-date symlink: /root/Workspaces/rosgsthumble_ws/install/audio_msgs/lib/python3.6/site-packages/audio_msgs/msg/__init__.py\n'}
[5.008689] (audio_msgs) StdoutLine: {'line': b'-- Up-to-date symlink: /root/Workspaces/rosgsthumble_ws/install/audio_msgs/lib/python3.6/site-packages/audio_msgs/msg/_audio.py\n'}
[5.009234] (audio_msgs) StdoutLine: {'line': b'-- Up-to-date symlink: /root/Workspaces/rosgsthumble_ws/install/audio_msgs/lib/python3.6/site-packages/audio_msgs/msg/_audio_s.c\n'}
[5.010263] (audio_msgs) StdoutLine: {'line': b'-- Up-to-date symlink: /root/Workspaces/rosgsthumble_ws/install/audio_msgs/lib/python3.6/site-packages/audio_msgs/audio_msgs_s__rosidl_typesupport_fastrtps_c.cpython-36m-aarch64-linux-gnu.so\n'}
[5.016941] (audio_msgs) StdoutLine: {'line': b'-- Up-to-date symlink: /root/Workspaces/rosgsthumble_ws/install/audio_msgs/lib/python3.6/site-packages/audio_msgs/audio_msgs_s__rosidl_typesupport_introspection_c.cpython-36m-aarch64-linux-gnu.so\n'}
[5.019420] (audio_msgs) StdoutLine: {'line': b'-- Up-to-date symlink: /root/Workspaces/rosgsthumble_ws/install/audio_msgs/lib/python3.6/site-packages/audio_msgs/audio_msgs_s__rosidl_typesupport_c.cpython-36m-aarch64-linux-gnu.so\n'}
[5.021827] (audio_msgs) StdoutLine: {'line': b'-- Up-to-date symlink: /root/Workspaces/rosgsthumble_ws/install/audio_msgs/share/audio_msgs/msg/Audio.idl\n'}
[5.024317] (audio_msgs) StdoutLine: {'line': b'-- Up-to-date symlink: /root/Workspaces/rosgsthumble_ws/install/audio_msgs/share/audio_msgs/msg/Audio.msg\n'}
[5.026687] (audio_msgs) StdoutLine: {'line': b'-- Up-to-date symlink: /root/Workspaces/rosgsthumble_ws/install/audio_msgs/share/ament_index/resource_index/package_run_dependencies/audio_msgs\n'}
[5.029406] (audio_msgs) StdoutLine: {'line': b'-- Up-to-date symlink: /root/Workspaces/rosgsthumble_ws/install/audio_msgs/share/ament_index/resource_index/parent_prefix_path/audio_msgs\n'}
[5.032479] (audio_msgs) StdoutLine: {'line': b'-- Up-to-date symlink: /root/Workspaces/rosgsthumble_ws/install/audio_msgs/share/audio_msgs/environment/ament_prefix_path.sh\n'}
[5.035182] (audio_msgs) StdoutLine: {'line': b'-- Up-to-date symlink: /root/Workspaces/rosgsthumble_ws/install/audio_msgs/share/audio_msgs/environment/ament_prefix_path.dsv\n'}
[5.037362] (audio_msgs) StdoutLine: {'line': b'-- Up-to-date symlink: /root/Workspaces/rosgsthumble_ws/install/audio_msgs/share/audio_msgs/environment/path.sh\n'}
[5.039175] (audio_msgs) StdoutLine: {'line': b'-- Up-to-date symlink: /root/Workspaces/rosgsthumble_ws/install/audio_msgs/share/audio_msgs/environment/path.dsv\n'}
[5.043655] (audio_msgs) StdoutLine: {'line': b'-- Up-to-date symlink: /root/Workspaces/rosgsthumble_ws/install/audio_msgs/share/audio_msgs/local_setup.bash\n'}
[5.045477] (audio_msgs) StdoutLine: {'line': b'-- Up-to-date symlink: /root/Workspaces/rosgsthumble_ws/install/audio_msgs/share/audio_msgs/local_setup.sh\n'}
[5.046557] (audio_msgs) StdoutLine: {'line': b'-- Up-to-date symlink: /root/Workspaces/rosgsthumble_ws/install/audio_msgs/share/audio_msgs/local_setup.zsh\n'}
[5.047136] (audio_msgs) StdoutLine: {'line': b'-- Up-to-date symlink: /root/Workspaces/rosgsthumble_ws/install/audio_msgs/share/audio_msgs/local_setup.dsv\n'}
[5.047676] (audio_msgs) StdoutLine: {'line': b'-- Symlinking: /root/Workspaces/rosgsthumble_ws/install/audio_msgs/share/audio_msgs/package.dsv\n'}
[5.053875] (audio_msgs) StdoutLine: {'line': b'-- Up-to-date symlink: /root/Workspaces/rosgsthumble_ws/install/audio_msgs/share/ament_index/resource_index/packages/audio_msgs\n'}
[5.054850] (audio_msgs) StdoutLine: {'line': b'-- Up-to-date symlink: /root/Workspaces/rosgsthumble_ws/install/audio_msgs/share/audio_msgs/cmake/rosidl_cmake-extras.cmake\n'}
[5.055702] (audio_msgs) StdoutLine: {'line': b'-- Up-to-date symlink: /root/Workspaces/rosgsthumble_ws/install/audio_msgs/share/audio_msgs/cmake/ament_cmake_export_dependencies-extras.cmake\n'}
[5.056575] (audio_msgs) StdoutLine: {'line': b'-- Up-to-date symlink: /root/Workspaces/rosgsthumble_ws/install/audio_msgs/share/audio_msgs/cmake/ament_cmake_export_include_directories-extras.cmake\n'}
[5.057410] (audio_msgs) StdoutLine: {'line': b'-- Up-to-date symlink: /root/Workspaces/rosgsthumble_ws/install/audio_msgs/share/audio_msgs/cmake/ament_cmake_export_libraries-extras.cmake\n'}
[5.058682] (audio_msgs) StdoutLine: {'line': b'-- Up-to-date symlink: /root/Workspaces/rosgsthumble_ws/install/audio_msgs/share/audio_msgs/cmake/ament_cmake_export_targets-extras.cmake\n'}
[5.059545] (audio_msgs) StdoutLine: {'line': b'-- Up-to-date symlink: /root/Workspaces/rosgsthumble_ws/install/audio_msgs/share/audio_msgs/cmake/rosidl_cmake_export_typesupport_targets-extras.cmake\n'}
[5.060397] (audio_msgs) StdoutLine: {'line': b'-- Up-to-date symlink: /root/Workspaces/rosgsthumble_ws/install/audio_msgs/share/audio_msgs/cmake/rosidl_cmake_export_typesupport_libraries-extras.cmake\n'}
[5.061263] (audio_msgs) StdoutLine: {'line': b'-- Up-to-date symlink: /root/Workspaces/rosgsthumble_ws/install/audio_msgs/share/audio_msgs/cmake/audio_msgsConfig.cmake\n'}
[5.062060] (audio_msgs) StdoutLine: {'line': b'-- Up-to-date symlink: /root/Workspaces/rosgsthumble_ws/install/audio_msgs/share/audio_msgs/cmake/audio_msgsConfig-version.cmake\n'}
[5.062797] (audio_msgs) StdoutLine: {'line': b'-- Up-to-date symlink: /root/Workspaces/rosgsthumble_ws/install/audio_msgs/share/audio_msgs/package.xml\n'}
[5.063828] (audio_msgs) StdoutLine: {'line': b'-- Up-to-date: /root/Workspaces/rosgsthumble_ws/install/audio_msgs/lib/libaudio_msgs__rosidl_generator_c.so\n'}
[5.065207] (audio_msgs) StdoutLine: {'line': b'-- Up-to-date: /root/Workspaces/rosgsthumble_ws/install/audio_msgs/lib/libaudio_msgs__rosidl_typesupport_fastrtps_c.so\n'}
[5.070023] (audio_msgs) StdoutLine: {'line': b'-- Up-to-date: /root/Workspaces/rosgsthumble_ws/install/audio_msgs/lib/libaudio_msgs__rosidl_typesupport_fastrtps_cpp.so\n'}
[5.077338] (audio_msgs) StdoutLine: {'line': b'-- Up-to-date: /root/Workspaces/rosgsthumble_ws/install/audio_msgs/lib/libaudio_msgs__rosidl_typesupport_introspection_c.so\n'}
[5.078684] (-) TimerEvent: {}
[5.080825] (audio_msgs) StdoutLine: {'line': b'-- Up-to-date: /root/Workspaces/rosgsthumble_ws/install/audio_msgs/lib/libaudio_msgs__rosidl_typesupport_c.so\n'}
[5.084012] (audio_msgs) StdoutLine: {'line': b'-- Up-to-date: /root/Workspaces/rosgsthumble_ws/install/audio_msgs/lib/libaudio_msgs__rosidl_typesupport_introspection_cpp.so\n'}
[5.086677] (audio_msgs) StdoutLine: {'line': b'-- Up-to-date: /root/Workspaces/rosgsthumble_ws/install/audio_msgs/lib/libaudio_msgs__rosidl_typesupport_cpp.so\n'}
[5.181699] (-) TimerEvent: {}
[5.214775] (diagnostic_updater) JobProgress: {'identifier': 'diagnostic_updater', 'progress': 'install'}
[5.215070] (diagnostic_updater) Command: {'cmd': ['/usr/local/bin/cmake', '--install', '/root/Workspaces/rosgsthumble_ws/build/diagnostic_updater'], 'cwd': '/root/Workspaces/rosgsthumble_ws/build/diagnostic_updater', 'env': OrderedDict([('OPENBLAS_CORETYPE', 'ARMV8'), ('PYTHONIOENCODING', 'utf-8'), ('HOSTNAME', 'nano'), ('LD_LIBRARY_PATH', '/root/Workspaces/rosgsthumble_ws/install/realsense2_camera/lib:/root/Workspaces/rosgsthumble_ws/install/realsense2_camera_msgs/lib:/root/Workspaces/rosgsthumble_ws/install/image_geometry/lib:/root/Workspaces/rosgsthumble_ws/install/gst_pipeline_plugins/lib:/root/Workspaces/rosgsthumble_ws/install/gst_pipeline/lib:/root/Workspaces/rosgsthumble_ws/install/gst_msgs/lib:/root/Workspaces/rosgsthumble_ws/install/gst_bridge/lib:/root/Workspaces/rosgsthumble_ws/install/diagnostic_updater/lib:/root/Workspaces/rosgsthumble_ws/install/cv_bridge/lib:/root/Workspaces/rosgsthumble_ws/install/audio_msgs/lib:/opt/ros/humble/install/opt/rviz_ogre_vendor/lib:/opt/ros/humble/install/lib:/usr/local/cuda-10.2/targets/aarch64-linux/lib:'), ('SHLVL', '1'), ('OLDPWD', '/root/Workspaces'), ('HOME', '/root'), ('ROS_PYTHON_VERSION', '3'), ('COLCON_PREFIX_PATH', '/opt/ros/humble/install:/root/Workspaces/rosgsthumble_ws/install'), ('ROS_DISTRO', 'humble'), ('PULSE_SERVER', 'unix:/run/user/1000/pulse/native'), ('_', '/usr/bin/colcon'), ('ROS_VERSION', '2'), ('NVIDIA_DRIVER_CAPABILITIES', 'compute,utility,graphics'), ('PKG_CONFIG_PATH', '/opt/ros/humble/install/lib/aarch64-linux-gnu/pkgconfig:/opt/ros/humble/install/lib/pkgconfig'), ('TERM', 'xterm'), ('ROS_LOCALHOST_ONLY', '0'), ('PATH', '/root/Workspaces/rosgsthumble_ws/install/xacro/bin:/opt/ros/humble/install/bin:/usr/local/cuda-10.2/bin:/usr/local/cuda/bin:/usr/local/sbin:/usr/local/bin:/usr/sbin:/usr/bin:/sbin:/bin'), ('XDG_RUNTIME_DIR', '/run/user/1000'), ('DISPLAY', ''), ('LANG', 'en_US.UTF-8'), ('RMW_IMPLEMENTATION', 'rmw_cyclonedds_cpp'), ('LS_COLORS', 'rs=0:di=01;34:ln=01;36:mh=00:pi=40;33:so=01;35:do=01;35:bd=40;33;01:cd=40;33;01:or=40;31;01:mi=00:su=37;41:sg=30;43:ca=30;41:tw=30;42:ow=34;42:st=37;44:ex=01;32:*.tar=01;31:*.tgz=01;31:*.arc=01;31:*.arj=01;31:*.taz=01;31:*.lha=01;31:*.lz4=01;31:*.lzh=01;31:*.lzma=01;31:*.tlz=01;31:*.txz=01;31:*.tzo=01;31:*.t7z=01;31:*.zip=01;31:*.z=01;31:*.Z=01;31:*.dz=01;31:*.gz=01;31:*.lrz=01;31:*.lz=01;31:*.lzo=01;31:*.xz=01;31:*.zst=01;31:*.tzst=01;31:*.bz2=01;31:*.bz=01;31:*.tbz=01;31:*.tbz2=01;31:*.tz=01;31:*.deb=01;31:*.rpm=01;31:*.jar=01;31:*.war=01;31:*.ear=01;31:*.sar=01;31:*.rar=01;31:*.alz=01;31:*.ace=01;31:*.zoo=01;31:*.cpio=01;31:*.7z=01;31:*.rz=01;31:*.cab=01;31:*.wim=01;31:*.swm=01;31:*.dwm=01;31:*.esd=01;31:*.jpg=01;35:*.jpeg=01;35:*.mjpg=01;35:*.mjpeg=01;35:*.gif=01;35:*.bmp=01;35:*.pbm=01;35:*.pgm=01;35:*.ppm=01;35:*.tga=01;35:*.xbm=01;35:*.xpm=01;35:*.tif=01;35:*.tiff=01;35:*.png=01;35:*.svg=01;35:*.svgz=01;35:*.mng=01;35:*.pcx=01;35:*.mov=01;35:*.mpg=01;35:*.mpeg=01;35:*.m2v=01;35:*.mkv=01;35:*.webm=01;35:*.ogm=01;35:*.mp4=01;35:*.m4v=01;35:*.mp4v=01;35:*.vob=01;35:*.qt=01;35:*.nuv=01;35:*.wmv=01;35:*.asf=01;35:*.rm=01;35:*.rmvb=01;35:*.flc=01;35:*.avi=01;35:*.fli=01;35:*.flv=01;35:*.gl=01;35:*.dl=01;35:*.xcf=01;35:*.xwd=01;35:*.yuv=01;35:*.cgm=01;35:*.emf=01;35:*.ogv=01;35:*.ogx=01;35:*.aac=00;36:*.au=00;36:*.flac=00;36:*.m4a=00;36:*.mid=00;36:*.midi=00;36:*.mka=00;36:*.mp3=00;36:*.mpc=00;36:*.ogg=00;36:*.ra=00;36:*.wav=00;36:*.oga=00;36:*.opus=00;36:*.spx=00;36:*.xspf=00;36:'), ('ROS_ROOT', '/opt/ros/humble'), ('AMENT_PREFIX_PATH', '/opt/ros/humble/install'), ('DEBIAN_FRONTEND', 'noninteractive'), ('GST_PLUGIN_PATH', '/root/Workspaces/rosgsthumble_ws/install/gst_bridge/lib/gst_bridge/'), ('SHELL', '/bin/bash'), ('PWD', '/root/Workspaces/rosgsthumble_ws/build/diagnostic_updater'), ('PYTHONPATH', '/root/Workspaces/rosgsthumble_ws/install/xacro/lib/python3.6/site-packages:/root/Workspaces/rosgsthumble_ws/install/realsense2_camera_msgs/lib/python3.6/site-packages:/root/Workspaces/rosgsthumble_ws/install/image_geometry/lib/python3.6/site-packages:/root/Workspaces/rosgsthumble_ws/install/gst_msgs/lib/python3.6/site-packages:/root/Workspaces/rosgsthumble_ws/install/diagnostic_common_diagnostics/lib/python3.6/site-packages:/root/Workspaces/rosgsthumble_ws/install/diagnostic_updater/lib/python3.6/site-packages:/root/Workspaces/rosgsthumble_ws/install/cv_bridge/lib/python3.6/site-packages:/root/Workspaces/rosgsthumble_ws/install/audio_msgs/lib/python3.6/site-packages:/opt/ros/humble/install/lib/python3.6/site-packages'), ('NVIDIA_VISIBLE_DEVICES', 'all'), ('COLCON', '1'), ('CMAKE_PREFIX_PATH', '/opt/ros/humble/install')]), 'shell': False}
[5.253616] (cv_bridge) StdoutLine: {'line': b"Listing '/root/Workspaces/rosgsthumble_ws/install/cv_bridge/lib/python3.6/site-packages/cv_bridge'...\n"}
[5.254753] (cv_bridge) StdoutLine: {'line': b"Listing '/root/Workspaces/rosgsthumble_ws/install/cv_bridge/lib/python3.6/site-packages/cv_bridge/boost'...\n"}
[5.282649] (-) TimerEvent: {}
[5.284156] (cv_bridge) StdoutLine: {'line': b'-- Up-to-date: /root/Workspaces/rosgsthumble_ws/install/cv_bridge/share/cv_bridge/cmake/export_cv_bridgeExport.cmake\n'}
[5.285834] (cv_bridge) StdoutLine: {'line': b'-- Up-to-date: /root/Workspaces/rosgsthumble_ws/install/cv_bridge/share/cv_bridge/cmake/export_cv_bridgeExport-noconfig.cmake\n'}
[5.309015] (audio_msgs) StdoutLine: {'line': b"Listing '/root/Workspaces/rosgsthumble_ws/install/audio_msgs/lib/python3.6/site-packages/audio_msgs'...\n"}
[5.311599] (audio_msgs) StdoutLine: {'line': b"Listing '/root/Workspaces/rosgsthumble_ws/install/audio_msgs/lib/python3.6/site-packages/audio_msgs/msg'...\n"}
[5.326529] (cv_bridge) CommandEnded: {'returncode': 0}
[5.341306] (audio_msgs) StdoutLine: {'line': b'-- Up-to-date: /root/Workspaces/rosgsthumble_ws/install/audio_msgs/lib/libaudio_msgs__rosidl_generator_py.so\n'}
[5.342289] (audio_msgs) StdoutLine: {'line': b'-- Up-to-date: /root/Workspaces/rosgsthumble_ws/install/audio_msgs/share/audio_msgs/cmake/export_audio_msgs__rosidl_generator_cExport.cmake\n'}
[5.342933] (audio_msgs) StdoutLine: {'line': b'-- Up-to-date: /root/Workspaces/rosgsthumble_ws/install/audio_msgs/share/audio_msgs/cmake/export_audio_msgs__rosidl_generator_cExport-noconfig.cmake\n'}
[5.343632] (audio_msgs) StdoutLine: {'line': b'-- Up-to-date: /root/Workspaces/rosgsthumble_ws/install/audio_msgs/share/audio_msgs/cmake/export_audio_msgs__rosidl_typesupport_fastrtps_cExport.cmake\n'}
[5.344234] (audio_msgs) StdoutLine: {'line': b'-- Up-to-date: /root/Workspaces/rosgsthumble_ws/install/audio_msgs/share/audio_msgs/cmake/export_audio_msgs__rosidl_typesupport_fastrtps_cExport-noconfig.cmake\n'}
[5.344827] (audio_msgs) StdoutLine: {'line': b'-- Up-to-date: /root/Workspaces/rosgsthumble_ws/install/audio_msgs/share/audio_msgs/cmake/export_audio_msgs__rosidl_generator_cppExport.cmake\n'}
[5.345409] (audio_msgs) StdoutLine: {'line': b'-- Up-to-date: /root/Workspaces/rosgsthumble_ws/install/audio_msgs/share/audio_msgs/cmake/export_audio_msgs__rosidl_typesupport_fastrtps_cppExport.cmake\n'}
[5.346387] (audio_msgs) StdoutLine: {'line': b'-- Up-to-date: /root/Workspaces/rosgsthumble_ws/install/audio_msgs/share/audio_msgs/cmake/export_audio_msgs__rosidl_typesupport_fastrtps_cppExport-noconfig.cmake\n'}
[5.346944] (audio_msgs) StdoutLine: {'line': b'-- Up-to-date: /root/Workspaces/rosgsthumble_ws/install/audio_msgs/share/audio_msgs/cmake/audio_msgs__rosidl_typesupport_introspection_cExport.cmake\n'}
[5.347546] (audio_msgs) StdoutLine: {'line': b'-- Up-to-date: /root/Workspaces/rosgsthumble_ws/install/audio_msgs/share/audio_msgs/cmake/audio_msgs__rosidl_typesupport_introspection_cExport-noconfig.cmake\n'}
[5.348080] (audio_msgs) StdoutLine: {'line': b'-- Up-to-date: /root/Workspaces/rosgsthumble_ws/install/audio_msgs/share/audio_msgs/cmake/audio_msgs__rosidl_typesupport_cExport.cmake\n'}
[5.348593] (audio_msgs) StdoutLine: {'line': b'-- Up-to-date: /root/Workspaces/rosgsthumble_ws/install/audio_msgs/share/audio_msgs/cmake/audio_msgs__rosidl_typesupport_cExport-noconfig.cmake\n'}
[5.349128] (audio_msgs) StdoutLine: {'line': b'-- Up-to-date: /root/Workspaces/rosgsthumble_ws/install/audio_msgs/share/audio_msgs/cmake/audio_msgs__rosidl_typesupport_introspection_cppExport.cmake\n'}
[5.349707] (audio_msgs) StdoutLine: {'line': b'-- Up-to-date: /root/Workspaces/rosgsthumble_ws/install/audio_msgs/share/audio_msgs/cmake/audio_msgs__rosidl_typesupport_introspection_cppExport-noconfig.cmake\n'}
[5.350329] (audio_msgs) StdoutLine: {'line': b'-- Up-to-date: /root/Workspaces/rosgsthumble_ws/install/audio_msgs/share/audio_msgs/cmake/audio_msgs__rosidl_typesupport_cppExport.cmake\n'}
[5.350883] (audio_msgs) StdoutLine: {'line': b'-- Up-to-date: /root/Workspaces/rosgsthumble_ws/install/audio_msgs/share/audio_msgs/cmake/audio_msgs__rosidl_typesupport_cppExport-noconfig.cmake\n'}
[5.351432] (audio_msgs) StdoutLine: {'line': b'-- Up-to-date: /root/Workspaces/rosgsthumble_ws/install/audio_msgs/share/audio_msgs/cmake/export_audio_msgs__rosidl_generator_pyExport.cmake\n'}
[5.351933] (audio_msgs) StdoutLine: {'line': b'-- Up-to-date: /root/Workspaces/rosgsthumble_ws/install/audio_msgs/share/audio_msgs/cmake/export_audio_msgs__rosidl_generator_pyExport-noconfig.cmake\n'}
[5.387922] (-) TimerEvent: {}
[5.481683] (diagnostic_updater) StdoutLine: {'line': b'-- Install configuration: ""\n'}
[5.499294] (-) TimerEvent: {}
[5.504236] (diagnostic_updater) StdoutLine: {'line': b'-- Execute custom install script\n'}
[5.505167] (diagnostic_updater) StdoutLine: {'line': b'-- Up-to-date symlink: /root/Workspaces/rosgsthumble_ws/install/diagnostic_updater/share/diagnostic_updater/environment/pythonpath.sh\n'}
[5.506693] (diagnostic_updater) StdoutLine: {'line': b'-- Up-to-date symlink: /root/Workspaces/rosgsthumble_ws/install/diagnostic_updater/share/diagnostic_updater/environment/pythonpath.dsv\n'}
[5.507964] (diagnostic_updater) StdoutLine: {'line': b'-- Up-to-date symlink: /root/Workspaces/rosgsthumble_ws/install/diagnostic_updater/lib/python3.6/site-packages/diagnostic_updater-4.0.6-py3.6.egg-info/PKG-INFO\n'}
[5.512620] (diagnostic_updater) StdoutLine: {'line': b'-- Up-to-date symlink: /root/Workspaces/rosgsthumble_ws/install/diagnostic_updater/lib/python3.6/site-packages/diagnostic_updater-4.0.6-py3.6.egg-info/SOURCES.txt\n'}
[5.513662] (diagnostic_updater) StdoutLine: {'line': b'-- Up-to-date symlink: /root/Workspaces/rosgsthumble_ws/install/diagnostic_updater/lib/python3.6/site-packages/diagnostic_updater-4.0.6-py3.6.egg-info/dependency_links.txt\n'}
[5.537144] (diagnostic_updater) StdoutLine: {'line': b'-- Up-to-date symlink: /root/Workspaces/rosgsthumble_ws/install/diagnostic_updater/lib/python3.6/site-packages/diagnostic_updater-4.0.6-py3.6.egg-info/top_level.txt\n'}
[5.556057] (diagnostic_updater) StdoutLine: {'line': b'-- Up-to-date symlink: /root/Workspaces/rosgsthumble_ws/install/diagnostic_updater/lib/python3.6/site-packages/diagnostic_updater/__init__.py\n'}
[5.556780] (diagnostic_updater) StdoutLine: {'line': b'-- Up-to-date symlink: /root/Workspaces/rosgsthumble_ws/install/diagnostic_updater/lib/python3.6/site-packages/diagnostic_updater/_diagnostic_status_wrapper.py\n'}
[5.557401] (diagnostic_updater) StdoutLine: {'line': b'-- Up-to-date symlink: /root/Workspaces/rosgsthumble_ws/install/diagnostic_updater/lib/python3.6/site-packages/diagnostic_updater/_diagnostic_updater.py\n'}
[5.558069] (diagnostic_updater) StdoutLine: {'line': b'-- Up-to-date symlink: /root/Workspaces/rosgsthumble_ws/install/diagnostic_updater/lib/python3.6/site-packages/diagnostic_updater/_publisher.py\n'}
[5.558683] (diagnostic_updater) StdoutLine: {'line': b'-- Up-to-date symlink: /root/Workspaces/rosgsthumble_ws/install/diagnostic_updater/lib/python3.6/site-packages/diagnostic_updater/_update_functions.py\n'}
[5.559309] (diagnostic_updater) StdoutLine: {'line': b'-- Up-to-date symlink: /root/Workspaces/rosgsthumble_ws/install/diagnostic_updater/lib/python3.6/site-packages/diagnostic_updater/example.py\n'}
[5.559900] (diagnostic_updater) StdoutLine: {'line': b'-- Up-to-date symlink: /root/Workspaces/rosgsthumble_ws/install/diagnostic_updater/lib/diagnostic_updater/example.py\n'}
[5.560495] (diagnostic_updater) StdoutLine: {'line': b'-- Up-to-date symlink: /root/Workspaces/rosgsthumble_ws/install/diagnostic_updater/lib/diagnostic_updater/example\n'}
[5.561072] (diagnostic_updater) StdoutLine: {'line': b'-- Up-to-date symlink: /root/Workspaces/rosgsthumble_ws/install/diagnostic_updater/include/diagnostic_updater/diagnostic_status_wrapper.hpp\n'}
[5.561886] (diagnostic_updater) StdoutLine: {'line': b'-- Up-to-date symlink: /root/Workspaces/rosgsthumble_ws/install/diagnostic_updater/include/diagnostic_updater/diagnostic_updater.hpp\n'}
[5.562593] (diagnostic_updater) StdoutLine: {'line': b'-- Up-to-date symlink: /root/Workspaces/rosgsthumble_ws/install/diagnostic_updater/include/diagnostic_updater/publisher.hpp\n'}
[5.563262] (diagnostic_updater) StdoutLine: {'line': b'-- Up-to-date symlink: /root/Workspaces/rosgsthumble_ws/install/diagnostic_updater/include/diagnostic_updater/update_functions.hpp\n'}
[5.563962] (diagnostic_updater) StdoutLine: {'line': b'-- Up-to-date symlink: /root/Workspaces/rosgsthumble_ws/install/diagnostic_updater/share/diagnostic_updater/environment/library_path.sh\n'}
[5.564611] (diagnostic_updater) StdoutLine: {'line': b'-- Up-to-date symlink: /root/Workspaces/rosgsthumble_ws/install/diagnostic_updater/share/diagnostic_updater/environment/library_path.dsv\n'}
[5.565262] (diagnostic_updater) StdoutLine: {'line': b'-- Up-to-date symlink: /root/Workspaces/rosgsthumble_ws/install/diagnostic_updater/share/ament_index/resource_index/package_run_dependencies/diagnostic_updater\n'}
[5.566004] (diagnostic_updater) StdoutLine: {'line': b'-- Up-to-date symlink: /root/Workspaces/rosgsthumble_ws/install/diagnostic_updater/share/ament_index/resource_index/parent_prefix_path/diagnostic_updater\n'}
[5.566612] (diagnostic_updater) StdoutLine: {'line': b'-- Up-to-date symlink: /root/Workspaces/rosgsthumble_ws/install/diagnostic_updater/share/diagnostic_updater/environment/ament_prefix_path.sh\n'}
[5.567220] (diagnostic_updater) StdoutLine: {'line': b'-- Up-to-date symlink: /root/Workspaces/rosgsthumble_ws/install/diagnostic_updater/share/diagnostic_updater/environment/ament_prefix_path.dsv\n'}
[5.567935] (diagnostic_updater) StdoutLine: {'line': b'-- Up-to-date symlink: /root/Workspaces/rosgsthumble_ws/install/diagnostic_updater/share/diagnostic_updater/environment/path.sh\n'}
[5.568588] (diagnostic_updater) StdoutLine: {'line': b'-- Up-to-date symlink: /root/Workspaces/rosgsthumble_ws/install/diagnostic_updater/share/diagnostic_updater/environment/path.dsv\n'}
[5.569254] (diagnostic_updater) StdoutLine: {'line': b'-- Up-to-date symlink: /root/Workspaces/rosgsthumble_ws/install/diagnostic_updater/share/diagnostic_updater/local_setup.bash\n'}
[5.587047] (diagnostic_updater) StdoutLine: {'line': b'-- Up-to-date symlink: /root/Workspaces/rosgsthumble_ws/install/diagnostic_updater/share/diagnostic_updater/local_setup.sh\n'}
[5.588339] (diagnostic_updater) StdoutLine: {'line': b'-- Up-to-date symlink: /root/Workspaces/rosgsthumble_ws/install/diagnostic_updater/share/diagnostic_updater/local_setup.zsh\n'}
[5.588966] (diagnostic_updater) StdoutLine: {'line': b'-- Up-to-date symlink: /root/Workspaces/rosgsthumble_ws/install/diagnostic_updater/share/diagnostic_updater/local_setup.dsv\n'}
[5.589515] (diagnostic_updater) StdoutLine: {'line': b'-- Symlinking: /root/Workspaces/rosgsthumble_ws/install/diagnostic_updater/share/diagnostic_updater/package.dsv\n'}
[5.590202] (diagnostic_updater) StdoutLine: {'line': b'-- Up-to-date symlink: /root/Workspaces/rosgsthumble_ws/install/diagnostic_updater/share/ament_index/resource_index/packages/diagnostic_updater\n'}
[5.590757] (diagnostic_updater) StdoutLine: {'line': b'-- Up-to-date symlink: /root/Workspaces/rosgsthumble_ws/install/diagnostic_updater/share/diagnostic_updater/cmake/ament_cmake_export_targets-extras.cmake\n'}
[5.591281] (diagnostic_updater) StdoutLine: {'line': b'-- Up-to-date symlink: /root/Workspaces/rosgsthumble_ws/install/diagnostic_updater/share/diagnostic_updater/cmake/ament_cmake_export_include_directories-extras.cmake\n'}
[5.591835] (diagnostic_updater) StdoutLine: {'line': b'-- Up-to-date symlink: /root/Workspaces/rosgsthumble_ws/install/diagnostic_updater/share/diagnostic_updater/cmake/ament_cmake_export_dependencies-extras.cmake\n'}
[5.592411] (diagnostic_updater) StdoutLine: {'line': b'-- Up-to-date symlink: /root/Workspaces/rosgsthumble_ws/install/diagnostic_updater/share/diagnostic_updater/cmake/diagnostic_updaterConfig.cmake\n'}
[5.592968] (diagnostic_updater) StdoutLine: {'line': b'-- Up-to-date symlink: /root/Workspaces/rosgsthumble_ws/install/diagnostic_updater/share/diagnostic_updater/cmake/diagnostic_updaterConfig-version.cmake\n'}
[5.593509] (diagnostic_updater) StdoutLine: {'line': b'-- Up-to-date symlink: /root/Workspaces/rosgsthumble_ws/install/diagnostic_updater/share/diagnostic_updater/package.xml\n'}
[5.599555] (-) TimerEvent: {}
[5.702572] (-) TimerEvent: {}
[5.739527] (audio_msgs) CommandEnded: {'returncode': 0}
[5.785194] (diagnostic_updater) StdoutLine: {'line': b"Listing '/root/Workspaces/rosgsthumble_ws/install/diagnostic_updater/lib/python3.6/site-packages/diagnostic_updater'...\n"}
[5.805173] (diagnostic_updater) StdoutLine: {'line': b'-- Up-to-date: /root/Workspaces/rosgsthumble_ws/install/diagnostic_updater/share/diagnostic_updater/cmake/diagnostic_updaterTargetsExport.cmake\n'}
[5.807654] (-) TimerEvent: {}
[5.914168] (-) TimerEvent: {}
[6.029080] (-) TimerEvent: {}
[6.054770] (gst_msgs) JobProgress: {'identifier': 'gst_msgs', 'progress': 'install'}
[6.057264] (gst_msgs) Command: {'cmd': ['/usr/local/bin/cmake', '--install', '/root/Workspaces/rosgsthumble_ws/build/gst_msgs'], 'cwd': '/root/Workspaces/rosgsthumble_ws/build/gst_msgs', 'env': OrderedDict([('OPENBLAS_CORETYPE', 'ARMV8'), ('PYTHONIOENCODING', 'utf-8'), ('HOSTNAME', 'nano'), ('LD_LIBRARY_PATH', '/root/Workspaces/rosgsthumble_ws/install/realsense2_camera/lib:/root/Workspaces/rosgsthumble_ws/install/realsense2_camera_msgs/lib:/root/Workspaces/rosgsthumble_ws/install/image_geometry/lib:/root/Workspaces/rosgsthumble_ws/install/gst_pipeline_plugins/lib:/root/Workspaces/rosgsthumble_ws/install/gst_pipeline/lib:/root/Workspaces/rosgsthumble_ws/install/gst_msgs/lib:/root/Workspaces/rosgsthumble_ws/install/gst_bridge/lib:/root/Workspaces/rosgsthumble_ws/install/diagnostic_updater/lib:/root/Workspaces/rosgsthumble_ws/install/cv_bridge/lib:/root/Workspaces/rosgsthumble_ws/install/audio_msgs/lib:/opt/ros/humble/install/opt/rviz_ogre_vendor/lib:/opt/ros/humble/install/lib:/usr/local/cuda-10.2/targets/aarch64-linux/lib:'), ('SHLVL', '1'), ('OLDPWD', '/root/Workspaces'), ('HOME', '/root'), ('ROS_PYTHON_VERSION', '3'), ('COLCON_PREFIX_PATH', '/opt/ros/humble/install:/root/Workspaces/rosgsthumble_ws/install'), ('ROS_DISTRO', 'humble'), ('PULSE_SERVER', 'unix:/run/user/1000/pulse/native'), ('_', '/usr/bin/colcon'), ('ROS_VERSION', '2'), ('NVIDIA_DRIVER_CAPABILITIES', 'compute,utility,graphics'), ('PKG_CONFIG_PATH', '/opt/ros/humble/install/lib/aarch64-linux-gnu/pkgconfig:/opt/ros/humble/install/lib/pkgconfig'), ('TERM', 'xterm'), ('ROS_LOCALHOST_ONLY', '0'), ('PATH', '/root/Workspaces/rosgsthumble_ws/install/xacro/bin:/opt/ros/humble/install/bin:/usr/local/cuda-10.2/bin:/usr/local/cuda/bin:/usr/local/sbin:/usr/local/bin:/usr/sbin:/usr/bin:/sbin:/bin'), ('XDG_RUNTIME_DIR', '/run/user/1000'), ('DISPLAY', ''), ('LANG', 'en_US.UTF-8'), ('RMW_IMPLEMENTATION', 'rmw_cyclonedds_cpp'), ('LS_COLORS', 'rs=0:di=01;34:ln=01;36:mh=00:pi=40;33:so=01;35:do=01;35:bd=40;33;01:cd=40;33;01:or=40;31;01:mi=00:su=37;41:sg=30;43:ca=30;41:tw=30;42:ow=34;42:st=37;44:ex=01;32:*.tar=01;31:*.tgz=01;31:*.arc=01;31:*.arj=01;31:*.taz=01;31:*.lha=01;31:*.lz4=01;31:*.lzh=01;31:*.lzma=01;31:*.tlz=01;31:*.txz=01;31:*.tzo=01;31:*.t7z=01;31:*.zip=01;31:*.z=01;31:*.Z=01;31:*.dz=01;31:*.gz=01;31:*.lrz=01;31:*.lz=01;31:*.lzo=01;31:*.xz=01;31:*.zst=01;31:*.tzst=01;31:*.bz2=01;31:*.bz=01;31:*.tbz=01;31:*.tbz2=01;31:*.tz=01;31:*.deb=01;31:*.rpm=01;31:*.jar=01;31:*.war=01;31:*.ear=01;31:*.sar=01;31:*.rar=01;31:*.alz=01;31:*.ace=01;31:*.zoo=01;31:*.cpio=01;31:*.7z=01;31:*.rz=01;31:*.cab=01;31:*.wim=01;31:*.swm=01;31:*.dwm=01;31:*.esd=01;31:*.jpg=01;35:*.jpeg=01;35:*.mjpg=01;35:*.mjpeg=01;35:*.gif=01;35:*.bmp=01;35:*.pbm=01;35:*.pgm=01;35:*.ppm=01;35:*.tga=01;35:*.xbm=01;35:*.xpm=01;35:*.tif=01;35:*.tiff=01;35:*.png=01;35:*.svg=01;35:*.svgz=01;35:*.mng=01;35:*.pcx=01;35:*.mov=01;35:*.mpg=01;35:*.mpeg=01;35:*.m2v=01;35:*.mkv=01;35:*.webm=01;35:*.ogm=01;35:*.mp4=01;35:*.m4v=01;35:*.mp4v=01;35:*.vob=01;35:*.qt=01;35:*.nuv=01;35:*.wmv=01;35:*.asf=01;35:*.rm=01;35:*.rmvb=01;35:*.flc=01;35:*.avi=01;35:*.fli=01;35:*.flv=01;35:*.gl=01;35:*.dl=01;35:*.xcf=01;35:*.xwd=01;35:*.yuv=01;35:*.cgm=01;35:*.emf=01;35:*.ogv=01;35:*.ogx=01;35:*.aac=00;36:*.au=00;36:*.flac=00;36:*.m4a=00;36:*.mid=00;36:*.midi=00;36:*.mka=00;36:*.mp3=00;36:*.mpc=00;36:*.ogg=00;36:*.ra=00;36:*.wav=00;36:*.oga=00;36:*.opus=00;36:*.spx=00;36:*.xspf=00;36:'), ('ROS_ROOT', '/opt/ros/humble'), ('AMENT_PREFIX_PATH', '/opt/ros/humble/install'), ('DEBIAN_FRONTEND', 'noninteractive'), ('GST_PLUGIN_PATH', '/root/Workspaces/rosgsthumble_ws/install/gst_bridge/lib/gst_bridge/'), ('SHELL', '/bin/bash'), ('PWD', '/root/Workspaces/rosgsthumble_ws/build/gst_msgs'), ('PYTHONPATH', '/root/Workspaces/rosgsthumble_ws/install/xacro/lib/python3.6/site-packages:/root/Workspaces/rosgsthumble_ws/install/realsense2_camera_msgs/lib/python3.6/site-packages:/root/Workspaces/rosgsthumble_ws/install/image_geometry/lib/python3.6/site-packages:/root/Workspaces/rosgsthumble_ws/install/gst_msgs/lib/python3.6/site-packages:/root/Workspaces/rosgsthumble_ws/install/diagnostic_common_diagnostics/lib/python3.6/site-packages:/root/Workspaces/rosgsthumble_ws/install/diagnostic_updater/lib/python3.6/site-packages:/root/Workspaces/rosgsthumble_ws/install/cv_bridge/lib/python3.6/site-packages:/root/Workspaces/rosgsthumble_ws/install/audio_msgs/lib/python3.6/site-packages:/opt/ros/humble/install/lib/python3.6/site-packages'), ('NVIDIA_VISIBLE_DEVICES', 'all'), ('COLCON', '1'), ('CMAKE_PREFIX_PATH', '/opt/ros/humble/install')]), 'shell': False}
[6.134449] (-) TimerEvent: {}
[6.239960] (-) TimerEvent: {}
[6.280313] (gst_msgs) StdoutLine: {'line': b'-- Install configuration: ""\n'}
[6.283376] (gst_msgs) StdoutLine: {'line': b'-- Execute custom install script\n'}
[6.285542] (gst_msgs) StdoutLine: {'line': b'-- Up-to-date symlink: /root/Workspaces/rosgsthumble_ws/install/gst_msgs/share/ament_index/resource_index/rosidl_interfaces/gst_msgs\n'}
[6.286313] (gst_msgs) StdoutLine: {'line': b'-- Up-to-date symlink: /root/Workspaces/rosgsthumble_ws/install/gst_msgs/include/gst_msgs/gst_msgs/msg/buffer_event.h\n'}
[6.286924] (gst_msgs) StdoutLine: {'line': b'-- Up-to-date symlink: /root/Workspaces/rosgsthumble_ws/install/gst_msgs/include/gst_msgs/gst_msgs/msg/clock_observation.h\n'}
[6.287491] (gst_msgs) StdoutLine: {'line': b'-- Up-to-date symlink: /root/Workspaces/rosgsthumble_ws/install/gst_msgs/include/gst_msgs/gst_msgs/msg/detail/buffer_event__functions.h\n'}
[6.288038] (gst_msgs) StdoutLine: {'line': b'-- Up-to-date symlink: /root/Workspaces/rosgsthumble_ws/install/gst_msgs/include/gst_msgs/gst_msgs/msg/detail/buffer_event__struct.h\n'}
[6.288669] (gst_msgs) StdoutLine: {'line': b'-- Up-to-date symlink: /root/Workspaces/rosgsthumble_ws/install/gst_msgs/include/gst_msgs/gst_msgs/msg/detail/buffer_event__type_support.h\n'}
[6.289305] (gst_msgs) StdoutLine: {'line': b'-- Up-to-date symlink: /root/Workspaces/rosgsthumble_ws/install/gst_msgs/include/gst_msgs/gst_msgs/msg/detail/clock_observation__functions.h\n'}
[6.290267] (gst_msgs) StdoutLine: {'line': b'-- Up-to-date symlink: /root/Workspaces/rosgsthumble_ws/install/gst_msgs/include/gst_msgs/gst_msgs/msg/detail/clock_observation__struct.h\n'}
[6.290992] (gst_msgs) StdoutLine: {'line': b'-- Up-to-date symlink: /root/Workspaces/rosgsthumble_ws/install/gst_msgs/include/gst_msgs/gst_msgs/msg/detail/clock_observation__type_support.h\n'}
[6.291717] (gst_msgs) StdoutLine: {'line': b'-- Up-to-date symlink: /root/Workspaces/rosgsthumble_ws/install/gst_msgs/include/gst_msgs/gst_msgs/msg/detail/frame_gate__functions.h\n'}
[6.292277] (gst_msgs) StdoutLine: {'line': b'-- Up-to-date symlink: /root/Workspaces/rosgsthumble_ws/install/gst_msgs/include/gst_msgs/gst_msgs/msg/detail/frame_gate__struct.h\n'}
[6.292796] (gst_msgs) StdoutLine: {'line': b'-- Up-to-date symlink: /root/Workspaces/rosgsthumble_ws/install/gst_msgs/include/gst_msgs/gst_msgs/msg/detail/frame_gate__type_support.h\n'}
[6.293301] (gst_msgs) StdoutLine: {'line': b'-- Up-to-date symlink: /root/Workspaces/rosgsthumble_ws/install/gst_msgs/include/gst_msgs/gst_msgs/msg/detail/meta_mark__functions.h\n'}
[6.293918] (gst_msgs) StdoutLine: {'line': b'-- Up-to-date symlink: /root/Workspaces/rosgsthumble_ws/install/gst_msgs/include/gst_msgs/gst_msgs/msg/detail/meta_mark__struct.h\n'}
[6.294428] (gst_msgs) StdoutLine: {'line': b'-- Up-to-date symlink: /root/Workspaces/rosgsthumble_ws/install/gst_msgs/include/gst_msgs/gst_msgs/msg/detail/meta_mark__type_support.h\n'}
[6.294905] (gst_msgs) StdoutLine: {'line': b'-- Up-to-date symlink: /root/Workspaces/rosgsthumble_ws/install/gst_msgs/include/gst_msgs/gst_msgs/msg/detail/multifilesink_event__functions.h\n'}
[6.306957] (gst_msgs) StdoutLine: {'line': b'-- Up-to-date symlink: /root/Workspaces/rosgsthumble_ws/install/gst_msgs/include/gst_msgs/gst_msgs/msg/detail/multifilesink_event__struct.h\n'}
[6.308597] (gst_msgs) StdoutLine: {'line': b'-- Up-to-date symlink: /root/Workspaces/rosgsthumble_ws/install/gst_msgs/include/gst_msgs/gst_msgs/msg/detail/multifilesink_event__type_support.h\n'}
[6.309252] (gst_msgs) StdoutLine: {'line': b'-- Up-to-date symlink: /root/Workspaces/rosgsthumble_ws/install/gst_msgs/include/gst_msgs/gst_msgs/msg/detail/webrtc_ice__functions.h\n'}
[6.310092] (gst_msgs) StdoutLine: {'line': b'-- Up-to-date symlink: /root/Workspaces/rosgsthumble_ws/install/gst_msgs/include/gst_msgs/gst_msgs/msg/detail/webrtc_ice__struct.h\n'}
[6.310698] (gst_msgs) StdoutLine: {'line': b'-- Up-to-date symlink: /root/Workspaces/rosgsthumble_ws/install/gst_msgs/include/gst_msgs/gst_msgs/msg/detail/webrtc_ice__type_support.h\n'}
[6.321646] (gst_msgs) StdoutLine: {'line': b'-- Up-to-date symlink: /root/Workspaces/rosgsthumble_ws/install/gst_msgs/include/gst_msgs/gst_msgs/msg/frame_gate.h\n'}
[6.324617] (gst_msgs) StdoutLine: {'line': b'-- Up-to-date symlink: /root/Workspaces/rosgsthumble_ws/install/gst_msgs/include/gst_msgs/gst_msgs/msg/meta_mark.h\n'}
[6.325798] (gst_msgs) StdoutLine: {'line': b'-- Up-to-date symlink: /root/Workspaces/rosgsthumble_ws/install/gst_msgs/include/gst_msgs/gst_msgs/msg/multifilesink_event.h\n'}
[6.327449] (gst_msgs) StdoutLine: {'line': b'-- Up-to-date symlink: /root/Workspaces/rosgsthumble_ws/install/gst_msgs/include/gst_msgs/gst_msgs/msg/rosidl_generator_c__visibility_control.h\n'}
[6.329021] (gst_msgs) StdoutLine: {'line': b'-- Up-to-date symlink: /root/Workspaces/rosgsthumble_ws/install/gst_msgs/include/gst_msgs/gst_msgs/msg/webrtc_ice.h\n'}
[6.354331] (-) TimerEvent: {}
[6.355953] (gst_msgs) StdoutLine: {'line': b'-- Up-to-date symlink: /root/Workspaces/rosgsthumble_ws/install/gst_msgs/include/gst_msgs/gst_msgs/srv/detail/seek__functions.h\n'}
[6.356722] (gst_msgs) StdoutLine: {'line': b'-- Up-to-date symlink: /root/Workspaces/rosgsthumble_ws/install/gst_msgs/include/gst_msgs/gst_msgs/srv/detail/seek__struct.h\n'}
[6.363639] (gst_msgs) StdoutLine: {'line': b'-- Up-to-date symlink: /root/Workspaces/rosgsthumble_ws/install/gst_msgs/include/gst_msgs/gst_msgs/srv/detail/seek__type_support.h\n'}
[6.364676] (gst_msgs) StdoutLine: {'line': b'-- Up-to-date symlink: /root/Workspaces/rosgsthumble_ws/install/gst_msgs/include/gst_msgs/gst_msgs/srv/seek.h\n'}
[6.365264] (gst_msgs) StdoutLine: {'line': b'-- Up-to-date symlink: /root/Workspaces/rosgsthumble_ws/install/gst_msgs/share/gst_msgs/environment/library_path.sh\n'}
[6.366050] (gst_msgs) StdoutLine: {'line': b'-- Up-to-date symlink: /root/Workspaces/rosgsthumble_ws/install/gst_msgs/share/gst_msgs/environment/library_path.dsv\n'}
[6.379714] (gst_msgs) StdoutLine: {'line': b'-- Up-to-date symlink: /root/Workspaces/rosgsthumble_ws/install/gst_msgs/include/gst_msgs/gst_msgs/msg/detail/buffer_event__rosidl_typesupport_fastrtps_c.h\n'}
[6.380356] (gst_msgs) StdoutLine: {'line': b'-- Up-to-date symlink: /root/Workspaces/rosgsthumble_ws/install/gst_msgs/include/gst_msgs/gst_msgs/msg/detail/clock_observation__rosidl_typesupport_fastrtps_c.h\n'}
[6.380892] (gst_msgs) StdoutLine: {'line': b'-- Up-to-date symlink: /root/Workspaces/rosgsthumble_ws/install/gst_msgs/include/gst_msgs/gst_msgs/msg/detail/frame_gate__rosidl_typesupport_fastrtps_c.h\n'}
[6.381438] (gst_msgs) StdoutLine: {'line': b'-- Up-to-date symlink: /root/Workspaces/rosgsthumble_ws/install/gst_msgs/include/gst_msgs/gst_msgs/msg/detail/meta_mark__rosidl_typesupport_fastrtps_c.h\n'}
[6.387437] (gst_msgs) StdoutLine: {'line': b'-- Up-to-date symlink: /root/Workspaces/rosgsthumble_ws/install/gst_msgs/include/gst_msgs/gst_msgs/msg/detail/multifilesink_event__rosidl_typesupport_fastrtps_c.h\n'}
[6.388123] (gst_msgs) StdoutLine: {'line': b'-- Up-to-date symlink: /root/Workspaces/rosgsthumble_ws/install/gst_msgs/include/gst_msgs/gst_msgs/msg/detail/webrtc_ice__rosidl_typesupport_fastrtps_c.h\n'}
[6.388687] (gst_msgs) StdoutLine: {'line': b'-- Up-to-date symlink: /root/Workspaces/rosgsthumble_ws/install/gst_msgs/include/gst_msgs/gst_msgs/msg/rosidl_typesupport_fastrtps_c__visibility_control.h\n'}
[6.389243] (gst_msgs) StdoutLine: {'line': b'-- Up-to-date symlink: /root/Workspaces/rosgsthumble_ws/install/gst_msgs/include/gst_msgs/gst_msgs/srv/detail/seek__rosidl_typesupport_fastrtps_c.h\n'}
[6.389909] (gst_msgs) StdoutLine: {'line': b'-- Up-to-date symlink: /root/Workspaces/rosgsthumble_ws/install/gst_msgs/include/gst_msgs/gst_msgs/msg/buffer_event.hpp\n'}
[6.390489] (gst_msgs) StdoutLine: {'line': b'-- Up-to-date symlink: /root/Workspaces/rosgsthumble_ws/install/gst_msgs/include/gst_msgs/gst_msgs/msg/clock_observation.hpp\n'}
[6.391080] (gst_msgs) StdoutLine: {'line': b'-- Up-to-date symlink: /root/Workspaces/rosgsthumble_ws/install/gst_msgs/include/gst_msgs/gst_msgs/msg/detail/buffer_event__builder.hpp\n'}
[6.391650] (gst_msgs) StdoutLine: {'line': b'-- Up-to-date symlink: /root/Workspaces/rosgsthumble_ws/install/gst_msgs/include/gst_msgs/gst_msgs/msg/detail/buffer_event__struct.hpp\n'}
[6.392243] (gst_msgs) StdoutLine: {'line': b'-- Up-to-date symlink: /root/Workspaces/rosgsthumble_ws/install/gst_msgs/include/gst_msgs/gst_msgs/msg/detail/buffer_event__traits.hpp\n'}
[6.392837] (gst_msgs) StdoutLine: {'line': b'-- Up-to-date symlink: /root/Workspaces/rosgsthumble_ws/install/gst_msgs/include/gst_msgs/gst_msgs/msg/detail/clock_observation__builder.hpp\n'}
[6.393424] (gst_msgs) StdoutLine: {'line': b'-- Up-to-date symlink: /root/Workspaces/rosgsthumble_ws/install/gst_msgs/include/gst_msgs/gst_msgs/msg/detail/clock_observation__struct.hpp\n'}
[6.394690] (gst_msgs) StdoutLine: {'line': b'-- Up-to-date symlink: /root/Workspaces/rosgsthumble_ws/install/gst_msgs/include/gst_msgs/gst_msgs/msg/detail/clock_observation__traits.hpp\n'}
[6.395681] (gst_msgs) StdoutLine: {'line': b'-- Up-to-date symlink: /root/Workspaces/rosgsthumble_ws/install/gst_msgs/include/gst_msgs/gst_msgs/msg/detail/frame_gate__builder.hpp\n'}
[6.402824] (gst_msgs) StdoutLine: {'line': b'-- Up-to-date symlink: /root/Workspaces/rosgsthumble_ws/install/gst_msgs/include/gst_msgs/gst_msgs/msg/detail/frame_gate__struct.hpp\n'}
[6.403387] (gst_msgs) StdoutLine: {'line': b'-- Up-to-date symlink: /root/Workspaces/rosgsthumble_ws/install/gst_msgs/include/gst_msgs/gst_msgs/msg/detail/frame_gate__traits.hpp\n'}
[6.403909] (gst_msgs) StdoutLine: {'line': b'-- Up-to-date symlink: /root/Workspaces/rosgsthumble_ws/install/gst_msgs/include/gst_msgs/gst_msgs/msg/detail/meta_mark__builder.hpp\n'}
[6.404502] (gst_msgs) StdoutLine: {'line': b'-- Up-to-date symlink: /root/Workspaces/rosgsthumble_ws/install/gst_msgs/include/gst_msgs/gst_msgs/msg/detail/meta_mark__struct.hpp\n'}
[6.405031] (gst_msgs) StdoutLine: {'line': b'-- Up-to-date symlink: /root/Workspaces/rosgsthumble_ws/install/gst_msgs/include/gst_msgs/gst_msgs/msg/detail/meta_mark__traits.hpp\n'}
[6.405634] (gst_msgs) StdoutLine: {'line': b'-- Up-to-date symlink: /root/Workspaces/rosgsthumble_ws/install/gst_msgs/include/gst_msgs/gst_msgs/msg/detail/multifilesink_event__builder.hpp\n'}
[6.406246] (gst_msgs) StdoutLine: {'line': b'-- Up-to-date symlink: /root/Workspaces/rosgsthumble_ws/install/gst_msgs/include/gst_msgs/gst_msgs/msg/detail/multifilesink_event__struct.hpp\n'}
[6.406826] (gst_msgs) StdoutLine: {'line': b'-- Up-to-date symlink: /root/Workspaces/rosgsthumble_ws/install/gst_msgs/include/gst_msgs/gst_msgs/msg/detail/multifilesink_event__traits.hpp\n'}
[6.407416] (gst_msgs) StdoutLine: {'line': b'-- Up-to-date symlink: /root/Workspaces/rosgsthumble_ws/install/gst_msgs/include/gst_msgs/gst_msgs/msg/detail/webrtc_ice__builder.hpp\n'}
[6.408026] (gst_msgs) StdoutLine: {'line': b'-- Up-to-date symlink: /root/Workspaces/rosgsthumble_ws/install/gst_msgs/include/gst_msgs/gst_msgs/msg/detail/webrtc_ice__struct.hpp\n'}
[6.408640] (gst_msgs) StdoutLine: {'line': b'-- Up-to-date symlink: /root/Workspaces/rosgsthumble_ws/install/gst_msgs/include/gst_msgs/gst_msgs/msg/detail/webrtc_ice__traits.hpp\n'}
[6.409222] (gst_msgs) StdoutLine: {'line': b'-- Up-to-date symlink: /root/Workspaces/rosgsthumble_ws/install/gst_msgs/include/gst_msgs/gst_msgs/msg/frame_gate.hpp\n'}
[6.412900] (gst_msgs) StdoutLine: {'line': b'-- Up-to-date symlink: /root/Workspaces/rosgsthumble_ws/install/gst_msgs/include/gst_msgs/gst_msgs/msg/meta_mark.hpp\n'}
[6.413771] (gst_msgs) StdoutLine: {'line': b'-- Up-to-date symlink: /root/Workspaces/rosgsthumble_ws/install/gst_msgs/include/gst_msgs/gst_msgs/msg/multifilesink_event.hpp\n'}
[6.414787] (gst_msgs) StdoutLine: {'line': b'-- Up-to-date symlink: /root/Workspaces/rosgsthumble_ws/install/gst_msgs/include/gst_msgs/gst_msgs/msg/webrtc_ice.hpp\n'}
[6.415571] (gst_msgs) StdoutLine: {'line': b'-- Up-to-date symlink: /root/Workspaces/rosgsthumble_ws/install/gst_msgs/include/gst_msgs/gst_msgs/srv/detail/seek__builder.hpp\n'}
[6.418126] (gst_msgs) StdoutLine: {'line': b'-- Up-to-date symlink: /root/Workspaces/rosgsthumble_ws/install/gst_msgs/include/gst_msgs/gst_msgs/srv/detail/seek__struct.hpp\n'}
[6.418759] (gst_msgs) StdoutLine: {'line': b'-- Up-to-date symlink: /root/Workspaces/rosgsthumble_ws/install/gst_msgs/include/gst_msgs/gst_msgs/srv/detail/seek__traits.hpp\n'}
[6.419396] (gst_msgs) StdoutLine: {'line': b'-- Up-to-date symlink: /root/Workspaces/rosgsthumble_ws/install/gst_msgs/include/gst_msgs/gst_msgs/srv/seek.hpp\n'}
[6.420018] (gst_msgs) StdoutLine: {'line': b'-- Up-to-date symlink: /root/Workspaces/rosgsthumble_ws/install/gst_msgs/include/gst_msgs/gst_msgs/msg/detail/buffer_event__rosidl_typesupport_fastrtps_cpp.hpp\n'}
[6.420795] (gst_msgs) StdoutLine: {'line': b'-- Up-to-date symlink: /root/Workspaces/rosgsthumble_ws/install/gst_msgs/include/gst_msgs/gst_msgs/msg/detail/clock_observation__rosidl_typesupport_fastrtps_cpp.hpp\n'}
[6.426470] (gst_msgs) StdoutLine: {'line': b'-- Up-to-date symlink: /root/Workspaces/rosgsthumble_ws/install/gst_msgs/include/gst_msgs/gst_msgs/msg/detail/frame_gate__rosidl_typesupport_fastrtps_cpp.hpp\n'}
[6.427124] (gst_msgs) StdoutLine: {'line': b'-- Up-to-date symlink: /root/Workspaces/rosgsthumble_ws/install/gst_msgs/include/gst_msgs/gst_msgs/msg/detail/meta_mark__rosidl_typesupport_fastrtps_cpp.hpp\n'}
[6.427738] (gst_msgs) StdoutLine: {'line': b'-- Up-to-date symlink: /root/Workspaces/rosgsthumble_ws/install/gst_msgs/include/gst_msgs/gst_msgs/msg/detail/multifilesink_event__rosidl_typesupport_fastrtps_cpp.hpp\n'}
[6.428375] (gst_msgs) StdoutLine: {'line': b'-- Up-to-date symlink: /root/Workspaces/rosgsthumble_ws/install/gst_msgs/include/gst_msgs/gst_msgs/msg/detail/webrtc_ice__rosidl_typesupport_fastrtps_cpp.hpp\n'}
[6.428990] (gst_msgs) StdoutLine: {'line': b'-- Up-to-date symlink: /root/Workspaces/rosgsthumble_ws/install/gst_msgs/include/gst_msgs/gst_msgs/msg/rosidl_typesupport_fastrtps_cpp__visibility_control.h\n'}
[6.442955] (gst_msgs) StdoutLine: {'line': b'-- Up-to-date symlink: /root/Workspaces/rosgsthumble_ws/install/gst_msgs/include/gst_msgs/gst_msgs/srv/detail/seek__rosidl_typesupport_fastrtps_cpp.hpp\n'}
[6.470046] (-) TimerEvent: {}
[6.471057] (gst_msgs) StdoutLine: {'line': b'-- Up-to-date symlink: /root/Workspaces/rosgsthumble_ws/install/gst_msgs/include/gst_msgs/gst_msgs/msg/detail/buffer_event__rosidl_typesupport_introspection_c.h\n'}
[6.471894] (gst_msgs) StdoutLine: {'line': b'-- Up-to-date symlink: /root/Workspaces/rosgsthumble_ws/install/gst_msgs/include/gst_msgs/gst_msgs/msg/detail/clock_observation__rosidl_typesupport_introspection_c.h\n'}
[6.472500] (gst_msgs) StdoutLine: {'line': b'-- Up-to-date symlink: /root/Workspaces/rosgsthumble_ws/install/gst_msgs/include/gst_msgs/gst_msgs/msg/detail/frame_gate__rosidl_typesupport_introspection_c.h\n'}
[6.473169] (gst_msgs) StdoutLine: {'line': b'-- Up-to-date symlink: /root/Workspaces/rosgsthumble_ws/install/gst_msgs/include/gst_msgs/gst_msgs/msg/detail/meta_mark__rosidl_typesupport_introspection_c.h\n'}
[6.474063] (gst_msgs) StdoutLine: {'line': b'-- Up-to-date symlink: /root/Workspaces/rosgsthumble_ws/install/gst_msgs/include/gst_msgs/gst_msgs/msg/detail/multifilesink_event__rosidl_typesupport_introspection_c.h\n'}
[6.474754] (gst_msgs) StdoutLine: {'line': b'-- Up-to-date symlink: /root/Workspaces/rosgsthumble_ws/install/gst_msgs/include/gst_msgs/gst_msgs/msg/detail/webrtc_ice__rosidl_typesupport_introspection_c.h\n'}
[6.475323] (gst_msgs) StdoutLine: {'line': b'-- Up-to-date symlink: /root/Workspaces/rosgsthumble_ws/install/gst_msgs/include/gst_msgs/gst_msgs/msg/rosidl_typesupport_introspection_c__visibility_control.h\n'}
[6.475966] (gst_msgs) StdoutLine: {'line': b'-- Up-to-date symlink: /root/Workspaces/rosgsthumble_ws/install/gst_msgs/include/gst_msgs/gst_msgs/srv/detail/seek__rosidl_typesupport_introspection_c.h\n'}
[6.476527] (gst_msgs) StdoutLine: {'line': b'-- Up-to-date symlink: /root/Workspaces/rosgsthumble_ws/install/gst_msgs/include/gst_msgs/gst_msgs/msg/detail/buffer_event__rosidl_typesupport_introspection_cpp.hpp\n'}
[6.477209] (gst_msgs) StdoutLine: {'line': b'-- Up-to-date symlink: /root/Workspaces/rosgsthumble_ws/install/gst_msgs/include/gst_msgs/gst_msgs/msg/detail/clock_observation__rosidl_typesupport_introspection_cpp.hpp\n'}
[6.477993] (gst_msgs) StdoutLine: {'line': b'-- Up-to-date symlink: /root/Workspaces/rosgsthumble_ws/install/gst_msgs/include/gst_msgs/gst_msgs/msg/detail/frame_gate__rosidl_typesupport_introspection_cpp.hpp\n'}
[6.478646] (gst_msgs) StdoutLine: {'line': b'-- Up-to-date symlink: /root/Workspaces/rosgsthumble_ws/install/gst_msgs/include/gst_msgs/gst_msgs/msg/detail/meta_mark__rosidl_typesupport_introspection_cpp.hpp\n'}
[6.479336] (gst_msgs) StdoutLine: {'line': b'-- Up-to-date symlink: /root/Workspaces/rosgsthumble_ws/install/gst_msgs/include/gst_msgs/gst_msgs/msg/detail/multifilesink_event__rosidl_typesupport_introspection_cpp.hpp\n'}
[6.479950] (gst_msgs) StdoutLine: {'line': b'-- Up-to-date symlink: /root/Workspaces/rosgsthumble_ws/install/gst_msgs/include/gst_msgs/gst_msgs/msg/detail/webrtc_ice__rosidl_typesupport_introspection_cpp.hpp\n'}
[6.480520] (gst_msgs) StdoutLine: {'line': b'-- Up-to-date symlink: /root/Workspaces/rosgsthumble_ws/install/gst_msgs/include/gst_msgs/gst_msgs/srv/detail/seek__rosidl_typesupport_introspection_cpp.hpp\n'}
[6.481167] (gst_msgs) StdoutLine: {'line': b'-- Up-to-date symlink: /root/Workspaces/rosgsthumble_ws/install/gst_msgs/share/gst_msgs/environment/pythonpath.sh\n'}
[6.481860] (gst_msgs) StdoutLine: {'line': b'-- Up-to-date symlink: /root/Workspaces/rosgsthumble_ws/install/gst_msgs/share/gst_msgs/environment/pythonpath.dsv\n'}
[6.482455] (gst_msgs) StdoutLine: {'line': b'-- Up-to-date symlink: /root/Workspaces/rosgsthumble_ws/install/gst_msgs/lib/python3.6/site-packages/gst_msgs-0.0.0-py3.6.egg-info/PKG-INFO\n'}
[6.483001] (gst_msgs) StdoutLine: {'line': b'-- Up-to-date symlink: /root/Workspaces/rosgsthumble_ws/install/gst_msgs/lib/python3.6/site-packages/gst_msgs-0.0.0-py3.6.egg-info/SOURCES.txt\n'}
[6.483574] (gst_msgs) StdoutLine: {'line': b'-- Up-to-date symlink: /root/Workspaces/rosgsthumble_ws/install/gst_msgs/lib/python3.6/site-packages/gst_msgs-0.0.0-py3.6.egg-info/dependency_links.txt\n'}
[6.490387] (gst_msgs) StdoutLine: {'line': b'-- Up-to-date symlink: /root/Workspaces/rosgsthumble_ws/install/gst_msgs/lib/python3.6/site-packages/gst_msgs-0.0.0-py3.6.egg-info/top_level.txt\n'}
[6.491026] (gst_msgs) StdoutLine: {'line': b'-- Up-to-date symlink: /root/Workspaces/rosgsthumble_ws/install/gst_msgs/lib/python3.6/site-packages/gst_msgs/__init__.py\n'}
[6.491573] (gst_msgs) StdoutLine: {'line': b'-- Up-to-date symlink: /root/Workspaces/rosgsthumble_ws/install/gst_msgs/lib/python3.6/site-packages/gst_msgs/_gst_msgs_s.ep.rosidl_typesupport_c.c\n'}
[6.492102] (gst_msgs) StdoutLine: {'line': b'-- Up-to-date symlink: /root/Workspaces/rosgsthumble_ws/install/gst_msgs/lib/python3.6/site-packages/gst_msgs/_gst_msgs_s.ep.rosidl_typesupport_fastrtps_c.c\n'}
[6.492620] (gst_msgs) StdoutLine: {'line': b'-- Up-to-date symlink: /root/Workspaces/rosgsthumble_ws/install/gst_msgs/lib/python3.6/site-packages/gst_msgs/_gst_msgs_s.ep.rosidl_typesupport_introspection_c.c\n'}
[6.493209] (gst_msgs) StdoutLine: {'line': b'-- Up-to-date symlink: /root/Workspaces/rosgsthumble_ws/install/gst_msgs/lib/python3.6/site-packages/gst_msgs/gst_msgs_s__rosidl_typesupport_c.cpython-36m-aarch64-linux-gnu.so\n'}
[6.499082] (gst_msgs) StdoutLine: {'line': b'-- Up-to-date symlink: /root/Workspaces/rosgsthumble_ws/install/gst_msgs/lib/python3.6/site-packages/gst_msgs/gst_msgs_s__rosidl_typesupport_fastrtps_c.cpython-36m-aarch64-linux-gnu.so\n'}
[6.499844] (gst_msgs) StdoutLine: {'line': b'-- Up-to-date symlink: /root/Workspaces/rosgsthumble_ws/install/gst_msgs/lib/python3.6/site-packages/gst_msgs/gst_msgs_s__rosidl_typesupport_introspection_c.cpython-36m-aarch64-linux-gnu.so\n'}
[6.500535] (gst_msgs) StdoutLine: {'line': b'-- Up-to-date symlink: /root/Workspaces/rosgsthumble_ws/install/gst_msgs/lib/python3.6/site-packages/gst_msgs/libgst_msgs__rosidl_generator_py.so\n'}
[6.501103] (gst_msgs) StdoutLine: {'line': b'-- Up-to-date symlink: /root/Workspaces/rosgsthumble_ws/install/gst_msgs/lib/python3.6/site-packages/gst_msgs/msg/__init__.py\n'}
[6.506980] (gst_msgs) StdoutLine: {'line': b'-- Up-to-date symlink: /root/Workspaces/rosgsthumble_ws/install/gst_msgs/lib/python3.6/site-packages/gst_msgs/msg/_buffer_event.py\n'}
[6.507672] (gst_msgs) StdoutLine: {'line': b'-- Up-to-date symlink: /root/Workspaces/rosgsthumble_ws/install/gst_msgs/lib/python3.6/site-packages/gst_msgs/msg/_buffer_event_s.c\n'}
[6.508337] (gst_msgs) StdoutLine: {'line': b'-- Up-to-date symlink: /root/Workspaces/rosgsthumble_ws/install/gst_msgs/lib/python3.6/site-packages/gst_msgs/msg/_clock_observation.py\n'}
[6.508880] (gst_msgs) StdoutLine: {'line': b'-- Up-to-date symlink: /root/Workspaces/rosgsthumble_ws/install/gst_msgs/lib/python3.6/site-packages/gst_msgs/msg/_clock_observation_s.c\n'}
[6.509390] (gst_msgs) StdoutLine: {'line': b'-- Up-to-date symlink: /root/Workspaces/rosgsthumble_ws/install/gst_msgs/lib/python3.6/site-packages/gst_msgs/msg/_frame_gate.py\n'}
[6.510094] (gst_msgs) StdoutLine: {'line': b'-- Up-to-date symlink: /root/Workspaces/rosgsthumble_ws/install/gst_msgs/lib/python3.6/site-packages/gst_msgs/msg/_frame_gate_s.c\n'}
[6.510721] (gst_msgs) StdoutLine: {'line': b'-- Up-to-date symlink: /root/Workspaces/rosgsthumble_ws/install/gst_msgs/lib/python3.6/site-packages/gst_msgs/msg/_meta_mark.py\n'}
[6.514452] (gst_msgs) StdoutLine: {'line': b'-- Up-to-date symlink: /root/Workspaces/rosgsthumble_ws/install/gst_msgs/lib/python3.6/site-packages/gst_msgs/msg/_meta_mark_s.c\n'}
[6.515040] (gst_msgs) StdoutLine: {'line': b'-- Up-to-date symlink: /root/Workspaces/rosgsthumble_ws/install/gst_msgs/lib/python3.6/site-packages/gst_msgs/msg/_multifilesink_event.py\n'}
[6.515626] (gst_msgs) StdoutLine: {'line': b'-- Up-to-date symlink: /root/Workspaces/rosgsthumble_ws/install/gst_msgs/lib/python3.6/site-packages/gst_msgs/msg/_multifilesink_event_s.c\n'}
[6.516179] (gst_msgs) StdoutLine: {'line': b'-- Up-to-date symlink: /root/Workspaces/rosgsthumble_ws/install/gst_msgs/lib/python3.6/site-packages/gst_msgs/msg/_webrtc_ice.py\n'}
[6.516720] (gst_msgs) StdoutLine: {'line': b'-- Up-to-date symlink: /root/Workspaces/rosgsthumble_ws/install/gst_msgs/lib/python3.6/site-packages/gst_msgs/msg/_webrtc_ice_s.c\n'}
[6.517927] (gst_msgs) StdoutLine: {'line': b'-- Up-to-date symlink: /root/Workspaces/rosgsthumble_ws/install/gst_msgs/lib/python3.6/site-packages/gst_msgs/srv/__init__.py\n'}
[6.518492] (gst_msgs) StdoutLine: {'line': b'-- Up-to-date symlink: /root/Workspaces/rosgsthumble_ws/install/gst_msgs/lib/python3.6/site-packages/gst_msgs/srv/_seek.py\n'}
[6.519022] (gst_msgs) StdoutLine: {'line': b'-- Up-to-date symlink: /root/Workspaces/rosgsthumble_ws/install/gst_msgs/lib/python3.6/site-packages/gst_msgs/srv/_seek_s.c\n'}
[6.519540] (gst_msgs) StdoutLine: {'line': b'-- Up-to-date symlink: /root/Workspaces/rosgsthumble_ws/install/gst_msgs/lib/python3.6/site-packages/gst_msgs/gst_msgs_s__rosidl_typesupport_fastrtps_c.cpython-36m-aarch64-linux-gnu.so\n'}
[6.520051] (gst_msgs) StdoutLine: {'line': b'-- Up-to-date symlink: /root/Workspaces/rosgsthumble_ws/install/gst_msgs/lib/python3.6/site-packages/gst_msgs/gst_msgs_s__rosidl_typesupport_introspection_c.cpython-36m-aarch64-linux-gnu.so\n'}
[6.520597] (gst_msgs) StdoutLine: {'line': b'-- Up-to-date symlink: /root/Workspaces/rosgsthumble_ws/install/gst_msgs/lib/python3.6/site-packages/gst_msgs/gst_msgs_s__rosidl_typesupport_c.cpython-36m-aarch64-linux-gnu.so\n'}
[6.521144] (gst_msgs) StdoutLine: {'line': b'-- Up-to-date symlink: /root/Workspaces/rosgsthumble_ws/install/gst_msgs/share/gst_msgs/msg/FrameGate.idl\n'}
[6.521734] (gst_msgs) StdoutLine: {'line': b'-- Up-to-date symlink: /root/Workspaces/rosgsthumble_ws/install/gst_msgs/share/gst_msgs/msg/WebrtcIce.idl\n'}
[6.522323] (gst_msgs) StdoutLine: {'line': b'-- Up-to-date symlink: /root/Workspaces/rosgsthumble_ws/install/gst_msgs/share/gst_msgs/msg/BufferEvent.idl\n'}
[6.522820] (gst_msgs) StdoutLine: {'line': b'-- Up-to-date symlink: /root/Workspaces/rosgsthumble_ws/install/gst_msgs/share/gst_msgs/msg/ClockObservation.idl\n'}
[6.523329] (gst_msgs) StdoutLine: {'line': b'-- Up-to-date symlink: /root/Workspaces/rosgsthumble_ws/install/gst_msgs/share/gst_msgs/msg/MultifilesinkEvent.idl\n'}
[6.523816] (gst_msgs) StdoutLine: {'line': b'-- Up-to-date symlink: /root/Workspaces/rosgsthumble_ws/install/gst_msgs/share/gst_msgs/msg/MetaMark.idl\n'}
[6.524300] (gst_msgs) StdoutLine: {'line': b'-- Up-to-date symlink: /root/Workspaces/rosgsthumble_ws/install/gst_msgs/share/gst_msgs/srv/Seek.idl\n'}
[6.524785] (gst_msgs) StdoutLine: {'line': b'-- Up-to-date symlink: /root/Workspaces/rosgsthumble_ws/install/gst_msgs/share/gst_msgs/msg/FrameGate.msg\n'}
[6.525290] (gst_msgs) StdoutLine: {'line': b'-- Up-to-date symlink: /root/Workspaces/rosgsthumble_ws/install/gst_msgs/share/gst_msgs/msg/WebrtcIce.msg\n'}
[6.531206] (gst_msgs) StdoutLine: {'line': b'-- Up-to-date symlink: /root/Workspaces/rosgsthumble_ws/install/gst_msgs/share/gst_msgs/msg/BufferEvent.msg\n'}
[6.531870] (gst_msgs) StdoutLine: {'line': b'-- Up-to-date symlink: /root/Workspaces/rosgsthumble_ws/install/gst_msgs/share/gst_msgs/msg/ClockObservation.msg\n'}
[6.532428] (gst_msgs) StdoutLine: {'line': b'-- Up-to-date symlink: /root/Workspaces/rosgsthumble_ws/install/gst_msgs/share/gst_msgs/msg/MultifilesinkEvent.msg\n'}
[6.532954] (gst_msgs) StdoutLine: {'line': b'-- Up-to-date symlink: /root/Workspaces/rosgsthumble_ws/install/gst_msgs/share/gst_msgs/msg/MetaMark.msg\n'}
[6.533974] (gst_msgs) StdoutLine: {'line': b'-- Up-to-date symlink: /root/Workspaces/rosgsthumble_ws/install/gst_msgs/share/gst_msgs/srv/Seek.srv\n'}
[6.534855] (gst_msgs) StdoutLine: {'line': b'-- Up-to-date symlink: /root/Workspaces/rosgsthumble_ws/install/gst_msgs/share/gst_msgs/srv/Seek_Request.msg\n'}
[6.535452] (gst_msgs) StdoutLine: {'line': b'-- Up-to-date symlink: /root/Workspaces/rosgsthumble_ws/install/gst_msgs/share/gst_msgs/srv/Seek_Response.msg\n'}
[6.535992] (gst_msgs) StdoutLine: {'line': b'-- Up-to-date symlink: /root/Workspaces/rosgsthumble_ws/install/gst_msgs/share/ament_index/resource_index/package_run_dependencies/gst_msgs\n'}
[6.536567] (gst_msgs) StdoutLine: {'line': b'-- Up-to-date symlink: /root/Workspaces/rosgsthumble_ws/install/gst_msgs/share/ament_index/resource_index/parent_prefix_path/gst_msgs\n'}
[6.537092] (gst_msgs) StdoutLine: {'line': b'-- Up-to-date symlink: /root/Workspaces/rosgsthumble_ws/install/gst_msgs/share/gst_msgs/environment/ament_prefix_path.sh\n'}
[6.537673] (gst_msgs) StdoutLine: {'line': b'-- Up-to-date symlink: /root/Workspaces/rosgsthumble_ws/install/gst_msgs/share/gst_msgs/environment/ament_prefix_path.dsv\n'}
[6.538281] (gst_msgs) StdoutLine: {'line': b'-- Up-to-date symlink: /root/Workspaces/rosgsthumble_ws/install/gst_msgs/share/gst_msgs/environment/path.sh\n'}
[6.538813] (gst_msgs) StdoutLine: {'line': b'-- Up-to-date symlink: /root/Workspaces/rosgsthumble_ws/install/gst_msgs/share/gst_msgs/environment/path.dsv\n'}
[6.539397] (gst_msgs) StdoutLine: {'line': b'-- Up-to-date symlink: /root/Workspaces/rosgsthumble_ws/install/gst_msgs/share/gst_msgs/local_setup.bash\n'}
[6.539950] (gst_msgs) StdoutLine: {'line': b'-- Up-to-date symlink: /root/Workspaces/rosgsthumble_ws/install/gst_msgs/share/gst_msgs/local_setup.sh\n'}
[6.540485] (gst_msgs) StdoutLine: {'line': b'-- Up-to-date symlink: /root/Workspaces/rosgsthumble_ws/install/gst_msgs/share/gst_msgs/local_setup.zsh\n'}
[6.541033] (gst_msgs) StdoutLine: {'line': b'-- Up-to-date symlink: /root/Workspaces/rosgsthumble_ws/install/gst_msgs/share/gst_msgs/local_setup.dsv\n'}
[6.541650] (gst_msgs) StdoutLine: {'line': b'-- Symlinking: /root/Workspaces/rosgsthumble_ws/install/gst_msgs/share/gst_msgs/package.dsv\n'}
[6.542321] (gst_msgs) StdoutLine: {'line': b'-- Up-to-date symlink: /root/Workspaces/rosgsthumble_ws/install/gst_msgs/share/ament_index/resource_index/packages/gst_msgs\n'}
[6.542903] (gst_msgs) StdoutLine: {'line': b'-- Up-to-date symlink: /root/Workspaces/rosgsthumble_ws/install/gst_msgs/share/gst_msgs/cmake/rosidl_cmake-extras.cmake\n'}
[6.543463] (gst_msgs) StdoutLine: {'line': b'-- Up-to-date symlink: /root/Workspaces/rosgsthumble_ws/install/gst_msgs/share/gst_msgs/cmake/ament_cmake_export_dependencies-extras.cmake\n'}
[6.544039] (gst_msgs) StdoutLine: {'line': b'-- Up-to-date symlink: /root/Workspaces/rosgsthumble_ws/install/gst_msgs/share/gst_msgs/cmake/ament_cmake_export_include_directories-extras.cmake\n'}
[6.544602] (gst_msgs) StdoutLine: {'line': b'-- Up-to-date symlink: /root/Workspaces/rosgsthumble_ws/install/gst_msgs/share/gst_msgs/cmake/ament_cmake_export_libraries-extras.cmake\n'}
[6.545211] (gst_msgs) StdoutLine: {'line': b'-- Up-to-date symlink: /root/Workspaces/rosgsthumble_ws/install/gst_msgs/share/gst_msgs/cmake/ament_cmake_export_targets-extras.cmake\n'}
[6.557914] (gst_msgs) StdoutLine: {'line': b'-- Up-to-date symlink: /root/Workspaces/rosgsthumble_ws/install/gst_msgs/share/gst_msgs/cmake/rosidl_cmake_export_typesupport_targets-extras.cmake\n'}
[6.558639] (gst_msgs) StdoutLine: {'line': b'-- Up-to-date symlink: /root/Workspaces/rosgsthumble_ws/install/gst_msgs/share/gst_msgs/cmake/rosidl_cmake_export_typesupport_libraries-extras.cmake\n'}
[6.559229] (gst_msgs) StdoutLine: {'line': b'-- Up-to-date symlink: /root/Workspaces/rosgsthumble_ws/install/gst_msgs/share/gst_msgs/cmake/gst_msgsConfig.cmake\n'}
[6.559802] (gst_msgs) StdoutLine: {'line': b'-- Up-to-date symlink: /root/Workspaces/rosgsthumble_ws/install/gst_msgs/share/gst_msgs/cmake/gst_msgsConfig-version.cmake\n'}
[6.560359] (gst_msgs) StdoutLine: {'line': b'-- Up-to-date symlink: /root/Workspaces/rosgsthumble_ws/install/gst_msgs/share/gst_msgs/package.xml\n'}
[6.560913] (gst_msgs) StdoutLine: {'line': b'-- Up-to-date: /root/Workspaces/rosgsthumble_ws/install/gst_msgs/lib/libgst_msgs__rosidl_generator_c.so\n'}
[6.561502] (gst_msgs) StdoutLine: {'line': b'-- Up-to-date: /root/Workspaces/rosgsthumble_ws/install/gst_msgs/lib/libgst_msgs__rosidl_typesupport_fastrtps_c.so\n'}
[6.562559] (gst_msgs) StdoutLine: {'line': b'-- Up-to-date: /root/Workspaces/rosgsthumble_ws/install/gst_msgs/lib/libgst_msgs__rosidl_typesupport_fastrtps_cpp.so\n'}
[6.563160] (gst_msgs) StdoutLine: {'line': b'-- Up-to-date: /root/Workspaces/rosgsthumble_ws/install/gst_msgs/lib/libgst_msgs__rosidl_typesupport_introspection_c.so\n'}
[6.563750] (gst_msgs) StdoutLine: {'line': b'-- Up-to-date: /root/Workspaces/rosgsthumble_ws/install/gst_msgs/lib/libgst_msgs__rosidl_typesupport_c.so\n'}
[6.564316] (gst_msgs) StdoutLine: {'line': b'-- Up-to-date: /root/Workspaces/rosgsthumble_ws/install/gst_msgs/lib/libgst_msgs__rosidl_typesupport_introspection_cpp.so\n'}
[6.564862] (gst_msgs) StdoutLine: {'line': b'-- Up-to-date: /root/Workspaces/rosgsthumble_ws/install/gst_msgs/lib/libgst_msgs__rosidl_typesupport_cpp.so\n'}
[6.582841] (cv_bridge) JobEnded: {'identifier': 'cv_bridge', 'rc': 0}
[6.584626] (-) TimerEvent: {}
[6.585175] (realsense2_camera_msgs) JobStarted: {'identifier': 'realsense2_camera_msgs'}
[6.684877] (-) TimerEvent: {}
[6.759967] (diagnostic_updater) CommandEnded: {'returncode': 0}
[6.794830] (-) TimerEvent: {}
[6.905685] (-) TimerEvent: {}
[6.914356] (gst_msgs) StdoutLine: {'line': b"Listing '/root/Workspaces/rosgsthumble_ws/install/gst_msgs/lib/python3.6/site-packages/gst_msgs'...\n"}
[6.917926] (gst_msgs) StdoutLine: {'line': b"Listing '/root/Workspaces/rosgsthumble_ws/install/gst_msgs/lib/python3.6/site-packages/gst_msgs/msg'...\n"}
[6.918764] (gst_msgs) StdoutLine: {'line': b"Listing '/root/Workspaces/rosgsthumble_ws/install/gst_msgs/lib/python3.6/site-packages/gst_msgs/srv'...\n"}
[6.930078] (gst_msgs) StdoutLine: {'line': b'-- Up-to-date: /root/Workspaces/rosgsthumble_ws/install/gst_msgs/lib/libgst_msgs__rosidl_generator_py.so\n'}
[6.931211] (gst_msgs) StdoutLine: {'line': b'-- Up-to-date: /root/Workspaces/rosgsthumble_ws/install/gst_msgs/share/gst_msgs/cmake/export_gst_msgs__rosidl_generator_cExport.cmake\n'}
[6.932086] (gst_msgs) StdoutLine: {'line': b'-- Up-to-date: /root/Workspaces/rosgsthumble_ws/install/gst_msgs/share/gst_msgs/cmake/export_gst_msgs__rosidl_generator_cExport-noconfig.cmake\n'}
[6.950171] (gst_msgs) StdoutLine: {'line': b'-- Up-to-date: /root/Workspaces/rosgsthumble_ws/install/gst_msgs/share/gst_msgs/cmake/export_gst_msgs__rosidl_typesupport_fastrtps_cExport.cmake\n'}
[6.951286] (gst_msgs) StdoutLine: {'line': b'-- Up-to-date: /root/Workspaces/rosgsthumble_ws/install/gst_msgs/share/gst_msgs/cmake/export_gst_msgs__rosidl_typesupport_fastrtps_cExport-noconfig.cmake\n'}
[6.952102] (gst_msgs) StdoutLine: {'line': b'-- Up-to-date: /root/Workspaces/rosgsthumble_ws/install/gst_msgs/share/gst_msgs/cmake/export_gst_msgs__rosidl_generator_cppExport.cmake\n'}
[6.952901] (gst_msgs) StdoutLine: {'line': b'-- Up-to-date: /root/Workspaces/rosgsthumble_ws/install/gst_msgs/share/gst_msgs/cmake/export_gst_msgs__rosidl_typesupport_fastrtps_cppExport.cmake\n'}
[6.953773] (gst_msgs) StdoutLine: {'line': b'-- Up-to-date: /root/Workspaces/rosgsthumble_ws/install/gst_msgs/share/gst_msgs/cmake/export_gst_msgs__rosidl_typesupport_fastrtps_cppExport-noconfig.cmake\n'}
[6.954659] (gst_msgs) StdoutLine: {'line': b'-- Up-to-date: /root/Workspaces/rosgsthumble_ws/install/gst_msgs/share/gst_msgs/cmake/gst_msgs__rosidl_typesupport_introspection_cExport.cmake\n'}
[6.955494] (gst_msgs) StdoutLine: {'line': b'-- Up-to-date: /root/Workspaces/rosgsthumble_ws/install/gst_msgs/share/gst_msgs/cmake/gst_msgs__rosidl_typesupport_introspection_cExport-noconfig.cmake\n'}
[6.956371] (gst_msgs) StdoutLine: {'line': b'-- Up-to-date: /root/Workspaces/rosgsthumble_ws/install/gst_msgs/share/gst_msgs/cmake/gst_msgs__rosidl_typesupport_cExport.cmake\n'}
[6.957245] (gst_msgs) StdoutLine: {'line': b'-- Up-to-date: /root/Workspaces/rosgsthumble_ws/install/gst_msgs/share/gst_msgs/cmake/gst_msgs__rosidl_typesupport_cExport-noconfig.cmake\n'}
[6.958098] (gst_msgs) StdoutLine: {'line': b'-- Up-to-date: /root/Workspaces/rosgsthumble_ws/install/gst_msgs/share/gst_msgs/cmake/gst_msgs__rosidl_typesupport_introspection_cppExport.cmake\n'}
[6.958865] (gst_msgs) StdoutLine: {'line': b'-- Up-to-date: /root/Workspaces/rosgsthumble_ws/install/gst_msgs/share/gst_msgs/cmake/gst_msgs__rosidl_typesupport_introspection_cppExport-noconfig.cmake\n'}
[6.959567] (gst_msgs) StdoutLine: {'line': b'-- Up-to-date: /root/Workspaces/rosgsthumble_ws/install/gst_msgs/share/gst_msgs/cmake/gst_msgs__rosidl_typesupport_cppExport.cmake\n'}
[6.960336] (gst_msgs) StdoutLine: {'line': b'-- Up-to-date: /root/Workspaces/rosgsthumble_ws/install/gst_msgs/share/gst_msgs/cmake/gst_msgs__rosidl_typesupport_cppExport-noconfig.cmake\n'}
[6.961086] (gst_msgs) StdoutLine: {'line': b'-- Up-to-date: /root/Workspaces/rosgsthumble_ws/install/gst_msgs/share/gst_msgs/cmake/export_gst_msgs__rosidl_generator_pyExport.cmake\n'}
[6.961982] (gst_msgs) StdoutLine: {'line': b'-- Up-to-date: /root/Workspaces/rosgsthumble_ws/install/gst_msgs/share/gst_msgs/cmake/export_gst_msgs__rosidl_generator_pyExport-noconfig.cmake\n'}
[7.005920] (-) TimerEvent: {}
[7.111921] (-) TimerEvent: {}
[7.143915] (gst_msgs) CommandEnded: {'returncode': 0}
[7.212137] (-) TimerEvent: {}
[7.318124] (-) TimerEvent: {}
[7.439695] (-) TimerEvent: {}
[7.561401] (-) TimerEvent: {}
[7.678026] (-) TimerEvent: {}
[7.740217] (audio_msgs) JobEnded: {'identifier': 'audio_msgs', 'rc': 0}
[7.746105] (realsense2_camera_msgs) JobProgress: {'identifier': 'realsense2_camera_msgs', 'progress': 'cmake'}
[7.749303] (realsense2_camera_msgs) JobProgress: {'identifier': 'realsense2_camera_msgs', 'progress': 'build'}
[7.750730] (realsense2_camera_msgs) Command: {'cmd': ['/usr/local/bin/cmake', '--build', '/root/Workspaces/rosgsthumble_ws/build/realsense2_camera_msgs', '--', '-j4', '-l4'], 'cwd': '/root/Workspaces/rosgsthumble_ws/build/realsense2_camera_msgs', 'env': OrderedDict([('OPENBLAS_CORETYPE', 'ARMV8'), ('PYTHONIOENCODING', 'utf-8'), ('HOSTNAME', 'nano'), ('LD_LIBRARY_PATH', '/root/Workspaces/rosgsthumble_ws/install/realsense2_camera/lib:/root/Workspaces/rosgsthumble_ws/install/realsense2_camera_msgs/lib:/root/Workspaces/rosgsthumble_ws/install/image_geometry/lib:/root/Workspaces/rosgsthumble_ws/install/gst_pipeline_plugins/lib:/root/Workspaces/rosgsthumble_ws/install/gst_pipeline/lib:/root/Workspaces/rosgsthumble_ws/install/gst_msgs/lib:/root/Workspaces/rosgsthumble_ws/install/gst_bridge/lib:/root/Workspaces/rosgsthumble_ws/install/diagnostic_updater/lib:/root/Workspaces/rosgsthumble_ws/install/cv_bridge/lib:/root/Workspaces/rosgsthumble_ws/install/audio_msgs/lib:/opt/ros/humble/install/opt/rviz_ogre_vendor/lib:/opt/ros/humble/install/lib:/usr/local/cuda-10.2/targets/aarch64-linux/lib:'), ('SHLVL', '1'), ('OLDPWD', '/root/Workspaces'), ('HOME', '/root'), ('ROS_PYTHON_VERSION', '3'), ('COLCON_PREFIX_PATH', '/opt/ros/humble/install:/root/Workspaces/rosgsthumble_ws/install'), ('ROS_DISTRO', 'humble'), ('PULSE_SERVER', 'unix:/run/user/1000/pulse/native'), ('_', '/usr/bin/colcon'), ('ROS_VERSION', '2'), ('NVIDIA_DRIVER_CAPABILITIES', 'compute,utility,graphics'), ('PKG_CONFIG_PATH', '/opt/ros/humble/install/lib/aarch64-linux-gnu/pkgconfig:/opt/ros/humble/install/lib/pkgconfig'), ('TERM', 'xterm'), ('ROS_LOCALHOST_ONLY', '0'), ('PATH', '/root/Workspaces/rosgsthumble_ws/install/xacro/bin:/opt/ros/humble/install/bin:/usr/local/cuda-10.2/bin:/usr/local/cuda/bin:/usr/local/sbin:/usr/local/bin:/usr/sbin:/usr/bin:/sbin:/bin'), ('XDG_RUNTIME_DIR', '/run/user/1000'), ('DISPLAY', ''), ('LANG', 'en_US.UTF-8'), ('RMW_IMPLEMENTATION', 'rmw_cyclonedds_cpp'), ('LS_COLORS', 'rs=0:di=01;34:ln=01;36:mh=00:pi=40;33:so=01;35:do=01;35:bd=40;33;01:cd=40;33;01:or=40;31;01:mi=00:su=37;41:sg=30;43:ca=30;41:tw=30;42:ow=34;42:st=37;44:ex=01;32:*.tar=01;31:*.tgz=01;31:*.arc=01;31:*.arj=01;31:*.taz=01;31:*.lha=01;31:*.lz4=01;31:*.lzh=01;31:*.lzma=01;31:*.tlz=01;31:*.txz=01;31:*.tzo=01;31:*.t7z=01;31:*.zip=01;31:*.z=01;31:*.Z=01;31:*.dz=01;31:*.gz=01;31:*.lrz=01;31:*.lz=01;31:*.lzo=01;31:*.xz=01;31:*.zst=01;31:*.tzst=01;31:*.bz2=01;31:*.bz=01;31:*.tbz=01;31:*.tbz2=01;31:*.tz=01;31:*.deb=01;31:*.rpm=01;31:*.jar=01;31:*.war=01;31:*.ear=01;31:*.sar=01;31:*.rar=01;31:*.alz=01;31:*.ace=01;31:*.zoo=01;31:*.cpio=01;31:*.7z=01;31:*.rz=01;31:*.cab=01;31:*.wim=01;31:*.swm=01;31:*.dwm=01;31:*.esd=01;31:*.jpg=01;35:*.jpeg=01;35:*.mjpg=01;35:*.mjpeg=01;35:*.gif=01;35:*.bmp=01;35:*.pbm=01;35:*.pgm=01;35:*.ppm=01;35:*.tga=01;35:*.xbm=01;35:*.xpm=01;35:*.tif=01;35:*.tiff=01;35:*.png=01;35:*.svg=01;35:*.svgz=01;35:*.mng=01;35:*.pcx=01;35:*.mov=01;35:*.mpg=01;35:*.mpeg=01;35:*.m2v=01;35:*.mkv=01;35:*.webm=01;35:*.ogm=01;35:*.mp4=01;35:*.m4v=01;35:*.mp4v=01;35:*.vob=01;35:*.qt=01;35:*.nuv=01;35:*.wmv=01;35:*.asf=01;35:*.rm=01;35:*.rmvb=01;35:*.flc=01;35:*.avi=01;35:*.fli=01;35:*.flv=01;35:*.gl=01;35:*.dl=01;35:*.xcf=01;35:*.xwd=01;35:*.yuv=01;35:*.cgm=01;35:*.emf=01;35:*.ogv=01;35:*.ogx=01;35:*.aac=00;36:*.au=00;36:*.flac=00;36:*.m4a=00;36:*.mid=00;36:*.midi=00;36:*.mka=00;36:*.mp3=00;36:*.mpc=00;36:*.ogg=00;36:*.ra=00;36:*.wav=00;36:*.oga=00;36:*.opus=00;36:*.spx=00;36:*.xspf=00;36:'), ('ROS_ROOT', '/opt/ros/humble'), ('AMENT_PREFIX_PATH', '/opt/ros/humble/install'), ('DEBIAN_FRONTEND', 'noninteractive'), ('GST_PLUGIN_PATH', '/root/Workspaces/rosgsthumble_ws/install/gst_bridge/lib/gst_bridge/'), ('SHELL', '/bin/bash'), ('PWD', '/root/Workspaces/rosgsthumble_ws/build/realsense2_camera_msgs'), ('PYTHONPATH', '/root/Workspaces/rosgsthumble_ws/install/xacro/lib/python3.6/site-packages:/root/Workspaces/rosgsthumble_ws/install/realsense2_camera_msgs/lib/python3.6/site-packages:/root/Workspaces/rosgsthumble_ws/install/image_geometry/lib/python3.6/site-packages:/root/Workspaces/rosgsthumble_ws/install/gst_msgs/lib/python3.6/site-packages:/root/Workspaces/rosgsthumble_ws/install/diagnostic_common_diagnostics/lib/python3.6/site-packages:/root/Workspaces/rosgsthumble_ws/install/diagnostic_updater/lib/python3.6/site-packages:/root/Workspaces/rosgsthumble_ws/install/cv_bridge/lib/python3.6/site-packages:/root/Workspaces/rosgsthumble_ws/install/audio_msgs/lib/python3.6/site-packages:/opt/ros/humble/install/lib/python3.6/site-packages'), ('NVIDIA_VISIBLE_DEVICES', 'all'), ('COLCON', '1'), ('CMAKE_PREFIX_PATH', '/opt/ros/humble/install')]), 'shell': False}
[7.764053] (gst_bridge) JobStarted: {'identifier': 'gst_bridge'}
[7.783281] (-) TimerEvent: {}
[7.903180] (-) TimerEvent: {}
[8.013047] (-) TimerEvent: {}
[8.056970] (realsense2_camera_msgs) StdoutLine: {'line': b'[ 12%] Built target realsense2_camera_msgs__rosidl_generator_c\n'}
[8.068344] (realsense2_camera_msgs) StdoutLine: {'line': b'[ 12%] Built target realsense2_camera_msgs__cpp\n'}
[8.076237] (realsense2_camera_msgs) StdoutLine: {'line': b'[ 12%] Built target ament_cmake_python_symlink_realsense2_camera_msgs\n'}
[8.115236] (-) TimerEvent: {}
[8.145405] (realsense2_camera_msgs) StdoutLine: {'line': b'[ 23%] Built target realsense2_camera_msgs__rosidl_typesupport_introspection_c\n'}
[8.157177] (realsense2_camera_msgs) StdoutLine: {'line': b'[ 34%] Built target realsense2_camera_msgs__rosidl_typesupport_fastrtps_c\n'}
[8.158090] (realsense2_camera_msgs) StdoutLine: {'line': b'[ 46%] Built target realsense2_camera_msgs__rosidl_typesupport_c\n'}
[8.174324] (realsense2_camera_msgs) StdoutLine: {'line': b'[ 57%] Built target realsense2_camera_msgs__rosidl_typesupport_fastrtps_cpp\n'}
[8.220517] (-) TimerEvent: {}
[8.232799] (realsense2_camera_msgs) StdoutLine: {'line': b'[ 79%] Built target realsense2_camera_msgs__rosidl_typesupport_cpp\n'}
[8.235608] (realsense2_camera_msgs) StdoutLine: {'line': b'[ 79%] Built target realsense2_camera_msgs__rosidl_typesupport_introspection_cpp\n'}
[8.253504] (diagnostic_updater) JobEnded: {'identifier': 'diagnostic_updater', 'rc': 0}
[8.260908] (image_geometry) JobStarted: {'identifier': 'image_geometry'}
[8.287395] (realsense2_camera_msgs) StdoutLine: {'line': b'[ 79%] Built target realsense2_camera_msgs\n'}
[8.323101] (realsense2_camera_msgs) StdoutLine: {'line': b'[ 80%] Built target realsense2_camera_msgs__py\n'}
[8.325192] (-) TimerEvent: {}
[8.377749] (realsense2_camera_msgs) StdoutLine: {'line': b'[ 90%] Built target realsense2_camera_msgs__rosidl_generator_py\n'}
[8.425425] (-) TimerEvent: {}
[8.446150] (gst_bridge) JobProgress: {'identifier': 'gst_bridge', 'progress': 'cmake'}
[8.460008] (gst_bridge) JobProgress: {'identifier': 'gst_bridge', 'progress': 'build'}
[8.460667] (realsense2_camera_msgs) StdoutLine: {'line': b'[ 93%] Built target realsense2_camera_msgs__rosidl_typesupport_introspection_c__pyext\n'}
[8.466410] (gst_bridge) Command: {'cmd': ['/usr/local/bin/cmake', '--build', '/root/Workspaces/rosgsthumble_ws/build/gst_bridge', '--', '-j4', '-l4'], 'cwd': '/root/Workspaces/rosgsthumble_ws/build/gst_bridge', 'env': OrderedDict([('OPENBLAS_CORETYPE', 'ARMV8'), ('PYTHONIOENCODING', 'utf-8'), ('HOSTNAME', 'nano'), ('LD_LIBRARY_PATH', '/root/Workspaces/rosgsthumble_ws/install/audio_msgs/lib:/root/Workspaces/rosgsthumble_ws/install/realsense2_camera/lib:/root/Workspaces/rosgsthumble_ws/install/realsense2_camera_msgs/lib:/root/Workspaces/rosgsthumble_ws/install/image_geometry/lib:/root/Workspaces/rosgsthumble_ws/install/gst_pipeline_plugins/lib:/root/Workspaces/rosgsthumble_ws/install/gst_pipeline/lib:/root/Workspaces/rosgsthumble_ws/install/gst_msgs/lib:/root/Workspaces/rosgsthumble_ws/install/gst_bridge/lib:/root/Workspaces/rosgsthumble_ws/install/diagnostic_updater/lib:/root/Workspaces/rosgsthumble_ws/install/cv_bridge/lib:/opt/ros/humble/install/opt/rviz_ogre_vendor/lib:/opt/ros/humble/install/lib:/usr/local/cuda-10.2/targets/aarch64-linux/lib'), ('SHLVL', '1'), ('OLDPWD', '/root/Workspaces'), ('HOME', '/root'), ('ROS_PYTHON_VERSION', '3'), ('COLCON_PREFIX_PATH', '/opt/ros/humble/install:/root/Workspaces/rosgsthumble_ws/install'), ('ROS_DISTRO', 'humble'), ('PULSE_SERVER', 'unix:/run/user/1000/pulse/native'), ('_', '/usr/bin/colcon'), ('ROS_VERSION', '2'), ('NVIDIA_DRIVER_CAPABILITIES', 'compute,utility,graphics'), ('PKG_CONFIG_PATH', '/opt/ros/humble/install/lib/aarch64-linux-gnu/pkgconfig:/opt/ros/humble/install/lib/pkgconfig'), ('TERM', 'xterm'), ('ROS_LOCALHOST_ONLY', '0'), ('PATH', '/root/Workspaces/rosgsthumble_ws/install/xacro/bin:/opt/ros/humble/install/bin:/usr/local/cuda-10.2/bin:/usr/local/cuda/bin:/usr/local/sbin:/usr/local/bin:/usr/sbin:/usr/bin:/sbin:/bin'), ('XDG_RUNTIME_DIR', '/run/user/1000'), ('DISPLAY', ''), ('LANG', 'en_US.UTF-8'), ('RMW_IMPLEMENTATION', 'rmw_cyclonedds_cpp'), ('LS_COLORS', 'rs=0:di=01;34:ln=01;36:mh=00:pi=40;33:so=01;35:do=01;35:bd=40;33;01:cd=40;33;01:or=40;31;01:mi=00:su=37;41:sg=30;43:ca=30;41:tw=30;42:ow=34;42:st=37;44:ex=01;32:*.tar=01;31:*.tgz=01;31:*.arc=01;31:*.arj=01;31:*.taz=01;31:*.lha=01;31:*.lz4=01;31:*.lzh=01;31:*.lzma=01;31:*.tlz=01;31:*.txz=01;31:*.tzo=01;31:*.t7z=01;31:*.zip=01;31:*.z=01;31:*.Z=01;31:*.dz=01;31:*.gz=01;31:*.lrz=01;31:*.lz=01;31:*.lzo=01;31:*.xz=01;31:*.zst=01;31:*.tzst=01;31:*.bz2=01;31:*.bz=01;31:*.tbz=01;31:*.tbz2=01;31:*.tz=01;31:*.deb=01;31:*.rpm=01;31:*.jar=01;31:*.war=01;31:*.ear=01;31:*.sar=01;31:*.rar=01;31:*.alz=01;31:*.ace=01;31:*.zoo=01;31:*.cpio=01;31:*.7z=01;31:*.rz=01;31:*.cab=01;31:*.wim=01;31:*.swm=01;31:*.dwm=01;31:*.esd=01;31:*.jpg=01;35:*.jpeg=01;35:*.mjpg=01;35:*.mjpeg=01;35:*.gif=01;35:*.bmp=01;35:*.pbm=01;35:*.pgm=01;35:*.ppm=01;35:*.tga=01;35:*.xbm=01;35:*.xpm=01;35:*.tif=01;35:*.tiff=01;35:*.png=01;35:*.svg=01;35:*.svgz=01;35:*.mng=01;35:*.pcx=01;35:*.mov=01;35:*.mpg=01;35:*.mpeg=01;35:*.m2v=01;35:*.mkv=01;35:*.webm=01;35:*.ogm=01;35:*.mp4=01;35:*.m4v=01;35:*.mp4v=01;35:*.vob=01;35:*.qt=01;35:*.nuv=01;35:*.wmv=01;35:*.asf=01;35:*.rm=01;35:*.rmvb=01;35:*.flc=01;35:*.avi=01;35:*.fli=01;35:*.flv=01;35:*.gl=01;35:*.dl=01;35:*.xcf=01;35:*.xwd=01;35:*.yuv=01;35:*.cgm=01;35:*.emf=01;35:*.ogv=01;35:*.ogx=01;35:*.aac=00;36:*.au=00;36:*.flac=00;36:*.m4a=00;36:*.mid=00;36:*.midi=00;36:*.mka=00;36:*.mp3=00;36:*.mpc=00;36:*.ogg=00;36:*.ra=00;36:*.wav=00;36:*.oga=00;36:*.opus=00;36:*.spx=00;36:*.xspf=00;36:'), ('ROS_ROOT', '/opt/ros/humble'), ('AMENT_PREFIX_PATH', '/root/Workspaces/rosgsthumble_ws/install/audio_msgs:/opt/ros/humble/install'), ('DEBIAN_FRONTEND', 'noninteractive'), ('GST_PLUGIN_PATH', '/root/Workspaces/rosgsthumble_ws/install/gst_bridge/lib/gst_bridge/'), ('SHELL', '/bin/bash'), ('PWD', '/root/Workspaces/rosgsthumble_ws/build/gst_bridge'), ('PYTHONPATH', '/root/Workspaces/rosgsthumble_ws/install/audio_msgs/lib/python3.6/site-packages:/root/Workspaces/rosgsthumble_ws/install/xacro/lib/python3.6/site-packages:/root/Workspaces/rosgsthumble_ws/install/realsense2_camera_msgs/lib/python3.6/site-packages:/root/Workspaces/rosgsthumble_ws/install/image_geometry/lib/python3.6/site-packages:/root/Workspaces/rosgsthumble_ws/install/gst_msgs/lib/python3.6/site-packages:/root/Workspaces/rosgsthumble_ws/install/diagnostic_common_diagnostics/lib/python3.6/site-packages:/root/Workspaces/rosgsthumble_ws/install/diagnostic_updater/lib/python3.6/site-packages:/root/Workspaces/rosgsthumble_ws/install/cv_bridge/lib/python3.6/site-packages:/opt/ros/humble/install/lib/python3.6/site-packages'), ('NVIDIA_VISIBLE_DEVICES', 'all'), ('COLCON', '1'), ('CMAKE_PREFIX_PATH', '/root/Workspaces/rosgsthumble_ws/install/audio_msgs:/opt/ros/humble/install')]), 'shell': False}
[8.496146] (realsense2_camera_msgs) StdoutLine: {'line': b'[ 96%] Built target realsense2_camera_msgs__rosidl_typesupport_fastrtps_c__pyext\n'}
[8.498293] (realsense2_camera_msgs) StdoutLine: {'line': b'[100%] Built target realsense2_camera_msgs__rosidl_typesupport_c__pyext\n'}
[8.530669] (-) TimerEvent: {}
[8.656475] (-) TimerEvent: {}
[8.761797] (-) TimerEvent: {}
[8.832570] (gst_msgs) JobEnded: {'identifier': 'gst_msgs', 'rc': 0}
[8.846872] (image_geometry) JobProgress: {'identifier': 'image_geometry', 'progress': 'cmake'}
[8.847758] (image_geometry) JobProgress: {'identifier': 'image_geometry', 'progress': 'build'}
[8.848045] (image_geometry) Command: {'cmd': ['/usr/local/bin/cmake', '--build', '/root/Workspaces/rosgsthumble_ws/build/image_geometry', '--', '-j4', '-l4'], 'cwd': '/root/Workspaces/rosgsthumble_ws/build/image_geometry', 'env': OrderedDict([('OPENBLAS_CORETYPE', 'ARMV8'), ('PYTHONIOENCODING', 'utf-8'), ('HOSTNAME', 'nano'), ('LD_LIBRARY_PATH', '/root/Workspaces/rosgsthumble_ws/install/realsense2_camera/lib:/root/Workspaces/rosgsthumble_ws/install/realsense2_camera_msgs/lib:/root/Workspaces/rosgsthumble_ws/install/image_geometry/lib:/root/Workspaces/rosgsthumble_ws/install/gst_pipeline_plugins/lib:/root/Workspaces/rosgsthumble_ws/install/gst_pipeline/lib:/root/Workspaces/rosgsthumble_ws/install/gst_msgs/lib:/root/Workspaces/rosgsthumble_ws/install/gst_bridge/lib:/root/Workspaces/rosgsthumble_ws/install/diagnostic_updater/lib:/root/Workspaces/rosgsthumble_ws/install/cv_bridge/lib:/root/Workspaces/rosgsthumble_ws/install/audio_msgs/lib:/opt/ros/humble/install/opt/rviz_ogre_vendor/lib:/opt/ros/humble/install/lib:/usr/local/cuda-10.2/targets/aarch64-linux/lib:'), ('SHLVL', '1'), ('OLDPWD', '/root/Workspaces'), ('HOME', '/root'), ('ROS_PYTHON_VERSION', '3'), ('COLCON_PREFIX_PATH', '/opt/ros/humble/install:/root/Workspaces/rosgsthumble_ws/install'), ('ROS_DISTRO', 'humble'), ('PULSE_SERVER', 'unix:/run/user/1000/pulse/native'), ('_', '/usr/bin/colcon'), ('ROS_VERSION', '2'), ('NVIDIA_DRIVER_CAPABILITIES', 'compute,utility,graphics'), ('PKG_CONFIG_PATH', '/opt/ros/humble/install/lib/aarch64-linux-gnu/pkgconfig:/opt/ros/humble/install/lib/pkgconfig'), ('TERM', 'xterm'), ('ROS_LOCALHOST_ONLY', '0'), ('PATH', '/root/Workspaces/rosgsthumble_ws/install/xacro/bin:/opt/ros/humble/install/bin:/usr/local/cuda-10.2/bin:/usr/local/cuda/bin:/usr/local/sbin:/usr/local/bin:/usr/sbin:/usr/bin:/sbin:/bin'), ('XDG_RUNTIME_DIR', '/run/user/1000'), ('DISPLAY', ''), ('LANG', 'en_US.UTF-8'), ('RMW_IMPLEMENTATION', 'rmw_cyclonedds_cpp'), ('LS_COLORS', 'rs=0:di=01;34:ln=01;36:mh=00:pi=40;33:so=01;35:do=01;35:bd=40;33;01:cd=40;33;01:or=40;31;01:mi=00:su=37;41:sg=30;43:ca=30;41:tw=30;42:ow=34;42:st=37;44:ex=01;32:*.tar=01;31:*.tgz=01;31:*.arc=01;31:*.arj=01;31:*.taz=01;31:*.lha=01;31:*.lz4=01;31:*.lzh=01;31:*.lzma=01;31:*.tlz=01;31:*.txz=01;31:*.tzo=01;31:*.t7z=01;31:*.zip=01;31:*.z=01;31:*.Z=01;31:*.dz=01;31:*.gz=01;31:*.lrz=01;31:*.lz=01;31:*.lzo=01;31:*.xz=01;31:*.zst=01;31:*.tzst=01;31:*.bz2=01;31:*.bz=01;31:*.tbz=01;31:*.tbz2=01;31:*.tz=01;31:*.deb=01;31:*.rpm=01;31:*.jar=01;31:*.war=01;31:*.ear=01;31:*.sar=01;31:*.rar=01;31:*.alz=01;31:*.ace=01;31:*.zoo=01;31:*.cpio=01;31:*.7z=01;31:*.rz=01;31:*.cab=01;31:*.wim=01;31:*.swm=01;31:*.dwm=01;31:*.esd=01;31:*.jpg=01;35:*.jpeg=01;35:*.mjpg=01;35:*.mjpeg=01;35:*.gif=01;35:*.bmp=01;35:*.pbm=01;35:*.pgm=01;35:*.ppm=01;35:*.tga=01;35:*.xbm=01;35:*.xpm=01;35:*.tif=01;35:*.tiff=01;35:*.png=01;35:*.svg=01;35:*.svgz=01;35:*.mng=01;35:*.pcx=01;35:*.mov=01;35:*.mpg=01;35:*.mpeg=01;35:*.m2v=01;35:*.mkv=01;35:*.webm=01;35:*.ogm=01;35:*.mp4=01;35:*.m4v=01;35:*.mp4v=01;35:*.vob=01;35:*.qt=01;35:*.nuv=01;35:*.wmv=01;35:*.asf=01;35:*.rm=01;35:*.rmvb=01;35:*.flc=01;35:*.avi=01;35:*.fli=01;35:*.flv=01;35:*.gl=01;35:*.dl=01;35:*.xcf=01;35:*.xwd=01;35:*.yuv=01;35:*.cgm=01;35:*.emf=01;35:*.ogv=01;35:*.ogx=01;35:*.aac=00;36:*.au=00;36:*.flac=00;36:*.m4a=00;36:*.mid=00;36:*.midi=00;36:*.mka=00;36:*.mp3=00;36:*.mpc=00;36:*.ogg=00;36:*.ra=00;36:*.wav=00;36:*.oga=00;36:*.opus=00;36:*.spx=00;36:*.xspf=00;36:'), ('ROS_ROOT', '/opt/ros/humble'), ('AMENT_PREFIX_PATH', '/opt/ros/humble/install'), ('DEBIAN_FRONTEND', 'noninteractive'), ('GST_PLUGIN_PATH', '/root/Workspaces/rosgsthumble_ws/install/gst_bridge/lib/gst_bridge/'), ('SHELL', '/bin/bash'), ('PWD', '/root/Workspaces/rosgsthumble_ws/build/image_geometry'), ('PYTHONPATH', '/root/Workspaces/rosgsthumble_ws/install/xacro/lib/python3.6/site-packages:/root/Workspaces/rosgsthumble_ws/install/realsense2_camera_msgs/lib/python3.6/site-packages:/root/Workspaces/rosgsthumble_ws/install/image_geometry/lib/python3.6/site-packages:/root/Workspaces/rosgsthumble_ws/install/gst_msgs/lib/python3.6/site-packages:/root/Workspaces/rosgsthumble_ws/install/diagnostic_common_diagnostics/lib/python3.6/site-packages:/root/Workspaces/rosgsthumble_ws/install/diagnostic_updater/lib/python3.6/site-packages:/root/Workspaces/rosgsthumble_ws/install/cv_bridge/lib/python3.6/site-packages:/root/Workspaces/rosgsthumble_ws/install/audio_msgs/lib/python3.6/site-packages:/opt/ros/humble/install/lib/python3.6/site-packages'), ('NVIDIA_VISIBLE_DEVICES', 'all'), ('COLCON', '1'), ('CMAKE_PREFIX_PATH', '/opt/ros/humble/install')]), 'shell': False}
[8.870531] (xacro) JobStarted: {'identifier': 'xacro'}
[8.871275] (-) TimerEvent: {}
[8.871982] (gst_bridge) StdoutLine: {'line': b'[ 38%] Built target gst_bridge\n'}
[8.971452] (-) TimerEvent: {}
[9.034750] (xacro) JobProgress: {'identifier': 'xacro', 'progress': 'cmake'}
[9.037916] (xacro) JobProgress: {'identifier': 'xacro', 'progress': 'build'}
[9.039227] (xacro) Command: {'cmd': ['/usr/local/bin/cmake', '--build', '/root/Workspaces/rosgsthumble_ws/build/xacro', '--', '-j4', '-l4'], 'cwd': '/root/Workspaces/rosgsthumble_ws/build/xacro', 'env': OrderedDict([('OPENBLAS_CORETYPE', 'ARMV8'), ('PYTHONIOENCODING', 'utf-8'), ('HOSTNAME', 'nano'), ('LD_LIBRARY_PATH', '/root/Workspaces/rosgsthumble_ws/install/realsense2_camera/lib:/root/Workspaces/rosgsthumble_ws/install/realsense2_camera_msgs/lib:/root/Workspaces/rosgsthumble_ws/install/image_geometry/lib:/root/Workspaces/rosgsthumble_ws/install/gst_pipeline_plugins/lib:/root/Workspaces/rosgsthumble_ws/install/gst_pipeline/lib:/root/Workspaces/rosgsthumble_ws/install/gst_msgs/lib:/root/Workspaces/rosgsthumble_ws/install/gst_bridge/lib:/root/Workspaces/rosgsthumble_ws/install/diagnostic_updater/lib:/root/Workspaces/rosgsthumble_ws/install/cv_bridge/lib:/root/Workspaces/rosgsthumble_ws/install/audio_msgs/lib:/opt/ros/humble/install/opt/rviz_ogre_vendor/lib:/opt/ros/humble/install/lib:/usr/local/cuda-10.2/targets/aarch64-linux/lib:'), ('SHLVL', '1'), ('OLDPWD', '/root/Workspaces'), ('HOME', '/root'), ('ROS_PYTHON_VERSION', '3'), ('COLCON_PREFIX_PATH', '/opt/ros/humble/install:/root/Workspaces/rosgsthumble_ws/install'), ('ROS_DISTRO', 'humble'), ('PULSE_SERVER', 'unix:/run/user/1000/pulse/native'), ('_', '/usr/bin/colcon'), ('ROS_VERSION', '2'), ('NVIDIA_DRIVER_CAPABILITIES', 'compute,utility,graphics'), ('PKG_CONFIG_PATH', '/opt/ros/humble/install/lib/aarch64-linux-gnu/pkgconfig:/opt/ros/humble/install/lib/pkgconfig'), ('TERM', 'xterm'), ('ROS_LOCALHOST_ONLY', '0'), ('PATH', '/root/Workspaces/rosgsthumble_ws/install/xacro/bin:/opt/ros/humble/install/bin:/usr/local/cuda-10.2/bin:/usr/local/cuda/bin:/usr/local/sbin:/usr/local/bin:/usr/sbin:/usr/bin:/sbin:/bin'), ('XDG_RUNTIME_DIR', '/run/user/1000'), ('DISPLAY', ''), ('LANG', 'en_US.UTF-8'), ('RMW_IMPLEMENTATION', 'rmw_cyclonedds_cpp'), ('LS_COLORS', 'rs=0:di=01;34:ln=01;36:mh=00:pi=40;33:so=01;35:do=01;35:bd=40;33;01:cd=40;33;01:or=40;31;01:mi=00:su=37;41:sg=30;43:ca=30;41:tw=30;42:ow=34;42:st=37;44:ex=01;32:*.tar=01;31:*.tgz=01;31:*.arc=01;31:*.arj=01;31:*.taz=01;31:*.lha=01;31:*.lz4=01;31:*.lzh=01;31:*.lzma=01;31:*.tlz=01;31:*.txz=01;31:*.tzo=01;31:*.t7z=01;31:*.zip=01;31:*.z=01;31:*.Z=01;31:*.dz=01;31:*.gz=01;31:*.lrz=01;31:*.lz=01;31:*.lzo=01;31:*.xz=01;31:*.zst=01;31:*.tzst=01;31:*.bz2=01;31:*.bz=01;31:*.tbz=01;31:*.tbz2=01;31:*.tz=01;31:*.deb=01;31:*.rpm=01;31:*.jar=01;31:*.war=01;31:*.ear=01;31:*.sar=01;31:*.rar=01;31:*.alz=01;31:*.ace=01;31:*.zoo=01;31:*.cpio=01;31:*.7z=01;31:*.rz=01;31:*.cab=01;31:*.wim=01;31:*.swm=01;31:*.dwm=01;31:*.esd=01;31:*.jpg=01;35:*.jpeg=01;35:*.mjpg=01;35:*.mjpeg=01;35:*.gif=01;35:*.bmp=01;35:*.pbm=01;35:*.pgm=01;35:*.ppm=01;35:*.tga=01;35:*.xbm=01;35:*.xpm=01;35:*.tif=01;35:*.tiff=01;35:*.png=01;35:*.svg=01;35:*.svgz=01;35:*.mng=01;35:*.pcx=01;35:*.mov=01;35:*.mpg=01;35:*.mpeg=01;35:*.m2v=01;35:*.mkv=01;35:*.webm=01;35:*.ogm=01;35:*.mp4=01;35:*.m4v=01;35:*.mp4v=01;35:*.vob=01;35:*.qt=01;35:*.nuv=01;35:*.wmv=01;35:*.asf=01;35:*.rm=01;35:*.rmvb=01;35:*.flc=01;35:*.avi=01;35:*.fli=01;35:*.flv=01;35:*.gl=01;35:*.dl=01;35:*.xcf=01;35:*.xwd=01;35:*.yuv=01;35:*.cgm=01;35:*.emf=01;35:*.ogv=01;35:*.ogx=01;35:*.aac=00;36:*.au=00;36:*.flac=00;36:*.m4a=00;36:*.mid=00;36:*.midi=00;36:*.mka=00;36:*.mp3=00;36:*.mpc=00;36:*.ogg=00;36:*.ra=00;36:*.wav=00;36:*.oga=00;36:*.opus=00;36:*.spx=00;36:*.xspf=00;36:'), ('ROS_ROOT', '/opt/ros/humble'), ('AMENT_PREFIX_PATH', '/opt/ros/humble/install'), ('DEBIAN_FRONTEND', 'noninteractive'), ('GST_PLUGIN_PATH', '/root/Workspaces/rosgsthumble_ws/install/gst_bridge/lib/gst_bridge/'), ('SHELL', '/bin/bash'), ('PWD', '/root/Workspaces/rosgsthumble_ws/build/xacro'), ('PYTHONPATH', '/root/Workspaces/rosgsthumble_ws/install/xacro/lib/python3.6/site-packages:/root/Workspaces/rosgsthumble_ws/install/realsense2_camera_msgs/lib/python3.6/site-packages:/root/Workspaces/rosgsthumble_ws/install/image_geometry/lib/python3.6/site-packages:/root/Workspaces/rosgsthumble_ws/install/gst_msgs/lib/python3.6/site-packages:/root/Workspaces/rosgsthumble_ws/install/diagnostic_common_diagnostics/lib/python3.6/site-packages:/root/Workspaces/rosgsthumble_ws/install/diagnostic_updater/lib/python3.6/site-packages:/root/Workspaces/rosgsthumble_ws/install/cv_bridge/lib/python3.6/site-packages:/root/Workspaces/rosgsthumble_ws/install/audio_msgs/lib/python3.6/site-packages:/opt/ros/humble/install/lib/python3.6/site-packages'), ('NVIDIA_VISIBLE_DEVICES', 'all'), ('COLCON', '1'), ('CMAKE_PREFIX_PATH', '/opt/ros/humble/install')]), 'shell': False}
[9.062505] (gst_bridge) StdoutLine: {'line': b'[100%] Built target rosgstbridge\n'}
[9.071663] (-) TimerEvent: {}
[9.123956] (gst_bridge) CommandEnded: {'returncode': 0}
[9.171891] (-) TimerEvent: {}
[9.233405] (image_geometry) StdoutLine: {'line': b'[ 22%] Built target gtest\n'}
[9.264203] (image_geometry) StdoutLine: {'line': b'[ 22%] Built target ament_cmake_python_symlink_image_geometry\n'}
[9.271309] (image_geometry) StdoutLine: {'line': b'[ 77%] Built target gtest_main\n'}
[9.273224] (-) TimerEvent: {}
[9.278210] (image_geometry) StdoutLine: {'line': b'[ 77%] Built target image_geometry\n'}
[9.368908] (image_geometry) StdoutLine: {'line': b'[100%] Built target image_geometry-utest\n'}
[9.373412] (-) TimerEvent: {}
[9.399427] (xacro) StdoutLine: {'line': b'Built target ament_cmake_python_symlink_xacro_setup\n'}
[9.405168] (xacro) StdoutLine: {'line': b'Built target ament_cmake_python_symlink_xacro\n'}
[9.473614] (-) TimerEvent: {}
[9.574853] (-) TimerEvent: {}
[9.676034] (-) TimerEvent: {}
[9.777624] (-) TimerEvent: {}
[9.878990] (-) TimerEvent: {}
[9.981707] (-) TimerEvent: {}
[10.043054] (realsense2_camera_msgs) StdoutLine: {'line': b'running egg_info\n'}
[10.048250] (realsense2_camera_msgs) StdoutLine: {'line': b'writing realsense2_camera_msgs.egg-info/PKG-INFO\n'}
[10.050591] (realsense2_camera_msgs) StdoutLine: {'line': b'writing dependency_links to realsense2_camera_msgs.egg-info/dependency_links.txt\n'}
[10.053838] (realsense2_camera_msgs) StdoutLine: {'line': b'writing top-level names to realsense2_camera_msgs.egg-info/top_level.txt\n'}
[10.065545] (realsense2_camera_msgs) StdoutLine: {'line': b"reading manifest file 'realsense2_camera_msgs.egg-info/SOURCES.txt'\n"}
[10.072035] (realsense2_camera_msgs) StdoutLine: {'line': b"writing manifest file 'realsense2_camera_msgs.egg-info/SOURCES.txt'\n"}
[10.081893] (-) TimerEvent: {}
[10.101301] (gst_bridge) JobProgress: {'identifier': 'gst_bridge', 'progress': 'install'}
[10.102257] (gst_bridge) Command: {'cmd': ['/usr/local/bin/cmake', '--install', '/root/Workspaces/rosgsthumble_ws/build/gst_bridge'], 'cwd': '/root/Workspaces/rosgsthumble_ws/build/gst_bridge', 'env': OrderedDict([('OPENBLAS_CORETYPE', 'ARMV8'), ('PYTHONIOENCODING', 'utf-8'), ('HOSTNAME', 'nano'), ('LD_LIBRARY_PATH', '/root/Workspaces/rosgsthumble_ws/install/audio_msgs/lib:/root/Workspaces/rosgsthumble_ws/install/realsense2_camera/lib:/root/Workspaces/rosgsthumble_ws/install/realsense2_camera_msgs/lib:/root/Workspaces/rosgsthumble_ws/install/image_geometry/lib:/root/Workspaces/rosgsthumble_ws/install/gst_pipeline_plugins/lib:/root/Workspaces/rosgsthumble_ws/install/gst_pipeline/lib:/root/Workspaces/rosgsthumble_ws/install/gst_msgs/lib:/root/Workspaces/rosgsthumble_ws/install/gst_bridge/lib:/root/Workspaces/rosgsthumble_ws/install/diagnostic_updater/lib:/root/Workspaces/rosgsthumble_ws/install/cv_bridge/lib:/opt/ros/humble/install/opt/rviz_ogre_vendor/lib:/opt/ros/humble/install/lib:/usr/local/cuda-10.2/targets/aarch64-linux/lib'), ('SHLVL', '1'), ('OLDPWD', '/root/Workspaces'), ('HOME', '/root'), ('ROS_PYTHON_VERSION', '3'), ('COLCON_PREFIX_PATH', '/opt/ros/humble/install:/root/Workspaces/rosgsthumble_ws/install'), ('ROS_DISTRO', 'humble'), ('PULSE_SERVER', 'unix:/run/user/1000/pulse/native'), ('_', '/usr/bin/colcon'), ('ROS_VERSION', '2'), ('NVIDIA_DRIVER_CAPABILITIES', 'compute,utility,graphics'), ('PKG_CONFIG_PATH', '/opt/ros/humble/install/lib/aarch64-linux-gnu/pkgconfig:/opt/ros/humble/install/lib/pkgconfig'), ('TERM', 'xterm'), ('ROS_LOCALHOST_ONLY', '0'), ('PATH', '/root/Workspaces/rosgsthumble_ws/install/xacro/bin:/opt/ros/humble/install/bin:/usr/local/cuda-10.2/bin:/usr/local/cuda/bin:/usr/local/sbin:/usr/local/bin:/usr/sbin:/usr/bin:/sbin:/bin'), ('XDG_RUNTIME_DIR', '/run/user/1000'), ('DISPLAY', ''), ('LANG', 'en_US.UTF-8'), ('RMW_IMPLEMENTATION', 'rmw_cyclonedds_cpp'), ('LS_COLORS', 'rs=0:di=01;34:ln=01;36:mh=00:pi=40;33:so=01;35:do=01;35:bd=40;33;01:cd=40;33;01:or=40;31;01:mi=00:su=37;41:sg=30;43:ca=30;41:tw=30;42:ow=34;42:st=37;44:ex=01;32:*.tar=01;31:*.tgz=01;31:*.arc=01;31:*.arj=01;31:*.taz=01;31:*.lha=01;31:*.lz4=01;31:*.lzh=01;31:*.lzma=01;31:*.tlz=01;31:*.txz=01;31:*.tzo=01;31:*.t7z=01;31:*.zip=01;31:*.z=01;31:*.Z=01;31:*.dz=01;31:*.gz=01;31:*.lrz=01;31:*.lz=01;31:*.lzo=01;31:*.xz=01;31:*.zst=01;31:*.tzst=01;31:*.bz2=01;31:*.bz=01;31:*.tbz=01;31:*.tbz2=01;31:*.tz=01;31:*.deb=01;31:*.rpm=01;31:*.jar=01;31:*.war=01;31:*.ear=01;31:*.sar=01;31:*.rar=01;31:*.alz=01;31:*.ace=01;31:*.zoo=01;31:*.cpio=01;31:*.7z=01;31:*.rz=01;31:*.cab=01;31:*.wim=01;31:*.swm=01;31:*.dwm=01;31:*.esd=01;31:*.jpg=01;35:*.jpeg=01;35:*.mjpg=01;35:*.mjpeg=01;35:*.gif=01;35:*.bmp=01;35:*.pbm=01;35:*.pgm=01;35:*.ppm=01;35:*.tga=01;35:*.xbm=01;35:*.xpm=01;35:*.tif=01;35:*.tiff=01;35:*.png=01;35:*.svg=01;35:*.svgz=01;35:*.mng=01;35:*.pcx=01;35:*.mov=01;35:*.mpg=01;35:*.mpeg=01;35:*.m2v=01;35:*.mkv=01;35:*.webm=01;35:*.ogm=01;35:*.mp4=01;35:*.m4v=01;35:*.mp4v=01;35:*.vob=01;35:*.qt=01;35:*.nuv=01;35:*.wmv=01;35:*.asf=01;35:*.rm=01;35:*.rmvb=01;35:*.flc=01;35:*.avi=01;35:*.fli=01;35:*.flv=01;35:*.gl=01;35:*.dl=01;35:*.xcf=01;35:*.xwd=01;35:*.yuv=01;35:*.cgm=01;35:*.emf=01;35:*.ogv=01;35:*.ogx=01;35:*.aac=00;36:*.au=00;36:*.flac=00;36:*.m4a=00;36:*.mid=00;36:*.midi=00;36:*.mka=00;36:*.mp3=00;36:*.mpc=00;36:*.ogg=00;36:*.ra=00;36:*.wav=00;36:*.oga=00;36:*.opus=00;36:*.spx=00;36:*.xspf=00;36:'), ('ROS_ROOT', '/opt/ros/humble'), ('AMENT_PREFIX_PATH', '/root/Workspaces/rosgsthumble_ws/install/audio_msgs:/opt/ros/humble/install'), ('DEBIAN_FRONTEND', 'noninteractive'), ('GST_PLUGIN_PATH', '/root/Workspaces/rosgsthumble_ws/install/gst_bridge/lib/gst_bridge/'), ('SHELL', '/bin/bash'), ('PWD', '/root/Workspaces/rosgsthumble_ws/build/gst_bridge'), ('PYTHONPATH', '/root/Workspaces/rosgsthumble_ws/install/audio_msgs/lib/python3.6/site-packages:/root/Workspaces/rosgsthumble_ws/install/xacro/lib/python3.6/site-packages:/root/Workspaces/rosgsthumble_ws/install/realsense2_camera_msgs/lib/python3.6/site-packages:/root/Workspaces/rosgsthumble_ws/install/image_geometry/lib/python3.6/site-packages:/root/Workspaces/rosgsthumble_ws/install/gst_msgs/lib/python3.6/site-packages:/root/Workspaces/rosgsthumble_ws/install/diagnostic_common_diagnostics/lib/python3.6/site-packages:/root/Workspaces/rosgsthumble_ws/install/diagnostic_updater/lib/python3.6/site-packages:/root/Workspaces/rosgsthumble_ws/install/cv_bridge/lib/python3.6/site-packages:/opt/ros/humble/install/lib/python3.6/site-packages'), ('NVIDIA_VISIBLE_DEVICES', 'all'), ('COLCON', '1'), ('CMAKE_PREFIX_PATH', '/root/Workspaces/rosgsthumble_ws/install/audio_msgs:/opt/ros/humble/install')]), 'shell': False}
[10.182148] (-) TimerEvent: {}
[10.215088] (realsense2_camera_msgs) StdoutLine: {'line': b'[100%] Built target ament_cmake_python_build_realsense2_camera_msgs_egg\n'}
[10.282320] (-) TimerEvent: {}
[10.306308] (realsense2_camera_msgs) CommandEnded: {'returncode': 0}
[10.382579] (-) TimerEvent: {}
[10.486305] (-) TimerEvent: {}
[10.541988] (gst_bridge) StdoutLine: {'line': b'-- Install configuration: "RelWithDebInfo"\n'}
[10.549985] (gst_bridge) StdoutLine: {'line': b'-- Execute custom install script\n'}
[10.550706] (gst_bridge) StdoutLine: {'line': b'-- Up-to-date symlink: /root/Workspaces/rosgsthumble_ws/install/gst_bridge/share/gst_bridge/environment/register_plugin.dsv\n'}
[10.551229] (gst_bridge) StdoutLine: {'line': b'-- Up-to-date symlink: /root/Workspaces/rosgsthumble_ws/install/gst_bridge/share/gst_bridge/environment/library_path.sh\n'}
[10.569963] (gst_bridge) StdoutLine: {'line': b'-- Up-to-date symlink: /root/Workspaces/rosgsthumble_ws/install/gst_bridge/share/gst_bridge/environment/library_path.dsv\n'}
[10.570657] (gst_bridge) StdoutLine: {'line': b'-- Up-to-date symlink: /root/Workspaces/rosgsthumble_ws/install/gst_bridge/include/gst_bridge/gst_bridge.h\n'}
[10.571163] (gst_bridge) StdoutLine: {'line': b'-- Up-to-date symlink: /root/Workspaces/rosgsthumble_ws/install/gst_bridge/include/gst_bridge/rosaudiosink.h\n'}
[10.571637] (gst_bridge) StdoutLine: {'line': b'-- Up-to-date symlink: /root/Workspaces/rosgsthumble_ws/install/gst_bridge/include/gst_bridge/rosaudiosrc.h\n'}
[10.572095] (gst_bridge) StdoutLine: {'line': b'-- Up-to-date symlink: /root/Workspaces/rosgsthumble_ws/install/gst_bridge/include/gst_bridge/rosbaseiface.h\n'}
[10.572548] (gst_bridge) StdoutLine: {'line': b'-- Up-to-date symlink: /root/Workspaces/rosgsthumble_ws/install/gst_bridge/include/gst_bridge/rosbasesink.h\n'}
[10.572996] (gst_bridge) StdoutLine: {'line': b'-- Up-to-date symlink: /root/Workspaces/rosgsthumble_ws/install/gst_bridge/include/gst_bridge/rosbasesrc.h\n'}
[10.573442] (gst_bridge) StdoutLine: {'line': b'-- Up-to-date symlink: /root/Workspaces/rosgsthumble_ws/install/gst_bridge/include/gst_bridge/rosimagesink.h\n'}
[10.590554] (-) TimerEvent: {}
[10.591302] (gst_bridge) StdoutLine: {'line': b'-- Up-to-date symlink: /root/Workspaces/rosgsthumble_ws/install/gst_bridge/include/gst_bridge/rosimagesrc.h\n'}
[10.591982] (gst_bridge) StdoutLine: {'line': b'-- Up-to-date symlink: /root/Workspaces/rosgsthumble_ws/install/gst_bridge/include/gst_bridge/rostextsink.h\n'}
[10.592490] (gst_bridge) StdoutLine: {'line': b'-- Up-to-date symlink: /root/Workspaces/rosgsthumble_ws/install/gst_bridge/include/gst_bridge/rostextsrc.h\n'}
[10.592960] (gst_bridge) StdoutLine: {'line': b'-- Up-to-date symlink: /root/Workspaces/rosgsthumble_ws/install/gst_bridge/lib/gst_bridge/librosgstbridge.so\n'}
[10.593418] (gst_bridge) StdoutLine: {'line': b'-- Up-to-date symlink: /root/Workspaces/rosgsthumble_ws/install/gst_bridge/share/ament_index/resource_index/package_run_dependencies/gst_bridge\n'}
[10.610250] (gst_bridge) StdoutLine: {'line': b'-- Up-to-date symlink: /root/Workspaces/rosgsthumble_ws/install/gst_bridge/share/ament_index/resource_index/parent_prefix_path/gst_bridge\n'}
[10.610833] (gst_bridge) StdoutLine: {'line': b'-- Up-to-date symlink: /root/Workspaces/rosgsthumble_ws/install/gst_bridge/share/gst_bridge/environment/ament_prefix_path.sh\n'}
[10.611310] (gst_bridge) StdoutLine: {'line': b'-- Up-to-date symlink: /root/Workspaces/rosgsthumble_ws/install/gst_bridge/share/gst_bridge/environment/ament_prefix_path.dsv\n'}
[10.611776] (gst_bridge) StdoutLine: {'line': b'-- Up-to-date symlink: /root/Workspaces/rosgsthumble_ws/install/gst_bridge/share/gst_bridge/environment/path.sh\n'}
[10.612295] (gst_bridge) StdoutLine: {'line': b'-- Up-to-date symlink: /root/Workspaces/rosgsthumble_ws/install/gst_bridge/share/gst_bridge/environment/path.dsv\n'}
[10.612908] (gst_bridge) StdoutLine: {'line': b'-- Up-to-date symlink: /root/Workspaces/rosgsthumble_ws/install/gst_bridge/share/gst_bridge/local_setup.bash\n'}
[10.613425] (gst_bridge) StdoutLine: {'line': b'-- Up-to-date symlink: /root/Workspaces/rosgsthumble_ws/install/gst_bridge/share/gst_bridge/local_setup.sh\n'}
[10.614015] (gst_bridge) StdoutLine: {'line': b'-- Up-to-date symlink: /root/Workspaces/rosgsthumble_ws/install/gst_bridge/share/gst_bridge/local_setup.zsh\n'}
[10.639138] (gst_bridge) StdoutLine: {'line': b'-- Up-to-date symlink: /root/Workspaces/rosgsthumble_ws/install/gst_bridge/share/gst_bridge/local_setup.dsv\n'}
[10.641326] (gst_bridge) StdoutLine: {'line': b'-- Symlinking: /root/Workspaces/rosgsthumble_ws/install/gst_bridge/share/gst_bridge/package.dsv\n'}
[10.643428] (gst_bridge) StdoutLine: {'line': b'-- Up-to-date symlink: /root/Workspaces/rosgsthumble_ws/install/gst_bridge/share/ament_index/resource_index/packages/gst_bridge\n'}
[10.645518] (gst_bridge) StdoutLine: {'line': b'-- Up-to-date symlink: /root/Workspaces/rosgsthumble_ws/install/gst_bridge/share/gst_bridge/cmake/ament_cmake_export_include_directories-extras.cmake\n'}
[10.647426] (gst_bridge) StdoutLine: {'line': b'-- Up-to-date symlink: /root/Workspaces/rosgsthumble_ws/install/gst_bridge/share/gst_bridge/cmake/ament_cmake_export_libraries-extras.cmake\n'}
[10.649084] (gst_bridge) StdoutLine: {'line': b'-- Up-to-date symlink: /root/Workspaces/rosgsthumble_ws/install/gst_bridge/share/gst_bridge/cmake/ament_cmake_export_dependencies-extras.cmake\n'}
[10.651004] (gst_bridge) StdoutLine: {'line': b'-- Up-to-date symlink: /root/Workspaces/rosgsthumble_ws/install/gst_bridge/share/gst_bridge/cmake/gst_bridgeConfig.cmake\n'}
[10.652987] (gst_bridge) StdoutLine: {'line': b'-- Up-to-date symlink: /root/Workspaces/rosgsthumble_ws/install/gst_bridge/share/gst_bridge/cmake/gst_bridgeConfig-version.cmake\n'}
[10.656191] (gst_bridge) StdoutLine: {'line': b'-- Up-to-date symlink: /root/Workspaces/rosgsthumble_ws/install/gst_bridge/share/gst_bridge/package.xml\n'}
[10.658052] (gst_bridge) StdoutLine: {'line': b'-- Up-to-date: /root/Workspaces/rosgsthumble_ws/install/gst_bridge/lib/libgst_bridge.so\n'}
[10.678133] (gst_bridge) CommandEnded: {'returncode': 0}
[10.693400] (-) TimerEvent: {}
[10.801188] (-) TimerEvent: {}
[10.909734] (-) TimerEvent: {}
[11.022835] (-) TimerEvent: {}
[11.124552] (-) TimerEvent: {}
[11.227843] (-) TimerEvent: {}
[11.329932] (-) TimerEvent: {}
[11.432677] (-) TimerEvent: {}
[11.535510] (-) TimerEvent: {}
[11.595019] (image_geometry) StdoutLine: {'line': b'running egg_info\n'}
[11.605487] (image_geometry) StdoutLine: {'line': b'writing image_geometry.egg-info/PKG-INFO\n'}
[11.612787] (image_geometry) StdoutLine: {'line': b'writing dependency_links to image_geometry.egg-info/dependency_links.txt\n'}
[11.620725] (image_geometry) StdoutLine: {'line': b'writing top-level names to image_geometry.egg-info/top_level.txt\n'}
[11.635692] (-) TimerEvent: {}
[11.645897] (image_geometry) StdoutLine: {'line': b"reading manifest file 'image_geometry.egg-info/SOURCES.txt'\n"}
[11.659098] (image_geometry) StdoutLine: {'line': b"writing manifest file 'image_geometry.egg-info/SOURCES.txt'\n"}
[11.661266] (xacro) StdoutLine: {'line': b'running install_scripts\n'}
[11.671671] (xacro) StderrLine: {'line': b'/usr/local/lib/python3.6/dist-packages/setuptools/command/install.py:37: SetuptoolsDeprecationWarning: setup.py install is deprecated. Use build and pip and other standards-based tools.\n'}
[11.674501] (xacro) StderrLine: {'line': b'  setuptools.SetuptoolsDeprecationWarning,\n'}
[11.735852] (-) TimerEvent: {}
[11.784983] (xacro) StdoutLine: {'line': b'running egg_info\n'}
[11.793267] (xacro) StdoutLine: {'line': b'writing xacro.egg-info/PKG-INFO\n'}
[11.799394] (xacro) StdoutLine: {'line': b'writing dependency_links to xacro.egg-info/dependency_links.txt\n'}
[11.804427] (xacro) StdoutLine: {'line': b'writing entry points to xacro.egg-info/entry_points.txt\n'}
[11.808714] (xacro) StdoutLine: {'line': b'writing top-level names to xacro.egg-info/top_level.txt\n'}
[11.824021] (xacro) StdoutLine: {'line': b"reading manifest file 'xacro.egg-info/SOURCES.txt'\n"}
[11.831910] (xacro) StdoutLine: {'line': b"writing manifest file 'xacro.egg-info/SOURCES.txt'\n"}
[11.836139] (-) TimerEvent: {}
[11.849124] (xacro) StdoutLine: {'line': b'Installing xacro script to scripts\n'}
[11.852474] (image_geometry) StdoutLine: {'line': b'[100%] Built target ament_cmake_python_build_image_geometry_egg\n'}
[11.936318] (-) TimerEvent: {}
[11.943327] (image_geometry) CommandEnded: {'returncode': 0}
[11.960345] (xacro) StdoutLine: {'line': b'running egg_info\n'}
[11.968064] (xacro) StdoutLine: {'line': b'writing xacro.egg-info/PKG-INFO\n'}
[11.971817] (xacro) StdoutLine: {'line': b'writing dependency_links to xacro.egg-info/dependency_links.txt\n'}
[11.979466] (xacro) StdoutLine: {'line': b'writing entry points to xacro.egg-info/entry_points.txt\n'}
[11.981862] (xacro) StdoutLine: {'line': b'writing top-level names to xacro.egg-info/top_level.txt\n'}
[11.998172] (xacro) StdoutLine: {'line': b"reading manifest file 'xacro.egg-info/SOURCES.txt'\n"}
[12.006393] (xacro) StdoutLine: {'line': b"writing manifest file 'xacro.egg-info/SOURCES.txt'\n"}
[12.036523] (-) TimerEvent: {}
[12.039936] (xacro) StdoutLine: {'line': b'Built target ament_cmake_python_build_xacro_scripts\n'}
[12.135712] (xacro) StdoutLine: {'line': b'Built target ament_cmake_python_build_xacro_egg\n'}
[12.168997] (-) TimerEvent: {}
[12.276674] (-) TimerEvent: {}
[12.385522] (-) TimerEvent: {}
[12.417840] (gst_bridge) JobEnded: {'identifier': 'gst_bridge', 'rc': 0}
[12.423443] (diagnostic_common_diagnostics) JobStarted: {'identifier': 'diagnostic_common_diagnostics'}
[12.490836] (-) TimerEvent: {}
[12.581083] (realsense2_camera_msgs) JobProgress: {'identifier': 'realsense2_camera_msgs', 'progress': 'install'}
[12.582522] (realsense2_camera_msgs) Command: {'cmd': ['/usr/local/bin/cmake', '--install', '/root/Workspaces/rosgsthumble_ws/build/realsense2_camera_msgs'], 'cwd': '/root/Workspaces/rosgsthumble_ws/build/realsense2_camera_msgs', 'env': OrderedDict([('OPENBLAS_CORETYPE', 'ARMV8'), ('PYTHONIOENCODING', 'utf-8'), ('HOSTNAME', 'nano'), ('LD_LIBRARY_PATH', '/root/Workspaces/rosgsthumble_ws/install/realsense2_camera/lib:/root/Workspaces/rosgsthumble_ws/install/realsense2_camera_msgs/lib:/root/Workspaces/rosgsthumble_ws/install/image_geometry/lib:/root/Workspaces/rosgsthumble_ws/install/gst_pipeline_plugins/lib:/root/Workspaces/rosgsthumble_ws/install/gst_pipeline/lib:/root/Workspaces/rosgsthumble_ws/install/gst_msgs/lib:/root/Workspaces/rosgsthumble_ws/install/gst_bridge/lib:/root/Workspaces/rosgsthumble_ws/install/diagnostic_updater/lib:/root/Workspaces/rosgsthumble_ws/install/cv_bridge/lib:/root/Workspaces/rosgsthumble_ws/install/audio_msgs/lib:/opt/ros/humble/install/opt/rviz_ogre_vendor/lib:/opt/ros/humble/install/lib:/usr/local/cuda-10.2/targets/aarch64-linux/lib:'), ('SHLVL', '1'), ('OLDPWD', '/root/Workspaces'), ('HOME', '/root'), ('ROS_PYTHON_VERSION', '3'), ('COLCON_PREFIX_PATH', '/opt/ros/humble/install:/root/Workspaces/rosgsthumble_ws/install'), ('ROS_DISTRO', 'humble'), ('PULSE_SERVER', 'unix:/run/user/1000/pulse/native'), ('_', '/usr/bin/colcon'), ('ROS_VERSION', '2'), ('NVIDIA_DRIVER_CAPABILITIES', 'compute,utility,graphics'), ('PKG_CONFIG_PATH', '/opt/ros/humble/install/lib/aarch64-linux-gnu/pkgconfig:/opt/ros/humble/install/lib/pkgconfig'), ('TERM', 'xterm'), ('ROS_LOCALHOST_ONLY', '0'), ('PATH', '/root/Workspaces/rosgsthumble_ws/install/xacro/bin:/opt/ros/humble/install/bin:/usr/local/cuda-10.2/bin:/usr/local/cuda/bin:/usr/local/sbin:/usr/local/bin:/usr/sbin:/usr/bin:/sbin:/bin'), ('XDG_RUNTIME_DIR', '/run/user/1000'), ('DISPLAY', ''), ('LANG', 'en_US.UTF-8'), ('RMW_IMPLEMENTATION', 'rmw_cyclonedds_cpp'), ('LS_COLORS', 'rs=0:di=01;34:ln=01;36:mh=00:pi=40;33:so=01;35:do=01;35:bd=40;33;01:cd=40;33;01:or=40;31;01:mi=00:su=37;41:sg=30;43:ca=30;41:tw=30;42:ow=34;42:st=37;44:ex=01;32:*.tar=01;31:*.tgz=01;31:*.arc=01;31:*.arj=01;31:*.taz=01;31:*.lha=01;31:*.lz4=01;31:*.lzh=01;31:*.lzma=01;31:*.tlz=01;31:*.txz=01;31:*.tzo=01;31:*.t7z=01;31:*.zip=01;31:*.z=01;31:*.Z=01;31:*.dz=01;31:*.gz=01;31:*.lrz=01;31:*.lz=01;31:*.lzo=01;31:*.xz=01;31:*.zst=01;31:*.tzst=01;31:*.bz2=01;31:*.bz=01;31:*.tbz=01;31:*.tbz2=01;31:*.tz=01;31:*.deb=01;31:*.rpm=01;31:*.jar=01;31:*.war=01;31:*.ear=01;31:*.sar=01;31:*.rar=01;31:*.alz=01;31:*.ace=01;31:*.zoo=01;31:*.cpio=01;31:*.7z=01;31:*.rz=01;31:*.cab=01;31:*.wim=01;31:*.swm=01;31:*.dwm=01;31:*.esd=01;31:*.jpg=01;35:*.jpeg=01;35:*.mjpg=01;35:*.mjpeg=01;35:*.gif=01;35:*.bmp=01;35:*.pbm=01;35:*.pgm=01;35:*.ppm=01;35:*.tga=01;35:*.xbm=01;35:*.xpm=01;35:*.tif=01;35:*.tiff=01;35:*.png=01;35:*.svg=01;35:*.svgz=01;35:*.mng=01;35:*.pcx=01;35:*.mov=01;35:*.mpg=01;35:*.mpeg=01;35:*.m2v=01;35:*.mkv=01;35:*.webm=01;35:*.ogm=01;35:*.mp4=01;35:*.m4v=01;35:*.mp4v=01;35:*.vob=01;35:*.qt=01;35:*.nuv=01;35:*.wmv=01;35:*.asf=01;35:*.rm=01;35:*.rmvb=01;35:*.flc=01;35:*.avi=01;35:*.fli=01;35:*.flv=01;35:*.gl=01;35:*.dl=01;35:*.xcf=01;35:*.xwd=01;35:*.yuv=01;35:*.cgm=01;35:*.emf=01;35:*.ogv=01;35:*.ogx=01;35:*.aac=00;36:*.au=00;36:*.flac=00;36:*.m4a=00;36:*.mid=00;36:*.midi=00;36:*.mka=00;36:*.mp3=00;36:*.mpc=00;36:*.ogg=00;36:*.ra=00;36:*.wav=00;36:*.oga=00;36:*.opus=00;36:*.spx=00;36:*.xspf=00;36:'), ('ROS_ROOT', '/opt/ros/humble'), ('AMENT_PREFIX_PATH', '/opt/ros/humble/install'), ('DEBIAN_FRONTEND', 'noninteractive'), ('GST_PLUGIN_PATH', '/root/Workspaces/rosgsthumble_ws/install/gst_bridge/lib/gst_bridge/'), ('SHELL', '/bin/bash'), ('PWD', '/root/Workspaces/rosgsthumble_ws/build/realsense2_camera_msgs'), ('PYTHONPATH', '/root/Workspaces/rosgsthumble_ws/install/xacro/lib/python3.6/site-packages:/root/Workspaces/rosgsthumble_ws/install/realsense2_camera_msgs/lib/python3.6/site-packages:/root/Workspaces/rosgsthumble_ws/install/image_geometry/lib/python3.6/site-packages:/root/Workspaces/rosgsthumble_ws/install/gst_msgs/lib/python3.6/site-packages:/root/Workspaces/rosgsthumble_ws/install/diagnostic_common_diagnostics/lib/python3.6/site-packages:/root/Workspaces/rosgsthumble_ws/install/diagnostic_updater/lib/python3.6/site-packages:/root/Workspaces/rosgsthumble_ws/install/cv_bridge/lib/python3.6/site-packages:/root/Workspaces/rosgsthumble_ws/install/audio_msgs/lib/python3.6/site-packages:/opt/ros/humble/install/lib/python3.6/site-packages'), ('NVIDIA_VISIBLE_DEVICES', 'all'), ('COLCON', '1'), ('CMAKE_PREFIX_PATH', '/opt/ros/humble/install')]), 'shell': False}
[12.592524] (-) TimerEvent: {}
[12.600081] (image_geometry) JobProgress: {'identifier': 'image_geometry', 'progress': 'install'}
[12.601549] (image_geometry) Command: {'cmd': ['/usr/local/bin/cmake', '--install', '/root/Workspaces/rosgsthumble_ws/build/image_geometry'], 'cwd': '/root/Workspaces/rosgsthumble_ws/build/image_geometry', 'env': OrderedDict([('OPENBLAS_CORETYPE', 'ARMV8'), ('PYTHONIOENCODING', 'utf-8'), ('HOSTNAME', 'nano'), ('LD_LIBRARY_PATH', '/root/Workspaces/rosgsthumble_ws/install/realsense2_camera/lib:/root/Workspaces/rosgsthumble_ws/install/realsense2_camera_msgs/lib:/root/Workspaces/rosgsthumble_ws/install/image_geometry/lib:/root/Workspaces/rosgsthumble_ws/install/gst_pipeline_plugins/lib:/root/Workspaces/rosgsthumble_ws/install/gst_pipeline/lib:/root/Workspaces/rosgsthumble_ws/install/gst_msgs/lib:/root/Workspaces/rosgsthumble_ws/install/gst_bridge/lib:/root/Workspaces/rosgsthumble_ws/install/diagnostic_updater/lib:/root/Workspaces/rosgsthumble_ws/install/cv_bridge/lib:/root/Workspaces/rosgsthumble_ws/install/audio_msgs/lib:/opt/ros/humble/install/opt/rviz_ogre_vendor/lib:/opt/ros/humble/install/lib:/usr/local/cuda-10.2/targets/aarch64-linux/lib:'), ('SHLVL', '1'), ('OLDPWD', '/root/Workspaces'), ('HOME', '/root'), ('ROS_PYTHON_VERSION', '3'), ('COLCON_PREFIX_PATH', '/opt/ros/humble/install:/root/Workspaces/rosgsthumble_ws/install'), ('ROS_DISTRO', 'humble'), ('PULSE_SERVER', 'unix:/run/user/1000/pulse/native'), ('_', '/usr/bin/colcon'), ('ROS_VERSION', '2'), ('NVIDIA_DRIVER_CAPABILITIES', 'compute,utility,graphics'), ('PKG_CONFIG_PATH', '/opt/ros/humble/install/lib/aarch64-linux-gnu/pkgconfig:/opt/ros/humble/install/lib/pkgconfig'), ('TERM', 'xterm'), ('ROS_LOCALHOST_ONLY', '0'), ('PATH', '/root/Workspaces/rosgsthumble_ws/install/xacro/bin:/opt/ros/humble/install/bin:/usr/local/cuda-10.2/bin:/usr/local/cuda/bin:/usr/local/sbin:/usr/local/bin:/usr/sbin:/usr/bin:/sbin:/bin'), ('XDG_RUNTIME_DIR', '/run/user/1000'), ('DISPLAY', ''), ('LANG', 'en_US.UTF-8'), ('RMW_IMPLEMENTATION', 'rmw_cyclonedds_cpp'), ('LS_COLORS', 'rs=0:di=01;34:ln=01;36:mh=00:pi=40;33:so=01;35:do=01;35:bd=40;33;01:cd=40;33;01:or=40;31;01:mi=00:su=37;41:sg=30;43:ca=30;41:tw=30;42:ow=34;42:st=37;44:ex=01;32:*.tar=01;31:*.tgz=01;31:*.arc=01;31:*.arj=01;31:*.taz=01;31:*.lha=01;31:*.lz4=01;31:*.lzh=01;31:*.lzma=01;31:*.tlz=01;31:*.txz=01;31:*.tzo=01;31:*.t7z=01;31:*.zip=01;31:*.z=01;31:*.Z=01;31:*.dz=01;31:*.gz=01;31:*.lrz=01;31:*.lz=01;31:*.lzo=01;31:*.xz=01;31:*.zst=01;31:*.tzst=01;31:*.bz2=01;31:*.bz=01;31:*.tbz=01;31:*.tbz2=01;31:*.tz=01;31:*.deb=01;31:*.rpm=01;31:*.jar=01;31:*.war=01;31:*.ear=01;31:*.sar=01;31:*.rar=01;31:*.alz=01;31:*.ace=01;31:*.zoo=01;31:*.cpio=01;31:*.7z=01;31:*.rz=01;31:*.cab=01;31:*.wim=01;31:*.swm=01;31:*.dwm=01;31:*.esd=01;31:*.jpg=01;35:*.jpeg=01;35:*.mjpg=01;35:*.mjpeg=01;35:*.gif=01;35:*.bmp=01;35:*.pbm=01;35:*.pgm=01;35:*.ppm=01;35:*.tga=01;35:*.xbm=01;35:*.xpm=01;35:*.tif=01;35:*.tiff=01;35:*.png=01;35:*.svg=01;35:*.svgz=01;35:*.mng=01;35:*.pcx=01;35:*.mov=01;35:*.mpg=01;35:*.mpeg=01;35:*.m2v=01;35:*.mkv=01;35:*.webm=01;35:*.ogm=01;35:*.mp4=01;35:*.m4v=01;35:*.mp4v=01;35:*.vob=01;35:*.qt=01;35:*.nuv=01;35:*.wmv=01;35:*.asf=01;35:*.rm=01;35:*.rmvb=01;35:*.flc=01;35:*.avi=01;35:*.fli=01;35:*.flv=01;35:*.gl=01;35:*.dl=01;35:*.xcf=01;35:*.xwd=01;35:*.yuv=01;35:*.cgm=01;35:*.emf=01;35:*.ogv=01;35:*.ogx=01;35:*.aac=00;36:*.au=00;36:*.flac=00;36:*.m4a=00;36:*.mid=00;36:*.midi=00;36:*.mka=00;36:*.mp3=00;36:*.mpc=00;36:*.ogg=00;36:*.ra=00;36:*.wav=00;36:*.oga=00;36:*.opus=00;36:*.spx=00;36:*.xspf=00;36:'), ('ROS_ROOT', '/opt/ros/humble'), ('AMENT_PREFIX_PATH', '/opt/ros/humble/install'), ('DEBIAN_FRONTEND', 'noninteractive'), ('GST_PLUGIN_PATH', '/root/Workspaces/rosgsthumble_ws/install/gst_bridge/lib/gst_bridge/'), ('SHELL', '/bin/bash'), ('PWD', '/root/Workspaces/rosgsthumble_ws/build/image_geometry'), ('PYTHONPATH', '/root/Workspaces/rosgsthumble_ws/install/xacro/lib/python3.6/site-packages:/root/Workspaces/rosgsthumble_ws/install/realsense2_camera_msgs/lib/python3.6/site-packages:/root/Workspaces/rosgsthumble_ws/install/image_geometry/lib/python3.6/site-packages:/root/Workspaces/rosgsthumble_ws/install/gst_msgs/lib/python3.6/site-packages:/root/Workspaces/rosgsthumble_ws/install/diagnostic_common_diagnostics/lib/python3.6/site-packages:/root/Workspaces/rosgsthumble_ws/install/diagnostic_updater/lib/python3.6/site-packages:/root/Workspaces/rosgsthumble_ws/install/cv_bridge/lib/python3.6/site-packages:/root/Workspaces/rosgsthumble_ws/install/audio_msgs/lib/python3.6/site-packages:/opt/ros/humble/install/lib/python3.6/site-packages'), ('NVIDIA_VISIBLE_DEVICES', 'all'), ('COLCON', '1'), ('CMAKE_PREFIX_PATH', '/opt/ros/humble/install')]), 'shell': False}
[12.623398] (xacro) CommandEnded: {'returncode': 0}
[12.647247] (diagnostic_common_diagnostics) JobProgress: {'identifier': 'diagnostic_common_diagnostics', 'progress': 'cmake'}
[12.651842] (diagnostic_common_diagnostics) JobProgress: {'identifier': 'diagnostic_common_diagnostics', 'progress': 'build'}
[12.653718] (diagnostic_common_diagnostics) Command: {'cmd': ['/usr/local/bin/cmake', '--build', '/root/Workspaces/rosgsthumble_ws/build/diagnostic_common_diagnostics', '--', '-j4', '-l4'], 'cwd': '/root/Workspaces/rosgsthumble_ws/build/diagnostic_common_diagnostics', 'env': OrderedDict([('OPENBLAS_CORETYPE', 'ARMV8'), ('PYTHONIOENCODING', 'utf-8'), ('HOSTNAME', 'nano'), ('LD_LIBRARY_PATH', '/root/Workspaces/rosgsthumble_ws/install/realsense2_camera/lib:/root/Workspaces/rosgsthumble_ws/install/realsense2_camera_msgs/lib:/root/Workspaces/rosgsthumble_ws/install/image_geometry/lib:/root/Workspaces/rosgsthumble_ws/install/gst_pipeline_plugins/lib:/root/Workspaces/rosgsthumble_ws/install/gst_pipeline/lib:/root/Workspaces/rosgsthumble_ws/install/gst_msgs/lib:/root/Workspaces/rosgsthumble_ws/install/gst_bridge/lib:/root/Workspaces/rosgsthumble_ws/install/diagnostic_updater/lib:/root/Workspaces/rosgsthumble_ws/install/cv_bridge/lib:/root/Workspaces/rosgsthumble_ws/install/audio_msgs/lib:/opt/ros/humble/install/opt/rviz_ogre_vendor/lib:/opt/ros/humble/install/lib:/usr/local/cuda-10.2/targets/aarch64-linux/lib:'), ('SHLVL', '1'), ('OLDPWD', '/root/Workspaces'), ('HOME', '/root'), ('ROS_PYTHON_VERSION', '3'), ('COLCON_PREFIX_PATH', '/opt/ros/humble/install:/root/Workspaces/rosgsthumble_ws/install'), ('ROS_DISTRO', 'humble'), ('PULSE_SERVER', 'unix:/run/user/1000/pulse/native'), ('_', '/usr/bin/colcon'), ('ROS_VERSION', '2'), ('NVIDIA_DRIVER_CAPABILITIES', 'compute,utility,graphics'), ('PKG_CONFIG_PATH', '/opt/ros/humble/install/lib/aarch64-linux-gnu/pkgconfig:/opt/ros/humble/install/lib/pkgconfig'), ('TERM', 'xterm'), ('ROS_LOCALHOST_ONLY', '0'), ('PATH', '/root/Workspaces/rosgsthumble_ws/install/xacro/bin:/opt/ros/humble/install/bin:/usr/local/cuda-10.2/bin:/usr/local/cuda/bin:/usr/local/sbin:/usr/local/bin:/usr/sbin:/usr/bin:/sbin:/bin'), ('XDG_RUNTIME_DIR', '/run/user/1000'), ('DISPLAY', ''), ('LANG', 'en_US.UTF-8'), ('RMW_IMPLEMENTATION', 'rmw_cyclonedds_cpp'), ('LS_COLORS', 'rs=0:di=01;34:ln=01;36:mh=00:pi=40;33:so=01;35:do=01;35:bd=40;33;01:cd=40;33;01:or=40;31;01:mi=00:su=37;41:sg=30;43:ca=30;41:tw=30;42:ow=34;42:st=37;44:ex=01;32:*.tar=01;31:*.tgz=01;31:*.arc=01;31:*.arj=01;31:*.taz=01;31:*.lha=01;31:*.lz4=01;31:*.lzh=01;31:*.lzma=01;31:*.tlz=01;31:*.txz=01;31:*.tzo=01;31:*.t7z=01;31:*.zip=01;31:*.z=01;31:*.Z=01;31:*.dz=01;31:*.gz=01;31:*.lrz=01;31:*.lz=01;31:*.lzo=01;31:*.xz=01;31:*.zst=01;31:*.tzst=01;31:*.bz2=01;31:*.bz=01;31:*.tbz=01;31:*.tbz2=01;31:*.tz=01;31:*.deb=01;31:*.rpm=01;31:*.jar=01;31:*.war=01;31:*.ear=01;31:*.sar=01;31:*.rar=01;31:*.alz=01;31:*.ace=01;31:*.zoo=01;31:*.cpio=01;31:*.7z=01;31:*.rz=01;31:*.cab=01;31:*.wim=01;31:*.swm=01;31:*.dwm=01;31:*.esd=01;31:*.jpg=01;35:*.jpeg=01;35:*.mjpg=01;35:*.mjpeg=01;35:*.gif=01;35:*.bmp=01;35:*.pbm=01;35:*.pgm=01;35:*.ppm=01;35:*.tga=01;35:*.xbm=01;35:*.xpm=01;35:*.tif=01;35:*.tiff=01;35:*.png=01;35:*.svg=01;35:*.svgz=01;35:*.mng=01;35:*.pcx=01;35:*.mov=01;35:*.mpg=01;35:*.mpeg=01;35:*.m2v=01;35:*.mkv=01;35:*.webm=01;35:*.ogm=01;35:*.mp4=01;35:*.m4v=01;35:*.mp4v=01;35:*.vob=01;35:*.qt=01;35:*.nuv=01;35:*.wmv=01;35:*.asf=01;35:*.rm=01;35:*.rmvb=01;35:*.flc=01;35:*.avi=01;35:*.fli=01;35:*.flv=01;35:*.gl=01;35:*.dl=01;35:*.xcf=01;35:*.xwd=01;35:*.yuv=01;35:*.cgm=01;35:*.emf=01;35:*.ogv=01;35:*.ogx=01;35:*.aac=00;36:*.au=00;36:*.flac=00;36:*.m4a=00;36:*.mid=00;36:*.midi=00;36:*.mka=00;36:*.mp3=00;36:*.mpc=00;36:*.ogg=00;36:*.ra=00;36:*.wav=00;36:*.oga=00;36:*.opus=00;36:*.spx=00;36:*.xspf=00;36:'), ('ROS_ROOT', '/opt/ros/humble'), ('AMENT_PREFIX_PATH', '/root/Workspaces/rosgsthumble_ws/install/diagnostic_updater:/opt/ros/humble/install'), ('DEBIAN_FRONTEND', 'noninteractive'), ('GST_PLUGIN_PATH', '/root/Workspaces/rosgsthumble_ws/install/gst_bridge/lib/gst_bridge/'), ('SHELL', '/bin/bash'), ('PWD', '/root/Workspaces/rosgsthumble_ws/build/diagnostic_common_diagnostics'), ('PYTHONPATH', '/root/Workspaces/rosgsthumble_ws/install/diagnostic_updater/lib/python3.6/site-packages:/root/Workspaces/rosgsthumble_ws/install/xacro/lib/python3.6/site-packages:/root/Workspaces/rosgsthumble_ws/install/realsense2_camera_msgs/lib/python3.6/site-packages:/root/Workspaces/rosgsthumble_ws/install/image_geometry/lib/python3.6/site-packages:/root/Workspaces/rosgsthumble_ws/install/gst_msgs/lib/python3.6/site-packages:/root/Workspaces/rosgsthumble_ws/install/diagnostic_common_diagnostics/lib/python3.6/site-packages:/root/Workspaces/rosgsthumble_ws/install/cv_bridge/lib/python3.6/site-packages:/root/Workspaces/rosgsthumble_ws/install/audio_msgs/lib/python3.6/site-packages:/opt/ros/humble/install/lib/python3.6/site-packages'), ('NVIDIA_VISIBLE_DEVICES', 'all'), ('COLCON', '1'), ('CMAKE_PREFIX_PATH', '/root/Workspaces/rosgsthumble_ws/install/diagnostic_updater:/opt/ros/humble/install')]), 'shell': False}
[12.693111] (-) TimerEvent: {}
[12.795650] (-) TimerEvent: {}
[12.822400] (realsense2_camera_msgs) StdoutLine: {'line': b'-- Install configuration: ""\n'}
[12.825729] (realsense2_camera_msgs) StdoutLine: {'line': b'-- Execute custom install script\n'}
[12.837945] (realsense2_camera_msgs) StdoutLine: {'line': b'-- Up-to-date symlink: /root/Workspaces/rosgsthumble_ws/install/realsense2_camera_msgs/share/ament_index/resource_index/rosidl_interfaces/realsense2_camera_msgs\n'}
[12.841955] (realsense2_camera_msgs) StdoutLine: {'line': b'-- Up-to-date symlink: /root/Workspaces/rosgsthumble_ws/install/realsense2_camera_msgs/include/realsense2_camera_msgs/realsense2_camera_msgs/msg/detail/extrinsics__functions.h\n'}
[12.845534] (realsense2_camera_msgs) StdoutLine: {'line': b'-- Up-to-date symlink: /root/Workspaces/rosgsthumble_ws/install/realsense2_camera_msgs/include/realsense2_camera_msgs/realsense2_camera_msgs/msg/detail/extrinsics__struct.h\n'}
[12.850414] (image_geometry) StdoutLine: {'line': b'-- Install configuration: ""\n'}
[12.853018] (realsense2_camera_msgs) StdoutLine: {'line': b'-- Up-to-date symlink: /root/Workspaces/rosgsthumble_ws/install/realsense2_camera_msgs/include/realsense2_camera_msgs/realsense2_camera_msgs/msg/detail/extrinsics__type_support.h\n'}
[12.855458] (realsense2_camera_msgs) StdoutLine: {'line': b'-- Up-to-date symlink: /root/Workspaces/rosgsthumble_ws/install/realsense2_camera_msgs/include/realsense2_camera_msgs/realsense2_camera_msgs/msg/detail/imu_info__functions.h\n'}
[12.858031] (realsense2_camera_msgs) StdoutLine: {'line': b'-- Up-to-date symlink: /root/Workspaces/rosgsthumble_ws/install/realsense2_camera_msgs/include/realsense2_camera_msgs/realsense2_camera_msgs/msg/detail/imu_info__struct.h\n'}
[12.860631] (image_geometry) StdoutLine: {'line': b'-- Execute custom install script\n'}
[12.863811] (realsense2_camera_msgs) StdoutLine: {'line': b'-- Up-to-date symlink: /root/Workspaces/rosgsthumble_ws/install/realsense2_camera_msgs/include/realsense2_camera_msgs/realsense2_camera_msgs/msg/detail/imu_info__type_support.h\n'}
[12.865485] (realsense2_camera_msgs) StdoutLine: {'line': b'-- Up-to-date symlink: /root/Workspaces/rosgsthumble_ws/install/realsense2_camera_msgs/include/realsense2_camera_msgs/realsense2_camera_msgs/msg/detail/metadata__functions.h\n'}
[12.866361] (realsense2_camera_msgs) StdoutLine: {'line': b'-- Up-to-date symlink: /root/Workspaces/rosgsthumble_ws/install/realsense2_camera_msgs/include/realsense2_camera_msgs/realsense2_camera_msgs/msg/detail/metadata__struct.h\n'}
[12.867954] (realsense2_camera_msgs) StdoutLine: {'line': b'-- Up-to-date symlink: /root/Workspaces/rosgsthumble_ws/install/realsense2_camera_msgs/include/realsense2_camera_msgs/realsense2_camera_msgs/msg/detail/metadata__type_support.h\n'}
[12.870329] (image_geometry) StdoutLine: {'line': b'-- Up-to-date symlink: /root/Workspaces/rosgsthumble_ws/install/image_geometry/share/image_geometry/environment/pythonpath.sh\n'}
[12.871373] (image_geometry) StdoutLine: {'line': b'-- Up-to-date symlink: /root/Workspaces/rosgsthumble_ws/install/image_geometry/share/image_geometry/environment/pythonpath.dsv\n'}
[12.871986] (realsense2_camera_msgs) StdoutLine: {'line': b'-- Up-to-date symlink: /root/Workspaces/rosgsthumble_ws/install/realsense2_camera_msgs/include/realsense2_camera_msgs/realsense2_camera_msgs/msg/detail/rgbd__functions.h\n'}
[12.872581] (realsense2_camera_msgs) StdoutLine: {'line': b'-- Up-to-date symlink: /root/Workspaces/rosgsthumble_ws/install/realsense2_camera_msgs/include/realsense2_camera_msgs/realsense2_camera_msgs/msg/detail/rgbd__struct.h\n'}
[12.873169] (image_geometry) StdoutLine: {'line': b'-- Up-to-date symlink: /root/Workspaces/rosgsthumble_ws/install/image_geometry/lib/python3.6/site-packages/image_geometry-3.2.1-py3.6.egg-info/PKG-INFO\n'}
[12.873836] (realsense2_camera_msgs) StdoutLine: {'line': b'-- Up-to-date symlink: /root/Workspaces/rosgsthumble_ws/install/realsense2_camera_msgs/include/realsense2_camera_msgs/realsense2_camera_msgs/msg/detail/rgbd__type_support.h\n'}
[12.874424] (image_geometry) StdoutLine: {'line': b'-- Up-to-date symlink: /root/Workspaces/rosgsthumble_ws/install/image_geometry/lib/python3.6/site-packages/image_geometry-3.2.1-py3.6.egg-info/SOURCES.txt\n'}
[12.874997] (image_geometry) StdoutLine: {'line': b'-- Up-to-date symlink: /root/Workspaces/rosgsthumble_ws/install/image_geometry/lib/python3.6/site-packages/image_geometry-3.2.1-py3.6.egg-info/dependency_links.txt\n'}
[12.875537] (image_geometry) StdoutLine: {'line': b'-- Up-to-date symlink: /root/Workspaces/rosgsthumble_ws/install/image_geometry/lib/python3.6/site-packages/image_geometry-3.2.1-py3.6.egg-info/top_level.txt\n'}
[12.876108] (image_geometry) StdoutLine: {'line': b'-- Up-to-date symlink: /root/Workspaces/rosgsthumble_ws/install/image_geometry/lib/python3.6/site-packages/image_geometry/__init__.py\n'}
[12.876621] (image_geometry) StdoutLine: {'line': b'-- Up-to-date symlink: /root/Workspaces/rosgsthumble_ws/install/image_geometry/lib/python3.6/site-packages/image_geometry/cameramodels.py\n'}
[12.877127] (image_geometry) StdoutLine: {'line': b'-- Up-to-date symlink: /root/Workspaces/rosgsthumble_ws/install/image_geometry/include/image_geometry/image_geometry/pinhole_camera_model.h\n'}
[12.884363] (image_geometry) StdoutLine: {'line': b'-- Up-to-date symlink: /root/Workspaces/rosgsthumble_ws/install/image_geometry/include/image_geometry/image_geometry/stereo_camera_model.h\n'}
[12.885418] (image_geometry) StdoutLine: {'line': b'-- Up-to-date symlink: /root/Workspaces/rosgsthumble_ws/install/image_geometry/include/image_geometry/image_geometry/visibility_control.hpp\n'}
[12.886270] (image_geometry) StdoutLine: {'line': b'-- Up-to-date symlink: /root/Workspaces/rosgsthumble_ws/install/image_geometry/share/ament_index/resource_index/package_run_dependencies/image_geometry\n'}
[12.886887] (realsense2_camera_msgs) StdoutLine: {'line': b'-- Up-to-date symlink: /root/Workspaces/rosgsthumble_ws/install/realsense2_camera_msgs/include/realsense2_camera_msgs/realsense2_camera_msgs/msg/extrinsics.h\n'}
[12.887482] (image_geometry) StdoutLine: {'line': b'-- Up-to-date symlink: /root/Workspaces/rosgsthumble_ws/install/image_geometry/share/ament_index/resource_index/parent_prefix_path/image_geometry\n'}
[12.888028] (realsense2_camera_msgs) StdoutLine: {'line': b'-- Up-to-date symlink: /root/Workspaces/rosgsthumble_ws/install/realsense2_camera_msgs/include/realsense2_camera_msgs/realsense2_camera_msgs/msg/imu_info.h\n'}
[12.888573] (realsense2_camera_msgs) StdoutLine: {'line': b'-- Up-to-date symlink: /root/Workspaces/rosgsthumble_ws/install/realsense2_camera_msgs/include/realsense2_camera_msgs/realsense2_camera_msgs/msg/metadata.h\n'}
[12.889164] (realsense2_camera_msgs) StdoutLine: {'line': b'-- Up-to-date symlink: /root/Workspaces/rosgsthumble_ws/install/realsense2_camera_msgs/include/realsense2_camera_msgs/realsense2_camera_msgs/msg/rgbd.h\n'}
[12.889798] (image_geometry) StdoutLine: {'line': b'-- Up-to-date symlink: /root/Workspaces/rosgsthumble_ws/install/image_geometry/share/image_geometry/environment/ament_prefix_path.sh\n'}
[12.890411] (realsense2_camera_msgs) StdoutLine: {'line': b'-- Up-to-date symlink: /root/Workspaces/rosgsthumble_ws/install/realsense2_camera_msgs/include/realsense2_camera_msgs/realsense2_camera_msgs/msg/rosidl_generator_c__visibility_control.h\n'}
[12.890991] (realsense2_camera_msgs) StdoutLine: {'line': b'-- Up-to-date symlink: /root/Workspaces/rosgsthumble_ws/install/realsense2_camera_msgs/include/realsense2_camera_msgs/realsense2_camera_msgs/srv/detail/device_info__functions.h\n'}
[12.891632] (realsense2_camera_msgs) StdoutLine: {'line': b'-- Up-to-date symlink: /root/Workspaces/rosgsthumble_ws/install/realsense2_camera_msgs/include/realsense2_camera_msgs/realsense2_camera_msgs/srv/detail/device_info__struct.h\n'}
[12.892235] (realsense2_camera_msgs) StdoutLine: {'line': b'-- Up-to-date symlink: /root/Workspaces/rosgsthumble_ws/install/realsense2_camera_msgs/include/realsense2_camera_msgs/realsense2_camera_msgs/srv/detail/device_info__type_support.h\n'}
[12.892809] (realsense2_camera_msgs) StdoutLine: {'line': b'-- Up-to-date symlink: /root/Workspaces/rosgsthumble_ws/install/realsense2_camera_msgs/include/realsense2_camera_msgs/realsense2_camera_msgs/srv/device_info.h\n'}
[12.893388] (realsense2_camera_msgs) StdoutLine: {'line': b'-- Up-to-date symlink: /root/Workspaces/rosgsthumble_ws/install/realsense2_camera_msgs/share/realsense2_camera_msgs/environment/library_path.sh\n'}
[12.901540] (-) TimerEvent: {}
[12.905100] (realsense2_camera_msgs) StdoutLine: {'line': b'-- Up-to-date symlink: /root/Workspaces/rosgsthumble_ws/install/realsense2_camera_msgs/share/realsense2_camera_msgs/environment/library_path.dsv\n'}
[12.906482] (image_geometry) StdoutLine: {'line': b'-- Up-to-date symlink: /root/Workspaces/rosgsthumble_ws/install/image_geometry/share/image_geometry/environment/ament_prefix_path.dsv\n'}
[12.907166] (image_geometry) StdoutLine: {'line': b'-- Up-to-date symlink: /root/Workspaces/rosgsthumble_ws/install/image_geometry/share/image_geometry/environment/path.sh\n'}
[12.907891] (image_geometry) StdoutLine: {'line': b'-- Up-to-date symlink: /root/Workspaces/rosgsthumble_ws/install/image_geometry/share/image_geometry/environment/path.dsv\n'}
[12.908857] (image_geometry) StdoutLine: {'line': b'-- Up-to-date symlink: /root/Workspaces/rosgsthumble_ws/install/image_geometry/share/image_geometry/local_setup.bash\n'}
[12.909418] (image_geometry) StdoutLine: {'line': b'-- Up-to-date symlink: /root/Workspaces/rosgsthumble_ws/install/image_geometry/share/image_geometry/local_setup.sh\n'}
[12.910019] (image_geometry) StdoutLine: {'line': b'-- Up-to-date symlink: /root/Workspaces/rosgsthumble_ws/install/image_geometry/share/image_geometry/local_setup.zsh\n'}
[12.910598] (image_geometry) StdoutLine: {'line': b'-- Up-to-date symlink: /root/Workspaces/rosgsthumble_ws/install/image_geometry/share/image_geometry/local_setup.dsv\n'}
[12.911121] (image_geometry) StdoutLine: {'line': b'-- Symlinking: /root/Workspaces/rosgsthumble_ws/install/image_geometry/share/image_geometry/package.dsv\n'}
[12.911637] (realsense2_camera_msgs) StdoutLine: {'line': b'-- Up-to-date symlink: /root/Workspaces/rosgsthumble_ws/install/realsense2_camera_msgs/include/realsense2_camera_msgs/realsense2_camera_msgs/msg/detail/extrinsics__rosidl_typesupport_fastrtps_c.h\n'}
[12.912180] (realsense2_camera_msgs) StdoutLine: {'line': b'-- Up-to-date symlink: /root/Workspaces/rosgsthumble_ws/install/realsense2_camera_msgs/include/realsense2_camera_msgs/realsense2_camera_msgs/msg/detail/imu_info__rosidl_typesupport_fastrtps_c.h\n'}
[12.912688] (realsense2_camera_msgs) StdoutLine: {'line': b'-- Up-to-date symlink: /root/Workspaces/rosgsthumble_ws/install/realsense2_camera_msgs/include/realsense2_camera_msgs/realsense2_camera_msgs/msg/detail/metadata__rosidl_typesupport_fastrtps_c.h\n'}
[12.913208] (realsense2_camera_msgs) StdoutLine: {'line': b'-- Up-to-date symlink: /root/Workspaces/rosgsthumble_ws/install/realsense2_camera_msgs/include/realsense2_camera_msgs/realsense2_camera_msgs/msg/detail/rgbd__rosidl_typesupport_fastrtps_c.h\n'}
[12.913815] (realsense2_camera_msgs) StdoutLine: {'line': b'-- Up-to-date symlink: /root/Workspaces/rosgsthumble_ws/install/realsense2_camera_msgs/include/realsense2_camera_msgs/realsense2_camera_msgs/msg/rosidl_typesupport_fastrtps_c__visibility_control.h\n'}
[12.914346] (realsense2_camera_msgs) StdoutLine: {'line': b'-- Up-to-date symlink: /root/Workspaces/rosgsthumble_ws/install/realsense2_camera_msgs/include/realsense2_camera_msgs/realsense2_camera_msgs/srv/detail/device_info__rosidl_typesupport_fastrtps_c.h\n'}
[12.914879] (image_geometry) StdoutLine: {'line': b'-- Up-to-date symlink: /root/Workspaces/rosgsthumble_ws/install/image_geometry/share/ament_index/resource_index/packages/image_geometry\n'}
[12.915461] (image_geometry) StdoutLine: {'line': b'-- Up-to-date symlink: /root/Workspaces/rosgsthumble_ws/install/image_geometry/share/image_geometry/cmake/ament_cmake_export_targets-extras.cmake\n'}
[12.916065] (image_geometry) StdoutLine: {'line': b'-- Up-to-date symlink: /root/Workspaces/rosgsthumble_ws/install/image_geometry/share/image_geometry/cmake/ament_cmake_export_dependencies-extras.cmake\n'}
[12.916676] (image_geometry) StdoutLine: {'line': b'-- Up-to-date symlink: /root/Workspaces/rosgsthumble_ws/install/image_geometry/share/image_geometry/cmake/image_geometryConfig.cmake\n'}
[12.917279] (realsense2_camera_msgs) StdoutLine: {'line': b'-- Up-to-date symlink: /root/Workspaces/rosgsthumble_ws/install/realsense2_camera_msgs/include/realsense2_camera_msgs/realsense2_camera_msgs/msg/detail/extrinsics__rosidl_typesupport_introspection_c.h\n'}
[12.930464] (realsense2_camera_msgs) StdoutLine: {'line': b'-- Up-to-date symlink: /root/Workspaces/rosgsthumble_ws/install/realsense2_camera_msgs/include/realsense2_camera_msgs/realsense2_camera_msgs/msg/detail/imu_info__rosidl_typesupport_introspection_c.h\n'}
[12.931161] (image_geometry) StdoutLine: {'line': b'-- Up-to-date symlink: /root/Workspaces/rosgsthumble_ws/install/image_geometry/share/image_geometry/cmake/image_geometryConfig-version.cmake\n'}
[12.931742] (realsense2_camera_msgs) StdoutLine: {'line': b'-- Up-to-date symlink: /root/Workspaces/rosgsthumble_ws/install/realsense2_camera_msgs/include/realsense2_camera_msgs/realsense2_camera_msgs/msg/detail/metadata__rosidl_typesupport_introspection_c.h\n'}
[12.932324] (realsense2_camera_msgs) StdoutLine: {'line': b'-- Up-to-date symlink: /root/Workspaces/rosgsthumble_ws/install/realsense2_camera_msgs/include/realsense2_camera_msgs/realsense2_camera_msgs/msg/detail/rgbd__rosidl_typesupport_introspection_c.h\n'}
[12.932849] (realsense2_camera_msgs) StdoutLine: {'line': b'-- Up-to-date symlink: /root/Workspaces/rosgsthumble_ws/install/realsense2_camera_msgs/include/realsense2_camera_msgs/realsense2_camera_msgs/msg/rosidl_typesupport_introspection_c__visibility_control.h\n'}
[12.933348] (image_geometry) StdoutLine: {'line': b'-- Up-to-date symlink: /root/Workspaces/rosgsthumble_ws/install/image_geometry/share/image_geometry/package.xml\n'}
[12.946505] (realsense2_camera_msgs) StdoutLine: {'line': b'-- Up-to-date symlink: /root/Workspaces/rosgsthumble_ws/install/realsense2_camera_msgs/include/realsense2_camera_msgs/realsense2_camera_msgs/srv/detail/device_info__rosidl_typesupport_introspection_c.h\n'}
[12.947389] (realsense2_camera_msgs) StdoutLine: {'line': b'-- Up-to-date symlink: /root/Workspaces/rosgsthumble_ws/install/realsense2_camera_msgs/include/realsense2_camera_msgs/realsense2_camera_msgs/msg/detail/extrinsics__builder.hpp\n'}
[12.948131] (realsense2_camera_msgs) StdoutLine: {'line': b'-- Up-to-date symlink: /root/Workspaces/rosgsthumble_ws/install/realsense2_camera_msgs/include/realsense2_camera_msgs/realsense2_camera_msgs/msg/detail/extrinsics__struct.hpp\n'}
[12.948926] (realsense2_camera_msgs) StdoutLine: {'line': b'-- Up-to-date symlink: /root/Workspaces/rosgsthumble_ws/install/realsense2_camera_msgs/include/realsense2_camera_msgs/realsense2_camera_msgs/msg/detail/extrinsics__traits.hpp\n'}
[12.949482] (realsense2_camera_msgs) StdoutLine: {'line': b'-- Up-to-date symlink: /root/Workspaces/rosgsthumble_ws/install/realsense2_camera_msgs/include/realsense2_camera_msgs/realsense2_camera_msgs/msg/detail/imu_info__builder.hpp\n'}
[12.950080] (realsense2_camera_msgs) StdoutLine: {'line': b'-- Up-to-date symlink: /root/Workspaces/rosgsthumble_ws/install/realsense2_camera_msgs/include/realsense2_camera_msgs/realsense2_camera_msgs/msg/detail/imu_info__struct.hpp\n'}
[12.950615] (realsense2_camera_msgs) StdoutLine: {'line': b'-- Up-to-date symlink: /root/Workspaces/rosgsthumble_ws/install/realsense2_camera_msgs/include/realsense2_camera_msgs/realsense2_camera_msgs/msg/detail/imu_info__traits.hpp\n'}
[12.951116] (realsense2_camera_msgs) StdoutLine: {'line': b'-- Up-to-date symlink: /root/Workspaces/rosgsthumble_ws/install/realsense2_camera_msgs/include/realsense2_camera_msgs/realsense2_camera_msgs/msg/detail/metadata__builder.hpp\n'}
[12.951627] (realsense2_camera_msgs) StdoutLine: {'line': b'-- Up-to-date symlink: /root/Workspaces/rosgsthumble_ws/install/realsense2_camera_msgs/include/realsense2_camera_msgs/realsense2_camera_msgs/msg/detail/metadata__struct.hpp\n'}
[12.952143] (realsense2_camera_msgs) StdoutLine: {'line': b'-- Up-to-date symlink: /root/Workspaces/rosgsthumble_ws/install/realsense2_camera_msgs/include/realsense2_camera_msgs/realsense2_camera_msgs/msg/detail/metadata__traits.hpp\n'}
[12.952799] (realsense2_camera_msgs) StdoutLine: {'line': b'-- Up-to-date symlink: /root/Workspaces/rosgsthumble_ws/install/realsense2_camera_msgs/include/realsense2_camera_msgs/realsense2_camera_msgs/msg/detail/rgbd__builder.hpp\n'}
[12.953327] (realsense2_camera_msgs) StdoutLine: {'line': b'-- Up-to-date symlink: /root/Workspaces/rosgsthumble_ws/install/realsense2_camera_msgs/include/realsense2_camera_msgs/realsense2_camera_msgs/msg/detail/rgbd__struct.hpp\n'}
[12.953962] (realsense2_camera_msgs) StdoutLine: {'line': b'-- Up-to-date symlink: /root/Workspaces/rosgsthumble_ws/install/realsense2_camera_msgs/include/realsense2_camera_msgs/realsense2_camera_msgs/msg/detail/rgbd__traits.hpp\n'}
[12.954534] (realsense2_camera_msgs) StdoutLine: {'line': b'-- Up-to-date symlink: /root/Workspaces/rosgsthumble_ws/install/realsense2_camera_msgs/include/realsense2_camera_msgs/realsense2_camera_msgs/msg/extrinsics.hpp\n'}
[12.955096] (realsense2_camera_msgs) StdoutLine: {'line': b'-- Up-to-date symlink: /root/Workspaces/rosgsthumble_ws/install/realsense2_camera_msgs/include/realsense2_camera_msgs/realsense2_camera_msgs/msg/imu_info.hpp\n'}
[12.955642] (realsense2_camera_msgs) StdoutLine: {'line': b'-- Up-to-date symlink: /root/Workspaces/rosgsthumble_ws/install/realsense2_camera_msgs/include/realsense2_camera_msgs/realsense2_camera_msgs/msg/metadata.hpp\n'}
[12.956185] (realsense2_camera_msgs) StdoutLine: {'line': b'-- Up-to-date symlink: /root/Workspaces/rosgsthumble_ws/install/realsense2_camera_msgs/include/realsense2_camera_msgs/realsense2_camera_msgs/msg/rgbd.hpp\n'}
[12.956716] (realsense2_camera_msgs) StdoutLine: {'line': b'-- Up-to-date symlink: /root/Workspaces/rosgsthumble_ws/install/realsense2_camera_msgs/include/realsense2_camera_msgs/realsense2_camera_msgs/srv/detail/device_info__builder.hpp\n'}
[12.957256] (realsense2_camera_msgs) StdoutLine: {'line': b'-- Up-to-date symlink: /root/Workspaces/rosgsthumble_ws/install/realsense2_camera_msgs/include/realsense2_camera_msgs/realsense2_camera_msgs/srv/detail/device_info__struct.hpp\n'}
[12.970187] (realsense2_camera_msgs) StdoutLine: {'line': b'-- Up-to-date symlink: /root/Workspaces/rosgsthumble_ws/install/realsense2_camera_msgs/include/realsense2_camera_msgs/realsense2_camera_msgs/srv/detail/device_info__traits.hpp\n'}
[12.971105] (realsense2_camera_msgs) StdoutLine: {'line': b'-- Up-to-date symlink: /root/Workspaces/rosgsthumble_ws/install/realsense2_camera_msgs/include/realsense2_camera_msgs/realsense2_camera_msgs/srv/device_info.hpp\n'}
[12.971865] (realsense2_camera_msgs) StdoutLine: {'line': b'-- Up-to-date symlink: /root/Workspaces/rosgsthumble_ws/install/realsense2_camera_msgs/include/realsense2_camera_msgs/realsense2_camera_msgs/msg/detail/extrinsics__rosidl_typesupport_fastrtps_cpp.hpp\n'}
[12.972434] (realsense2_camera_msgs) StdoutLine: {'line': b'-- Up-to-date symlink: /root/Workspaces/rosgsthumble_ws/install/realsense2_camera_msgs/include/realsense2_camera_msgs/realsense2_camera_msgs/msg/detail/imu_info__rosidl_typesupport_fastrtps_cpp.hpp\n'}
[12.972952] (realsense2_camera_msgs) StdoutLine: {'line': b'-- Up-to-date symlink: /root/Workspaces/rosgsthumble_ws/install/realsense2_camera_msgs/include/realsense2_camera_msgs/realsense2_camera_msgs/msg/detail/metadata__rosidl_typesupport_fastrtps_cpp.hpp\n'}
[12.973477] (realsense2_camera_msgs) StdoutLine: {'line': b'-- Up-to-date symlink: /root/Workspaces/rosgsthumble_ws/install/realsense2_camera_msgs/include/realsense2_camera_msgs/realsense2_camera_msgs/msg/detail/rgbd__rosidl_typesupport_fastrtps_cpp.hpp\n'}
[12.974270] (realsense2_camera_msgs) StdoutLine: {'line': b'-- Up-to-date symlink: /root/Workspaces/rosgsthumble_ws/install/realsense2_camera_msgs/include/realsense2_camera_msgs/realsense2_camera_msgs/msg/rosidl_typesupport_fastrtps_cpp__visibility_control.h\n'}
[12.974833] (realsense2_camera_msgs) StdoutLine: {'line': b'-- Up-to-date symlink: /root/Workspaces/rosgsthumble_ws/install/realsense2_camera_msgs/include/realsense2_camera_msgs/realsense2_camera_msgs/srv/detail/device_info__rosidl_typesupport_fastrtps_cpp.hpp\n'}
[12.975579] (realsense2_camera_msgs) StdoutLine: {'line': b'-- Up-to-date symlink: /root/Workspaces/rosgsthumble_ws/install/realsense2_camera_msgs/include/realsense2_camera_msgs/realsense2_camera_msgs/msg/detail/extrinsics__rosidl_typesupport_introspection_cpp.hpp\n'}
[12.976273] (realsense2_camera_msgs) StdoutLine: {'line': b'-- Up-to-date symlink: /root/Workspaces/rosgsthumble_ws/install/realsense2_camera_msgs/include/realsense2_camera_msgs/realsense2_camera_msgs/msg/detail/imu_info__rosidl_typesupport_introspection_cpp.hpp\n'}
[12.976995] (realsense2_camera_msgs) StdoutLine: {'line': b'-- Up-to-date symlink: /root/Workspaces/rosgsthumble_ws/install/realsense2_camera_msgs/include/realsense2_camera_msgs/realsense2_camera_msgs/msg/detail/metadata__rosidl_typesupport_introspection_cpp.hpp\n'}
[12.977738] (realsense2_camera_msgs) StdoutLine: {'line': b'-- Up-to-date symlink: /root/Workspaces/rosgsthumble_ws/install/realsense2_camera_msgs/include/realsense2_camera_msgs/realsense2_camera_msgs/msg/detail/rgbd__rosidl_typesupport_introspection_cpp.hpp\n'}
[12.978312] (realsense2_camera_msgs) StdoutLine: {'line': b'-- Up-to-date symlink: /root/Workspaces/rosgsthumble_ws/install/realsense2_camera_msgs/include/realsense2_camera_msgs/realsense2_camera_msgs/srv/detail/device_info__rosidl_typesupport_introspection_cpp.hpp\n'}
[12.979039] (realsense2_camera_msgs) StdoutLine: {'line': b'-- Up-to-date symlink: /root/Workspaces/rosgsthumble_ws/install/realsense2_camera_msgs/share/realsense2_camera_msgs/environment/pythonpath.sh\n'}
[12.986102] (realsense2_camera_msgs) StdoutLine: {'line': b'-- Up-to-date symlink: /root/Workspaces/rosgsthumble_ws/install/realsense2_camera_msgs/share/realsense2_camera_msgs/environment/pythonpath.dsv\n'}
[12.987856] (realsense2_camera_msgs) StdoutLine: {'line': b'-- Up-to-date symlink: /root/Workspaces/rosgsthumble_ws/install/realsense2_camera_msgs/lib/python3.6/site-packages/realsense2_camera_msgs-4.55.1-py3.6.egg-info/PKG-INFO\n'}
[12.988728] (realsense2_camera_msgs) StdoutLine: {'line': b'-- Up-to-date symlink: /root/Workspaces/rosgsthumble_ws/install/realsense2_camera_msgs/lib/python3.6/site-packages/realsense2_camera_msgs-4.55.1-py3.6.egg-info/SOURCES.txt\n'}
[12.989523] (realsense2_camera_msgs) StdoutLine: {'line': b'-- Up-to-date symlink: /root/Workspaces/rosgsthumble_ws/install/realsense2_camera_msgs/lib/python3.6/site-packages/realsense2_camera_msgs-4.55.1-py3.6.egg-info/dependency_links.txt\n'}
[12.990535] (realsense2_camera_msgs) StdoutLine: {'line': b'-- Up-to-date symlink: /root/Workspaces/rosgsthumble_ws/install/realsense2_camera_msgs/lib/python3.6/site-packages/realsense2_camera_msgs-4.55.1-py3.6.egg-info/top_level.txt\n'}
[12.995375] (realsense2_camera_msgs) StdoutLine: {'line': b'-- Up-to-date symlink: /root/Workspaces/rosgsthumble_ws/install/realsense2_camera_msgs/lib/python3.6/site-packages/realsense2_camera_msgs/__init__.py\n'}
[12.997389] (realsense2_camera_msgs) StdoutLine: {'line': b'-- Up-to-date symlink: /root/Workspaces/rosgsthumble_ws/install/realsense2_camera_msgs/lib/python3.6/site-packages/realsense2_camera_msgs/_realsense2_camera_msgs_s.ep.rosidl_typesupport_c.c\n'}
[12.999344] (realsense2_camera_msgs) StdoutLine: {'line': b'-- Up-to-date symlink: /root/Workspaces/rosgsthumble_ws/install/realsense2_camera_msgs/lib/python3.6/site-packages/realsense2_camera_msgs/_realsense2_camera_msgs_s.ep.rosidl_typesupport_fastrtps_c.c\n'}
[13.001284] (realsense2_camera_msgs) StdoutLine: {'line': b'-- Up-to-date symlink: /root/Workspaces/rosgsthumble_ws/install/realsense2_camera_msgs/lib/python3.6/site-packages/realsense2_camera_msgs/_realsense2_camera_msgs_s.ep.rosidl_typesupport_introspection_c.c\n'}
[13.002014] (-) TimerEvent: {}
[13.004377] (realsense2_camera_msgs) StdoutLine: {'line': b'-- Up-to-date symlink: /root/Workspaces/rosgsthumble_ws/install/realsense2_camera_msgs/lib/python3.6/site-packages/realsense2_camera_msgs/librealsense2_camera_msgs__rosidl_generator_py.so\n'}
[13.006211] (realsense2_camera_msgs) StdoutLine: {'line': b'-- Up-to-date symlink: /root/Workspaces/rosgsthumble_ws/install/realsense2_camera_msgs/lib/python3.6/site-packages/realsense2_camera_msgs/msg/__init__.py\n'}
[13.007998] (realsense2_camera_msgs) StdoutLine: {'line': b'-- Up-to-date symlink: /root/Workspaces/rosgsthumble_ws/install/realsense2_camera_msgs/lib/python3.6/site-packages/realsense2_camera_msgs/msg/_extrinsics.py\n'}
[13.010035] (realsense2_camera_msgs) StdoutLine: {'line': b'-- Up-to-date symlink: /root/Workspaces/rosgsthumble_ws/install/realsense2_camera_msgs/lib/python3.6/site-packages/realsense2_camera_msgs/msg/_extrinsics_s.c\n'}
[13.012101] (realsense2_camera_msgs) StdoutLine: {'line': b'-- Up-to-date symlink: /root/Workspaces/rosgsthumble_ws/install/realsense2_camera_msgs/lib/python3.6/site-packages/realsense2_camera_msgs/msg/_imu_info.py\n'}
[13.014058] (realsense2_camera_msgs) StdoutLine: {'line': b'-- Up-to-date symlink: /root/Workspaces/rosgsthumble_ws/install/realsense2_camera_msgs/lib/python3.6/site-packages/realsense2_camera_msgs/msg/_imu_info_s.c\n'}
[13.015919] (realsense2_camera_msgs) StdoutLine: {'line': b'-- Up-to-date symlink: /root/Workspaces/rosgsthumble_ws/install/realsense2_camera_msgs/lib/python3.6/site-packages/realsense2_camera_msgs/msg/_metadata.py\n'}
[13.017845] (realsense2_camera_msgs) StdoutLine: {'line': b'-- Up-to-date symlink: /root/Workspaces/rosgsthumble_ws/install/realsense2_camera_msgs/lib/python3.6/site-packages/realsense2_camera_msgs/msg/_metadata_s.c\n'}
[13.019835] (realsense2_camera_msgs) StdoutLine: {'line': b'-- Up-to-date symlink: /root/Workspaces/rosgsthumble_ws/install/realsense2_camera_msgs/lib/python3.6/site-packages/realsense2_camera_msgs/msg/_rgbd.py\n'}
[13.021911] (realsense2_camera_msgs) StdoutLine: {'line': b'-- Up-to-date symlink: /root/Workspaces/rosgsthumble_ws/install/realsense2_camera_msgs/lib/python3.6/site-packages/realsense2_camera_msgs/msg/_rgbd_s.c\n'}
[13.023836] (realsense2_camera_msgs) StdoutLine: {'line': b'-- Up-to-date symlink: /root/Workspaces/rosgsthumble_ws/install/realsense2_camera_msgs/lib/python3.6/site-packages/realsense2_camera_msgs/realsense2_camera_msgs_s__rosidl_typesupport_c.cpython-36m-aarch64-linux-gnu.so\n'}
[13.026043] (realsense2_camera_msgs) StdoutLine: {'line': b'-- Up-to-date symlink: /root/Workspaces/rosgsthumble_ws/install/realsense2_camera_msgs/lib/python3.6/site-packages/realsense2_camera_msgs/realsense2_camera_msgs_s__rosidl_typesupport_fastrtps_c.cpython-36m-aarch64-linux-gnu.so\n'}
[13.027998] (realsense2_camera_msgs) StdoutLine: {'line': b'-- Up-to-date symlink: /root/Workspaces/rosgsthumble_ws/install/realsense2_camera_msgs/lib/python3.6/site-packages/realsense2_camera_msgs/realsense2_camera_msgs_s__rosidl_typesupport_introspection_c.cpython-36m-aarch64-linux-gnu.so\n'}
[13.029982] (realsense2_camera_msgs) StdoutLine: {'line': b'-- Up-to-date symlink: /root/Workspaces/rosgsthumble_ws/install/realsense2_camera_msgs/lib/python3.6/site-packages/realsense2_camera_msgs/srv/__init__.py\n'}
[13.031990] (realsense2_camera_msgs) StdoutLine: {'line': b'-- Up-to-date symlink: /root/Workspaces/rosgsthumble_ws/install/realsense2_camera_msgs/lib/python3.6/site-packages/realsense2_camera_msgs/srv/_device_info.py\n'}
[13.034324] (realsense2_camera_msgs) StdoutLine: {'line': b'-- Up-to-date symlink: /root/Workspaces/rosgsthumble_ws/install/realsense2_camera_msgs/lib/python3.6/site-packages/realsense2_camera_msgs/srv/_device_info_s.c\n'}
[13.037129] (realsense2_camera_msgs) StdoutLine: {'line': b'-- Up-to-date symlink: /root/Workspaces/rosgsthumble_ws/install/realsense2_camera_msgs/lib/python3.6/site-packages/realsense2_camera_msgs/realsense2_camera_msgs_s__rosidl_typesupport_fastrtps_c.cpython-36m-aarch64-linux-gnu.so\n'}
[13.039886] (realsense2_camera_msgs) StdoutLine: {'line': b'-- Up-to-date symlink: /root/Workspaces/rosgsthumble_ws/install/realsense2_camera_msgs/lib/python3.6/site-packages/realsense2_camera_msgs/realsense2_camera_msgs_s__rosidl_typesupport_introspection_c.cpython-36m-aarch64-linux-gnu.so\n'}
[13.042691] (realsense2_camera_msgs) StdoutLine: {'line': b'-- Up-to-date symlink: /root/Workspaces/rosgsthumble_ws/install/realsense2_camera_msgs/lib/python3.6/site-packages/realsense2_camera_msgs/realsense2_camera_msgs_s__rosidl_typesupport_c.cpython-36m-aarch64-linux-gnu.so\n'}
[13.044982] (realsense2_camera_msgs) StdoutLine: {'line': b'-- Up-to-date symlink: /root/Workspaces/rosgsthumble_ws/install/realsense2_camera_msgs/share/realsense2_camera_msgs/msg/IMUInfo.idl\n'}
[13.047712] (realsense2_camera_msgs) StdoutLine: {'line': b'-- Up-to-date symlink: /root/Workspaces/rosgsthumble_ws/install/realsense2_camera_msgs/share/realsense2_camera_msgs/msg/Extrinsics.idl\n'}
[13.050114] (realsense2_camera_msgs) StdoutLine: {'line': b'-- Up-to-date symlink: /root/Workspaces/rosgsthumble_ws/install/realsense2_camera_msgs/share/realsense2_camera_msgs/msg/Metadata.idl\n'}
[13.052314] (realsense2_camera_msgs) StdoutLine: {'line': b'-- Up-to-date symlink: /root/Workspaces/rosgsthumble_ws/install/realsense2_camera_msgs/share/realsense2_camera_msgs/msg/RGBD.idl\n'}
[13.054731] (realsense2_camera_msgs) StdoutLine: {'line': b'-- Up-to-date symlink: /root/Workspaces/rosgsthumble_ws/install/realsense2_camera_msgs/share/realsense2_camera_msgs/srv/DeviceInfo.idl\n'}
[13.057111] (realsense2_camera_msgs) StdoutLine: {'line': b'-- Up-to-date symlink: /root/Workspaces/rosgsthumble_ws/install/realsense2_camera_msgs/share/realsense2_camera_msgs/msg/IMUInfo.msg\n'}
[13.061024] (realsense2_camera_msgs) StdoutLine: {'line': b'-- Up-to-date symlink: /root/Workspaces/rosgsthumble_ws/install/realsense2_camera_msgs/share/realsense2_camera_msgs/msg/Extrinsics.msg\n'}
[13.065047] (realsense2_camera_msgs) StdoutLine: {'line': b'-- Up-to-date symlink: /root/Workspaces/rosgsthumble_ws/install/realsense2_camera_msgs/share/realsense2_camera_msgs/msg/Metadata.msg\n'}
[13.069055] (realsense2_camera_msgs) StdoutLine: {'line': b'-- Up-to-date symlink: /root/Workspaces/rosgsthumble_ws/install/realsense2_camera_msgs/share/realsense2_camera_msgs/msg/RGBD.msg\n'}
[13.073111] (realsense2_camera_msgs) StdoutLine: {'line': b'-- Up-to-date symlink: /root/Workspaces/rosgsthumble_ws/install/realsense2_camera_msgs/share/realsense2_camera_msgs/srv/DeviceInfo.srv\n'}
[13.076586] (realsense2_camera_msgs) StdoutLine: {'line': b'-- Up-to-date symlink: /root/Workspaces/rosgsthumble_ws/install/realsense2_camera_msgs/share/realsense2_camera_msgs/srv/DeviceInfo_Request.msg\n'}
[13.080105] (realsense2_camera_msgs) StdoutLine: {'line': b'-- Up-to-date symlink: /root/Workspaces/rosgsthumble_ws/install/realsense2_camera_msgs/share/realsense2_camera_msgs/srv/DeviceInfo_Response.msg\n'}
[13.083230] (realsense2_camera_msgs) StdoutLine: {'line': b'-- Up-to-date symlink: /root/Workspaces/rosgsthumble_ws/install/realsense2_camera_msgs/share/ament_index/resource_index/package_run_dependencies/realsense2_camera_msgs\n'}
[13.086807] (realsense2_camera_msgs) StdoutLine: {'line': b'-- Up-to-date symlink: /root/Workspaces/rosgsthumble_ws/install/realsense2_camera_msgs/share/ament_index/resource_index/parent_prefix_path/realsense2_camera_msgs\n'}
[13.090137] (realsense2_camera_msgs) StdoutLine: {'line': b'-- Up-to-date symlink: /root/Workspaces/rosgsthumble_ws/install/realsense2_camera_msgs/share/realsense2_camera_msgs/environment/ament_prefix_path.sh\n'}
[13.092246] (realsense2_camera_msgs) StdoutLine: {'line': b'-- Up-to-date symlink: /root/Workspaces/rosgsthumble_ws/install/realsense2_camera_msgs/share/realsense2_camera_msgs/environment/ament_prefix_path.dsv\n'}
[13.094438] (realsense2_camera_msgs) StdoutLine: {'line': b'-- Up-to-date symlink: /root/Workspaces/rosgsthumble_ws/install/realsense2_camera_msgs/share/realsense2_camera_msgs/environment/path.sh\n'}
[13.096730] (realsense2_camera_msgs) StdoutLine: {'line': b'-- Up-to-date symlink: /root/Workspaces/rosgsthumble_ws/install/realsense2_camera_msgs/share/realsense2_camera_msgs/environment/path.dsv\n'}
[13.099430] (realsense2_camera_msgs) StdoutLine: {'line': b'-- Up-to-date symlink: /root/Workspaces/rosgsthumble_ws/install/realsense2_camera_msgs/share/realsense2_camera_msgs/local_setup.bash\n'}
[13.103226] (-) TimerEvent: {}
[13.107453] (realsense2_camera_msgs) StdoutLine: {'line': b'-- Up-to-date symlink: /root/Workspaces/rosgsthumble_ws/install/realsense2_camera_msgs/share/realsense2_camera_msgs/local_setup.sh\n'}
[13.110375] (realsense2_camera_msgs) StdoutLine: {'line': b'-- Up-to-date symlink: /root/Workspaces/rosgsthumble_ws/install/realsense2_camera_msgs/share/realsense2_camera_msgs/local_setup.zsh\n'}
[13.114162] (realsense2_camera_msgs) StdoutLine: {'line': b'-- Up-to-date symlink: /root/Workspaces/rosgsthumble_ws/install/realsense2_camera_msgs/share/realsense2_camera_msgs/local_setup.dsv\n'}
[13.120575] (realsense2_camera_msgs) StdoutLine: {'line': b'-- Symlinking: /root/Workspaces/rosgsthumble_ws/install/realsense2_camera_msgs/share/realsense2_camera_msgs/package.dsv\n'}
[13.126361] (realsense2_camera_msgs) StdoutLine: {'line': b'-- Up-to-date symlink: /root/Workspaces/rosgsthumble_ws/install/realsense2_camera_msgs/share/ament_index/resource_index/packages/realsense2_camera_msgs\n'}
[13.129078] (realsense2_camera_msgs) StdoutLine: {'line': b'-- Up-to-date symlink: /root/Workspaces/rosgsthumble_ws/install/realsense2_camera_msgs/share/realsense2_camera_msgs/cmake/rosidl_cmake-extras.cmake\n'}
[13.132062] (realsense2_camera_msgs) StdoutLine: {'line': b'-- Up-to-date symlink: /root/Workspaces/rosgsthumble_ws/install/realsense2_camera_msgs/share/realsense2_camera_msgs/cmake/ament_cmake_export_dependencies-extras.cmake\n'}
[13.134837] (realsense2_camera_msgs) StdoutLine: {'line': b'-- Up-to-date symlink: /root/Workspaces/rosgsthumble_ws/install/realsense2_camera_msgs/share/realsense2_camera_msgs/cmake/ament_cmake_export_include_directories-extras.cmake\n'}
[13.137605] (realsense2_camera_msgs) StdoutLine: {'line': b'-- Up-to-date symlink: /root/Workspaces/rosgsthumble_ws/install/realsense2_camera_msgs/share/realsense2_camera_msgs/cmake/ament_cmake_export_libraries-extras.cmake\n'}
[13.140779] (realsense2_camera_msgs) StdoutLine: {'line': b'-- Up-to-date symlink: /root/Workspaces/rosgsthumble_ws/install/realsense2_camera_msgs/share/realsense2_camera_msgs/cmake/ament_cmake_export_targets-extras.cmake\n'}
[13.143486] (realsense2_camera_msgs) StdoutLine: {'line': b'-- Up-to-date symlink: /root/Workspaces/rosgsthumble_ws/install/realsense2_camera_msgs/share/realsense2_camera_msgs/cmake/rosidl_cmake_export_typesupport_targets-extras.cmake\n'}
[13.146131] (realsense2_camera_msgs) StdoutLine: {'line': b'-- Up-to-date symlink: /root/Workspaces/rosgsthumble_ws/install/realsense2_camera_msgs/share/realsense2_camera_msgs/cmake/rosidl_cmake_export_typesupport_libraries-extras.cmake\n'}
[13.148814] (realsense2_camera_msgs) StdoutLine: {'line': b'-- Up-to-date symlink: /root/Workspaces/rosgsthumble_ws/install/realsense2_camera_msgs/share/realsense2_camera_msgs/cmake/realsense2_camera_msgsConfig.cmake\n'}
[13.151594] (realsense2_camera_msgs) StdoutLine: {'line': b'-- Up-to-date symlink: /root/Workspaces/rosgsthumble_ws/install/realsense2_camera_msgs/share/realsense2_camera_msgs/cmake/realsense2_camera_msgsConfig-version.cmake\n'}
[13.154433] (realsense2_camera_msgs) StdoutLine: {'line': b'-- Up-to-date symlink: /root/Workspaces/rosgsthumble_ws/install/realsense2_camera_msgs/share/realsense2_camera_msgs/package.xml\n'}
[13.157200] (realsense2_camera_msgs) StdoutLine: {'line': b'-- Up-to-date: /root/Workspaces/rosgsthumble_ws/install/realsense2_camera_msgs/lib/librealsense2_camera_msgs__rosidl_generator_c.so\n'}
[13.159921] (realsense2_camera_msgs) StdoutLine: {'line': b'-- Up-to-date: /root/Workspaces/rosgsthumble_ws/install/realsense2_camera_msgs/lib/librealsense2_camera_msgs__rosidl_typesupport_fastrtps_c.so\n'}
[13.162577] (realsense2_camera_msgs) StdoutLine: {'line': b'-- Up-to-date: /root/Workspaces/rosgsthumble_ws/install/realsense2_camera_msgs/lib/librealsense2_camera_msgs__rosidl_typesupport_introspection_c.so\n'}
[13.165185] (realsense2_camera_msgs) StdoutLine: {'line': b'-- Up-to-date: /root/Workspaces/rosgsthumble_ws/install/realsense2_camera_msgs/lib/librealsense2_camera_msgs__rosidl_typesupport_c.so\n'}
[13.167856] (realsense2_camera_msgs) StdoutLine: {'line': b'-- Up-to-date: /root/Workspaces/rosgsthumble_ws/install/realsense2_camera_msgs/lib/librealsense2_camera_msgs__rosidl_typesupport_fastrtps_cpp.so\n'}
[13.170970] (realsense2_camera_msgs) StdoutLine: {'line': b'-- Up-to-date: /root/Workspaces/rosgsthumble_ws/install/realsense2_camera_msgs/lib/librealsense2_camera_msgs__rosidl_typesupport_introspection_cpp.so\n'}
[13.173736] (realsense2_camera_msgs) StdoutLine: {'line': b'-- Up-to-date: /root/Workspaces/rosgsthumble_ws/install/realsense2_camera_msgs/lib/librealsense2_camera_msgs__rosidl_typesupport_cpp.so\n'}
[13.203464] (-) TimerEvent: {}
[13.211360] (diagnostic_common_diagnostics) StdoutLine: {'line': b'Built target ament_cmake_python_symlink_diagnostic_common_diagnostics\n'}
[13.276863] (image_geometry) StdoutLine: {'line': b"Listing '/root/Workspaces/rosgsthumble_ws/install/image_geometry/lib/python3.6/site-packages/image_geometry'...\n"}
[13.302720] (xacro) JobProgress: {'identifier': 'xacro', 'progress': 'install'}
[13.303573] (xacro) Command: {'cmd': ['/usr/local/bin/cmake', '--install', '/root/Workspaces/rosgsthumble_ws/build/xacro'], 'cwd': '/root/Workspaces/rosgsthumble_ws/build/xacro', 'env': OrderedDict([('OPENBLAS_CORETYPE', 'ARMV8'), ('PYTHONIOENCODING', 'utf-8'), ('HOSTNAME', 'nano'), ('LD_LIBRARY_PATH', '/root/Workspaces/rosgsthumble_ws/install/realsense2_camera/lib:/root/Workspaces/rosgsthumble_ws/install/realsense2_camera_msgs/lib:/root/Workspaces/rosgsthumble_ws/install/image_geometry/lib:/root/Workspaces/rosgsthumble_ws/install/gst_pipeline_plugins/lib:/root/Workspaces/rosgsthumble_ws/install/gst_pipeline/lib:/root/Workspaces/rosgsthumble_ws/install/gst_msgs/lib:/root/Workspaces/rosgsthumble_ws/install/gst_bridge/lib:/root/Workspaces/rosgsthumble_ws/install/diagnostic_updater/lib:/root/Workspaces/rosgsthumble_ws/install/cv_bridge/lib:/root/Workspaces/rosgsthumble_ws/install/audio_msgs/lib:/opt/ros/humble/install/opt/rviz_ogre_vendor/lib:/opt/ros/humble/install/lib:/usr/local/cuda-10.2/targets/aarch64-linux/lib:'), ('SHLVL', '1'), ('OLDPWD', '/root/Workspaces'), ('HOME', '/root'), ('ROS_PYTHON_VERSION', '3'), ('COLCON_PREFIX_PATH', '/opt/ros/humble/install:/root/Workspaces/rosgsthumble_ws/install'), ('ROS_DISTRO', 'humble'), ('PULSE_SERVER', 'unix:/run/user/1000/pulse/native'), ('_', '/usr/bin/colcon'), ('ROS_VERSION', '2'), ('NVIDIA_DRIVER_CAPABILITIES', 'compute,utility,graphics'), ('PKG_CONFIG_PATH', '/opt/ros/humble/install/lib/aarch64-linux-gnu/pkgconfig:/opt/ros/humble/install/lib/pkgconfig'), ('TERM', 'xterm'), ('ROS_LOCALHOST_ONLY', '0'), ('PATH', '/root/Workspaces/rosgsthumble_ws/install/xacro/bin:/opt/ros/humble/install/bin:/usr/local/cuda-10.2/bin:/usr/local/cuda/bin:/usr/local/sbin:/usr/local/bin:/usr/sbin:/usr/bin:/sbin:/bin'), ('XDG_RUNTIME_DIR', '/run/user/1000'), ('DISPLAY', ''), ('LANG', 'en_US.UTF-8'), ('RMW_IMPLEMENTATION', 'rmw_cyclonedds_cpp'), ('LS_COLORS', 'rs=0:di=01;34:ln=01;36:mh=00:pi=40;33:so=01;35:do=01;35:bd=40;33;01:cd=40;33;01:or=40;31;01:mi=00:su=37;41:sg=30;43:ca=30;41:tw=30;42:ow=34;42:st=37;44:ex=01;32:*.tar=01;31:*.tgz=01;31:*.arc=01;31:*.arj=01;31:*.taz=01;31:*.lha=01;31:*.lz4=01;31:*.lzh=01;31:*.lzma=01;31:*.tlz=01;31:*.txz=01;31:*.tzo=01;31:*.t7z=01;31:*.zip=01;31:*.z=01;31:*.Z=01;31:*.dz=01;31:*.gz=01;31:*.lrz=01;31:*.lz=01;31:*.lzo=01;31:*.xz=01;31:*.zst=01;31:*.tzst=01;31:*.bz2=01;31:*.bz=01;31:*.tbz=01;31:*.tbz2=01;31:*.tz=01;31:*.deb=01;31:*.rpm=01;31:*.jar=01;31:*.war=01;31:*.ear=01;31:*.sar=01;31:*.rar=01;31:*.alz=01;31:*.ace=01;31:*.zoo=01;31:*.cpio=01;31:*.7z=01;31:*.rz=01;31:*.cab=01;31:*.wim=01;31:*.swm=01;31:*.dwm=01;31:*.esd=01;31:*.jpg=01;35:*.jpeg=01;35:*.mjpg=01;35:*.mjpeg=01;35:*.gif=01;35:*.bmp=01;35:*.pbm=01;35:*.pgm=01;35:*.ppm=01;35:*.tga=01;35:*.xbm=01;35:*.xpm=01;35:*.tif=01;35:*.tiff=01;35:*.png=01;35:*.svg=01;35:*.svgz=01;35:*.mng=01;35:*.pcx=01;35:*.mov=01;35:*.mpg=01;35:*.mpeg=01;35:*.m2v=01;35:*.mkv=01;35:*.webm=01;35:*.ogm=01;35:*.mp4=01;35:*.m4v=01;35:*.mp4v=01;35:*.vob=01;35:*.qt=01;35:*.nuv=01;35:*.wmv=01;35:*.asf=01;35:*.rm=01;35:*.rmvb=01;35:*.flc=01;35:*.avi=01;35:*.fli=01;35:*.flv=01;35:*.gl=01;35:*.dl=01;35:*.xcf=01;35:*.xwd=01;35:*.yuv=01;35:*.cgm=01;35:*.emf=01;35:*.ogv=01;35:*.ogx=01;35:*.aac=00;36:*.au=00;36:*.flac=00;36:*.m4a=00;36:*.mid=00;36:*.midi=00;36:*.mka=00;36:*.mp3=00;36:*.mpc=00;36:*.ogg=00;36:*.ra=00;36:*.wav=00;36:*.oga=00;36:*.opus=00;36:*.spx=00;36:*.xspf=00;36:'), ('ROS_ROOT', '/opt/ros/humble'), ('AMENT_PREFIX_PATH', '/opt/ros/humble/install'), ('DEBIAN_FRONTEND', 'noninteractive'), ('GST_PLUGIN_PATH', '/root/Workspaces/rosgsthumble_ws/install/gst_bridge/lib/gst_bridge/'), ('SHELL', '/bin/bash'), ('PWD', '/root/Workspaces/rosgsthumble_ws/build/xacro'), ('PYTHONPATH', '/root/Workspaces/rosgsthumble_ws/install/xacro/lib/python3.6/site-packages:/root/Workspaces/rosgsthumble_ws/install/realsense2_camera_msgs/lib/python3.6/site-packages:/root/Workspaces/rosgsthumble_ws/install/image_geometry/lib/python3.6/site-packages:/root/Workspaces/rosgsthumble_ws/install/gst_msgs/lib/python3.6/site-packages:/root/Workspaces/rosgsthumble_ws/install/diagnostic_common_diagnostics/lib/python3.6/site-packages:/root/Workspaces/rosgsthumble_ws/install/diagnostic_updater/lib/python3.6/site-packages:/root/Workspaces/rosgsthumble_ws/install/cv_bridge/lib/python3.6/site-packages:/root/Workspaces/rosgsthumble_ws/install/audio_msgs/lib/python3.6/site-packages:/opt/ros/humble/install/lib/python3.6/site-packages'), ('NVIDIA_VISIBLE_DEVICES', 'all'), ('COLCON', '1'), ('CMAKE_PREFIX_PATH', '/opt/ros/humble/install')]), 'shell': False}
[13.311382] (-) TimerEvent: {}
[13.313168] (image_geometry) StdoutLine: {'line': b'-- Up-to-date: /root/Workspaces/rosgsthumble_ws/install/image_geometry/lib/libimage_geometry.so\n'}
[13.315855] (image_geometry) StdoutLine: {'line': b'-- Up-to-date: /root/Workspaces/rosgsthumble_ws/install/image_geometry/share/image_geometry/cmake/export_image_geometryExport.cmake\n'}
[13.318380] (image_geometry) StdoutLine: {'line': b'-- Up-to-date: /root/Workspaces/rosgsthumble_ws/install/image_geometry/share/image_geometry/cmake/export_image_geometryExport-noconfig.cmake\n'}
[13.352427] (image_geometry) CommandEnded: {'returncode': 0}
[13.410867] (realsense2_camera_msgs) StdoutLine: {'line': b"Listing '/root/Workspaces/rosgsthumble_ws/install/realsense2_camera_msgs/lib/python3.6/site-packages/realsense2_camera_msgs'...\n"}
[13.413077] (-) TimerEvent: {}
[13.414076] (realsense2_camera_msgs) StdoutLine: {'line': b"Listing '/root/Workspaces/rosgsthumble_ws/install/realsense2_camera_msgs/lib/python3.6/site-packages/realsense2_camera_msgs/msg'...\n"}
[13.416192] (realsense2_camera_msgs) StdoutLine: {'line': b"Listing '/root/Workspaces/rosgsthumble_ws/install/realsense2_camera_msgs/lib/python3.6/site-packages/realsense2_camera_msgs/srv'...\n"}
[13.463002] (realsense2_camera_msgs) StdoutLine: {'line': b'-- Up-to-date: /root/Workspaces/rosgsthumble_ws/install/realsense2_camera_msgs/lib/librealsense2_camera_msgs__rosidl_generator_py.so\n'}
[13.463854] (realsense2_camera_msgs) StdoutLine: {'line': b'-- Up-to-date: /root/Workspaces/rosgsthumble_ws/install/realsense2_camera_msgs/share/realsense2_camera_msgs/cmake/export_realsense2_camera_msgs__rosidl_generator_cExport.cmake\n'}
[13.464525] (realsense2_camera_msgs) StdoutLine: {'line': b'-- Up-to-date: /root/Workspaces/rosgsthumble_ws/install/realsense2_camera_msgs/share/realsense2_camera_msgs/cmake/export_realsense2_camera_msgs__rosidl_generator_cExport-noconfig.cmake\n'}
[13.465147] (realsense2_camera_msgs) StdoutLine: {'line': b'-- Up-to-date: /root/Workspaces/rosgsthumble_ws/install/realsense2_camera_msgs/share/realsense2_camera_msgs/cmake/export_realsense2_camera_msgs__rosidl_typesupport_fastrtps_cExport.cmake\n'}
[13.465865] (realsense2_camera_msgs) StdoutLine: {'line': b'-- Up-to-date: /root/Workspaces/rosgsthumble_ws/install/realsense2_camera_msgs/share/realsense2_camera_msgs/cmake/export_realsense2_camera_msgs__rosidl_typesupport_fastrtps_cExport-noconfig.cmake\n'}
[13.466453] (realsense2_camera_msgs) StdoutLine: {'line': b'-- Up-to-date: /root/Workspaces/rosgsthumble_ws/install/realsense2_camera_msgs/share/realsense2_camera_msgs/cmake/realsense2_camera_msgs__rosidl_typesupport_introspection_cExport.cmake\n'}
[13.466993] (realsense2_camera_msgs) StdoutLine: {'line': b'-- Up-to-date: /root/Workspaces/rosgsthumble_ws/install/realsense2_camera_msgs/share/realsense2_camera_msgs/cmake/realsense2_camera_msgs__rosidl_typesupport_introspection_cExport-noconfig.cmake\n'}
[13.467579] (realsense2_camera_msgs) StdoutLine: {'line': b'-- Up-to-date: /root/Workspaces/rosgsthumble_ws/install/realsense2_camera_msgs/share/realsense2_camera_msgs/cmake/realsense2_camera_msgs__rosidl_typesupport_cExport.cmake\n'}
[13.468099] (realsense2_camera_msgs) StdoutLine: {'line': b'-- Up-to-date: /root/Workspaces/rosgsthumble_ws/install/realsense2_camera_msgs/share/realsense2_camera_msgs/cmake/realsense2_camera_msgs__rosidl_typesupport_cExport-noconfig.cmake\n'}
[13.468670] (realsense2_camera_msgs) StdoutLine: {'line': b'-- Up-to-date: /root/Workspaces/rosgsthumble_ws/install/realsense2_camera_msgs/share/realsense2_camera_msgs/cmake/export_realsense2_camera_msgs__rosidl_generator_cppExport.cmake\n'}
[13.469212] (realsense2_camera_msgs) StdoutLine: {'line': b'-- Up-to-date: /root/Workspaces/rosgsthumble_ws/install/realsense2_camera_msgs/share/realsense2_camera_msgs/cmake/export_realsense2_camera_msgs__rosidl_typesupport_fastrtps_cppExport.cmake\n'}
[13.469773] (realsense2_camera_msgs) StdoutLine: {'line': b'-- Up-to-date: /root/Workspaces/rosgsthumble_ws/install/realsense2_camera_msgs/share/realsense2_camera_msgs/cmake/export_realsense2_camera_msgs__rosidl_typesupport_fastrtps_cppExport-noconfig.cmake\n'}
[13.470383] (realsense2_camera_msgs) StdoutLine: {'line': b'-- Up-to-date: /root/Workspaces/rosgsthumble_ws/install/realsense2_camera_msgs/share/realsense2_camera_msgs/cmake/realsense2_camera_msgs__rosidl_typesupport_introspection_cppExport.cmake\n'}
[13.471037] (realsense2_camera_msgs) StdoutLine: {'line': b'-- Up-to-date: /root/Workspaces/rosgsthumble_ws/install/realsense2_camera_msgs/share/realsense2_camera_msgs/cmake/realsense2_camera_msgs__rosidl_typesupport_introspection_cppExport-noconfig.cmake\n'}
[13.471732] (realsense2_camera_msgs) StdoutLine: {'line': b'-- Up-to-date: /root/Workspaces/rosgsthumble_ws/install/realsense2_camera_msgs/share/realsense2_camera_msgs/cmake/realsense2_camera_msgs__rosidl_typesupport_cppExport.cmake\n'}
[13.472429] (realsense2_camera_msgs) StdoutLine: {'line': b'-- Up-to-date: /root/Workspaces/rosgsthumble_ws/install/realsense2_camera_msgs/share/realsense2_camera_msgs/cmake/realsense2_camera_msgs__rosidl_typesupport_cppExport-noconfig.cmake\n'}
[13.473130] (realsense2_camera_msgs) StdoutLine: {'line': b'-- Up-to-date: /root/Workspaces/rosgsthumble_ws/install/realsense2_camera_msgs/share/realsense2_camera_msgs/cmake/export_realsense2_camera_msgs__rosidl_generator_pyExport.cmake\n'}
[13.474022] (realsense2_camera_msgs) StdoutLine: {'line': b'-- Up-to-date: /root/Workspaces/rosgsthumble_ws/install/realsense2_camera_msgs/share/realsense2_camera_msgs/cmake/export_realsense2_camera_msgs__rosidl_generator_pyExport-noconfig.cmake\n'}
[13.518392] (-) TimerEvent: {}
[13.605355] (xacro) StdoutLine: {'line': b'-- Install configuration: ""\n'}
[13.607829] (xacro) StdoutLine: {'line': b'-- Execute custom install script\n'}
[13.610960] (xacro) StdoutLine: {'line': b'-- Up-to-date symlink: /root/Workspaces/rosgsthumble_ws/install/xacro/share/xacro/environment/completion.bash\n'}
[13.613161] (xacro) StdoutLine: {'line': b'-- Up-to-date symlink: /root/Workspaces/rosgsthumble_ws/install/xacro/share/xacro/environment/pythonpath.sh\n'}
[13.616595] (xacro) StdoutLine: {'line': b'-- Up-to-date symlink: /root/Workspaces/rosgsthumble_ws/install/xacro/share/xacro/environment/pythonpath.dsv\n'}
[13.618682] (-) TimerEvent: {}
[13.621649] (xacro) StdoutLine: {'line': b'-- Up-to-date symlink: /root/Workspaces/rosgsthumble_ws/install/xacro/lib/python3.6/site-packages/xacro-2.1.1-py3.6.egg-info/PKG-INFO\n'}
[13.624428] (xacro) StdoutLine: {'line': b'-- Up-to-date symlink: /root/Workspaces/rosgsthumble_ws/install/xacro/lib/python3.6/site-packages/xacro-2.1.1-py3.6.egg-info/SOURCES.txt\n'}
[13.631763] (xacro) StdoutLine: {'line': b'-- Up-to-date symlink: /root/Workspaces/rosgsthumble_ws/install/xacro/lib/python3.6/site-packages/xacro-2.1.1-py3.6.egg-info/dependency_links.txt\n'}
[13.632601] (xacro) StdoutLine: {'line': b'-- Up-to-date symlink: /root/Workspaces/rosgsthumble_ws/install/xacro/lib/python3.6/site-packages/xacro-2.1.1-py3.6.egg-info/entry_points.txt\n'}
[13.633206] (xacro) StdoutLine: {'line': b'-- Up-to-date symlink: /root/Workspaces/rosgsthumble_ws/install/xacro/lib/python3.6/site-packages/xacro-2.1.1-py3.6.egg-info/top_level.txt\n'}
[13.634001] (xacro) StdoutLine: {'line': b'-- Up-to-date symlink: /root/Workspaces/rosgsthumble_ws/install/xacro/lib/xacro//xacro\n'}
[13.641527] (xacro) StdoutLine: {'line': b'-- Up-to-date symlink: /root/Workspaces/rosgsthumble_ws/install/xacro/lib/python3.6/site-packages/xacro/__init__.py\n'}
[13.642345] (xacro) StdoutLine: {'line': b'-- Up-to-date symlink: /root/Workspaces/rosgsthumble_ws/install/xacro/lib/python3.6/site-packages/xacro/cli.py\n'}
[13.642905] (xacro) StdoutLine: {'line': b'-- Up-to-date symlink: /root/Workspaces/rosgsthumble_ws/install/xacro/lib/python3.6/site-packages/xacro/color.py\n'}
[13.643454] (xacro) StdoutLine: {'line': b'-- Up-to-date symlink: /root/Workspaces/rosgsthumble_ws/install/xacro/lib/python3.6/site-packages/xacro/substitution_args.py\n'}
[13.644020] (xacro) StdoutLine: {'line': b'-- Up-to-date symlink: /root/Workspaces/rosgsthumble_ws/install/xacro/lib/python3.6/site-packages/xacro/xmlutils.py\n'}
[13.651319] (xacro) StdoutLine: {'line': b'-- Up-to-date symlink: /root/Workspaces/rosgsthumble_ws/install/xacro/share/ament_index/resource_index/package_run_dependencies/xacro\n'}
[13.652098] (xacro) StdoutLine: {'line': b'-- Up-to-date symlink: /root/Workspaces/rosgsthumble_ws/install/xacro/share/ament_index/resource_index/parent_prefix_path/xacro\n'}
[13.652651] (xacro) StdoutLine: {'line': b'-- Up-to-date symlink: /root/Workspaces/rosgsthumble_ws/install/xacro/share/xacro/environment/ament_prefix_path.sh\n'}
[13.653225] (xacro) StdoutLine: {'line': b'-- Up-to-date symlink: /root/Workspaces/rosgsthumble_ws/install/xacro/share/xacro/environment/ament_prefix_path.dsv\n'}
[13.653833] (xacro) StdoutLine: {'line': b'-- Up-to-date symlink: /root/Workspaces/rosgsthumble_ws/install/xacro/share/xacro/environment/path.sh\n'}
[13.661408] (xacro) StdoutLine: {'line': b'-- Up-to-date symlink: /root/Workspaces/rosgsthumble_ws/install/xacro/share/xacro/environment/path.dsv\n'}
[13.662253] (xacro) StdoutLine: {'line': b'-- Up-to-date symlink: /root/Workspaces/rosgsthumble_ws/install/xacro/share/xacro/local_setup.bash\n'}
[13.662847] (xacro) StdoutLine: {'line': b'-- Up-to-date symlink: /root/Workspaces/rosgsthumble_ws/install/xacro/share/xacro/local_setup.sh\n'}
[13.663419] (xacro) StdoutLine: {'line': b'-- Up-to-date symlink: /root/Workspaces/rosgsthumble_ws/install/xacro/share/xacro/local_setup.zsh\n'}
[13.664158] (xacro) StdoutLine: {'line': b'-- Up-to-date symlink: /root/Workspaces/rosgsthumble_ws/install/xacro/share/xacro/local_setup.dsv\n'}
[13.671387] (xacro) StdoutLine: {'line': b'-- Symlinking: /root/Workspaces/rosgsthumble_ws/install/xacro/share/xacro/package.dsv\n'}
[13.685456] (xacro) StdoutLine: {'line': b'-- Up-to-date symlink: /root/Workspaces/rosgsthumble_ws/install/xacro/share/ament_index/resource_index/packages/xacro\n'}
[13.686322] (xacro) StdoutLine: {'line': b'-- Up-to-date symlink: /root/Workspaces/rosgsthumble_ws/install/xacro/share/xacro/cmake/xacro-extras.cmake\n'}
[13.686869] (xacro) StdoutLine: {'line': b'-- Up-to-date symlink: /root/Workspaces/rosgsthumble_ws/install/xacro/share/xacro/cmake/xacroConfig.cmake\n'}
[13.687393] (xacro) StdoutLine: {'line': b'-- Up-to-date symlink: /root/Workspaces/rosgsthumble_ws/install/xacro/share/xacro/cmake/xacroConfig-version.cmake\n'}
[13.687908] (xacro) StdoutLine: {'line': b'-- Up-to-date symlink: /root/Workspaces/rosgsthumble_ws/install/xacro/share/xacro/package.xml\n'}
[13.723989] (-) TimerEvent: {}
[13.785108] (realsense2_camera_msgs) CommandEnded: {'returncode': 0}
[13.834433] (-) TimerEvent: {}
[13.902204] (xacro) StdoutLine: {'line': b"Listing '/root/Workspaces/rosgsthumble_ws/install/xacro/lib/python3.6/site-packages/xacro'...\n"}
[13.934622] (-) TimerEvent: {}
[13.989987] (xacro) StdoutLine: {'line': b'-- Up-to-date: /root/Workspaces/rosgsthumble_ws/install/xacro/bin/\n'}
[13.991641] (xacro) StdoutLine: {'line': b'-- Installing: /root/Workspaces/rosgsthumble_ws/install/xacro/bin//xacro\n'}
[14.036118] (-) TimerEvent: {}
[14.139372] (-) TimerEvent: {}
[14.218517] (xacro) CommandEnded: {'returncode': 0}
[14.244643] (-) TimerEvent: {}
[14.366556] (-) TimerEvent: {}
[14.485087] (-) TimerEvent: {}
[14.594132] (-) TimerEvent: {}
[14.700699] (-) TimerEvent: {}
[14.807296] (-) TimerEvent: {}
[14.906523] (image_geometry) JobEnded: {'identifier': 'image_geometry', 'rc': 0}
[14.948387] (-) TimerEvent: {}
[14.961382] (gst_pipeline) JobStarted: {'identifier': 'gst_pipeline'}
[15.051567] (-) TimerEvent: {}
[15.159369] (-) TimerEvent: {}
[15.184648] (diagnostic_common_diagnostics) StdoutLine: {'line': b'running egg_info\n'}
[15.206664] (diagnostic_common_diagnostics) StdoutLine: {'line': b'writing diagnostic_common_diagnostics.egg-info/PKG-INFO\n'}
[15.217458] (diagnostic_common_diagnostics) StdoutLine: {'line': b'writing dependency_links to diagnostic_common_diagnostics.egg-info/dependency_links.txt\n'}
[15.219218] (diagnostic_common_diagnostics) StdoutLine: {'line': b'writing top-level names to diagnostic_common_diagnostics.egg-info/top_level.txt\n'}
[15.220814] (diagnostic_common_diagnostics) StdoutLine: {'line': b"reading manifest file 'diagnostic_common_diagnostics.egg-info/SOURCES.txt'\n"}
[15.222644] (diagnostic_common_diagnostics) StdoutLine: {'line': b"writing manifest file 'diagnostic_common_diagnostics.egg-info/SOURCES.txt'\n"}
[15.264679] (-) TimerEvent: {}
[15.313993] (diagnostic_common_diagnostics) StdoutLine: {'line': b'Built target ament_cmake_python_build_diagnostic_common_diagnostics_egg\n'}
[15.369902] (-) TimerEvent: {}
[15.433313] (xacro) JobEnded: {'identifier': 'xacro', 'rc': 0}
[15.503928] (-) TimerEvent: {}
[15.615058] (-) TimerEvent: {}
[15.716835] (-) TimerEvent: {}
[15.720345] (realsense2_camera_msgs) JobEnded: {'identifier': 'realsense2_camera_msgs', 'rc': 0}
[15.735110] (realsense2_camera) JobStarted: {'identifier': 'realsense2_camera'}
[15.817026] (-) TimerEvent: {}
[15.868157] (realsense2_description) JobStarted: {'identifier': 'realsense2_description'}
[15.920905] (-) TimerEvent: {}
[16.019601] (diagnostic_common_diagnostics) CommandEnded: {'returncode': 0}
[16.029896] (-) TimerEvent: {}
[16.039436] (gst_pipeline) JobProgress: {'identifier': 'gst_pipeline', 'progress': 'cmake'}
[16.043054] (gst_pipeline) Command: {'cmd': ['/usr/local/bin/cmake', '/root/Workspaces/rosgsthumble_ws/src/ros-gst-bridge/gst_pipeline', '-Wno-dev', '-DAMENT_CMAKE_SYMLINK_INSTALL=1', '-DCMAKE_INSTALL_PREFIX=/root/Workspaces/rosgsthumble_ws/install/gst_pipeline'], 'cwd': '/root/Workspaces/rosgsthumble_ws/build/gst_pipeline', 'env': OrderedDict([('OPENBLAS_CORETYPE', 'ARMV8'), ('PYTHONIOENCODING', 'utf-8'), ('HOSTNAME', 'nano'), ('LD_LIBRARY_PATH', '/root/Workspaces/rosgsthumble_ws/install/gst_bridge/lib:/root/Workspaces/rosgsthumble_ws/install/gst_msgs/lib:/root/Workspaces/rosgsthumble_ws/install/cv_bridge/lib:/root/Workspaces/rosgsthumble_ws/install/audio_msgs/lib:/root/Workspaces/rosgsthumble_ws/install/realsense2_camera/lib:/root/Workspaces/rosgsthumble_ws/install/realsense2_camera_msgs/lib:/root/Workspaces/rosgsthumble_ws/install/image_geometry/lib:/root/Workspaces/rosgsthumble_ws/install/gst_pipeline_plugins/lib:/root/Workspaces/rosgsthumble_ws/install/gst_pipeline/lib:/root/Workspaces/rosgsthumble_ws/install/diagnostic_updater/lib:/opt/ros/humble/install/opt/rviz_ogre_vendor/lib:/opt/ros/humble/install/lib:/usr/local/cuda-10.2/targets/aarch64-linux/lib'), ('SHLVL', '1'), ('OLDPWD', '/root/Workspaces'), ('HOME', '/root'), ('ROS_PYTHON_VERSION', '3'), ('COLCON_PREFIX_PATH', '/opt/ros/humble/install:/root/Workspaces/rosgsthumble_ws/install'), ('ROS_DISTRO', 'humble'), ('PULSE_SERVER', 'unix:/run/user/1000/pulse/native'), ('_', '/usr/bin/colcon'), ('ROS_VERSION', '2'), ('NVIDIA_DRIVER_CAPABILITIES', 'compute,utility,graphics'), ('PKG_CONFIG_PATH', '/opt/ros/humble/install/lib/aarch64-linux-gnu/pkgconfig:/opt/ros/humble/install/lib/pkgconfig'), ('TERM', 'xterm'), ('ROS_LOCALHOST_ONLY', '0'), ('PATH', '/root/Workspaces/rosgsthumble_ws/install/xacro/bin:/opt/ros/humble/install/bin:/usr/local/cuda-10.2/bin:/usr/local/cuda/bin:/usr/local/sbin:/usr/local/bin:/usr/sbin:/usr/bin:/sbin:/bin'), ('XDG_RUNTIME_DIR', '/run/user/1000'), ('DISPLAY', ''), ('LANG', 'en_US.UTF-8'), ('RMW_IMPLEMENTATION', 'rmw_cyclonedds_cpp'), ('LS_COLORS', 'rs=0:di=01;34:ln=01;36:mh=00:pi=40;33:so=01;35:do=01;35:bd=40;33;01:cd=40;33;01:or=40;31;01:mi=00:su=37;41:sg=30;43:ca=30;41:tw=30;42:ow=34;42:st=37;44:ex=01;32:*.tar=01;31:*.tgz=01;31:*.arc=01;31:*.arj=01;31:*.taz=01;31:*.lha=01;31:*.lz4=01;31:*.lzh=01;31:*.lzma=01;31:*.tlz=01;31:*.txz=01;31:*.tzo=01;31:*.t7z=01;31:*.zip=01;31:*.z=01;31:*.Z=01;31:*.dz=01;31:*.gz=01;31:*.lrz=01;31:*.lz=01;31:*.lzo=01;31:*.xz=01;31:*.zst=01;31:*.tzst=01;31:*.bz2=01;31:*.bz=01;31:*.tbz=01;31:*.tbz2=01;31:*.tz=01;31:*.deb=01;31:*.rpm=01;31:*.jar=01;31:*.war=01;31:*.ear=01;31:*.sar=01;31:*.rar=01;31:*.alz=01;31:*.ace=01;31:*.zoo=01;31:*.cpio=01;31:*.7z=01;31:*.rz=01;31:*.cab=01;31:*.wim=01;31:*.swm=01;31:*.dwm=01;31:*.esd=01;31:*.jpg=01;35:*.jpeg=01;35:*.mjpg=01;35:*.mjpeg=01;35:*.gif=01;35:*.bmp=01;35:*.pbm=01;35:*.pgm=01;35:*.ppm=01;35:*.tga=01;35:*.xbm=01;35:*.xpm=01;35:*.tif=01;35:*.tiff=01;35:*.png=01;35:*.svg=01;35:*.svgz=01;35:*.mng=01;35:*.pcx=01;35:*.mov=01;35:*.mpg=01;35:*.mpeg=01;35:*.m2v=01;35:*.mkv=01;35:*.webm=01;35:*.ogm=01;35:*.mp4=01;35:*.m4v=01;35:*.mp4v=01;35:*.vob=01;35:*.qt=01;35:*.nuv=01;35:*.wmv=01;35:*.asf=01;35:*.rm=01;35:*.rmvb=01;35:*.flc=01;35:*.avi=01;35:*.fli=01;35:*.flv=01;35:*.gl=01;35:*.dl=01;35:*.xcf=01;35:*.xwd=01;35:*.yuv=01;35:*.cgm=01;35:*.emf=01;35:*.ogv=01;35:*.ogx=01;35:*.aac=00;36:*.au=00;36:*.flac=00;36:*.m4a=00;36:*.mid=00;36:*.midi=00;36:*.mka=00;36:*.mp3=00;36:*.mpc=00;36:*.ogg=00;36:*.ra=00;36:*.wav=00;36:*.oga=00;36:*.opus=00;36:*.spx=00;36:*.xspf=00;36:'), ('ROS_ROOT', '/opt/ros/humble'), ('AMENT_PREFIX_PATH', '/root/Workspaces/rosgsthumble_ws/install/gst_bridge:/root/Workspaces/rosgsthumble_ws/install/gst_msgs:/root/Workspaces/rosgsthumble_ws/install/cv_bridge:/root/Workspaces/rosgsthumble_ws/install/audio_msgs:/opt/ros/humble/install'), ('DEBIAN_FRONTEND', 'noninteractive'), ('GST_PLUGIN_PATH', '/root/Workspaces/rosgsthumble_ws/install/gst_bridge/lib/gst_bridge/'), ('SHELL', '/bin/bash'), ('PWD', '/root/Workspaces/rosgsthumble_ws/build/gst_pipeline'), ('PYTHONPATH', '/root/Workspaces/rosgsthumble_ws/install/gst_msgs/lib/python3.6/site-packages:/root/Workspaces/rosgsthumble_ws/install/cv_bridge/lib/python3.6/site-packages:/root/Workspaces/rosgsthumble_ws/install/audio_msgs/lib/python3.6/site-packages:/root/Workspaces/rosgsthumble_ws/install/xacro/lib/python3.6/site-packages:/root/Workspaces/rosgsthumble_ws/install/realsense2_camera_msgs/lib/python3.6/site-packages:/root/Workspaces/rosgsthumble_ws/install/image_geometry/lib/python3.6/site-packages:/root/Workspaces/rosgsthumble_ws/install/diagnostic_common_diagnostics/lib/python3.6/site-packages:/root/Workspaces/rosgsthumble_ws/install/diagnostic_updater/lib/python3.6/site-packages:/opt/ros/humble/install/lib/python3.6/site-packages'), ('NVIDIA_VISIBLE_DEVICES', 'all'), ('COLCON', '1'), ('CMAKE_PREFIX_PATH', '/root/Workspaces/rosgsthumble_ws/install/gst_bridge:/root/Workspaces/rosgsthumble_ws/install/gst_msgs:/root/Workspaces/rosgsthumble_ws/install/cv_bridge:/root/Workspaces/rosgsthumble_ws/install/audio_msgs:/opt/ros/humble/install')]), 'shell': False}
[16.065459] (realsense2_camera) JobProgress: {'identifier': 'realsense2_camera', 'progress': 'cmake'}
[16.069301] (realsense2_camera) JobProgress: {'identifier': 'realsense2_camera', 'progress': 'build'}
[16.071641] (realsense2_camera) Command: {'cmd': ['/usr/local/bin/cmake', '--build', '/root/Workspaces/rosgsthumble_ws/build/realsense2_camera', '--', '-j4', '-l4'], 'cwd': '/root/Workspaces/rosgsthumble_ws/build/realsense2_camera', 'env': OrderedDict([('OPENBLAS_CORETYPE', 'ARMV8'), ('PYTHONIOENCODING', 'utf-8'), ('HOSTNAME', 'nano'), ('LD_LIBRARY_PATH', '/root/Workspaces/rosgsthumble_ws/install/realsense2_camera_msgs/lib:/root/Workspaces/rosgsthumble_ws/install/cv_bridge/lib:/root/Workspaces/rosgsthumble_ws/install/realsense2_camera/lib:/root/Workspaces/rosgsthumble_ws/install/image_geometry/lib:/root/Workspaces/rosgsthumble_ws/install/gst_pipeline_plugins/lib:/root/Workspaces/rosgsthumble_ws/install/gst_pipeline/lib:/root/Workspaces/rosgsthumble_ws/install/gst_msgs/lib:/root/Workspaces/rosgsthumble_ws/install/gst_bridge/lib:/root/Workspaces/rosgsthumble_ws/install/diagnostic_updater/lib:/root/Workspaces/rosgsthumble_ws/install/audio_msgs/lib:/opt/ros/humble/install/opt/rviz_ogre_vendor/lib:/opt/ros/humble/install/lib:/usr/local/cuda-10.2/targets/aarch64-linux/lib'), ('SHLVL', '1'), ('OLDPWD', '/root/Workspaces'), ('HOME', '/root'), ('ROS_PYTHON_VERSION', '3'), ('COLCON_PREFIX_PATH', '/opt/ros/humble/install:/root/Workspaces/rosgsthumble_ws/install'), ('ROS_DISTRO', 'humble'), ('PULSE_SERVER', 'unix:/run/user/1000/pulse/native'), ('_', '/usr/bin/colcon'), ('ROS_VERSION', '2'), ('NVIDIA_DRIVER_CAPABILITIES', 'compute,utility,graphics'), ('PKG_CONFIG_PATH', '/opt/ros/humble/install/lib/aarch64-linux-gnu/pkgconfig:/opt/ros/humble/install/lib/pkgconfig'), ('TERM', 'xterm'), ('ROS_LOCALHOST_ONLY', '0'), ('PATH', '/root/Workspaces/rosgsthumble_ws/install/xacro/bin:/opt/ros/humble/install/bin:/usr/local/cuda-10.2/bin:/usr/local/cuda/bin:/usr/local/sbin:/usr/local/bin:/usr/sbin:/usr/bin:/sbin:/bin'), ('XDG_RUNTIME_DIR', '/run/user/1000'), ('DISPLAY', ''), ('LANG', 'en_US.UTF-8'), ('RMW_IMPLEMENTATION', 'rmw_cyclonedds_cpp'), ('LS_COLORS', 'rs=0:di=01;34:ln=01;36:mh=00:pi=40;33:so=01;35:do=01;35:bd=40;33;01:cd=40;33;01:or=40;31;01:mi=00:su=37;41:sg=30;43:ca=30;41:tw=30;42:ow=34;42:st=37;44:ex=01;32:*.tar=01;31:*.tgz=01;31:*.arc=01;31:*.arj=01;31:*.taz=01;31:*.lha=01;31:*.lz4=01;31:*.lzh=01;31:*.lzma=01;31:*.tlz=01;31:*.txz=01;31:*.tzo=01;31:*.t7z=01;31:*.zip=01;31:*.z=01;31:*.Z=01;31:*.dz=01;31:*.gz=01;31:*.lrz=01;31:*.lz=01;31:*.lzo=01;31:*.xz=01;31:*.zst=01;31:*.tzst=01;31:*.bz2=01;31:*.bz=01;31:*.tbz=01;31:*.tbz2=01;31:*.tz=01;31:*.deb=01;31:*.rpm=01;31:*.jar=01;31:*.war=01;31:*.ear=01;31:*.sar=01;31:*.rar=01;31:*.alz=01;31:*.ace=01;31:*.zoo=01;31:*.cpio=01;31:*.7z=01;31:*.rz=01;31:*.cab=01;31:*.wim=01;31:*.swm=01;31:*.dwm=01;31:*.esd=01;31:*.jpg=01;35:*.jpeg=01;35:*.mjpg=01;35:*.mjpeg=01;35:*.gif=01;35:*.bmp=01;35:*.pbm=01;35:*.pgm=01;35:*.ppm=01;35:*.tga=01;35:*.xbm=01;35:*.xpm=01;35:*.tif=01;35:*.tiff=01;35:*.png=01;35:*.svg=01;35:*.svgz=01;35:*.mng=01;35:*.pcx=01;35:*.mov=01;35:*.mpg=01;35:*.mpeg=01;35:*.m2v=01;35:*.mkv=01;35:*.webm=01;35:*.ogm=01;35:*.mp4=01;35:*.m4v=01;35:*.mp4v=01;35:*.vob=01;35:*.qt=01;35:*.nuv=01;35:*.wmv=01;35:*.asf=01;35:*.rm=01;35:*.rmvb=01;35:*.flc=01;35:*.avi=01;35:*.fli=01;35:*.flv=01;35:*.gl=01;35:*.dl=01;35:*.xcf=01;35:*.xwd=01;35:*.yuv=01;35:*.cgm=01;35:*.emf=01;35:*.ogv=01;35:*.ogx=01;35:*.aac=00;36:*.au=00;36:*.flac=00;36:*.m4a=00;36:*.mid=00;36:*.midi=00;36:*.mka=00;36:*.mp3=00;36:*.mpc=00;36:*.ogg=00;36:*.ra=00;36:*.wav=00;36:*.oga=00;36:*.opus=00;36:*.spx=00;36:*.xspf=00;36:'), ('ROS_ROOT', '/opt/ros/humble'), ('AMENT_PREFIX_PATH', '/root/Workspaces/rosgsthumble_ws/install/realsense2_camera_msgs:/root/Workspaces/rosgsthumble_ws/install/diagnostic_updater:/root/Workspaces/rosgsthumble_ws/install/cv_bridge:/opt/ros/humble/install'), ('DEBIAN_FRONTEND', 'noninteractive'), ('GST_PLUGIN_PATH', '/root/Workspaces/rosgsthumble_ws/install/gst_bridge/lib/gst_bridge/'), ('SHELL', '/bin/bash'), ('PWD', '/root/Workspaces/rosgsthumble_ws/build/realsense2_camera'), ('PYTHONPATH', '/root/Workspaces/rosgsthumble_ws/install/realsense2_camera_msgs/lib/python3.6/site-packages:/root/Workspaces/rosgsthumble_ws/install/diagnostic_updater/lib/python3.6/site-packages:/root/Workspaces/rosgsthumble_ws/install/cv_bridge/lib/python3.6/site-packages:/root/Workspaces/rosgsthumble_ws/install/xacro/lib/python3.6/site-packages:/root/Workspaces/rosgsthumble_ws/install/image_geometry/lib/python3.6/site-packages:/root/Workspaces/rosgsthumble_ws/install/gst_msgs/lib/python3.6/site-packages:/root/Workspaces/rosgsthumble_ws/install/diagnostic_common_diagnostics/lib/python3.6/site-packages:/root/Workspaces/rosgsthumble_ws/install/audio_msgs/lib/python3.6/site-packages:/opt/ros/humble/install/lib/python3.6/site-packages'), ('NVIDIA_VISIBLE_DEVICES', 'all'), ('COLCON', '1'), ('CMAKE_PREFIX_PATH', '/root/Workspaces/rosgsthumble_ws/install/realsense2_camera_msgs:/root/Workspaces/rosgsthumble_ws/install/diagnostic_updater:/root/Workspaces/rosgsthumble_ws/install/cv_bridge:/opt/ros/humble/install')]), 'shell': False}
[16.100632] (realsense2_description) JobProgress: {'identifier': 'realsense2_description', 'progress': 'cmake'}
[16.101377] (realsense2_description) JobProgress: {'identifier': 'realsense2_description', 'progress': 'build'}
[16.101712] (realsense2_description) Command: {'cmd': ['/usr/local/bin/cmake', '--build', '/root/Workspaces/rosgsthumble_ws/build/realsense2_description', '--', '-j4', '-l4'], 'cwd': '/root/Workspaces/rosgsthumble_ws/build/realsense2_description', 'env': OrderedDict([('OPENBLAS_CORETYPE', 'ARMV8'), ('PYTHONIOENCODING', 'utf-8'), ('HOSTNAME', 'nano'), ('LD_LIBRARY_PATH', '/root/Workspaces/rosgsthumble_ws/install/realsense2_camera_msgs/lib:/root/Workspaces/rosgsthumble_ws/install/realsense2_camera/lib:/root/Workspaces/rosgsthumble_ws/install/image_geometry/lib:/root/Workspaces/rosgsthumble_ws/install/gst_pipeline_plugins/lib:/root/Workspaces/rosgsthumble_ws/install/gst_pipeline/lib:/root/Workspaces/rosgsthumble_ws/install/gst_msgs/lib:/root/Workspaces/rosgsthumble_ws/install/gst_bridge/lib:/root/Workspaces/rosgsthumble_ws/install/diagnostic_updater/lib:/root/Workspaces/rosgsthumble_ws/install/cv_bridge/lib:/root/Workspaces/rosgsthumble_ws/install/audio_msgs/lib:/opt/ros/humble/install/opt/rviz_ogre_vendor/lib:/opt/ros/humble/install/lib:/usr/local/cuda-10.2/targets/aarch64-linux/lib'), ('SHLVL', '1'), ('OLDPWD', '/root/Workspaces'), ('HOME', '/root'), ('ROS_PYTHON_VERSION', '3'), ('COLCON_PREFIX_PATH', '/opt/ros/humble/install:/root/Workspaces/rosgsthumble_ws/install'), ('ROS_DISTRO', 'humble'), ('PULSE_SERVER', 'unix:/run/user/1000/pulse/native'), ('_', '/usr/bin/colcon'), ('ROS_VERSION', '2'), ('NVIDIA_DRIVER_CAPABILITIES', 'compute,utility,graphics'), ('PKG_CONFIG_PATH', '/opt/ros/humble/install/lib/aarch64-linux-gnu/pkgconfig:/opt/ros/humble/install/lib/pkgconfig'), ('TERM', 'xterm'), ('ROS_LOCALHOST_ONLY', '0'), ('PATH', '/root/Workspaces/rosgsthumble_ws/install/xacro/bin:/opt/ros/humble/install/bin:/usr/local/cuda-10.2/bin:/usr/local/cuda/bin:/usr/local/sbin:/usr/local/bin:/usr/sbin:/usr/bin:/sbin:/bin'), ('XDG_RUNTIME_DIR', '/run/user/1000'), ('DISPLAY', ''), ('LANG', 'en_US.UTF-8'), ('RMW_IMPLEMENTATION', 'rmw_cyclonedds_cpp'), ('LS_COLORS', 'rs=0:di=01;34:ln=01;36:mh=00:pi=40;33:so=01;35:do=01;35:bd=40;33;01:cd=40;33;01:or=40;31;01:mi=00:su=37;41:sg=30;43:ca=30;41:tw=30;42:ow=34;42:st=37;44:ex=01;32:*.tar=01;31:*.tgz=01;31:*.arc=01;31:*.arj=01;31:*.taz=01;31:*.lha=01;31:*.lz4=01;31:*.lzh=01;31:*.lzma=01;31:*.tlz=01;31:*.txz=01;31:*.tzo=01;31:*.t7z=01;31:*.zip=01;31:*.z=01;31:*.Z=01;31:*.dz=01;31:*.gz=01;31:*.lrz=01;31:*.lz=01;31:*.lzo=01;31:*.xz=01;31:*.zst=01;31:*.tzst=01;31:*.bz2=01;31:*.bz=01;31:*.tbz=01;31:*.tbz2=01;31:*.tz=01;31:*.deb=01;31:*.rpm=01;31:*.jar=01;31:*.war=01;31:*.ear=01;31:*.sar=01;31:*.rar=01;31:*.alz=01;31:*.ace=01;31:*.zoo=01;31:*.cpio=01;31:*.7z=01;31:*.rz=01;31:*.cab=01;31:*.wim=01;31:*.swm=01;31:*.dwm=01;31:*.esd=01;31:*.jpg=01;35:*.jpeg=01;35:*.mjpg=01;35:*.mjpeg=01;35:*.gif=01;35:*.bmp=01;35:*.pbm=01;35:*.pgm=01;35:*.ppm=01;35:*.tga=01;35:*.xbm=01;35:*.xpm=01;35:*.tif=01;35:*.tiff=01;35:*.png=01;35:*.svg=01;35:*.svgz=01;35:*.mng=01;35:*.pcx=01;35:*.mov=01;35:*.mpg=01;35:*.mpeg=01;35:*.m2v=01;35:*.mkv=01;35:*.webm=01;35:*.ogm=01;35:*.mp4=01;35:*.m4v=01;35:*.mp4v=01;35:*.vob=01;35:*.qt=01;35:*.nuv=01;35:*.wmv=01;35:*.asf=01;35:*.rm=01;35:*.rmvb=01;35:*.flc=01;35:*.avi=01;35:*.fli=01;35:*.flv=01;35:*.gl=01;35:*.dl=01;35:*.xcf=01;35:*.xwd=01;35:*.yuv=01;35:*.cgm=01;35:*.emf=01;35:*.ogv=01;35:*.ogx=01;35:*.aac=00;36:*.au=00;36:*.flac=00;36:*.m4a=00;36:*.mid=00;36:*.midi=00;36:*.mka=00;36:*.mp3=00;36:*.mpc=00;36:*.ogg=00;36:*.ra=00;36:*.wav=00;36:*.oga=00;36:*.opus=00;36:*.spx=00;36:*.xspf=00;36:'), ('ROS_ROOT', '/opt/ros/humble'), ('AMENT_PREFIX_PATH', '/root/Workspaces/rosgsthumble_ws/install/xacro:/root/Workspaces/rosgsthumble_ws/install/realsense2_camera_msgs:/opt/ros/humble/install'), ('DEBIAN_FRONTEND', 'noninteractive'), ('GST_PLUGIN_PATH', '/root/Workspaces/rosgsthumble_ws/install/gst_bridge/lib/gst_bridge/'), ('SHELL', '/bin/bash'), ('PWD', '/root/Workspaces/rosgsthumble_ws/build/realsense2_description'), ('PYTHONPATH', '/root/Workspaces/rosgsthumble_ws/install/xacro/lib/python3.6/site-packages:/root/Workspaces/rosgsthumble_ws/install/realsense2_camera_msgs/lib/python3.6/site-packages:/root/Workspaces/rosgsthumble_ws/install/image_geometry/lib/python3.6/site-packages:/root/Workspaces/rosgsthumble_ws/install/gst_msgs/lib/python3.6/site-packages:/root/Workspaces/rosgsthumble_ws/install/diagnostic_common_diagnostics/lib/python3.6/site-packages:/root/Workspaces/rosgsthumble_ws/install/diagnostic_updater/lib/python3.6/site-packages:/root/Workspaces/rosgsthumble_ws/install/cv_bridge/lib/python3.6/site-packages:/root/Workspaces/rosgsthumble_ws/install/audio_msgs/lib/python3.6/site-packages:/opt/ros/humble/install/lib/python3.6/site-packages'), ('NVIDIA_VISIBLE_DEVICES', 'all'), ('COLCON', '1'), ('CMAKE_PREFIX_PATH', '/root/Workspaces/rosgsthumble_ws/install/xacro:/root/Workspaces/rosgsthumble_ws/install/realsense2_camera_msgs:/opt/ros/humble/install')]), 'shell': False}
[16.130034] (-) TimerEvent: {}
[16.231714] (-) TimerEvent: {}
[16.292317] (gst_pipeline) StdoutLine: {'line': b'-- Found ament_cmake: 1.3.5 (/opt/ros/humble/install/share/ament_cmake/cmake)\n'}
[16.331919] (-) TimerEvent: {}
[16.342975] (diagnostic_common_diagnostics) JobProgress: {'identifier': 'diagnostic_common_diagnostics', 'progress': 'install'}
[16.344403] (diagnostic_common_diagnostics) Command: {'cmd': ['/usr/local/bin/cmake', '--install', '/root/Workspaces/rosgsthumble_ws/build/diagnostic_common_diagnostics'], 'cwd': '/root/Workspaces/rosgsthumble_ws/build/diagnostic_common_diagnostics', 'env': OrderedDict([('OPENBLAS_CORETYPE', 'ARMV8'), ('PYTHONIOENCODING', 'utf-8'), ('HOSTNAME', 'nano'), ('LD_LIBRARY_PATH', '/root/Workspaces/rosgsthumble_ws/install/realsense2_camera/lib:/root/Workspaces/rosgsthumble_ws/install/realsense2_camera_msgs/lib:/root/Workspaces/rosgsthumble_ws/install/image_geometry/lib:/root/Workspaces/rosgsthumble_ws/install/gst_pipeline_plugins/lib:/root/Workspaces/rosgsthumble_ws/install/gst_pipeline/lib:/root/Workspaces/rosgsthumble_ws/install/gst_msgs/lib:/root/Workspaces/rosgsthumble_ws/install/gst_bridge/lib:/root/Workspaces/rosgsthumble_ws/install/diagnostic_updater/lib:/root/Workspaces/rosgsthumble_ws/install/cv_bridge/lib:/root/Workspaces/rosgsthumble_ws/install/audio_msgs/lib:/opt/ros/humble/install/opt/rviz_ogre_vendor/lib:/opt/ros/humble/install/lib:/usr/local/cuda-10.2/targets/aarch64-linux/lib:'), ('SHLVL', '1'), ('OLDPWD', '/root/Workspaces'), ('HOME', '/root'), ('ROS_PYTHON_VERSION', '3'), ('COLCON_PREFIX_PATH', '/opt/ros/humble/install:/root/Workspaces/rosgsthumble_ws/install'), ('ROS_DISTRO', 'humble'), ('PULSE_SERVER', 'unix:/run/user/1000/pulse/native'), ('_', '/usr/bin/colcon'), ('ROS_VERSION', '2'), ('NVIDIA_DRIVER_CAPABILITIES', 'compute,utility,graphics'), ('PKG_CONFIG_PATH', '/opt/ros/humble/install/lib/aarch64-linux-gnu/pkgconfig:/opt/ros/humble/install/lib/pkgconfig'), ('TERM', 'xterm'), ('ROS_LOCALHOST_ONLY', '0'), ('PATH', '/root/Workspaces/rosgsthumble_ws/install/xacro/bin:/opt/ros/humble/install/bin:/usr/local/cuda-10.2/bin:/usr/local/cuda/bin:/usr/local/sbin:/usr/local/bin:/usr/sbin:/usr/bin:/sbin:/bin'), ('XDG_RUNTIME_DIR', '/run/user/1000'), ('DISPLAY', ''), ('LANG', 'en_US.UTF-8'), ('RMW_IMPLEMENTATION', 'rmw_cyclonedds_cpp'), ('LS_COLORS', 'rs=0:di=01;34:ln=01;36:mh=00:pi=40;33:so=01;35:do=01;35:bd=40;33;01:cd=40;33;01:or=40;31;01:mi=00:su=37;41:sg=30;43:ca=30;41:tw=30;42:ow=34;42:st=37;44:ex=01;32:*.tar=01;31:*.tgz=01;31:*.arc=01;31:*.arj=01;31:*.taz=01;31:*.lha=01;31:*.lz4=01;31:*.lzh=01;31:*.lzma=01;31:*.tlz=01;31:*.txz=01;31:*.tzo=01;31:*.t7z=01;31:*.zip=01;31:*.z=01;31:*.Z=01;31:*.dz=01;31:*.gz=01;31:*.lrz=01;31:*.lz=01;31:*.lzo=01;31:*.xz=01;31:*.zst=01;31:*.tzst=01;31:*.bz2=01;31:*.bz=01;31:*.tbz=01;31:*.tbz2=01;31:*.tz=01;31:*.deb=01;31:*.rpm=01;31:*.jar=01;31:*.war=01;31:*.ear=01;31:*.sar=01;31:*.rar=01;31:*.alz=01;31:*.ace=01;31:*.zoo=01;31:*.cpio=01;31:*.7z=01;31:*.rz=01;31:*.cab=01;31:*.wim=01;31:*.swm=01;31:*.dwm=01;31:*.esd=01;31:*.jpg=01;35:*.jpeg=01;35:*.mjpg=01;35:*.mjpeg=01;35:*.gif=01;35:*.bmp=01;35:*.pbm=01;35:*.pgm=01;35:*.ppm=01;35:*.tga=01;35:*.xbm=01;35:*.xpm=01;35:*.tif=01;35:*.tiff=01;35:*.png=01;35:*.svg=01;35:*.svgz=01;35:*.mng=01;35:*.pcx=01;35:*.mov=01;35:*.mpg=01;35:*.mpeg=01;35:*.m2v=01;35:*.mkv=01;35:*.webm=01;35:*.ogm=01;35:*.mp4=01;35:*.m4v=01;35:*.mp4v=01;35:*.vob=01;35:*.qt=01;35:*.nuv=01;35:*.wmv=01;35:*.asf=01;35:*.rm=01;35:*.rmvb=01;35:*.flc=01;35:*.avi=01;35:*.fli=01;35:*.flv=01;35:*.gl=01;35:*.dl=01;35:*.xcf=01;35:*.xwd=01;35:*.yuv=01;35:*.cgm=01;35:*.emf=01;35:*.ogv=01;35:*.ogx=01;35:*.aac=00;36:*.au=00;36:*.flac=00;36:*.m4a=00;36:*.mid=00;36:*.midi=00;36:*.mka=00;36:*.mp3=00;36:*.mpc=00;36:*.ogg=00;36:*.ra=00;36:*.wav=00;36:*.oga=00;36:*.opus=00;36:*.spx=00;36:*.xspf=00;36:'), ('ROS_ROOT', '/opt/ros/humble'), ('AMENT_PREFIX_PATH', '/root/Workspaces/rosgsthumble_ws/install/diagnostic_updater:/opt/ros/humble/install'), ('DEBIAN_FRONTEND', 'noninteractive'), ('GST_PLUGIN_PATH', '/root/Workspaces/rosgsthumble_ws/install/gst_bridge/lib/gst_bridge/'), ('SHELL', '/bin/bash'), ('PWD', '/root/Workspaces/rosgsthumble_ws/build/diagnostic_common_diagnostics'), ('PYTHONPATH', '/root/Workspaces/rosgsthumble_ws/install/diagnostic_updater/lib/python3.6/site-packages:/root/Workspaces/rosgsthumble_ws/install/xacro/lib/python3.6/site-packages:/root/Workspaces/rosgsthumble_ws/install/realsense2_camera_msgs/lib/python3.6/site-packages:/root/Workspaces/rosgsthumble_ws/install/image_geometry/lib/python3.6/site-packages:/root/Workspaces/rosgsthumble_ws/install/gst_msgs/lib/python3.6/site-packages:/root/Workspaces/rosgsthumble_ws/install/diagnostic_common_diagnostics/lib/python3.6/site-packages:/root/Workspaces/rosgsthumble_ws/install/cv_bridge/lib/python3.6/site-packages:/root/Workspaces/rosgsthumble_ws/install/audio_msgs/lib/python3.6/site-packages:/opt/ros/humble/install/lib/python3.6/site-packages'), ('NVIDIA_VISIBLE_DEVICES', 'all'), ('COLCON', '1'), ('CMAKE_PREFIX_PATH', '/root/Workspaces/rosgsthumble_ws/install/diagnostic_updater:/opt/ros/humble/install')]), 'shell': False}
[16.432138] (-) TimerEvent: {}
[16.452720] (realsense2_camera) StdoutLine: {'line': b'[  9%] Built target realsense2_camera_node\n'}
[16.492557] (realsense2_camera) StdoutLine: {'line': b'[ 18%] Built target gtest\n'}
[16.493527] (realsense2_camera) StdoutLine: {'line': b'[ 27%] Built target gtest_main\n'}
[16.505539] (realsense2_description) CommandEnded: {'returncode': 0}
[16.532381] (-) TimerEvent: {}
[16.553499] (realsense2_camera) StdoutLine: {'line': b'[ 90%] Built target realsense2_camera\n'}
[16.584338] (realsense2_camera) StdoutLine: {'line': b'[100%] Built target gtest_template\n'}
[16.595676] (diagnostic_common_diagnostics) StdoutLine: {'line': b'-- Install configuration: ""\n'}
[16.598508] (diagnostic_common_diagnostics) StdoutLine: {'line': b'-- Execute custom install script\n'}
[16.601728] (diagnostic_common_diagnostics) StdoutLine: {'line': b'-- Up-to-date symlink: /root/Workspaces/rosgsthumble_ws/install/diagnostic_common_diagnostics/share/diagnostic_common_diagnostics/environment/pythonpath.sh\n'}
[16.605151] (diagnostic_common_diagnostics) StdoutLine: {'line': b'-- Up-to-date symlink: /root/Workspaces/rosgsthumble_ws/install/diagnostic_common_diagnostics/share/diagnostic_common_diagnostics/environment/pythonpath.dsv\n'}
[16.609795] (diagnostic_common_diagnostics) StdoutLine: {'line': b'-- Up-to-date symlink: /root/Workspaces/rosgsthumble_ws/install/diagnostic_common_diagnostics/lib/python3.6/site-packages/diagnostic_common_diagnostics-4.0.6-py3.6.egg-info/PKG-INFO\n'}
[16.615396] (diagnostic_common_diagnostics) StdoutLine: {'line': b'-- Up-to-date symlink: /root/Workspaces/rosgsthumble_ws/install/diagnostic_common_diagnostics/lib/python3.6/site-packages/diagnostic_common_diagnostics-4.0.6-py3.6.egg-info/SOURCES.txt\n'}
[16.619807] (diagnostic_common_diagnostics) StdoutLine: {'line': b'-- Up-to-date symlink: /root/Workspaces/rosgsthumble_ws/install/diagnostic_common_diagnostics/lib/python3.6/site-packages/diagnostic_common_diagnostics-4.0.6-py3.6.egg-info/dependency_links.txt\n'}
[16.623884] (diagnostic_common_diagnostics) StdoutLine: {'line': b'-- Up-to-date symlink: /root/Workspaces/rosgsthumble_ws/install/diagnostic_common_diagnostics/lib/python3.6/site-packages/diagnostic_common_diagnostics-4.0.6-py3.6.egg-info/top_level.txt\n'}
[16.624609] (diagnostic_common_diagnostics) StdoutLine: {'line': b'-- Up-to-date symlink: /root/Workspaces/rosgsthumble_ws/install/diagnostic_common_diagnostics/lib/python3.6/site-packages/diagnostic_common_diagnostics/__init__.py\n'}
[16.625279] (diagnostic_common_diagnostics) StdoutLine: {'line': b'-- Up-to-date symlink: /root/Workspaces/rosgsthumble_ws/install/diagnostic_common_diagnostics/lib/python3.6/site-packages/diagnostic_common_diagnostics/cpu_monitor.py\n'}
[16.628861] (diagnostic_common_diagnostics) StdoutLine: {'line': b'-- Up-to-date symlink: /root/Workspaces/rosgsthumble_ws/install/diagnostic_common_diagnostics/lib/python3.6/site-packages/diagnostic_common_diagnostics/hd_monitor.py\n'}
[16.630477] (diagnostic_common_diagnostics) StdoutLine: {'line': b'-- Up-to-date symlink: /root/Workspaces/rosgsthumble_ws/install/diagnostic_common_diagnostics/lib/python3.6/site-packages/diagnostic_common_diagnostics/ntp_monitor.py\n'}
[16.631058] (diagnostic_common_diagnostics) StdoutLine: {'line': b'-- Up-to-date symlink: /root/Workspaces/rosgsthumble_ws/install/diagnostic_common_diagnostics/lib/python3.6/site-packages/diagnostic_common_diagnostics/ram_monitor.py\n'}
[16.631660] (diagnostic_common_diagnostics) StdoutLine: {'line': b'-- Up-to-date symlink: /root/Workspaces/rosgsthumble_ws/install/diagnostic_common_diagnostics/lib/python3.6/site-packages/diagnostic_common_diagnostics/sensors_monitor.py\n'}
[16.632304] (diagnostic_common_diagnostics) StdoutLine: {'line': b'-- Up-to-date symlink: /root/Workspaces/rosgsthumble_ws/install/diagnostic_common_diagnostics/lib/diagnostic_common_diagnostics/cpu_monitor.py\n'}
[16.632888] (-) TimerEvent: {}
[16.638122] (diagnostic_common_diagnostics) StdoutLine: {'line': b'-- Up-to-date symlink: /root/Workspaces/rosgsthumble_ws/install/diagnostic_common_diagnostics/lib/diagnostic_common_diagnostics/ntp_monitor.py\n'}
[16.639647] (diagnostic_common_diagnostics) StdoutLine: {'line': b'-- Up-to-date symlink: /root/Workspaces/rosgsthumble_ws/install/diagnostic_common_diagnostics/lib/diagnostic_common_diagnostics/ram_monitor.py\n'}
[16.641337] (diagnostic_common_diagnostics) StdoutLine: {'line': b'-- Up-to-date symlink: /root/Workspaces/rosgsthumble_ws/install/diagnostic_common_diagnostics/lib/diagnostic_common_diagnostics/sensors_monitor.py\n'}
[16.642006] (diagnostic_common_diagnostics) StdoutLine: {'line': b'-- Up-to-date symlink: /root/Workspaces/rosgsthumble_ws/install/diagnostic_common_diagnostics/lib/diagnostic_common_diagnostics/hd_monitor.py\n'}
[16.645059] (diagnostic_common_diagnostics) StdoutLine: {'line': b'-- Up-to-date symlink: /root/Workspaces/rosgsthumble_ws/install/diagnostic_common_diagnostics/share/ament_index/resource_index/package_run_dependencies/diagnostic_common_diagnostics\n'}
[16.645917] (diagnostic_common_diagnostics) StdoutLine: {'line': b'-- Up-to-date symlink: /root/Workspaces/rosgsthumble_ws/install/diagnostic_common_diagnostics/share/ament_index/resource_index/parent_prefix_path/diagnostic_common_diagnostics\n'}
[16.646665] (diagnostic_common_diagnostics) StdoutLine: {'line': b'-- Up-to-date symlink: /root/Workspaces/rosgsthumble_ws/install/diagnostic_common_diagnostics/share/diagnostic_common_diagnostics/environment/ament_prefix_path.sh\n'}
[16.647386] (diagnostic_common_diagnostics) StdoutLine: {'line': b'-- Up-to-date symlink: /root/Workspaces/rosgsthumble_ws/install/diagnostic_common_diagnostics/share/diagnostic_common_diagnostics/environment/ament_prefix_path.dsv\n'}
[16.648115] (diagnostic_common_diagnostics) StdoutLine: {'line': b'-- Up-to-date symlink: /root/Workspaces/rosgsthumble_ws/install/diagnostic_common_diagnostics/share/diagnostic_common_diagnostics/environment/path.sh\n'}
[16.648853] (diagnostic_common_diagnostics) StdoutLine: {'line': b'-- Up-to-date symlink: /root/Workspaces/rosgsthumble_ws/install/diagnostic_common_diagnostics/share/diagnostic_common_diagnostics/environment/path.dsv\n'}
[16.649480] (diagnostic_common_diagnostics) StdoutLine: {'line': b'-- Up-to-date symlink: /root/Workspaces/rosgsthumble_ws/install/diagnostic_common_diagnostics/share/diagnostic_common_diagnostics/local_setup.bash\n'}
[16.650204] (diagnostic_common_diagnostics) StdoutLine: {'line': b'-- Up-to-date symlink: /root/Workspaces/rosgsthumble_ws/install/diagnostic_common_diagnostics/share/diagnostic_common_diagnostics/local_setup.sh\n'}
[16.650899] (diagnostic_common_diagnostics) StdoutLine: {'line': b'-- Up-to-date symlink: /root/Workspaces/rosgsthumble_ws/install/diagnostic_common_diagnostics/share/diagnostic_common_diagnostics/local_setup.zsh\n'}
[16.651573] (diagnostic_common_diagnostics) StdoutLine: {'line': b'-- Up-to-date symlink: /root/Workspaces/rosgsthumble_ws/install/diagnostic_common_diagnostics/share/diagnostic_common_diagnostics/local_setup.dsv\n'}
[16.652238] (diagnostic_common_diagnostics) StdoutLine: {'line': b'-- Symlinking: /root/Workspaces/rosgsthumble_ws/install/diagnostic_common_diagnostics/share/diagnostic_common_diagnostics/package.dsv\n'}
[16.652860] (diagnostic_common_diagnostics) StdoutLine: {'line': b'-- Up-to-date symlink: /root/Workspaces/rosgsthumble_ws/install/diagnostic_common_diagnostics/share/ament_index/resource_index/packages/diagnostic_common_diagnostics\n'}
[16.653501] (diagnostic_common_diagnostics) StdoutLine: {'line': b'-- Up-to-date symlink: /root/Workspaces/rosgsthumble_ws/install/diagnostic_common_diagnostics/share/diagnostic_common_diagnostics/cmake/diagnostic_common_diagnosticsConfig.cmake\n'}
[16.667944] (diagnostic_common_diagnostics) StdoutLine: {'line': b'-- Up-to-date symlink: /root/Workspaces/rosgsthumble_ws/install/diagnostic_common_diagnostics/share/diagnostic_common_diagnostics/cmake/diagnostic_common_diagnosticsConfig-version.cmake\n'}
[16.670671] (diagnostic_common_diagnostics) StdoutLine: {'line': b'-- Up-to-date symlink: /root/Workspaces/rosgsthumble_ws/install/diagnostic_common_diagnostics/share/diagnostic_common_diagnostics/package.xml\n'}
[16.674252] (realsense2_camera) CommandEnded: {'returncode': 0}
[16.733184] (-) TimerEvent: {}
[16.807635] (realsense2_description) JobProgress: {'identifier': 'realsense2_description', 'progress': 'install'}
[16.808417] (realsense2_description) Command: {'cmd': ['/usr/local/bin/cmake', '--install', '/root/Workspaces/rosgsthumble_ws/build/realsense2_description'], 'cwd': '/root/Workspaces/rosgsthumble_ws/build/realsense2_description', 'env': OrderedDict([('OPENBLAS_CORETYPE', 'ARMV8'), ('PYTHONIOENCODING', 'utf-8'), ('HOSTNAME', 'nano'), ('LD_LIBRARY_PATH', '/root/Workspaces/rosgsthumble_ws/install/realsense2_camera_msgs/lib:/root/Workspaces/rosgsthumble_ws/install/realsense2_camera/lib:/root/Workspaces/rosgsthumble_ws/install/image_geometry/lib:/root/Workspaces/rosgsthumble_ws/install/gst_pipeline_plugins/lib:/root/Workspaces/rosgsthumble_ws/install/gst_pipeline/lib:/root/Workspaces/rosgsthumble_ws/install/gst_msgs/lib:/root/Workspaces/rosgsthumble_ws/install/gst_bridge/lib:/root/Workspaces/rosgsthumble_ws/install/diagnostic_updater/lib:/root/Workspaces/rosgsthumble_ws/install/cv_bridge/lib:/root/Workspaces/rosgsthumble_ws/install/audio_msgs/lib:/opt/ros/humble/install/opt/rviz_ogre_vendor/lib:/opt/ros/humble/install/lib:/usr/local/cuda-10.2/targets/aarch64-linux/lib'), ('SHLVL', '1'), ('OLDPWD', '/root/Workspaces'), ('HOME', '/root'), ('ROS_PYTHON_VERSION', '3'), ('COLCON_PREFIX_PATH', '/opt/ros/humble/install:/root/Workspaces/rosgsthumble_ws/install'), ('ROS_DISTRO', 'humble'), ('PULSE_SERVER', 'unix:/run/user/1000/pulse/native'), ('_', '/usr/bin/colcon'), ('ROS_VERSION', '2'), ('NVIDIA_DRIVER_CAPABILITIES', 'compute,utility,graphics'), ('PKG_CONFIG_PATH', '/opt/ros/humble/install/lib/aarch64-linux-gnu/pkgconfig:/opt/ros/humble/install/lib/pkgconfig'), ('TERM', 'xterm'), ('ROS_LOCALHOST_ONLY', '0'), ('PATH', '/root/Workspaces/rosgsthumble_ws/install/xacro/bin:/opt/ros/humble/install/bin:/usr/local/cuda-10.2/bin:/usr/local/cuda/bin:/usr/local/sbin:/usr/local/bin:/usr/sbin:/usr/bin:/sbin:/bin'), ('XDG_RUNTIME_DIR', '/run/user/1000'), ('DISPLAY', ''), ('LANG', 'en_US.UTF-8'), ('RMW_IMPLEMENTATION', 'rmw_cyclonedds_cpp'), ('LS_COLORS', 'rs=0:di=01;34:ln=01;36:mh=00:pi=40;33:so=01;35:do=01;35:bd=40;33;01:cd=40;33;01:or=40;31;01:mi=00:su=37;41:sg=30;43:ca=30;41:tw=30;42:ow=34;42:st=37;44:ex=01;32:*.tar=01;31:*.tgz=01;31:*.arc=01;31:*.arj=01;31:*.taz=01;31:*.lha=01;31:*.lz4=01;31:*.lzh=01;31:*.lzma=01;31:*.tlz=01;31:*.txz=01;31:*.tzo=01;31:*.t7z=01;31:*.zip=01;31:*.z=01;31:*.Z=01;31:*.dz=01;31:*.gz=01;31:*.lrz=01;31:*.lz=01;31:*.lzo=01;31:*.xz=01;31:*.zst=01;31:*.tzst=01;31:*.bz2=01;31:*.bz=01;31:*.tbz=01;31:*.tbz2=01;31:*.tz=01;31:*.deb=01;31:*.rpm=01;31:*.jar=01;31:*.war=01;31:*.ear=01;31:*.sar=01;31:*.rar=01;31:*.alz=01;31:*.ace=01;31:*.zoo=01;31:*.cpio=01;31:*.7z=01;31:*.rz=01;31:*.cab=01;31:*.wim=01;31:*.swm=01;31:*.dwm=01;31:*.esd=01;31:*.jpg=01;35:*.jpeg=01;35:*.mjpg=01;35:*.mjpeg=01;35:*.gif=01;35:*.bmp=01;35:*.pbm=01;35:*.pgm=01;35:*.ppm=01;35:*.tga=01;35:*.xbm=01;35:*.xpm=01;35:*.tif=01;35:*.tiff=01;35:*.png=01;35:*.svg=01;35:*.svgz=01;35:*.mng=01;35:*.pcx=01;35:*.mov=01;35:*.mpg=01;35:*.mpeg=01;35:*.m2v=01;35:*.mkv=01;35:*.webm=01;35:*.ogm=01;35:*.mp4=01;35:*.m4v=01;35:*.mp4v=01;35:*.vob=01;35:*.qt=01;35:*.nuv=01;35:*.wmv=01;35:*.asf=01;35:*.rm=01;35:*.rmvb=01;35:*.flc=01;35:*.avi=01;35:*.fli=01;35:*.flv=01;35:*.gl=01;35:*.dl=01;35:*.xcf=01;35:*.xwd=01;35:*.yuv=01;35:*.cgm=01;35:*.emf=01;35:*.ogv=01;35:*.ogx=01;35:*.aac=00;36:*.au=00;36:*.flac=00;36:*.m4a=00;36:*.mid=00;36:*.midi=00;36:*.mka=00;36:*.mp3=00;36:*.mpc=00;36:*.ogg=00;36:*.ra=00;36:*.wav=00;36:*.oga=00;36:*.opus=00;36:*.spx=00;36:*.xspf=00;36:'), ('ROS_ROOT', '/opt/ros/humble'), ('AMENT_PREFIX_PATH', '/root/Workspaces/rosgsthumble_ws/install/xacro:/root/Workspaces/rosgsthumble_ws/install/realsense2_camera_msgs:/opt/ros/humble/install'), ('DEBIAN_FRONTEND', 'noninteractive'), ('GST_PLUGIN_PATH', '/root/Workspaces/rosgsthumble_ws/install/gst_bridge/lib/gst_bridge/'), ('SHELL', '/bin/bash'), ('PWD', '/root/Workspaces/rosgsthumble_ws/build/realsense2_description'), ('PYTHONPATH', '/root/Workspaces/rosgsthumble_ws/install/xacro/lib/python3.6/site-packages:/root/Workspaces/rosgsthumble_ws/install/realsense2_camera_msgs/lib/python3.6/site-packages:/root/Workspaces/rosgsthumble_ws/install/image_geometry/lib/python3.6/site-packages:/root/Workspaces/rosgsthumble_ws/install/gst_msgs/lib/python3.6/site-packages:/root/Workspaces/rosgsthumble_ws/install/diagnostic_common_diagnostics/lib/python3.6/site-packages:/root/Workspaces/rosgsthumble_ws/install/diagnostic_updater/lib/python3.6/site-packages:/root/Workspaces/rosgsthumble_ws/install/cv_bridge/lib/python3.6/site-packages:/root/Workspaces/rosgsthumble_ws/install/audio_msgs/lib/python3.6/site-packages:/opt/ros/humble/install/lib/python3.6/site-packages'), ('NVIDIA_VISIBLE_DEVICES', 'all'), ('COLCON', '1'), ('CMAKE_PREFIX_PATH', '/root/Workspaces/rosgsthumble_ws/install/xacro:/root/Workspaces/rosgsthumble_ws/install/realsense2_camera_msgs:/opt/ros/humble/install')]), 'shell': False}
[16.833385] (-) TimerEvent: {}
[16.874244] (diagnostic_common_diagnostics) StdoutLine: {'line': b"Listing '/root/Workspaces/rosgsthumble_ws/install/diagnostic_common_diagnostics/lib/python3.6/site-packages/diagnostic_common_diagnostics'...\n"}
[16.927305] (diagnostic_common_diagnostics) CommandEnded: {'returncode': 0}
[16.940548] (-) TimerEvent: {}
[17.049417] (realsense2_description) StdoutLine: {'line': b'-- Install configuration: ""\n'}
[17.059437] (-) TimerEvent: {}
[17.060175] (realsense2_description) StdoutLine: {'line': b'-- Execute custom install script\n'}
[17.061001] (realsense2_description) StdoutLine: {'line': b'-- Up-to-date symlink: /root/Workspaces/rosgsthumble_ws/install/realsense2_description/share/realsense2_description/launch/launch_utils.py\n'}
[17.061937] (realsense2_description) StdoutLine: {'line': b'-- Up-to-date symlink: /root/Workspaces/rosgsthumble_ws/install/realsense2_description/share/realsense2_description/launch/view_model.launch.py\n'}
[17.062570] (realsense2_description) StdoutLine: {'line': b'-- Up-to-date symlink: /root/Workspaces/rosgsthumble_ws/install/realsense2_description/share/realsense2_description/meshes/d405.stl\n'}
[17.063192] (realsense2_description) StdoutLine: {'line': b'-- Up-to-date symlink: /root/Workspaces/rosgsthumble_ws/install/realsense2_description/share/realsense2_description/meshes/d415.stl\n'}
[17.063964] (realsense2_description) StdoutLine: {'line': b'-- Up-to-date symlink: /root/Workspaces/rosgsthumble_ws/install/realsense2_description/share/realsense2_description/meshes/d435.dae\n'}
[17.064591] (realsense2_description) StdoutLine: {'line': b'-- Up-to-date symlink: /root/Workspaces/rosgsthumble_ws/install/realsense2_description/share/realsense2_description/meshes/d455.stl\n'}
[17.065275] (realsense2_description) StdoutLine: {'line': b'-- Up-to-date symlink: /root/Workspaces/rosgsthumble_ws/install/realsense2_description/share/realsense2_description/meshes/l515.dae\n'}
[17.066150] (realsense2_description) StdoutLine: {'line': b'-- Up-to-date symlink: /root/Workspaces/rosgsthumble_ws/install/realsense2_description/share/realsense2_description/meshes/plug.stl\n'}
[17.066826] (realsense2_description) StdoutLine: {'line': b'-- Up-to-date symlink: /root/Workspaces/rosgsthumble_ws/install/realsense2_description/share/realsense2_description/meshes/plug_collision.stl\n'}
[17.067485] (realsense2_description) StdoutLine: {'line': b'-- Up-to-date symlink: /root/Workspaces/rosgsthumble_ws/install/realsense2_description/share/realsense2_description/rviz/urdf.rviz\n'}
[17.068038] (realsense2_description) StdoutLine: {'line': b'-- Up-to-date symlink: /root/Workspaces/rosgsthumble_ws/install/realsense2_description/share/realsense2_description/urdf/_d405.urdf.xacro\n'}
[17.068592] (realsense2_description) StdoutLine: {'line': b'-- Up-to-date symlink: /root/Workspaces/rosgsthumble_ws/install/realsense2_description/share/realsense2_description/urdf/_d415.urdf.xacro\n'}
[17.069983] (realsense2_description) StdoutLine: {'line': b'-- Up-to-date symlink: /root/Workspaces/rosgsthumble_ws/install/realsense2_description/share/realsense2_description/urdf/_d435.urdf.xacro\n'}
[17.078952] (realsense2_description) StdoutLine: {'line': b'-- Up-to-date symlink: /root/Workspaces/rosgsthumble_ws/install/realsense2_description/share/realsense2_description/urdf/_d435i.urdf.xacro\n'}
[17.079590] (realsense2_description) StdoutLine: {'line': b'-- Up-to-date symlink: /root/Workspaces/rosgsthumble_ws/install/realsense2_description/share/realsense2_description/urdf/_d435i_imu_modules.urdf.xacro\n'}
[17.080341] (realsense2_description) StdoutLine: {'line': b'-- Up-to-date symlink: /root/Workspaces/rosgsthumble_ws/install/realsense2_description/share/realsense2_description/urdf/_d455.urdf.xacro\n'}
[17.080903] (realsense2_description) StdoutLine: {'line': b'-- Up-to-date symlink: /root/Workspaces/rosgsthumble_ws/install/realsense2_description/share/realsense2_description/urdf/_materials.urdf.xacro\n'}
[17.081626] (realsense2_description) StdoutLine: {'line': b'-- Up-to-date symlink: /root/Workspaces/rosgsthumble_ws/install/realsense2_description/share/realsense2_description/urdf/_r410.urdf.xacro\n'}
[17.082659] (realsense2_description) StdoutLine: {'line': b'-- Up-to-date symlink: /root/Workspaces/rosgsthumble_ws/install/realsense2_description/share/realsense2_description/urdf/_r430.urdf.xacro\n'}
[17.083331] (realsense2_description) StdoutLine: {'line': b'-- Up-to-date symlink: /root/Workspaces/rosgsthumble_ws/install/realsense2_description/share/realsense2_description/urdf/_usb_plug.urdf.xacro\n'}
[17.083993] (realsense2_description) StdoutLine: {'line': b'-- Up-to-date symlink: /root/Workspaces/rosgsthumble_ws/install/realsense2_description/share/realsense2_description/urdf/test_d405_camera.urdf.xacro\n'}
[17.084673] (realsense2_description) StdoutLine: {'line': b'-- Up-to-date symlink: /root/Workspaces/rosgsthumble_ws/install/realsense2_description/share/realsense2_description/urdf/test_d415_camera.urdf.xacro\n'}
[17.085333] (realsense2_description) StdoutLine: {'line': b'-- Up-to-date symlink: /root/Workspaces/rosgsthumble_ws/install/realsense2_description/share/realsense2_description/urdf/test_d435_camera.urdf.xacro\n'}
[17.086137] (realsense2_description) StdoutLine: {'line': b'-- Up-to-date symlink: /root/Workspaces/rosgsthumble_ws/install/realsense2_description/share/realsense2_description/urdf/test_d435_multiple_cameras.urdf.xacro\n'}
[17.086922] (realsense2_description) StdoutLine: {'line': b'-- Up-to-date symlink: /root/Workspaces/rosgsthumble_ws/install/realsense2_description/share/realsense2_description/urdf/test_d435i_camera.urdf.xacro\n'}
[17.087551] (realsense2_description) StdoutLine: {'line': b'-- Up-to-date symlink: /root/Workspaces/rosgsthumble_ws/install/realsense2_description/share/realsense2_description/urdf/test_d455_camera.urdf.xacro\n'}
[17.088171] (realsense2_description) StdoutLine: {'line': b'-- Up-to-date symlink: /root/Workspaces/rosgsthumble_ws/install/realsense2_description/share/realsense2_description/urdf/test_r410_camera.urdf.xacro\n'}
[17.089313] (realsense2_description) StdoutLine: {'line': b'-- Up-to-date symlink: /root/Workspaces/rosgsthumble_ws/install/realsense2_description/share/realsense2_description/urdf/test_r430_camera.urdf.xacro\n'}
[17.092427] (realsense2_description) StdoutLine: {'line': b'-- Up-to-date symlink: /root/Workspaces/rosgsthumble_ws/install/realsense2_description/share/ament_index/resource_index/package_run_dependencies/realsense2_description\n'}
[17.093111] (realsense2_description) StdoutLine: {'line': b'-- Up-to-date symlink: /root/Workspaces/rosgsthumble_ws/install/realsense2_description/share/ament_index/resource_index/parent_prefix_path/realsense2_description\n'}
[17.093856] (realsense2_description) StdoutLine: {'line': b'-- Up-to-date symlink: /root/Workspaces/rosgsthumble_ws/install/realsense2_description/share/realsense2_description/environment/ament_prefix_path.sh\n'}
[17.098579] (realsense2_description) StdoutLine: {'line': b'-- Up-to-date symlink: /root/Workspaces/rosgsthumble_ws/install/realsense2_description/share/realsense2_description/environment/ament_prefix_path.dsv\n'}
[17.099378] (realsense2_description) StdoutLine: {'line': b'-- Up-to-date symlink: /root/Workspaces/rosgsthumble_ws/install/realsense2_description/share/realsense2_description/environment/path.sh\n'}
[17.100008] (realsense2_description) StdoutLine: {'line': b'-- Up-to-date symlink: /root/Workspaces/rosgsthumble_ws/install/realsense2_description/share/realsense2_description/environment/path.dsv\n'}
[17.100615] (realsense2_description) StdoutLine: {'line': b'-- Up-to-date symlink: /root/Workspaces/rosgsthumble_ws/install/realsense2_description/share/realsense2_description/local_setup.bash\n'}
[17.101217] (realsense2_description) StdoutLine: {'line': b'-- Up-to-date symlink: /root/Workspaces/rosgsthumble_ws/install/realsense2_description/share/realsense2_description/local_setup.sh\n'}
[17.102039] (realsense2_description) StdoutLine: {'line': b'-- Up-to-date symlink: /root/Workspaces/rosgsthumble_ws/install/realsense2_description/share/realsense2_description/local_setup.zsh\n'}
[17.102664] (realsense2_description) StdoutLine: {'line': b'-- Up-to-date symlink: /root/Workspaces/rosgsthumble_ws/install/realsense2_description/share/realsense2_description/local_setup.dsv\n'}
[17.103202] (realsense2_description) StdoutLine: {'line': b'-- Symlinking: /root/Workspaces/rosgsthumble_ws/install/realsense2_description/share/realsense2_description/package.dsv\n'}
[17.103726] (realsense2_description) StdoutLine: {'line': b'-- Up-to-date symlink: /root/Workspaces/rosgsthumble_ws/install/realsense2_description/share/ament_index/resource_index/packages/realsense2_description\n'}
[17.104353] (realsense2_description) StdoutLine: {'line': b'-- Up-to-date symlink: /root/Workspaces/rosgsthumble_ws/install/realsense2_description/share/realsense2_description/cmake/realsense2_descriptionConfig.cmake\n'}
[17.104936] (realsense2_description) StdoutLine: {'line': b'-- Up-to-date symlink: /root/Workspaces/rosgsthumble_ws/install/realsense2_description/share/realsense2_description/cmake/realsense2_descriptionConfig-version.cmake\n'}
[17.106014] (realsense2_description) StdoutLine: {'line': b'-- Up-to-date symlink: /root/Workspaces/rosgsthumble_ws/install/realsense2_description/share/realsense2_description/package.xml\n'}
[17.159601] (-) TimerEvent: {}
[17.247680] (realsense2_camera) JobProgress: {'identifier': 'realsense2_camera', 'progress': 'install'}
[17.249987] (realsense2_camera) Command: {'cmd': ['/usr/local/bin/cmake', '--install', '/root/Workspaces/rosgsthumble_ws/build/realsense2_camera'], 'cwd': '/root/Workspaces/rosgsthumble_ws/build/realsense2_camera', 'env': OrderedDict([('OPENBLAS_CORETYPE', 'ARMV8'), ('PYTHONIOENCODING', 'utf-8'), ('HOSTNAME', 'nano'), ('LD_LIBRARY_PATH', '/root/Workspaces/rosgsthumble_ws/install/realsense2_camera_msgs/lib:/root/Workspaces/rosgsthumble_ws/install/cv_bridge/lib:/root/Workspaces/rosgsthumble_ws/install/realsense2_camera/lib:/root/Workspaces/rosgsthumble_ws/install/image_geometry/lib:/root/Workspaces/rosgsthumble_ws/install/gst_pipeline_plugins/lib:/root/Workspaces/rosgsthumble_ws/install/gst_pipeline/lib:/root/Workspaces/rosgsthumble_ws/install/gst_msgs/lib:/root/Workspaces/rosgsthumble_ws/install/gst_bridge/lib:/root/Workspaces/rosgsthumble_ws/install/diagnostic_updater/lib:/root/Workspaces/rosgsthumble_ws/install/audio_msgs/lib:/opt/ros/humble/install/opt/rviz_ogre_vendor/lib:/opt/ros/humble/install/lib:/usr/local/cuda-10.2/targets/aarch64-linux/lib'), ('SHLVL', '1'), ('OLDPWD', '/root/Workspaces'), ('HOME', '/root'), ('ROS_PYTHON_VERSION', '3'), ('COLCON_PREFIX_PATH', '/opt/ros/humble/install:/root/Workspaces/rosgsthumble_ws/install'), ('ROS_DISTRO', 'humble'), ('PULSE_SERVER', 'unix:/run/user/1000/pulse/native'), ('_', '/usr/bin/colcon'), ('ROS_VERSION', '2'), ('NVIDIA_DRIVER_CAPABILITIES', 'compute,utility,graphics'), ('PKG_CONFIG_PATH', '/opt/ros/humble/install/lib/aarch64-linux-gnu/pkgconfig:/opt/ros/humble/install/lib/pkgconfig'), ('TERM', 'xterm'), ('ROS_LOCALHOST_ONLY', '0'), ('PATH', '/root/Workspaces/rosgsthumble_ws/install/xacro/bin:/opt/ros/humble/install/bin:/usr/local/cuda-10.2/bin:/usr/local/cuda/bin:/usr/local/sbin:/usr/local/bin:/usr/sbin:/usr/bin:/sbin:/bin'), ('XDG_RUNTIME_DIR', '/run/user/1000'), ('DISPLAY', ''), ('LANG', 'en_US.UTF-8'), ('RMW_IMPLEMENTATION', 'rmw_cyclonedds_cpp'), ('LS_COLORS', 'rs=0:di=01;34:ln=01;36:mh=00:pi=40;33:so=01;35:do=01;35:bd=40;33;01:cd=40;33;01:or=40;31;01:mi=00:su=37;41:sg=30;43:ca=30;41:tw=30;42:ow=34;42:st=37;44:ex=01;32:*.tar=01;31:*.tgz=01;31:*.arc=01;31:*.arj=01;31:*.taz=01;31:*.lha=01;31:*.lz4=01;31:*.lzh=01;31:*.lzma=01;31:*.tlz=01;31:*.txz=01;31:*.tzo=01;31:*.t7z=01;31:*.zip=01;31:*.z=01;31:*.Z=01;31:*.dz=01;31:*.gz=01;31:*.lrz=01;31:*.lz=01;31:*.lzo=01;31:*.xz=01;31:*.zst=01;31:*.tzst=01;31:*.bz2=01;31:*.bz=01;31:*.tbz=01;31:*.tbz2=01;31:*.tz=01;31:*.deb=01;31:*.rpm=01;31:*.jar=01;31:*.war=01;31:*.ear=01;31:*.sar=01;31:*.rar=01;31:*.alz=01;31:*.ace=01;31:*.zoo=01;31:*.cpio=01;31:*.7z=01;31:*.rz=01;31:*.cab=01;31:*.wim=01;31:*.swm=01;31:*.dwm=01;31:*.esd=01;31:*.jpg=01;35:*.jpeg=01;35:*.mjpg=01;35:*.mjpeg=01;35:*.gif=01;35:*.bmp=01;35:*.pbm=01;35:*.pgm=01;35:*.ppm=01;35:*.tga=01;35:*.xbm=01;35:*.xpm=01;35:*.tif=01;35:*.tiff=01;35:*.png=01;35:*.svg=01;35:*.svgz=01;35:*.mng=01;35:*.pcx=01;35:*.mov=01;35:*.mpg=01;35:*.mpeg=01;35:*.m2v=01;35:*.mkv=01;35:*.webm=01;35:*.ogm=01;35:*.mp4=01;35:*.m4v=01;35:*.mp4v=01;35:*.vob=01;35:*.qt=01;35:*.nuv=01;35:*.wmv=01;35:*.asf=01;35:*.rm=01;35:*.rmvb=01;35:*.flc=01;35:*.avi=01;35:*.fli=01;35:*.flv=01;35:*.gl=01;35:*.dl=01;35:*.xcf=01;35:*.xwd=01;35:*.yuv=01;35:*.cgm=01;35:*.emf=01;35:*.ogv=01;35:*.ogx=01;35:*.aac=00;36:*.au=00;36:*.flac=00;36:*.m4a=00;36:*.mid=00;36:*.midi=00;36:*.mka=00;36:*.mp3=00;36:*.mpc=00;36:*.ogg=00;36:*.ra=00;36:*.wav=00;36:*.oga=00;36:*.opus=00;36:*.spx=00;36:*.xspf=00;36:'), ('ROS_ROOT', '/opt/ros/humble'), ('AMENT_PREFIX_PATH', '/root/Workspaces/rosgsthumble_ws/install/realsense2_camera_msgs:/root/Workspaces/rosgsthumble_ws/install/diagnostic_updater:/root/Workspaces/rosgsthumble_ws/install/cv_bridge:/opt/ros/humble/install'), ('DEBIAN_FRONTEND', 'noninteractive'), ('GST_PLUGIN_PATH', '/root/Workspaces/rosgsthumble_ws/install/gst_bridge/lib/gst_bridge/'), ('SHELL', '/bin/bash'), ('PWD', '/root/Workspaces/rosgsthumble_ws/build/realsense2_camera'), ('PYTHONPATH', '/root/Workspaces/rosgsthumble_ws/install/realsense2_camera_msgs/lib/python3.6/site-packages:/root/Workspaces/rosgsthumble_ws/install/diagnostic_updater/lib/python3.6/site-packages:/root/Workspaces/rosgsthumble_ws/install/cv_bridge/lib/python3.6/site-packages:/root/Workspaces/rosgsthumble_ws/install/xacro/lib/python3.6/site-packages:/root/Workspaces/rosgsthumble_ws/install/image_geometry/lib/python3.6/site-packages:/root/Workspaces/rosgsthumble_ws/install/gst_msgs/lib/python3.6/site-packages:/root/Workspaces/rosgsthumble_ws/install/diagnostic_common_diagnostics/lib/python3.6/site-packages:/root/Workspaces/rosgsthumble_ws/install/audio_msgs/lib/python3.6/site-packages:/opt/ros/humble/install/lib/python3.6/site-packages'), ('NVIDIA_VISIBLE_DEVICES', 'all'), ('COLCON', '1'), ('CMAKE_PREFIX_PATH', '/root/Workspaces/rosgsthumble_ws/install/realsense2_camera_msgs:/root/Workspaces/rosgsthumble_ws/install/diagnostic_updater:/root/Workspaces/rosgsthumble_ws/install/cv_bridge:/opt/ros/humble/install')]), 'shell': False}
[17.260106] (-) TimerEvent: {}
[17.272379] (realsense2_description) CommandEnded: {'returncode': 0}
[17.365322] (-) TimerEvent: {}
[17.461782] (realsense2_camera) StdoutLine: {'line': b'-- Install configuration: "Release"\n'}
[17.465012] (realsense2_camera) StdoutLine: {'line': b'-- Execute custom install script\n'}
[17.468571] (-) TimerEvent: {}
[17.471288] (realsense2_camera) StdoutLine: {'line': b'-- Up-to-date symlink: /root/Workspaces/rosgsthumble_ws/install/realsense2_camera/lib/realsense2_camera/realsense2_camera_node\n'}
[17.481404] (realsense2_camera) StdoutLine: {'line': b'-- Up-to-date symlink: /root/Workspaces/rosgsthumble_ws/install/realsense2_camera/lib/librealsense2_camera.so\n'}
[17.483978] (realsense2_camera) StdoutLine: {'line': b'-- Up-to-date symlink: /root/Workspaces/rosgsthumble_ws/install/realsense2_camera/include/base_realsense_node.h\n'}
[17.487054] (realsense2_camera) StdoutLine: {'line': b'-- Up-to-date symlink: /root/Workspaces/rosgsthumble_ws/install/realsense2_camera/include/constants.h\n'}
[17.490780] (realsense2_camera) StdoutLine: {'line': b'-- Up-to-date symlink: /root/Workspaces/rosgsthumble_ws/install/realsense2_camera/include/dynamic_params.h\n'}
[17.493891] (realsense2_camera) StdoutLine: {'line': b'-- Up-to-date symlink: /root/Workspaces/rosgsthumble_ws/install/realsense2_camera/include/gl_window.h\n'}
[17.496619] (realsense2_camera) StdoutLine: {'line': b'-- Up-to-date symlink: /root/Workspaces/rosgsthumble_ws/install/realsense2_camera/include/image_publisher.h\n'}
[17.503895] (realsense2_camera) StdoutLine: {'line': b'-- Up-to-date symlink: /root/Workspaces/rosgsthumble_ws/install/realsense2_camera/include/named_filter.h\n'}
[17.506981] (realsense2_camera) StdoutLine: {'line': b'-- Up-to-date symlink: /root/Workspaces/rosgsthumble_ws/install/realsense2_camera/include/profile_manager.h\n'}
[17.510860] (realsense2_camera) StdoutLine: {'line': b'-- Up-to-date symlink: /root/Workspaces/rosgsthumble_ws/install/realsense2_camera/include/realsense_node_factory.h\n'}
[17.516340] (realsense2_camera) StdoutLine: {'line': b'-- Up-to-date symlink: /root/Workspaces/rosgsthumble_ws/install/realsense2_camera/include/ros_param_backend.h\n'}
[17.518395] (realsense2_camera) StdoutLine: {'line': b'-- Up-to-date symlink: /root/Workspaces/rosgsthumble_ws/install/realsense2_camera/include/ros_sensor.h\n'}
[17.520608] (realsense2_camera) StdoutLine: {'line': b'-- Up-to-date symlink: /root/Workspaces/rosgsthumble_ws/install/realsense2_camera/include/ros_utils.h\n'}
[17.523817] (realsense2_camera) StdoutLine: {'line': b'-- Up-to-date symlink: /root/Workspaces/rosgsthumble_ws/install/realsense2_camera/include/sensor_params.h\n'}
[17.527230] (realsense2_camera) StdoutLine: {'line': b'-- Up-to-date symlink: /root/Workspaces/rosgsthumble_ws/install/realsense2_camera/share/realsense2_camera/launch/default.rviz\n'}
[17.532749] (realsense2_camera) StdoutLine: {'line': b'-- Up-to-date symlink: /root/Workspaces/rosgsthumble_ws/install/realsense2_camera/share/realsense2_camera/launch/rs_intra_process_demo_launch.py\n'}
[17.535009] (realsense2_camera) StdoutLine: {'line': b'-- Up-to-date symlink: /root/Workspaces/rosgsthumble_ws/install/realsense2_camera/share/realsense2_camera/launch/rs_launch.py\n'}
[17.537161] (realsense2_camera) StdoutLine: {'line': b'-- Up-to-date symlink: /root/Workspaces/rosgsthumble_ws/install/realsense2_camera/share/realsense2_camera/launch/rs_multi_camera_launch.py\n'}
[17.542512] (realsense2_camera) StdoutLine: {'line': b'-- Up-to-date symlink: /root/Workspaces/rosgsthumble_ws/install/realsense2_camera/share/realsense2_camera/examples/align_depth/README.md\n'}
[17.544634] (realsense2_camera) StdoutLine: {'line': b'-- Up-to-date symlink: /root/Workspaces/rosgsthumble_ws/install/realsense2_camera/share/realsense2_camera/examples/align_depth/rs_align_depth_launch.py\n'}
[17.546675] (realsense2_camera) StdoutLine: {'line': b'-- Up-to-date symlink: /root/Workspaces/rosgsthumble_ws/install/realsense2_camera/share/realsense2_camera/examples/dual_camera/README.md\n'}
[17.588136] (-) TimerEvent: {}
[17.611639] (realsense2_camera) StdoutLine: {'line': b'-- Up-to-date symlink: /root/Workspaces/rosgsthumble_ws/install/realsense2_camera/share/realsense2_camera/examples/dual_camera/rs_dual_camera_launch.py\n'}
[17.629278] (realsense2_camera) StdoutLine: {'line': b'-- Up-to-date symlink: /root/Workspaces/rosgsthumble_ws/install/realsense2_camera/share/realsense2_camera/examples/dual_camera/rviz/dual_camera_pointcloud.rviz\n'}
[17.631466] (realsense2_camera) StdoutLine: {'line': b'-- Up-to-date symlink: /root/Workspaces/rosgsthumble_ws/install/realsense2_camera/share/realsense2_camera/examples/launch_from_rosbag/README.md\n'}
[17.633440] (realsense2_camera) StdoutLine: {'line': b'-- Up-to-date symlink: /root/Workspaces/rosgsthumble_ws/install/realsense2_camera/share/realsense2_camera/examples/launch_from_rosbag/rs_launch_from_rosbag.py\n'}
[17.636028] (realsense2_camera) StdoutLine: {'line': b'-- Up-to-date symlink: /root/Workspaces/rosgsthumble_ws/install/realsense2_camera/share/realsense2_camera/examples/launch_params_from_file/README.md\n'}
[17.637971] (realsense2_camera) StdoutLine: {'line': b'-- Up-to-date symlink: /root/Workspaces/rosgsthumble_ws/install/realsense2_camera/share/realsense2_camera/examples/launch_params_from_file/config/config.yaml\n'}
[17.656386] (realsense2_camera) StdoutLine: {'line': b'-- Up-to-date symlink: /root/Workspaces/rosgsthumble_ws/install/realsense2_camera/share/realsense2_camera/examples/launch_params_from_file/rs_launch_get_params_from_yaml.py\n'}
[17.678169] (realsense2_camera) StdoutLine: {'line': b'-- Up-to-date symlink: /root/Workspaces/rosgsthumble_ws/install/realsense2_camera/share/realsense2_camera/examples/pointcloud/README.md\n'}
[17.678852] (realsense2_camera) StdoutLine: {'line': b'-- Up-to-date symlink: /root/Workspaces/rosgsthumble_ws/install/realsense2_camera/share/realsense2_camera/examples/pointcloud/rs_d405_pointcloud_launch.py\n'}
[17.679479] (realsense2_camera) StdoutLine: {'line': b'-- Up-to-date symlink: /root/Workspaces/rosgsthumble_ws/install/realsense2_camera/share/realsense2_camera/examples/pointcloud/rs_d455_pointcloud_launch.py\n'}
[17.680090] (realsense2_camera) StdoutLine: {'line': b'-- Up-to-date symlink: /root/Workspaces/rosgsthumble_ws/install/realsense2_camera/share/realsense2_camera/examples/pointcloud/rs_pointcloud_launch.py\n'}
[17.680638] (realsense2_camera) StdoutLine: {'line': b'-- Up-to-date symlink: /root/Workspaces/rosgsthumble_ws/install/realsense2_camera/share/realsense2_camera/examples/pointcloud/rviz/pointcloud.rviz\n'}
[17.681189] (realsense2_camera) StdoutLine: {'line': b'-- Up-to-date symlink: /root/Workspaces/rosgsthumble_ws/install/realsense2_camera/share/realsense2_camera/examples/pointcloud/rviz/urdf_pointcloud.rviz\n'}
[17.681765] (realsense2_camera) StdoutLine: {'line': b'-- Up-to-date symlink: /root/Workspaces/rosgsthumble_ws/install/realsense2_camera/share/realsense2_camera/environment/library_path.sh\n'}
[17.682323] (realsense2_camera) StdoutLine: {'line': b'-- Up-to-date symlink: /root/Workspaces/rosgsthumble_ws/install/realsense2_camera/share/realsense2_camera/environment/library_path.dsv\n'}
[17.682820] (realsense2_camera) StdoutLine: {'line': b'-- Up-to-date symlink: /root/Workspaces/rosgsthumble_ws/install/realsense2_camera/share/ament_index/resource_index/package_run_dependencies/realsense2_camera\n'}
[17.683348] (realsense2_camera) StdoutLine: {'line': b'-- Up-to-date symlink: /root/Workspaces/rosgsthumble_ws/install/realsense2_camera/share/ament_index/resource_index/parent_prefix_path/realsense2_camera\n'}
[17.683948] (realsense2_camera) StdoutLine: {'line': b'-- Up-to-date symlink: /root/Workspaces/rosgsthumble_ws/install/realsense2_camera/share/realsense2_camera/environment/ament_prefix_path.sh\n'}
[17.684434] (realsense2_camera) StdoutLine: {'line': b'-- Up-to-date symlink: /root/Workspaces/rosgsthumble_ws/install/realsense2_camera/share/realsense2_camera/environment/ament_prefix_path.dsv\n'}
[17.684881] (realsense2_camera) StdoutLine: {'line': b'-- Up-to-date symlink: /root/Workspaces/rosgsthumble_ws/install/realsense2_camera/share/realsense2_camera/environment/path.sh\n'}
[17.685352] (realsense2_camera) StdoutLine: {'line': b'-- Up-to-date symlink: /root/Workspaces/rosgsthumble_ws/install/realsense2_camera/share/realsense2_camera/environment/path.dsv\n'}
[17.685915] (realsense2_camera) StdoutLine: {'line': b'-- Up-to-date symlink: /root/Workspaces/rosgsthumble_ws/install/realsense2_camera/share/realsense2_camera/local_setup.bash\n'}
[17.686488] (realsense2_camera) StdoutLine: {'line': b'-- Up-to-date symlink: /root/Workspaces/rosgsthumble_ws/install/realsense2_camera/share/realsense2_camera/local_setup.sh\n'}
[17.687009] (realsense2_camera) StdoutLine: {'line': b'-- Up-to-date symlink: /root/Workspaces/rosgsthumble_ws/install/realsense2_camera/share/realsense2_camera/local_setup.zsh\n'}
[17.687515] (realsense2_camera) StdoutLine: {'line': b'-- Up-to-date symlink: /root/Workspaces/rosgsthumble_ws/install/realsense2_camera/share/realsense2_camera/local_setup.dsv\n'}
[17.688002] (realsense2_camera) StdoutLine: {'line': b'-- Symlinking: /root/Workspaces/rosgsthumble_ws/install/realsense2_camera/share/realsense2_camera/package.dsv\n'}
[17.688455] (-) TimerEvent: {}
[17.689032] (realsense2_camera) StdoutLine: {'line': b'-- Up-to-date symlink: /root/Workspaces/rosgsthumble_ws/install/realsense2_camera/share/ament_index/resource_index/packages/realsense2_camera\n'}
[17.689785] (realsense2_camera) StdoutLine: {'line': b'-- Up-to-date symlink: /root/Workspaces/rosgsthumble_ws/install/realsense2_camera/share/ament_index/resource_index/rclcpp_components/realsense2_camera\n'}
[17.702745] (realsense2_camera) StdoutLine: {'line': b'-- Up-to-date symlink: /root/Workspaces/rosgsthumble_ws/install/realsense2_camera/share/realsense2_camera/cmake/ament_cmake_export_include_directories-extras.cmake\n'}
[17.703586] (realsense2_camera) StdoutLine: {'line': b'-- Up-to-date symlink: /root/Workspaces/rosgsthumble_ws/install/realsense2_camera/share/realsense2_camera/cmake/ament_cmake_export_libraries-extras.cmake\n'}
[17.704228] (realsense2_camera) StdoutLine: {'line': b'-- Up-to-date symlink: /root/Workspaces/rosgsthumble_ws/install/realsense2_camera/share/realsense2_camera/cmake/ament_cmake_export_dependencies-extras.cmake\n'}
[17.704807] (realsense2_camera) StdoutLine: {'line': b'-- Up-to-date symlink: /root/Workspaces/rosgsthumble_ws/install/realsense2_camera/share/realsense2_camera/cmake/realsense2_cameraConfig.cmake\n'}
[17.705663] (realsense2_camera) StdoutLine: {'line': b'-- Up-to-date symlink: /root/Workspaces/rosgsthumble_ws/install/realsense2_camera/share/realsense2_camera/cmake/realsense2_cameraConfig-version.cmake\n'}
[17.706389] (realsense2_camera) StdoutLine: {'line': b'-- Up-to-date symlink: /root/Workspaces/rosgsthumble_ws/install/realsense2_camera/share/realsense2_camera/package.xml\n'}
[17.706995] (realsense2_camera) CommandEnded: {'returncode': 0}
[17.793778] (-) TimerEvent: {}
[17.905140] (-) TimerEvent: {}
[17.949846] (gst_pipeline) StdoutLine: {'line': b'-- Override CMake install command with custom implementation using symlinks instead of copying resources\n'}
[17.979307] (gst_pipeline) StdoutLine: {'line': b'-- Found rclcpp: 16.0.5 (/opt/ros/humble/install/share/rclcpp/cmake)\n'}
[18.010418] (-) TimerEvent: {}
[18.116392] (-) TimerEvent: {}
[18.151629] (diagnostic_common_diagnostics) JobEnded: {'identifier': 'diagnostic_common_diagnostics', 'rc': 0}
[18.187966] (gst_pipeline) StdoutLine: {'line': b'-- Found rosidl_generator_c: 3.1.5 (/opt/ros/humble/install/share/rosidl_generator_c/cmake)\n'}
[18.200014] (gst_pipeline) StdoutLine: {'line': b'-- Found rosidl_adapter: 3.1.5 (/opt/ros/humble/install/share/rosidl_adapter/cmake)\n'}
[18.221749] (-) TimerEvent: {}
[18.242231] (gst_pipeline) StdoutLine: {'line': b'-- Found rosidl_generator_cpp: 3.1.5 (/opt/ros/humble/install/share/rosidl_generator_cpp/cmake)\n'}
[18.316059] (gst_pipeline) StdoutLine: {'line': b'-- Using all available rosidl_typesupport_c: rosidl_typesupport_fastrtps_c;rosidl_typesupport_introspection_c\n'}
[18.322303] (-) TimerEvent: {}
[18.385380] (realsense2_description) JobEnded: {'identifier': 'realsense2_description', 'rc': 0}
[18.426371] (-) TimerEvent: {}
[18.439562] (vision_opencv) JobStarted: {'identifier': 'vision_opencv'}
[18.444691] (gst_pipeline) StdoutLine: {'line': b'-- Using all available rosidl_typesupport_cpp: rosidl_typesupport_fastrtps_cpp;rosidl_typesupport_introspection_cpp\n'}
[18.534080] (-) TimerEvent: {}
[18.554086] (diagnostics) JobStarted: {'identifier': 'diagnostics'}
[18.634283] (-) TimerEvent: {}
[18.741207] (-) TimerEvent: {}
[18.811313] (gst_pipeline) StdoutLine: {'line': b'-- Found rmw_implementation_cmake: 6.1.1 (/opt/ros/humble/install/share/rmw_implementation_cmake/cmake)\n'}
[18.820435] (gst_pipeline) StdoutLine: {'line': b'-- Found rmw_cyclonedds_cpp: 1.3.4 (/opt/ros/humble/install/share/rmw_cyclonedds_cpp/cmake)\n'}
[18.846445] (-) TimerEvent: {}
[18.967747] (-) TimerEvent: {}
[18.985189] (realsense2_camera) JobEnded: {'identifier': 'realsense2_camera', 'rc': 0}
[19.033340] (webrtc_camera_node) JobStarted: {'identifier': 'webrtc_camera_node'}
[19.039821] (gst_pipeline) StdoutLine: {'line': b"-- Using RMW implementation 'rmw_cyclonedds_cpp' as default\n"}
[19.067923] (-) TimerEvent: {}
[19.153433] (vision_opencv) JobProgress: {'identifier': 'vision_opencv', 'progress': 'cmake'}
[19.156942] (vision_opencv) JobProgress: {'identifier': 'vision_opencv', 'progress': 'build'}
[19.158230] (vision_opencv) Command: {'cmd': ['/usr/local/bin/cmake', '--build', '/root/Workspaces/rosgsthumble_ws/build/vision_opencv', '--', '-j4', '-l4'], 'cwd': '/root/Workspaces/rosgsthumble_ws/build/vision_opencv', 'env': OrderedDict([('OPENBLAS_CORETYPE', 'ARMV8'), ('PYTHONIOENCODING', 'utf-8'), ('HOSTNAME', 'nano'), ('LD_LIBRARY_PATH', '/root/Workspaces/rosgsthumble_ws/install/image_geometry/lib:/root/Workspaces/rosgsthumble_ws/install/cv_bridge/lib:/root/Workspaces/rosgsthumble_ws/install/realsense2_camera/lib:/root/Workspaces/rosgsthumble_ws/install/realsense2_camera_msgs/lib:/root/Workspaces/rosgsthumble_ws/install/gst_pipeline_plugins/lib:/root/Workspaces/rosgsthumble_ws/install/gst_pipeline/lib:/root/Workspaces/rosgsthumble_ws/install/gst_msgs/lib:/root/Workspaces/rosgsthumble_ws/install/gst_bridge/lib:/root/Workspaces/rosgsthumble_ws/install/diagnostic_updater/lib:/root/Workspaces/rosgsthumble_ws/install/audio_msgs/lib:/opt/ros/humble/install/opt/rviz_ogre_vendor/lib:/opt/ros/humble/install/lib:/usr/local/cuda-10.2/targets/aarch64-linux/lib'), ('SHLVL', '1'), ('OLDPWD', '/root/Workspaces'), ('HOME', '/root'), ('ROS_PYTHON_VERSION', '3'), ('COLCON_PREFIX_PATH', '/opt/ros/humble/install:/root/Workspaces/rosgsthumble_ws/install'), ('ROS_DISTRO', 'humble'), ('PULSE_SERVER', 'unix:/run/user/1000/pulse/native'), ('_', '/usr/bin/colcon'), ('ROS_VERSION', '2'), ('NVIDIA_DRIVER_CAPABILITIES', 'compute,utility,graphics'), ('PKG_CONFIG_PATH', '/opt/ros/humble/install/lib/aarch64-linux-gnu/pkgconfig:/opt/ros/humble/install/lib/pkgconfig'), ('TERM', 'xterm'), ('ROS_LOCALHOST_ONLY', '0'), ('PATH', '/root/Workspaces/rosgsthumble_ws/install/xacro/bin:/opt/ros/humble/install/bin:/usr/local/cuda-10.2/bin:/usr/local/cuda/bin:/usr/local/sbin:/usr/local/bin:/usr/sbin:/usr/bin:/sbin:/bin'), ('XDG_RUNTIME_DIR', '/run/user/1000'), ('DISPLAY', ''), ('LANG', 'en_US.UTF-8'), ('RMW_IMPLEMENTATION', 'rmw_cyclonedds_cpp'), ('LS_COLORS', 'rs=0:di=01;34:ln=01;36:mh=00:pi=40;33:so=01;35:do=01;35:bd=40;33;01:cd=40;33;01:or=40;31;01:mi=00:su=37;41:sg=30;43:ca=30;41:tw=30;42:ow=34;42:st=37;44:ex=01;32:*.tar=01;31:*.tgz=01;31:*.arc=01;31:*.arj=01;31:*.taz=01;31:*.lha=01;31:*.lz4=01;31:*.lzh=01;31:*.lzma=01;31:*.tlz=01;31:*.txz=01;31:*.tzo=01;31:*.t7z=01;31:*.zip=01;31:*.z=01;31:*.Z=01;31:*.dz=01;31:*.gz=01;31:*.lrz=01;31:*.lz=01;31:*.lzo=01;31:*.xz=01;31:*.zst=01;31:*.tzst=01;31:*.bz2=01;31:*.bz=01;31:*.tbz=01;31:*.tbz2=01;31:*.tz=01;31:*.deb=01;31:*.rpm=01;31:*.jar=01;31:*.war=01;31:*.ear=01;31:*.sar=01;31:*.rar=01;31:*.alz=01;31:*.ace=01;31:*.zoo=01;31:*.cpio=01;31:*.7z=01;31:*.rz=01;31:*.cab=01;31:*.wim=01;31:*.swm=01;31:*.dwm=01;31:*.esd=01;31:*.jpg=01;35:*.jpeg=01;35:*.mjpg=01;35:*.mjpeg=01;35:*.gif=01;35:*.bmp=01;35:*.pbm=01;35:*.pgm=01;35:*.ppm=01;35:*.tga=01;35:*.xbm=01;35:*.xpm=01;35:*.tif=01;35:*.tiff=01;35:*.png=01;35:*.svg=01;35:*.svgz=01;35:*.mng=01;35:*.pcx=01;35:*.mov=01;35:*.mpg=01;35:*.mpeg=01;35:*.m2v=01;35:*.mkv=01;35:*.webm=01;35:*.ogm=01;35:*.mp4=01;35:*.m4v=01;35:*.mp4v=01;35:*.vob=01;35:*.qt=01;35:*.nuv=01;35:*.wmv=01;35:*.asf=01;35:*.rm=01;35:*.rmvb=01;35:*.flc=01;35:*.avi=01;35:*.fli=01;35:*.flv=01;35:*.gl=01;35:*.dl=01;35:*.xcf=01;35:*.xwd=01;35:*.yuv=01;35:*.cgm=01;35:*.emf=01;35:*.ogv=01;35:*.ogx=01;35:*.aac=00;36:*.au=00;36:*.flac=00;36:*.m4a=00;36:*.mid=00;36:*.midi=00;36:*.mka=00;36:*.mp3=00;36:*.mpc=00;36:*.ogg=00;36:*.ra=00;36:*.wav=00;36:*.oga=00;36:*.opus=00;36:*.spx=00;36:*.xspf=00;36:'), ('ROS_ROOT', '/opt/ros/humble'), ('AMENT_PREFIX_PATH', '/root/Workspaces/rosgsthumble_ws/install/image_geometry:/root/Workspaces/rosgsthumble_ws/install/cv_bridge:/opt/ros/humble/install'), ('DEBIAN_FRONTEND', 'noninteractive'), ('GST_PLUGIN_PATH', '/root/Workspaces/rosgsthumble_ws/install/gst_bridge/lib/gst_bridge/'), ('SHELL', '/bin/bash'), ('PWD', '/root/Workspaces/rosgsthumble_ws/build/vision_opencv'), ('PYTHONPATH', '/root/Workspaces/rosgsthumble_ws/install/image_geometry/lib/python3.6/site-packages:/root/Workspaces/rosgsthumble_ws/install/cv_bridge/lib/python3.6/site-packages:/root/Workspaces/rosgsthumble_ws/install/xacro/lib/python3.6/site-packages:/root/Workspaces/rosgsthumble_ws/install/realsense2_camera_msgs/lib/python3.6/site-packages:/root/Workspaces/rosgsthumble_ws/install/gst_msgs/lib/python3.6/site-packages:/root/Workspaces/rosgsthumble_ws/install/diagnostic_common_diagnostics/lib/python3.6/site-packages:/root/Workspaces/rosgsthumble_ws/install/diagnostic_updater/lib/python3.6/site-packages:/root/Workspaces/rosgsthumble_ws/install/audio_msgs/lib/python3.6/site-packages:/opt/ros/humble/install/lib/python3.6/site-packages'), ('NVIDIA_VISIBLE_DEVICES', 'all'), ('COLCON', '1'), ('CMAKE_PREFIX_PATH', '/root/Workspaces/rosgsthumble_ws/install/image_geometry:/root/Workspaces/rosgsthumble_ws/install/cv_bridge:/opt/ros/humble/install')]), 'shell': False}
[19.168546] (-) TimerEvent: {}
[19.191451] (diagnostics) JobProgress: {'identifier': 'diagnostics', 'progress': 'cmake'}
[19.194844] (diagnostics) JobProgress: {'identifier': 'diagnostics', 'progress': 'build'}
[19.196157] (diagnostics) Command: {'cmd': ['/usr/local/bin/cmake', '--build', '/root/Workspaces/rosgsthumble_ws/build/diagnostics', '--', '-j4', '-l4'], 'cwd': '/root/Workspaces/rosgsthumble_ws/build/diagnostics', 'env': OrderedDict([('OPENBLAS_CORETYPE', 'ARMV8'), ('PYTHONIOENCODING', 'utf-8'), ('HOSTNAME', 'nano'), ('LD_LIBRARY_PATH', '/root/Workspaces/rosgsthumble_ws/install/realsense2_camera/lib:/root/Workspaces/rosgsthumble_ws/install/realsense2_camera_msgs/lib:/root/Workspaces/rosgsthumble_ws/install/image_geometry/lib:/root/Workspaces/rosgsthumble_ws/install/gst_pipeline_plugins/lib:/root/Workspaces/rosgsthumble_ws/install/gst_pipeline/lib:/root/Workspaces/rosgsthumble_ws/install/gst_msgs/lib:/root/Workspaces/rosgsthumble_ws/install/gst_bridge/lib:/root/Workspaces/rosgsthumble_ws/install/diagnostic_updater/lib:/root/Workspaces/rosgsthumble_ws/install/cv_bridge/lib:/root/Workspaces/rosgsthumble_ws/install/audio_msgs/lib:/opt/ros/humble/install/opt/rviz_ogre_vendor/lib:/opt/ros/humble/install/lib:/usr/local/cuda-10.2/targets/aarch64-linux/lib:'), ('SHLVL', '1'), ('OLDPWD', '/root/Workspaces'), ('HOME', '/root'), ('ROS_PYTHON_VERSION', '3'), ('COLCON_PREFIX_PATH', '/opt/ros/humble/install:/root/Workspaces/rosgsthumble_ws/install'), ('ROS_DISTRO', 'humble'), ('PULSE_SERVER', 'unix:/run/user/1000/pulse/native'), ('_', '/usr/bin/colcon'), ('ROS_VERSION', '2'), ('NVIDIA_DRIVER_CAPABILITIES', 'compute,utility,graphics'), ('PKG_CONFIG_PATH', '/opt/ros/humble/install/lib/aarch64-linux-gnu/pkgconfig:/opt/ros/humble/install/lib/pkgconfig'), ('TERM', 'xterm'), ('ROS_LOCALHOST_ONLY', '0'), ('PATH', '/root/Workspaces/rosgsthumble_ws/install/xacro/bin:/opt/ros/humble/install/bin:/usr/local/cuda-10.2/bin:/usr/local/cuda/bin:/usr/local/sbin:/usr/local/bin:/usr/sbin:/usr/bin:/sbin:/bin'), ('XDG_RUNTIME_DIR', '/run/user/1000'), ('DISPLAY', ''), ('LANG', 'en_US.UTF-8'), ('RMW_IMPLEMENTATION', 'rmw_cyclonedds_cpp'), ('LS_COLORS', 'rs=0:di=01;34:ln=01;36:mh=00:pi=40;33:so=01;35:do=01;35:bd=40;33;01:cd=40;33;01:or=40;31;01:mi=00:su=37;41:sg=30;43:ca=30;41:tw=30;42:ow=34;42:st=37;44:ex=01;32:*.tar=01;31:*.tgz=01;31:*.arc=01;31:*.arj=01;31:*.taz=01;31:*.lha=01;31:*.lz4=01;31:*.lzh=01;31:*.lzma=01;31:*.tlz=01;31:*.txz=01;31:*.tzo=01;31:*.t7z=01;31:*.zip=01;31:*.z=01;31:*.Z=01;31:*.dz=01;31:*.gz=01;31:*.lrz=01;31:*.lz=01;31:*.lzo=01;31:*.xz=01;31:*.zst=01;31:*.tzst=01;31:*.bz2=01;31:*.bz=01;31:*.tbz=01;31:*.tbz2=01;31:*.tz=01;31:*.deb=01;31:*.rpm=01;31:*.jar=01;31:*.war=01;31:*.ear=01;31:*.sar=01;31:*.rar=01;31:*.alz=01;31:*.ace=01;31:*.zoo=01;31:*.cpio=01;31:*.7z=01;31:*.rz=01;31:*.cab=01;31:*.wim=01;31:*.swm=01;31:*.dwm=01;31:*.esd=01;31:*.jpg=01;35:*.jpeg=01;35:*.mjpg=01;35:*.mjpeg=01;35:*.gif=01;35:*.bmp=01;35:*.pbm=01;35:*.pgm=01;35:*.ppm=01;35:*.tga=01;35:*.xbm=01;35:*.xpm=01;35:*.tif=01;35:*.tiff=01;35:*.png=01;35:*.svg=01;35:*.svgz=01;35:*.mng=01;35:*.pcx=01;35:*.mov=01;35:*.mpg=01;35:*.mpeg=01;35:*.m2v=01;35:*.mkv=01;35:*.webm=01;35:*.ogm=01;35:*.mp4=01;35:*.m4v=01;35:*.mp4v=01;35:*.vob=01;35:*.qt=01;35:*.nuv=01;35:*.wmv=01;35:*.asf=01;35:*.rm=01;35:*.rmvb=01;35:*.flc=01;35:*.avi=01;35:*.fli=01;35:*.flv=01;35:*.gl=01;35:*.dl=01;35:*.xcf=01;35:*.xwd=01;35:*.yuv=01;35:*.cgm=01;35:*.emf=01;35:*.ogv=01;35:*.ogx=01;35:*.aac=00;36:*.au=00;36:*.flac=00;36:*.m4a=00;36:*.mid=00;36:*.midi=00;36:*.mka=00;36:*.mp3=00;36:*.mpc=00;36:*.ogg=00;36:*.ra=00;36:*.wav=00;36:*.oga=00;36:*.opus=00;36:*.spx=00;36:*.xspf=00;36:'), ('ROS_ROOT', '/opt/ros/humble'), ('AMENT_PREFIX_PATH', '/root/Workspaces/rosgsthumble_ws/install/diagnostic_common_diagnostics:/root/Workspaces/rosgsthumble_ws/install/diagnostic_updater:/opt/ros/humble/install'), ('DEBIAN_FRONTEND', 'noninteractive'), ('GST_PLUGIN_PATH', '/root/Workspaces/rosgsthumble_ws/install/gst_bridge/lib/gst_bridge/'), ('SHELL', '/bin/bash'), ('PWD', '/root/Workspaces/rosgsthumble_ws/build/diagnostics'), ('PYTHONPATH', '/root/Workspaces/rosgsthumble_ws/install/diagnostic_common_diagnostics/lib/python3.6/site-packages:/root/Workspaces/rosgsthumble_ws/install/diagnostic_updater/lib/python3.6/site-packages:/root/Workspaces/rosgsthumble_ws/install/xacro/lib/python3.6/site-packages:/root/Workspaces/rosgsthumble_ws/install/realsense2_camera_msgs/lib/python3.6/site-packages:/root/Workspaces/rosgsthumble_ws/install/image_geometry/lib/python3.6/site-packages:/root/Workspaces/rosgsthumble_ws/install/gst_msgs/lib/python3.6/site-packages:/root/Workspaces/rosgsthumble_ws/install/cv_bridge/lib/python3.6/site-packages:/root/Workspaces/rosgsthumble_ws/install/audio_msgs/lib/python3.6/site-packages:/opt/ros/humble/install/lib/python3.6/site-packages'), ('NVIDIA_VISIBLE_DEVICES', 'all'), ('COLCON', '1'), ('CMAKE_PREFIX_PATH', '/root/Workspaces/rosgsthumble_ws/install/diagnostic_common_diagnostics:/root/Workspaces/rosgsthumble_ws/install/diagnostic_updater:/opt/ros/humble/install')]), 'shell': False}
[19.231232] (webrtc_camera_node) JobProgress: {'identifier': 'webrtc_camera_node', 'progress': 'cmake'}
[19.236584] (webrtc_camera_node) JobProgress: {'identifier': 'webrtc_camera_node', 'progress': 'build'}
[19.242533] (webrtc_camera_node) Command: {'cmd': ['/usr/local/bin/cmake', '--build', '/root/Workspaces/rosgsthumble_ws/build/webrtc_camera_node', '--', '-j4', '-l4'], 'cwd': '/root/Workspaces/rosgsthumble_ws/build/webrtc_camera_node', 'env': OrderedDict([('OPENBLAS_CORETYPE', 'ARMV8'), ('PYTHONIOENCODING', 'utf-8'), ('HOSTNAME', 'nano'), ('LD_LIBRARY_PATH', '/root/Workspaces/rosgsthumble_ws/install/gst_bridge/lib:/root/Workspaces/rosgsthumble_ws/install/audio_msgs/lib:/root/Workspaces/rosgsthumble_ws/install/realsense2_camera/lib:/root/Workspaces/rosgsthumble_ws/install/realsense2_camera_msgs/lib:/root/Workspaces/rosgsthumble_ws/install/image_geometry/lib:/root/Workspaces/rosgsthumble_ws/install/gst_pipeline_plugins/lib:/root/Workspaces/rosgsthumble_ws/install/gst_pipeline/lib:/root/Workspaces/rosgsthumble_ws/install/gst_msgs/lib:/root/Workspaces/rosgsthumble_ws/install/diagnostic_updater/lib:/root/Workspaces/rosgsthumble_ws/install/cv_bridge/lib:/opt/ros/humble/install/opt/rviz_ogre_vendor/lib:/opt/ros/humble/install/lib:/usr/local/cuda-10.2/targets/aarch64-linux/lib'), ('SHLVL', '1'), ('OLDPWD', '/root/Workspaces'), ('HOME', '/root'), ('ROS_PYTHON_VERSION', '3'), ('COLCON_PREFIX_PATH', '/opt/ros/humble/install:/root/Workspaces/rosgsthumble_ws/install'), ('ROS_DISTRO', 'humble'), ('PULSE_SERVER', 'unix:/run/user/1000/pulse/native'), ('_', '/usr/bin/colcon'), ('ROS_VERSION', '2'), ('NVIDIA_DRIVER_CAPABILITIES', 'compute,utility,graphics'), ('PKG_CONFIG_PATH', '/opt/ros/humble/install/lib/aarch64-linux-gnu/pkgconfig:/opt/ros/humble/install/lib/pkgconfig'), ('TERM', 'xterm'), ('ROS_LOCALHOST_ONLY', '0'), ('PATH', '/root/Workspaces/rosgsthumble_ws/install/xacro/bin:/opt/ros/humble/install/bin:/usr/local/cuda-10.2/bin:/usr/local/cuda/bin:/usr/local/sbin:/usr/local/bin:/usr/sbin:/usr/bin:/sbin:/bin'), ('XDG_RUNTIME_DIR', '/run/user/1000'), ('DISPLAY', ''), ('LANG', 'en_US.UTF-8'), ('RMW_IMPLEMENTATION', 'rmw_cyclonedds_cpp'), ('LS_COLORS', 'rs=0:di=01;34:ln=01;36:mh=00:pi=40;33:so=01;35:do=01;35:bd=40;33;01:cd=40;33;01:or=40;31;01:mi=00:su=37;41:sg=30;43:ca=30;41:tw=30;42:ow=34;42:st=37;44:ex=01;32:*.tar=01;31:*.tgz=01;31:*.arc=01;31:*.arj=01;31:*.taz=01;31:*.lha=01;31:*.lz4=01;31:*.lzh=01;31:*.lzma=01;31:*.tlz=01;31:*.txz=01;31:*.tzo=01;31:*.t7z=01;31:*.zip=01;31:*.z=01;31:*.Z=01;31:*.dz=01;31:*.gz=01;31:*.lrz=01;31:*.lz=01;31:*.lzo=01;31:*.xz=01;31:*.zst=01;31:*.tzst=01;31:*.bz2=01;31:*.bz=01;31:*.tbz=01;31:*.tbz2=01;31:*.tz=01;31:*.deb=01;31:*.rpm=01;31:*.jar=01;31:*.war=01;31:*.ear=01;31:*.sar=01;31:*.rar=01;31:*.alz=01;31:*.ace=01;31:*.zoo=01;31:*.cpio=01;31:*.7z=01;31:*.rz=01;31:*.cab=01;31:*.wim=01;31:*.swm=01;31:*.dwm=01;31:*.esd=01;31:*.jpg=01;35:*.jpeg=01;35:*.mjpg=01;35:*.mjpeg=01;35:*.gif=01;35:*.bmp=01;35:*.pbm=01;35:*.pgm=01;35:*.ppm=01;35:*.tga=01;35:*.xbm=01;35:*.xpm=01;35:*.tif=01;35:*.tiff=01;35:*.png=01;35:*.svg=01;35:*.svgz=01;35:*.mng=01;35:*.pcx=01;35:*.mov=01;35:*.mpg=01;35:*.mpeg=01;35:*.m2v=01;35:*.mkv=01;35:*.webm=01;35:*.ogm=01;35:*.mp4=01;35:*.m4v=01;35:*.mp4v=01;35:*.vob=01;35:*.qt=01;35:*.nuv=01;35:*.wmv=01;35:*.asf=01;35:*.rm=01;35:*.rmvb=01;35:*.flc=01;35:*.avi=01;35:*.fli=01;35:*.flv=01;35:*.gl=01;35:*.dl=01;35:*.xcf=01;35:*.xwd=01;35:*.yuv=01;35:*.cgm=01;35:*.emf=01;35:*.ogv=01;35:*.ogx=01;35:*.aac=00;36:*.au=00;36:*.flac=00;36:*.m4a=00;36:*.mid=00;36:*.midi=00;36:*.mka=00;36:*.mp3=00;36:*.mpc=00;36:*.ogg=00;36:*.ra=00;36:*.wav=00;36:*.oga=00;36:*.opus=00;36:*.spx=00;36:*.xspf=00;36:'), ('ROS_ROOT', '/opt/ros/humble'), ('AMENT_PREFIX_PATH', '/root/Workspaces/rosgsthumble_ws/install/gst_bridge:/root/Workspaces/rosgsthumble_ws/install/audio_msgs:/opt/ros/humble/install'), ('DEBIAN_FRONTEND', 'noninteractive'), ('GST_PLUGIN_PATH', '/root/Workspaces/rosgsthumble_ws/install/gst_bridge/lib/gst_bridge/'), ('SHELL', '/bin/bash'), ('PWD', '/root/Workspaces/rosgsthumble_ws/build/webrtc_camera_node'), ('PYTHONPATH', '/root/Workspaces/rosgsthumble_ws/install/audio_msgs/lib/python3.6/site-packages:/root/Workspaces/rosgsthumble_ws/install/xacro/lib/python3.6/site-packages:/root/Workspaces/rosgsthumble_ws/install/realsense2_camera_msgs/lib/python3.6/site-packages:/root/Workspaces/rosgsthumble_ws/install/image_geometry/lib/python3.6/site-packages:/root/Workspaces/rosgsthumble_ws/install/gst_msgs/lib/python3.6/site-packages:/root/Workspaces/rosgsthumble_ws/install/diagnostic_common_diagnostics/lib/python3.6/site-packages:/root/Workspaces/rosgsthumble_ws/install/diagnostic_updater/lib/python3.6/site-packages:/root/Workspaces/rosgsthumble_ws/install/cv_bridge/lib/python3.6/site-packages:/opt/ros/humble/install/lib/python3.6/site-packages'), ('NVIDIA_VISIBLE_DEVICES', 'all'), ('COLCON', '1'), ('CMAKE_PREFIX_PATH', '/root/Workspaces/rosgsthumble_ws/install/gst_bridge:/root/Workspaces/rosgsthumble_ws/install/audio_msgs:/opt/ros/humble/install')]), 'shell': False}
[19.268976] (-) TimerEvent: {}
[19.371780] (-) TimerEvent: {}
[19.481710] (-) TimerEvent: {}
[19.585730] (-) TimerEvent: {}
[19.641366] (diagnostics) CommandEnded: {'returncode': 0}
[19.672970] (vision_opencv) CommandEnded: {'returncode': 0}
[19.685987] (-) TimerEvent: {}
[19.789811] (-) TimerEvent: {}
[19.892151] (-) TimerEvent: {}
[19.909880] (webrtc_camera_node) StdoutLine: {'line': b'[ 90%] Built target ixwebsocket\n'}
[19.992356] (-) TimerEvent: {}
[20.029840] (webrtc_camera_node) StdoutLine: {'line': b'[ 95%] Built target send_camera_node\n'}
[20.047708] (webrtc_camera_node) StdoutLine: {'line': b'[100%] Built target receive_camera_node\n'}
[20.087870] (vision_opencv) JobProgress: {'identifier': 'vision_opencv', 'progress': 'install'}
[20.089293] (vision_opencv) Command: {'cmd': ['/usr/local/bin/cmake', '--install', '/root/Workspaces/rosgsthumble_ws/build/vision_opencv'], 'cwd': '/root/Workspaces/rosgsthumble_ws/build/vision_opencv', 'env': OrderedDict([('OPENBLAS_CORETYPE', 'ARMV8'), ('PYTHONIOENCODING', 'utf-8'), ('HOSTNAME', 'nano'), ('LD_LIBRARY_PATH', '/root/Workspaces/rosgsthumble_ws/install/image_geometry/lib:/root/Workspaces/rosgsthumble_ws/install/cv_bridge/lib:/root/Workspaces/rosgsthumble_ws/install/realsense2_camera/lib:/root/Workspaces/rosgsthumble_ws/install/realsense2_camera_msgs/lib:/root/Workspaces/rosgsthumble_ws/install/gst_pipeline_plugins/lib:/root/Workspaces/rosgsthumble_ws/install/gst_pipeline/lib:/root/Workspaces/rosgsthumble_ws/install/gst_msgs/lib:/root/Workspaces/rosgsthumble_ws/install/gst_bridge/lib:/root/Workspaces/rosgsthumble_ws/install/diagnostic_updater/lib:/root/Workspaces/rosgsthumble_ws/install/audio_msgs/lib:/opt/ros/humble/install/opt/rviz_ogre_vendor/lib:/opt/ros/humble/install/lib:/usr/local/cuda-10.2/targets/aarch64-linux/lib'), ('SHLVL', '1'), ('OLDPWD', '/root/Workspaces'), ('HOME', '/root'), ('ROS_PYTHON_VERSION', '3'), ('COLCON_PREFIX_PATH', '/opt/ros/humble/install:/root/Workspaces/rosgsthumble_ws/install'), ('ROS_DISTRO', 'humble'), ('PULSE_SERVER', 'unix:/run/user/1000/pulse/native'), ('_', '/usr/bin/colcon'), ('ROS_VERSION', '2'), ('NVIDIA_DRIVER_CAPABILITIES', 'compute,utility,graphics'), ('PKG_CONFIG_PATH', '/opt/ros/humble/install/lib/aarch64-linux-gnu/pkgconfig:/opt/ros/humble/install/lib/pkgconfig'), ('TERM', 'xterm'), ('ROS_LOCALHOST_ONLY', '0'), ('PATH', '/root/Workspaces/rosgsthumble_ws/install/xacro/bin:/opt/ros/humble/install/bin:/usr/local/cuda-10.2/bin:/usr/local/cuda/bin:/usr/local/sbin:/usr/local/bin:/usr/sbin:/usr/bin:/sbin:/bin'), ('XDG_RUNTIME_DIR', '/run/user/1000'), ('DISPLAY', ''), ('LANG', 'en_US.UTF-8'), ('RMW_IMPLEMENTATION', 'rmw_cyclonedds_cpp'), ('LS_COLORS', 'rs=0:di=01;34:ln=01;36:mh=00:pi=40;33:so=01;35:do=01;35:bd=40;33;01:cd=40;33;01:or=40;31;01:mi=00:su=37;41:sg=30;43:ca=30;41:tw=30;42:ow=34;42:st=37;44:ex=01;32:*.tar=01;31:*.tgz=01;31:*.arc=01;31:*.arj=01;31:*.taz=01;31:*.lha=01;31:*.lz4=01;31:*.lzh=01;31:*.lzma=01;31:*.tlz=01;31:*.txz=01;31:*.tzo=01;31:*.t7z=01;31:*.zip=01;31:*.z=01;31:*.Z=01;31:*.dz=01;31:*.gz=01;31:*.lrz=01;31:*.lz=01;31:*.lzo=01;31:*.xz=01;31:*.zst=01;31:*.tzst=01;31:*.bz2=01;31:*.bz=01;31:*.tbz=01;31:*.tbz2=01;31:*.tz=01;31:*.deb=01;31:*.rpm=01;31:*.jar=01;31:*.war=01;31:*.ear=01;31:*.sar=01;31:*.rar=01;31:*.alz=01;31:*.ace=01;31:*.zoo=01;31:*.cpio=01;31:*.7z=01;31:*.rz=01;31:*.cab=01;31:*.wim=01;31:*.swm=01;31:*.dwm=01;31:*.esd=01;31:*.jpg=01;35:*.jpeg=01;35:*.mjpg=01;35:*.mjpeg=01;35:*.gif=01;35:*.bmp=01;35:*.pbm=01;35:*.pgm=01;35:*.ppm=01;35:*.tga=01;35:*.xbm=01;35:*.xpm=01;35:*.tif=01;35:*.tiff=01;35:*.png=01;35:*.svg=01;35:*.svgz=01;35:*.mng=01;35:*.pcx=01;35:*.mov=01;35:*.mpg=01;35:*.mpeg=01;35:*.m2v=01;35:*.mkv=01;35:*.webm=01;35:*.ogm=01;35:*.mp4=01;35:*.m4v=01;35:*.mp4v=01;35:*.vob=01;35:*.qt=01;35:*.nuv=01;35:*.wmv=01;35:*.asf=01;35:*.rm=01;35:*.rmvb=01;35:*.flc=01;35:*.avi=01;35:*.fli=01;35:*.flv=01;35:*.gl=01;35:*.dl=01;35:*.xcf=01;35:*.xwd=01;35:*.yuv=01;35:*.cgm=01;35:*.emf=01;35:*.ogv=01;35:*.ogx=01;35:*.aac=00;36:*.au=00;36:*.flac=00;36:*.m4a=00;36:*.mid=00;36:*.midi=00;36:*.mka=00;36:*.mp3=00;36:*.mpc=00;36:*.ogg=00;36:*.ra=00;36:*.wav=00;36:*.oga=00;36:*.opus=00;36:*.spx=00;36:*.xspf=00;36:'), ('ROS_ROOT', '/opt/ros/humble'), ('AMENT_PREFIX_PATH', '/root/Workspaces/rosgsthumble_ws/install/image_geometry:/root/Workspaces/rosgsthumble_ws/install/cv_bridge:/opt/ros/humble/install'), ('DEBIAN_FRONTEND', 'noninteractive'), ('GST_PLUGIN_PATH', '/root/Workspaces/rosgsthumble_ws/install/gst_bridge/lib/gst_bridge/'), ('SHELL', '/bin/bash'), ('PWD', '/root/Workspaces/rosgsthumble_ws/build/vision_opencv'), ('PYTHONPATH', '/root/Workspaces/rosgsthumble_ws/install/image_geometry/lib/python3.6/site-packages:/root/Workspaces/rosgsthumble_ws/install/cv_bridge/lib/python3.6/site-packages:/root/Workspaces/rosgsthumble_ws/install/xacro/lib/python3.6/site-packages:/root/Workspaces/rosgsthumble_ws/install/realsense2_camera_msgs/lib/python3.6/site-packages:/root/Workspaces/rosgsthumble_ws/install/gst_msgs/lib/python3.6/site-packages:/root/Workspaces/rosgsthumble_ws/install/diagnostic_common_diagnostics/lib/python3.6/site-packages:/root/Workspaces/rosgsthumble_ws/install/diagnostic_updater/lib/python3.6/site-packages:/root/Workspaces/rosgsthumble_ws/install/audio_msgs/lib/python3.6/site-packages:/opt/ros/humble/install/lib/python3.6/site-packages'), ('NVIDIA_VISIBLE_DEVICES', 'all'), ('COLCON', '1'), ('CMAKE_PREFIX_PATH', '/root/Workspaces/rosgsthumble_ws/install/image_geometry:/root/Workspaces/rosgsthumble_ws/install/cv_bridge:/opt/ros/humble/install')]), 'shell': False}
[20.097079] (-) TimerEvent: {}
[20.104264] (gst_pipeline) StdoutLine: {'line': b'-- Found rclcpp_components: 16.0.5 (/opt/ros/humble/install/share/rclcpp_components/cmake)\n'}
[20.125855] (webrtc_camera_node) CommandEnded: {'returncode': 0}
[20.151032] (diagnostics) JobProgress: {'identifier': 'diagnostics', 'progress': 'install'}
[20.153235] (diagnostics) Command: {'cmd': ['/usr/local/bin/cmake', '--install', '/root/Workspaces/rosgsthumble_ws/build/diagnostics'], 'cwd': '/root/Workspaces/rosgsthumble_ws/build/diagnostics', 'env': OrderedDict([('OPENBLAS_CORETYPE', 'ARMV8'), ('PYTHONIOENCODING', 'utf-8'), ('HOSTNAME', 'nano'), ('LD_LIBRARY_PATH', '/root/Workspaces/rosgsthumble_ws/install/realsense2_camera/lib:/root/Workspaces/rosgsthumble_ws/install/realsense2_camera_msgs/lib:/root/Workspaces/rosgsthumble_ws/install/image_geometry/lib:/root/Workspaces/rosgsthumble_ws/install/gst_pipeline_plugins/lib:/root/Workspaces/rosgsthumble_ws/install/gst_pipeline/lib:/root/Workspaces/rosgsthumble_ws/install/gst_msgs/lib:/root/Workspaces/rosgsthumble_ws/install/gst_bridge/lib:/root/Workspaces/rosgsthumble_ws/install/diagnostic_updater/lib:/root/Workspaces/rosgsthumble_ws/install/cv_bridge/lib:/root/Workspaces/rosgsthumble_ws/install/audio_msgs/lib:/opt/ros/humble/install/opt/rviz_ogre_vendor/lib:/opt/ros/humble/install/lib:/usr/local/cuda-10.2/targets/aarch64-linux/lib:'), ('SHLVL', '1'), ('OLDPWD', '/root/Workspaces'), ('HOME', '/root'), ('ROS_PYTHON_VERSION', '3'), ('COLCON_PREFIX_PATH', '/opt/ros/humble/install:/root/Workspaces/rosgsthumble_ws/install'), ('ROS_DISTRO', 'humble'), ('PULSE_SERVER', 'unix:/run/user/1000/pulse/native'), ('_', '/usr/bin/colcon'), ('ROS_VERSION', '2'), ('NVIDIA_DRIVER_CAPABILITIES', 'compute,utility,graphics'), ('PKG_CONFIG_PATH', '/opt/ros/humble/install/lib/aarch64-linux-gnu/pkgconfig:/opt/ros/humble/install/lib/pkgconfig'), ('TERM', 'xterm'), ('ROS_LOCALHOST_ONLY', '0'), ('PATH', '/root/Workspaces/rosgsthumble_ws/install/xacro/bin:/opt/ros/humble/install/bin:/usr/local/cuda-10.2/bin:/usr/local/cuda/bin:/usr/local/sbin:/usr/local/bin:/usr/sbin:/usr/bin:/sbin:/bin'), ('XDG_RUNTIME_DIR', '/run/user/1000'), ('DISPLAY', ''), ('LANG', 'en_US.UTF-8'), ('RMW_IMPLEMENTATION', 'rmw_cyclonedds_cpp'), ('LS_COLORS', 'rs=0:di=01;34:ln=01;36:mh=00:pi=40;33:so=01;35:do=01;35:bd=40;33;01:cd=40;33;01:or=40;31;01:mi=00:su=37;41:sg=30;43:ca=30;41:tw=30;42:ow=34;42:st=37;44:ex=01;32:*.tar=01;31:*.tgz=01;31:*.arc=01;31:*.arj=01;31:*.taz=01;31:*.lha=01;31:*.lz4=01;31:*.lzh=01;31:*.lzma=01;31:*.tlz=01;31:*.txz=01;31:*.tzo=01;31:*.t7z=01;31:*.zip=01;31:*.z=01;31:*.Z=01;31:*.dz=01;31:*.gz=01;31:*.lrz=01;31:*.lz=01;31:*.lzo=01;31:*.xz=01;31:*.zst=01;31:*.tzst=01;31:*.bz2=01;31:*.bz=01;31:*.tbz=01;31:*.tbz2=01;31:*.tz=01;31:*.deb=01;31:*.rpm=01;31:*.jar=01;31:*.war=01;31:*.ear=01;31:*.sar=01;31:*.rar=01;31:*.alz=01;31:*.ace=01;31:*.zoo=01;31:*.cpio=01;31:*.7z=01;31:*.rz=01;31:*.cab=01;31:*.wim=01;31:*.swm=01;31:*.dwm=01;31:*.esd=01;31:*.jpg=01;35:*.jpeg=01;35:*.mjpg=01;35:*.mjpeg=01;35:*.gif=01;35:*.bmp=01;35:*.pbm=01;35:*.pgm=01;35:*.ppm=01;35:*.tga=01;35:*.xbm=01;35:*.xpm=01;35:*.tif=01;35:*.tiff=01;35:*.png=01;35:*.svg=01;35:*.svgz=01;35:*.mng=01;35:*.pcx=01;35:*.mov=01;35:*.mpg=01;35:*.mpeg=01;35:*.m2v=01;35:*.mkv=01;35:*.webm=01;35:*.ogm=01;35:*.mp4=01;35:*.m4v=01;35:*.mp4v=01;35:*.vob=01;35:*.qt=01;35:*.nuv=01;35:*.wmv=01;35:*.asf=01;35:*.rm=01;35:*.rmvb=01;35:*.flc=01;35:*.avi=01;35:*.fli=01;35:*.flv=01;35:*.gl=01;35:*.dl=01;35:*.xcf=01;35:*.xwd=01;35:*.yuv=01;35:*.cgm=01;35:*.emf=01;35:*.ogv=01;35:*.ogx=01;35:*.aac=00;36:*.au=00;36:*.flac=00;36:*.m4a=00;36:*.mid=00;36:*.midi=00;36:*.mka=00;36:*.mp3=00;36:*.mpc=00;36:*.ogg=00;36:*.ra=00;36:*.wav=00;36:*.oga=00;36:*.opus=00;36:*.spx=00;36:*.xspf=00;36:'), ('ROS_ROOT', '/opt/ros/humble'), ('AMENT_PREFIX_PATH', '/root/Workspaces/rosgsthumble_ws/install/diagnostic_common_diagnostics:/root/Workspaces/rosgsthumble_ws/install/diagnostic_updater:/opt/ros/humble/install'), ('DEBIAN_FRONTEND', 'noninteractive'), ('GST_PLUGIN_PATH', '/root/Workspaces/rosgsthumble_ws/install/gst_bridge/lib/gst_bridge/'), ('SHELL', '/bin/bash'), ('PWD', '/root/Workspaces/rosgsthumble_ws/build/diagnostics'), ('PYTHONPATH', '/root/Workspaces/rosgsthumble_ws/install/diagnostic_common_diagnostics/lib/python3.6/site-packages:/root/Workspaces/rosgsthumble_ws/install/diagnostic_updater/lib/python3.6/site-packages:/root/Workspaces/rosgsthumble_ws/install/xacro/lib/python3.6/site-packages:/root/Workspaces/rosgsthumble_ws/install/realsense2_camera_msgs/lib/python3.6/site-packages:/root/Workspaces/rosgsthumble_ws/install/image_geometry/lib/python3.6/site-packages:/root/Workspaces/rosgsthumble_ws/install/gst_msgs/lib/python3.6/site-packages:/root/Workspaces/rosgsthumble_ws/install/cv_bridge/lib/python3.6/site-packages:/root/Workspaces/rosgsthumble_ws/install/audio_msgs/lib/python3.6/site-packages:/opt/ros/humble/install/lib/python3.6/site-packages'), ('NVIDIA_VISIBLE_DEVICES', 'all'), ('COLCON', '1'), ('CMAKE_PREFIX_PATH', '/root/Workspaces/rosgsthumble_ws/install/diagnostic_common_diagnostics:/root/Workspaces/rosgsthumble_ws/install/diagnostic_updater:/opt/ros/humble/install')]), 'shell': False}
[20.196829] (-) TimerEvent: {}
[20.297879] (-) TimerEvent: {}
[20.398782] (-) TimerEvent: {}
[20.433897] (vision_opencv) StdoutLine: {'line': b'-- Install configuration: ""\n'}
[20.434935] (vision_opencv) StdoutLine: {'line': b'-- Execute custom install script\n'}
[20.435614] (vision_opencv) StdoutLine: {'line': b'-- Up-to-date symlink: /root/Workspaces/rosgsthumble_ws/install/vision_opencv/share/ament_index/resource_index/package_run_dependencies/vision_opencv\n'}
[20.436261] (vision_opencv) StdoutLine: {'line': b'-- Up-to-date symlink: /root/Workspaces/rosgsthumble_ws/install/vision_opencv/share/ament_index/resource_index/parent_prefix_path/vision_opencv\n'}
[20.436966] (vision_opencv) StdoutLine: {'line': b'-- Up-to-date symlink: /root/Workspaces/rosgsthumble_ws/install/vision_opencv/share/vision_opencv/environment/ament_prefix_path.sh\n'}
[20.437699] (vision_opencv) StdoutLine: {'line': b'-- Up-to-date symlink: /root/Workspaces/rosgsthumble_ws/install/vision_opencv/share/vision_opencv/environment/ament_prefix_path.dsv\n'}
[20.439007] (vision_opencv) StdoutLine: {'line': b'-- Up-to-date symlink: /root/Workspaces/rosgsthumble_ws/install/vision_opencv/share/vision_opencv/environment/path.sh\n'}
[20.439580] (vision_opencv) StdoutLine: {'line': b'-- Up-to-date symlink: /root/Workspaces/rosgsthumble_ws/install/vision_opencv/share/vision_opencv/environment/path.dsv\n'}
[20.440096] (vision_opencv) StdoutLine: {'line': b'-- Up-to-date symlink: /root/Workspaces/rosgsthumble_ws/install/vision_opencv/share/vision_opencv/local_setup.bash\n'}
[20.440599] (vision_opencv) StdoutLine: {'line': b'-- Up-to-date symlink: /root/Workspaces/rosgsthumble_ws/install/vision_opencv/share/vision_opencv/local_setup.sh\n'}
[20.441127] (vision_opencv) StdoutLine: {'line': b'-- Up-to-date symlink: /root/Workspaces/rosgsthumble_ws/install/vision_opencv/share/vision_opencv/local_setup.zsh\n'}
[20.441745] (vision_opencv) StdoutLine: {'line': b'-- Up-to-date symlink: /root/Workspaces/rosgsthumble_ws/install/vision_opencv/share/vision_opencv/local_setup.dsv\n'}
[20.442302] (vision_opencv) StdoutLine: {'line': b'-- Symlinking: /root/Workspaces/rosgsthumble_ws/install/vision_opencv/share/vision_opencv/package.dsv\n'}
[20.472640] (diagnostics) StdoutLine: {'line': b'-- Install configuration: ""\n'}
[20.481284] (vision_opencv) StdoutLine: {'line': b'-- Up-to-date symlink: /root/Workspaces/rosgsthumble_ws/install/vision_opencv/share/ament_index/resource_index/packages/vision_opencv\n'}
[20.483881] (vision_opencv) StdoutLine: {'line': b'-- Up-to-date symlink: /root/Workspaces/rosgsthumble_ws/install/vision_opencv/share/vision_opencv/cmake/vision_opencvConfig.cmake\n'}
[20.486377] (vision_opencv) StdoutLine: {'line': b'-- Up-to-date symlink: /root/Workspaces/rosgsthumble_ws/install/vision_opencv/share/vision_opencv/cmake/vision_opencvConfig-version.cmake\n'}
[20.488618] (vision_opencv) StdoutLine: {'line': b'-- Up-to-date symlink: /root/Workspaces/rosgsthumble_ws/install/vision_opencv/share/vision_opencv/package.xml\n'}
[20.491173] (diagnostics) StdoutLine: {'line': b'-- Execute custom install script\n'}
[20.498307] (diagnostics) StdoutLine: {'line': b'-- Up-to-date symlink: /root/Workspaces/rosgsthumble_ws/install/diagnostics/share/ament_index/resource_index/package_run_dependencies/diagnostics\n'}
[20.500445] (-) TimerEvent: {}
[20.506938] (diagnostics) StdoutLine: {'line': b'-- Up-to-date symlink: /root/Workspaces/rosgsthumble_ws/install/diagnostics/share/ament_index/resource_index/parent_prefix_path/diagnostics\n'}
[20.512083] (diagnostics) StdoutLine: {'line': b'-- Up-to-date symlink: /root/Workspaces/rosgsthumble_ws/install/diagnostics/share/diagnostics/environment/ament_prefix_path.sh\n'}
[20.517804] (diagnostics) StdoutLine: {'line': b'-- Up-to-date symlink: /root/Workspaces/rosgsthumble_ws/install/diagnostics/share/diagnostics/environment/ament_prefix_path.dsv\n'}
[20.522293] (diagnostics) StdoutLine: {'line': b'-- Up-to-date symlink: /root/Workspaces/rosgsthumble_ws/install/diagnostics/share/diagnostics/environment/path.sh\n'}
[20.524089] (diagnostics) StdoutLine: {'line': b'-- Up-to-date symlink: /root/Workspaces/rosgsthumble_ws/install/diagnostics/share/diagnostics/environment/path.dsv\n'}
[20.532736] (vision_opencv) CommandEnded: {'returncode': 0}
[20.534933] (diagnostics) StdoutLine: {'line': b'-- Up-to-date symlink: /root/Workspaces/rosgsthumble_ws/install/diagnostics/share/diagnostics/local_setup.bash\n'}
[20.535607] (diagnostics) StdoutLine: {'line': b'-- Up-to-date symlink: /root/Workspaces/rosgsthumble_ws/install/diagnostics/share/diagnostics/local_setup.sh\n'}
[20.536132] (diagnostics) StdoutLine: {'line': b'-- Up-to-date symlink: /root/Workspaces/rosgsthumble_ws/install/diagnostics/share/diagnostics/local_setup.zsh\n'}
[20.536626] (diagnostics) StdoutLine: {'line': b'-- Up-to-date symlink: /root/Workspaces/rosgsthumble_ws/install/diagnostics/share/diagnostics/local_setup.dsv\n'}
[20.537146] (diagnostics) StdoutLine: {'line': b'-- Symlinking: /root/Workspaces/rosgsthumble_ws/install/diagnostics/share/diagnostics/package.dsv\n'}
[20.544379] (gst_pipeline) StdoutLine: {'line': b'-- Found gst_bridge: 0.0.0 (/root/Workspaces/rosgsthumble_ws/install/gst_bridge/share/gst_bridge/cmake)\n'}
[20.560981] (diagnostics) StdoutLine: {'line': b'-- Up-to-date symlink: /root/Workspaces/rosgsthumble_ws/install/diagnostics/share/ament_index/resource_index/packages/diagnostics\n'}
[20.562384] (diagnostics) StdoutLine: {'line': b'-- Up-to-date symlink: /root/Workspaces/rosgsthumble_ws/install/diagnostics/share/diagnostics/cmake/diagnosticsConfig.cmake\n'}
[20.563030] (diagnostics) StdoutLine: {'line': b'-- Up-to-date symlink: /root/Workspaces/rosgsthumble_ws/install/diagnostics/share/diagnostics/cmake/diagnosticsConfig-version.cmake\n'}
[20.563628] (diagnostics) StdoutLine: {'line': b'-- Up-to-date symlink: /root/Workspaces/rosgsthumble_ws/install/diagnostics/share/diagnostics/package.xml\n'}
[20.605812] (-) TimerEvent: {}
[20.713711] (-) TimerEvent: {}
[20.751800] (webrtc_camera_node) JobProgress: {'identifier': 'webrtc_camera_node', 'progress': 'install'}
[20.754983] (webrtc_camera_node) Command: {'cmd': ['/usr/local/bin/cmake', '--install', '/root/Workspaces/rosgsthumble_ws/build/webrtc_camera_node'], 'cwd': '/root/Workspaces/rosgsthumble_ws/build/webrtc_camera_node', 'env': OrderedDict([('OPENBLAS_CORETYPE', 'ARMV8'), ('PYTHONIOENCODING', 'utf-8'), ('HOSTNAME', 'nano'), ('LD_LIBRARY_PATH', '/root/Workspaces/rosgsthumble_ws/install/gst_bridge/lib:/root/Workspaces/rosgsthumble_ws/install/audio_msgs/lib:/root/Workspaces/rosgsthumble_ws/install/realsense2_camera/lib:/root/Workspaces/rosgsthumble_ws/install/realsense2_camera_msgs/lib:/root/Workspaces/rosgsthumble_ws/install/image_geometry/lib:/root/Workspaces/rosgsthumble_ws/install/gst_pipeline_plugins/lib:/root/Workspaces/rosgsthumble_ws/install/gst_pipeline/lib:/root/Workspaces/rosgsthumble_ws/install/gst_msgs/lib:/root/Workspaces/rosgsthumble_ws/install/diagnostic_updater/lib:/root/Workspaces/rosgsthumble_ws/install/cv_bridge/lib:/opt/ros/humble/install/opt/rviz_ogre_vendor/lib:/opt/ros/humble/install/lib:/usr/local/cuda-10.2/targets/aarch64-linux/lib'), ('SHLVL', '1'), ('OLDPWD', '/root/Workspaces'), ('HOME', '/root'), ('ROS_PYTHON_VERSION', '3'), ('COLCON_PREFIX_PATH', '/opt/ros/humble/install:/root/Workspaces/rosgsthumble_ws/install'), ('ROS_DISTRO', 'humble'), ('PULSE_SERVER', 'unix:/run/user/1000/pulse/native'), ('_', '/usr/bin/colcon'), ('ROS_VERSION', '2'), ('NVIDIA_DRIVER_CAPABILITIES', 'compute,utility,graphics'), ('PKG_CONFIG_PATH', '/opt/ros/humble/install/lib/aarch64-linux-gnu/pkgconfig:/opt/ros/humble/install/lib/pkgconfig'), ('TERM', 'xterm'), ('ROS_LOCALHOST_ONLY', '0'), ('PATH', '/root/Workspaces/rosgsthumble_ws/install/xacro/bin:/opt/ros/humble/install/bin:/usr/local/cuda-10.2/bin:/usr/local/cuda/bin:/usr/local/sbin:/usr/local/bin:/usr/sbin:/usr/bin:/sbin:/bin'), ('XDG_RUNTIME_DIR', '/run/user/1000'), ('DISPLAY', ''), ('LANG', 'en_US.UTF-8'), ('RMW_IMPLEMENTATION', 'rmw_cyclonedds_cpp'), ('LS_COLORS', 'rs=0:di=01;34:ln=01;36:mh=00:pi=40;33:so=01;35:do=01;35:bd=40;33;01:cd=40;33;01:or=40;31;01:mi=00:su=37;41:sg=30;43:ca=30;41:tw=30;42:ow=34;42:st=37;44:ex=01;32:*.tar=01;31:*.tgz=01;31:*.arc=01;31:*.arj=01;31:*.taz=01;31:*.lha=01;31:*.lz4=01;31:*.lzh=01;31:*.lzma=01;31:*.tlz=01;31:*.txz=01;31:*.tzo=01;31:*.t7z=01;31:*.zip=01;31:*.z=01;31:*.Z=01;31:*.dz=01;31:*.gz=01;31:*.lrz=01;31:*.lz=01;31:*.lzo=01;31:*.xz=01;31:*.zst=01;31:*.tzst=01;31:*.bz2=01;31:*.bz=01;31:*.tbz=01;31:*.tbz2=01;31:*.tz=01;31:*.deb=01;31:*.rpm=01;31:*.jar=01;31:*.war=01;31:*.ear=01;31:*.sar=01;31:*.rar=01;31:*.alz=01;31:*.ace=01;31:*.zoo=01;31:*.cpio=01;31:*.7z=01;31:*.rz=01;31:*.cab=01;31:*.wim=01;31:*.swm=01;31:*.dwm=01;31:*.esd=01;31:*.jpg=01;35:*.jpeg=01;35:*.mjpg=01;35:*.mjpeg=01;35:*.gif=01;35:*.bmp=01;35:*.pbm=01;35:*.pgm=01;35:*.ppm=01;35:*.tga=01;35:*.xbm=01;35:*.xpm=01;35:*.tif=01;35:*.tiff=01;35:*.png=01;35:*.svg=01;35:*.svgz=01;35:*.mng=01;35:*.pcx=01;35:*.mov=01;35:*.mpg=01;35:*.mpeg=01;35:*.m2v=01;35:*.mkv=01;35:*.webm=01;35:*.ogm=01;35:*.mp4=01;35:*.m4v=01;35:*.mp4v=01;35:*.vob=01;35:*.qt=01;35:*.nuv=01;35:*.wmv=01;35:*.asf=01;35:*.rm=01;35:*.rmvb=01;35:*.flc=01;35:*.avi=01;35:*.fli=01;35:*.flv=01;35:*.gl=01;35:*.dl=01;35:*.xcf=01;35:*.xwd=01;35:*.yuv=01;35:*.cgm=01;35:*.emf=01;35:*.ogv=01;35:*.ogx=01;35:*.aac=00;36:*.au=00;36:*.flac=00;36:*.m4a=00;36:*.mid=00;36:*.midi=00;36:*.mka=00;36:*.mp3=00;36:*.mpc=00;36:*.ogg=00;36:*.ra=00;36:*.wav=00;36:*.oga=00;36:*.opus=00;36:*.spx=00;36:*.xspf=00;36:'), ('ROS_ROOT', '/opt/ros/humble'), ('AMENT_PREFIX_PATH', '/root/Workspaces/rosgsthumble_ws/install/gst_bridge:/root/Workspaces/rosgsthumble_ws/install/audio_msgs:/opt/ros/humble/install'), ('DEBIAN_FRONTEND', 'noninteractive'), ('GST_PLUGIN_PATH', '/root/Workspaces/rosgsthumble_ws/install/gst_bridge/lib/gst_bridge/'), ('SHELL', '/bin/bash'), ('PWD', '/root/Workspaces/rosgsthumble_ws/build/webrtc_camera_node'), ('PYTHONPATH', '/root/Workspaces/rosgsthumble_ws/install/audio_msgs/lib/python3.6/site-packages:/root/Workspaces/rosgsthumble_ws/install/xacro/lib/python3.6/site-packages:/root/Workspaces/rosgsthumble_ws/install/realsense2_camera_msgs/lib/python3.6/site-packages:/root/Workspaces/rosgsthumble_ws/install/image_geometry/lib/python3.6/site-packages:/root/Workspaces/rosgsthumble_ws/install/gst_msgs/lib/python3.6/site-packages:/root/Workspaces/rosgsthumble_ws/install/diagnostic_common_diagnostics/lib/python3.6/site-packages:/root/Workspaces/rosgsthumble_ws/install/diagnostic_updater/lib/python3.6/site-packages:/root/Workspaces/rosgsthumble_ws/install/cv_bridge/lib/python3.6/site-packages:/opt/ros/humble/install/lib/python3.6/site-packages'), ('NVIDIA_VISIBLE_DEVICES', 'all'), ('COLCON', '1'), ('CMAKE_PREFIX_PATH', '/root/Workspaces/rosgsthumble_ws/install/gst_bridge:/root/Workspaces/rosgsthumble_ws/install/audio_msgs:/opt/ros/humble/install')]), 'shell': False}
[20.777957] (diagnostics) CommandEnded: {'returncode': 0}
[20.818999] (-) TimerEvent: {}
[20.927048] (-) TimerEvent: {}
[20.999230] (webrtc_camera_node) StdoutLine: {'line': b'-- Install configuration: ""\n'}
[21.007371] (webrtc_camera_node) StdoutLine: {'line': b'-- Execute custom install script\n'}
[21.022127] (webrtc_camera_node) StdoutLine: {'line': b'-- Up-to-date symlink: /root/Workspaces/rosgsthumble_ws/install/webrtc_camera_node/lib/cmake/ixwebsocket/ixwebsocket-config.cmake\n'}
[21.024255] (webrtc_camera_node) StdoutLine: {'line': b'-- Up-to-date symlink: /root/Workspaces/rosgsthumble_ws/install/webrtc_camera_node/lib/pkgconfig/ixwebsocket.pc\n'}
[21.026327] (webrtc_camera_node) StdoutLine: {'line': b'-- Up-to-date symlink: /root/Workspaces/rosgsthumble_ws/install/webrtc_camera_node/lib/webrtc_camera_node/send_camera_node\n'}
[21.028222] (-) TimerEvent: {}
[21.042389] (webrtc_camera_node) StdoutLine: {'line': b'-- Up-to-date symlink: /root/Workspaces/rosgsthumble_ws/install/webrtc_camera_node/lib/webrtc_camera_node/receive_camera_node\n'}
[21.044550] (webrtc_camera_node) StdoutLine: {'line': b'-- Up-to-date symlink: /root/Workspaces/rosgsthumble_ws/install/webrtc_camera_node/share/ament_index/resource_index/package_run_dependencies/webrtc_camera_node\n'}
[21.051883] (webrtc_camera_node) StdoutLine: {'line': b'-- Up-to-date symlink: /root/Workspaces/rosgsthumble_ws/install/webrtc_camera_node/share/ament_index/resource_index/parent_prefix_path/webrtc_camera_node\n'}
[21.052607] (webrtc_camera_node) StdoutLine: {'line': b'-- Up-to-date symlink: /root/Workspaces/rosgsthumble_ws/install/webrtc_camera_node/share/webrtc_camera_node/environment/ament_prefix_path.sh\n'}
[21.053192] (webrtc_camera_node) StdoutLine: {'line': b'-- Up-to-date symlink: /root/Workspaces/rosgsthumble_ws/install/webrtc_camera_node/share/webrtc_camera_node/environment/ament_prefix_path.dsv\n'}
[21.053838] (webrtc_camera_node) StdoutLine: {'line': b'-- Up-to-date symlink: /root/Workspaces/rosgsthumble_ws/install/webrtc_camera_node/share/webrtc_camera_node/environment/path.sh\n'}
[21.054453] (webrtc_camera_node) StdoutLine: {'line': b'-- Up-to-date symlink: /root/Workspaces/rosgsthumble_ws/install/webrtc_camera_node/share/webrtc_camera_node/environment/path.dsv\n'}
[21.055028] (webrtc_camera_node) StdoutLine: {'line': b'-- Up-to-date symlink: /root/Workspaces/rosgsthumble_ws/install/webrtc_camera_node/share/webrtc_camera_node/local_setup.bash\n'}
[21.055609] (webrtc_camera_node) StdoutLine: {'line': b'-- Up-to-date symlink: /root/Workspaces/rosgsthumble_ws/install/webrtc_camera_node/share/webrtc_camera_node/local_setup.sh\n'}
[21.056157] (webrtc_camera_node) StdoutLine: {'line': b'-- Up-to-date symlink: /root/Workspaces/rosgsthumble_ws/install/webrtc_camera_node/share/webrtc_camera_node/local_setup.zsh\n'}
[21.056681] (webrtc_camera_node) StdoutLine: {'line': b'-- Up-to-date symlink: /root/Workspaces/rosgsthumble_ws/install/webrtc_camera_node/share/webrtc_camera_node/local_setup.dsv\n'}
[21.057180] (webrtc_camera_node) StdoutLine: {'line': b'-- Symlinking: /root/Workspaces/rosgsthumble_ws/install/webrtc_camera_node/share/webrtc_camera_node/package.dsv\n'}
[21.071822] (webrtc_camera_node) StdoutLine: {'line': b'-- Up-to-date symlink: /root/Workspaces/rosgsthumble_ws/install/webrtc_camera_node/share/ament_index/resource_index/packages/webrtc_camera_node\n'}
[21.072649] (webrtc_camera_node) StdoutLine: {'line': b'-- Up-to-date symlink: /root/Workspaces/rosgsthumble_ws/install/webrtc_camera_node/share/webrtc_camera_node/cmake/webrtc_camera_nodeConfig.cmake\n'}
[21.073207] (webrtc_camera_node) StdoutLine: {'line': b'-- Up-to-date symlink: /root/Workspaces/rosgsthumble_ws/install/webrtc_camera_node/share/webrtc_camera_node/cmake/webrtc_camera_nodeConfig-version.cmake\n'}
[21.076439] (webrtc_camera_node) StdoutLine: {'line': b'-- Up-to-date symlink: /root/Workspaces/rosgsthumble_ws/install/webrtc_camera_node/share/webrtc_camera_node/package.xml\n'}
[21.080607] (webrtc_camera_node) StdoutLine: {'line': b'-- Up-to-date: /root/Workspaces/rosgsthumble_ws/install/webrtc_camera_node/lib/libixwebsocket.a\n'}
[21.081980] (webrtc_camera_node) StdoutLine: {'line': b'-- Up-to-date: /root/Workspaces/rosgsthumble_ws/install/webrtc_camera_node/include/ixwebsocket/IXBase64.h\n'}
[21.083895] (webrtc_camera_node) StdoutLine: {'line': b'-- Up-to-date: /root/Workspaces/rosgsthumble_ws/install/webrtc_camera_node/include/ixwebsocket/IXBench.h\n'}
[21.085061] (webrtc_camera_node) StdoutLine: {'line': b'-- Up-to-date: /root/Workspaces/rosgsthumble_ws/install/webrtc_camera_node/include/ixwebsocket/IXCancellationRequest.h\n'}
[21.086349] (webrtc_camera_node) StdoutLine: {'line': b'-- Up-to-date: /root/Workspaces/rosgsthumble_ws/install/webrtc_camera_node/include/ixwebsocket/IXConnectionState.h\n'}
[21.087340] (webrtc_camera_node) StdoutLine: {'line': b'-- Up-to-date: /root/Workspaces/rosgsthumble_ws/install/webrtc_camera_node/include/ixwebsocket/IXDNSLookup.h\n'}
[21.087932] (webrtc_camera_node) StdoutLine: {'line': b'-- Up-to-date: /root/Workspaces/rosgsthumble_ws/install/webrtc_camera_node/include/ixwebsocket/IXExponentialBackoff.h\n'}
[21.089987] (webrtc_camera_node) StdoutLine: {'line': b'-- Up-to-date: /root/Workspaces/rosgsthumble_ws/install/webrtc_camera_node/include/ixwebsocket/IXGetFreePort.h\n'}
[21.090904] (webrtc_camera_node) StdoutLine: {'line': b'-- Up-to-date: /root/Workspaces/rosgsthumble_ws/install/webrtc_camera_node/include/ixwebsocket/IXGzipCodec.h\n'}
[21.095256] (webrtc_camera_node) StdoutLine: {'line': b'-- Up-to-date: /root/Workspaces/rosgsthumble_ws/install/webrtc_camera_node/include/ixwebsocket/IXHttp.h\n'}
[21.096699] (webrtc_camera_node) StdoutLine: {'line': b'-- Up-to-date: /root/Workspaces/rosgsthumble_ws/install/webrtc_camera_node/include/ixwebsocket/IXHttpClient.h\n'}
[21.097273] (webrtc_camera_node) StdoutLine: {'line': b'-- Up-to-date: /root/Workspaces/rosgsthumble_ws/install/webrtc_camera_node/include/ixwebsocket/IXHttpServer.h\n'}
[21.097966] (webrtc_camera_node) StdoutLine: {'line': b'-- Up-to-date: /root/Workspaces/rosgsthumble_ws/install/webrtc_camera_node/include/ixwebsocket/IXNetSystem.h\n'}
[21.098588] (webrtc_camera_node) StdoutLine: {'line': b'-- Up-to-date: /root/Workspaces/rosgsthumble_ws/install/webrtc_camera_node/include/ixwebsocket/IXProgressCallback.h\n'}
[21.099105] (webrtc_camera_node) StdoutLine: {'line': b'-- Up-to-date: /root/Workspaces/rosgsthumble_ws/install/webrtc_camera_node/include/ixwebsocket/IXSelectInterrupt.h\n'}
[21.099601] (webrtc_camera_node) StdoutLine: {'line': b'-- Up-to-date: /root/Workspaces/rosgsthumble_ws/install/webrtc_camera_node/include/ixwebsocket/IXSelectInterruptFactory.h\n'}
[21.106382] (webrtc_camera_node) StdoutLine: {'line': b'-- Up-to-date: /root/Workspaces/rosgsthumble_ws/install/webrtc_camera_node/include/ixwebsocket/IXSelectInterruptPipe.h\n'}
[21.110920] (webrtc_camera_node) StdoutLine: {'line': b'-- Up-to-date: /root/Workspaces/rosgsthumble_ws/install/webrtc_camera_node/include/ixwebsocket/IXSelectInterruptEvent.h\n'}
[21.113812] (webrtc_camera_node) StdoutLine: {'line': b'-- Up-to-date: /root/Workspaces/rosgsthumble_ws/install/webrtc_camera_node/include/ixwebsocket/IXSetThreadName.h\n'}
[21.114640] (webrtc_camera_node) StdoutLine: {'line': b'-- Up-to-date: /root/Workspaces/rosgsthumble_ws/install/webrtc_camera_node/include/ixwebsocket/IXSocket.h\n'}
[21.115210] (webrtc_camera_node) StdoutLine: {'line': b'-- Up-to-date: /root/Workspaces/rosgsthumble_ws/install/webrtc_camera_node/include/ixwebsocket/IXSocketConnect.h\n'}
[21.115709] (webrtc_camera_node) StdoutLine: {'line': b'-- Up-to-date: /root/Workspaces/rosgsthumble_ws/install/webrtc_camera_node/include/ixwebsocket/IXSocketFactory.h\n'}
[21.116196] (webrtc_camera_node) StdoutLine: {'line': b'-- Up-to-date: /root/Workspaces/rosgsthumble_ws/install/webrtc_camera_node/include/ixwebsocket/IXSocketServer.h\n'}
[21.116678] (webrtc_camera_node) StdoutLine: {'line': b'-- Up-to-date: /root/Workspaces/rosgsthumble_ws/install/webrtc_camera_node/include/ixwebsocket/IXSocketTLSOptions.h\n'}
[21.117160] (webrtc_camera_node) StdoutLine: {'line': b'-- Up-to-date: /root/Workspaces/rosgsthumble_ws/install/webrtc_camera_node/include/ixwebsocket/IXStrCaseCompare.h\n'}
[21.117710] (webrtc_camera_node) StdoutLine: {'line': b'-- Up-to-date: /root/Workspaces/rosgsthumble_ws/install/webrtc_camera_node/include/ixwebsocket/IXUdpSocket.h\n'}
[21.118271] (webrtc_camera_node) StdoutLine: {'line': b'-- Up-to-date: /root/Workspaces/rosgsthumble_ws/install/webrtc_camera_node/include/ixwebsocket/IXUniquePtr.h\n'}
[21.118755] (webrtc_camera_node) StdoutLine: {'line': b'-- Up-to-date: /root/Workspaces/rosgsthumble_ws/install/webrtc_camera_node/include/ixwebsocket/IXUrlParser.h\n'}
[21.119237] (webrtc_camera_node) StdoutLine: {'line': b'-- Up-to-date: /root/Workspaces/rosgsthumble_ws/install/webrtc_camera_node/include/ixwebsocket/IXUuid.h\n'}
[21.119729] (webrtc_camera_node) StdoutLine: {'line': b'-- Up-to-date: /root/Workspaces/rosgsthumble_ws/install/webrtc_camera_node/include/ixwebsocket/IXUtf8Validator.h\n'}
[21.120234] (webrtc_camera_node) StdoutLine: {'line': b'-- Up-to-date: /root/Workspaces/rosgsthumble_ws/install/webrtc_camera_node/include/ixwebsocket/IXUserAgent.h\n'}
[21.124769] (webrtc_camera_node) StdoutLine: {'line': b'-- Up-to-date: /root/Workspaces/rosgsthumble_ws/install/webrtc_camera_node/include/ixwebsocket/IXWebSocket.h\n'}
[21.129202] (-) TimerEvent: {}
[21.131587] (webrtc_camera_node) StdoutLine: {'line': b'-- Up-to-date: /root/Workspaces/rosgsthumble_ws/install/webrtc_camera_node/include/ixwebsocket/IXWebSocketCloseConstants.h\n'}
[21.132673] (webrtc_camera_node) StdoutLine: {'line': b'-- Up-to-date: /root/Workspaces/rosgsthumble_ws/install/webrtc_camera_node/include/ixwebsocket/IXWebSocketCloseInfo.h\n'}
[21.133326] (webrtc_camera_node) StdoutLine: {'line': b'-- Up-to-date: /root/Workspaces/rosgsthumble_ws/install/webrtc_camera_node/include/ixwebsocket/IXWebSocketErrorInfo.h\n'}
[21.134103] (webrtc_camera_node) StdoutLine: {'line': b'-- Up-to-date: /root/Workspaces/rosgsthumble_ws/install/webrtc_camera_node/include/ixwebsocket/IXWebSocketHandshake.h\n'}
[21.134788] (webrtc_camera_node) StdoutLine: {'line': b'-- Up-to-date: /root/Workspaces/rosgsthumble_ws/install/webrtc_camera_node/include/ixwebsocket/IXWebSocketHandshakeKeyGen.h\n'}
[21.138465] (webrtc_camera_node) StdoutLine: {'line': b'-- Up-to-date: /root/Workspaces/rosgsthumble_ws/install/webrtc_camera_node/include/ixwebsocket/IXWebSocketHttpHeaders.h\n'}
[21.142214] (webrtc_camera_node) StdoutLine: {'line': b'-- Up-to-date: /root/Workspaces/rosgsthumble_ws/install/webrtc_camera_node/include/ixwebsocket/IXWebSocketInitResult.h\n'}
[21.143082] (webrtc_camera_node) StdoutLine: {'line': b'-- Up-to-date: /root/Workspaces/rosgsthumble_ws/install/webrtc_camera_node/include/ixwebsocket/IXWebSocketMessage.h\n'}
[21.144328] (webrtc_camera_node) StdoutLine: {'line': b'-- Up-to-date: /root/Workspaces/rosgsthumble_ws/install/webrtc_camera_node/include/ixwebsocket/IXWebSocketMessageType.h\n'}
[21.144875] (webrtc_camera_node) StdoutLine: {'line': b'-- Up-to-date: /root/Workspaces/rosgsthumble_ws/install/webrtc_camera_node/include/ixwebsocket/IXWebSocketOpenInfo.h\n'}
[21.145395] (webrtc_camera_node) StdoutLine: {'line': b'-- Up-to-date: /root/Workspaces/rosgsthumble_ws/install/webrtc_camera_node/include/ixwebsocket/IXWebSocketPerMessageDeflate.h\n'}
[21.146017] (webrtc_camera_node) StdoutLine: {'line': b'-- Up-to-date: /root/Workspaces/rosgsthumble_ws/install/webrtc_camera_node/include/ixwebsocket/IXWebSocketPerMessageDeflateCodec.h\n'}
[21.146558] (webrtc_camera_node) StdoutLine: {'line': b'-- Up-to-date: /root/Workspaces/rosgsthumble_ws/install/webrtc_camera_node/include/ixwebsocket/IXWebSocketPerMessageDeflateOptions.h\n'}
[21.147108] (webrtc_camera_node) StdoutLine: {'line': b'-- Up-to-date: /root/Workspaces/rosgsthumble_ws/install/webrtc_camera_node/include/ixwebsocket/IXWebSocketProxyServer.h\n'}
[21.147631] (webrtc_camera_node) StdoutLine: {'line': b'-- Up-to-date: /root/Workspaces/rosgsthumble_ws/install/webrtc_camera_node/include/ixwebsocket/IXWebSocketSendData.h\n'}
[21.148139] (webrtc_camera_node) StdoutLine: {'line': b'-- Up-to-date: /root/Workspaces/rosgsthumble_ws/install/webrtc_camera_node/include/ixwebsocket/IXWebSocketSendInfo.h\n'}
[21.148633] (webrtc_camera_node) StdoutLine: {'line': b'-- Up-to-date: /root/Workspaces/rosgsthumble_ws/install/webrtc_camera_node/include/ixwebsocket/IXWebSocketServer.h\n'}
[21.149163] (webrtc_camera_node) StdoutLine: {'line': b'-- Up-to-date: /root/Workspaces/rosgsthumble_ws/install/webrtc_camera_node/include/ixwebsocket/IXWebSocketTransport.h\n'}
[21.152408] (webrtc_camera_node) StdoutLine: {'line': b'-- Up-to-date: /root/Workspaces/rosgsthumble_ws/install/webrtc_camera_node/include/ixwebsocket/IXWebSocketVersion.h\n'}
[21.154426] (webrtc_camera_node) StdoutLine: {'line': b'-- Up-to-date: /root/Workspaces/rosgsthumble_ws/install/webrtc_camera_node/lib/cmake/ixwebsocket/ixwebsocket-targets.cmake\n'}
[21.162580] (webrtc_camera_node) StdoutLine: {'line': b'-- Up-to-date: /root/Workspaces/rosgsthumble_ws/install/webrtc_camera_node/lib/cmake/ixwebsocket/ixwebsocket-targets-noconfig.cmake\n'}
[21.193216] (webrtc_camera_node) CommandEnded: {'returncode': 0}
[21.237333] (-) TimerEvent: {}
[21.356229] (-) TimerEvent: {}
[21.463552] (-) TimerEvent: {}
[21.586673] (-) TimerEvent: {}
[21.673661] (vision_opencv) JobEnded: {'identifier': 'vision_opencv', 'rc': 0}
[21.691942] (-) TimerEvent: {}
[21.811601] (-) TimerEvent: {}
[21.879249] (gst_pipeline) StdoutLine: {'line': b'-- Found image_transport: 3.1.6 (/opt/ros/humble/install/share/image_transport/cmake)\n'}
[21.888306] (diagnostics) JobEnded: {'identifier': 'diagnostics', 'rc': 0}
[21.916835] (-) TimerEvent: {}
[22.029636] (-) TimerEvent: {}
[22.079528] (gst_pipeline) StdoutLine: {'line': b'-- Found cv_bridge: 3.2.1 (/root/Workspaces/rosgsthumble_ws/install/cv_bridge/share/cv_bridge/cmake)\n'}
[22.095986] (webrtc_camera_node) JobEnded: {'identifier': 'webrtc_camera_node', 'rc': 0}
[22.129825] (-) TimerEvent: {}
[22.230826] (-) TimerEvent: {}
[22.309658] (gst_pipeline) StdoutLine: {'line': b'-- Found std_srvs: 4.2.3 (/opt/ros/humble/install/share/std_srvs/cmake)\n'}
[22.330987] (-) TimerEvent: {}
[22.417347] (gst_pipeline) StdoutLine: {'line': b'-- Found gst_msgs: 0.0.0 (/root/Workspaces/rosgsthumble_ws/install/gst_msgs/share/gst_msgs/cmake)\n'}
[22.431109] (-) TimerEvent: {}
[22.532030] (-) TimerEvent: {}
[22.633052] (-) TimerEvent: {}
[22.734138] (-) TimerEvent: {}
[22.825415] (gst_pipeline) StderrLine: {'line': b'\x1b[31mCMake Error at CMakeLists.txt:91 (target_include_directories):\n'}
[22.826696] (gst_pipeline) StderrLine: {'line': b'  Cannot specify include directories for target "gst_pipeline_test" which is\n'}
[22.827233] (gst_pipeline) StderrLine: {'line': b'  not built by this project.\n'}
[22.828993] (gst_pipeline) StderrLine: {'line': b'\n'}
[22.829651] (gst_pipeline) StderrLine: {'line': b'\x1b[0m\n'}
[22.830224] (gst_pipeline) StderrLine: {'line': b'\x1b[31mCMake Error at CMakeLists.txt:92 (target_link_libraries):\n'}
[22.830714] (gst_pipeline) StderrLine: {'line': b'  Cannot specify link libraries for target "gst_pipeline_test" which is not\n'}
[22.831192] (gst_pipeline) StderrLine: {'line': b'  built by this project.\n'}
[22.831843] (gst_pipeline) StderrLine: {'line': b'\n'}
[22.832324] (gst_pipeline) StderrLine: {'line': b'\x1b[0m\n'}
[22.832797] (gst_pipeline) StdoutLine: {'line': b'-- Configuring incomplete, errors occurred!\n'}
[22.834262] (-) TimerEvent: {}
[22.883042] (gst_pipeline) CommandEnded: {'returncode': 1}
[22.934539] (-) TimerEvent: {}
[23.035754] (-) TimerEvent: {}
[23.141835] (-) TimerEvent: {}
[23.199807] (gst_pipeline) JobEnded: {'identifier': 'gst_pipeline', 'rc': 1}
[23.215127] (gst_pipeline_plugins) JobSkipped: {'identifier': 'gst_pipeline_plugins'}
[23.215373] (-) EventReactorShutdown: {}
